ID,Year_Birth,Education,Marital_Status,Income,Kidhome,Teenhome,Dt_Customer,MntWines,MntFruits,MntMeatProducts,MntFishProducts,MntSweetProducts,MntGoldProds,NumDealsPurchases,NumWebPurchases,NumCatalogPurchases,NumStorePurchases,NumWebVisitsMonth,AcceptedCmp3,AcceptedCmp4,AcceptedCmp5,AcceptedCmp1,AcceptedCmp2,Complain,Z_CostContact,Z_Revenue,Response,Age,Is_parent,Children,Day,Month,Quarter,Year,Tenure,Cluster,Recency,Monetary,Frequency,R,F,M,RFM_Score,Segment,T,CLTV_label
5524,1957,Graduation,Single,58138.0,0,0,2012-09-04,635,88,546,172,88,88,3,8,10,4,7,0,0,0,0,0,0,3,11,1,58,0,0,4,9,3,2012,28,1,58,73.5,22,3,5,5,355,Loyal Customers,663,Non-profitable
2174,1954,Graduation,Single,46344.0,1,1,2014-03-08,11,1,6,2,1,6,2,1,1,2,5,0,0,0,0,0,0,3,11,0,61,1,2,8,3,1,2014,9,0,38,6.75,4,4,1,1,411,Promising,113,Profitable
4141,1965,Graduation,Partner,71613.0,0,0,2013-08-21,426,49,127,111,21,42,1,8,2,10,4,0,0,0,0,0,0,3,11,0,50,0,0,21,8,3,2013,16,2,26,38.8,20,4,4,4,444,Loyal Customers,312,Non-profitable
6182,1984,Graduation,Partner,26646.0,1,0,2014-02-10,11,4,20,10,3,5,2,2,0,4,6,0,0,0,0,0,0,3,11,0,31,1,1,10,2,1,2014,10,0,26,8.833333333333334,6,4,2,1,421,Potential Loyalists,139,Non-profitable
5324,1981,PhD,Partner,58293.0,1,0,2014-01-19,173,43,118,46,27,15,5,5,3,6,5,0,0,0,0,0,0,3,11,0,34,1,1,19,1,1,2014,11,2,94,30.142857142857142,14,1,3,3,133,At risk,161,Profitable
7446,1967,PostGraduation,Partner,62513.0,0,1,2013-09-09,520,42,98,0,42,14,2,6,4,10,6,0,0,0,0,0,0,3,11,0,48,1,1,9,9,3,2013,15,2,16,35.8,20,5,4,3,543,Champions,293,Non-profitable
965,1971,Graduation,Single,55635.0,0,1,2012-11-13,235,65,164,50,49,27,4,7,3,7,6,0,0,0,0,0,0,3,11,0,44,1,1,13,11,4,2012,25,2,34,34.705882352941174,17,4,4,3,443,Loyal Customers,593,Non-profitable
6177,1985,PhD,Partner,33454.0,1,0,2013-05-08,76,10,56,3,1,23,2,4,0,4,8,0,0,0,0,0,0,3,11,0,30,1,1,8,5,2,2013,20,0,32,21.125,8,4,2,2,422,Potential Loyalists,417,Non-profitable
4855,1974,PhD,Partner,30351.0,1,0,2013-06-06,14,0,24,3,3,2,1,3,0,2,9,0,0,0,0,0,0,3,11,1,41,1,1,6,6,2,2013,19,0,19,9.2,5,5,1,1,511,New Customers,388,Non-profitable
5899,1950,PhD,Partner,5648.0,1,1,2014-03-13,28,0,6,1,1,13,1,1,0,0,20,1,0,0,0,0,0,3,11,0,65,1,2,13,3,1,2014,9,0,68,49.0,1,2,1,4,214,Hibernating,108,Profitable
387,1976,UnderGraduation,Partner,7500.0,0,0,2012-11-13,6,16,11,11,1,16,1,2,0,3,8,0,0,0,0,0,0,3,11,0,39,0,0,13,11,4,2012,25,0,59,12.2,5,2,1,2,212,Hibernating,593,Non-profitable
2125,1959,Graduation,Single,63033.0,0,0,2013-11-15,194,61,480,225,112,30,1,3,4,8,2,0,0,0,0,0,0,3,11,0,56,0,0,15,11,4,2013,13,3,82,73.46666666666667,15,1,3,5,135,At risk,226,Non-profitable
8180,1952,PostGraduation,Single,59354.0,1,1,2013-11-15,233,2,53,3,5,14,3,6,1,5,6,0,0,0,0,0,0,3,11,0,63,1,2,15,11,4,2013,13,0,53,25.83333333333333,12,3,3,3,333,Need Attention,226,Non-profitable
2569,1987,Graduation,Partner,17323.0,0,0,2012-10-10,3,14,17,6,1,5,1,1,0,3,8,0,0,0,0,0,0,3,11,0,28,0,0,10,10,4,2012,27,0,38,11.5,4,4,1,2,412,Promising,627,Non-profitable
2114,1946,PhD,Single,82800.0,0,0,2012-11-24,1006,22,115,59,68,45,1,7,6,12,3,0,0,1,1,0,0,3,11,1,69,0,0,24,11,4,2012,25,3,23,52.6,25,4,5,4,454,Loyal Customers,582,Non-profitable
9736,1980,Graduation,Partner,41850.0,1,1,2012-12-24,53,5,19,2,13,4,3,3,0,3,8,0,0,0,0,0,0,3,11,0,35,1,2,24,12,4,2012,24,0,51,16.0,6,3,2,2,322,About to sleep,552,Non-profitable
4939,1946,Graduation,Partner,37760.0,0,0,2012-08-31,84,5,38,150,12,28,2,4,1,6,7,0,0,0,0,0,0,3,11,0,69,0,0,31,8,3,2012,28,0,20,28.818181818181817,11,4,3,3,433,Potential Loyalists,667,Non-profitable
6565,1949,PostGraduation,Partner,76995.0,0,1,2013-03-28,1012,80,498,0,16,176,2,11,4,9,5,0,0,0,1,0,0,3,11,0,66,1,1,28,3,1,2013,21,1,91,74.25,24,1,5,5,155,Can't loose,458,Non-profitable
2278,1985,PostGraduation,Single,33812.0,1,0,2012-11-03,4,17,19,30,24,39,2,2,1,3,6,0,0,0,0,0,0,3,11,0,30,1,1,3,11,4,2012,26,0,86,22.166666666666668,6,1,2,2,122,Hibernating,603,Non-profitable
9360,1982,Graduation,Partner,37040.0,0,0,2012-08-08,86,2,73,69,38,48,1,4,2,5,8,0,0,0,0,0,0,3,11,0,33,0,0,8,8,3,2012,29,0,41,28.727272727272727,11,3,3,3,333,Need Attention,690,Non-profitable
5376,1979,Graduation,Partner,2447.0,1,0,2013-01-06,1,1,1725,1,1,1,15,0,28,0,1,0,0,0,0,0,0,3,11,0,36,1,1,6,1,1,2013,24,1,42,61.785714285714285,28,3,5,4,354,Loyal Customers,539,Non-profitable
1993,1949,PhD,Partner,58607.0,0,1,2012-12-23,867,0,86,0,0,19,3,2,3,9,8,0,1,0,0,0,0,3,11,0,66,1,1,23,12,4,2012,24,3,63,69.42857142857143,14,2,3,5,235,At risk,553,Non-profitable
4047,1954,PhD,Partner,65324.0,0,1,2014-01-11,384,0,102,21,32,5,3,6,2,9,4,0,0,0,0,0,0,3,11,0,61,1,1,11,1,1,2014,11,2,0,32.0,17,5,4,3,543,Champions,169,Non-profitable
1409,1951,Graduation,Partner,40689.0,0,1,2013-03-18,270,3,27,39,6,99,7,7,1,5,8,0,0,0,0,0,0,3,11,0,64,1,1,18,3,1,2013,21,2,69,34.15384615384615,13,2,3,3,233,At risk,468,Non-profitable
7892,1969,Graduation,Single,18589.0,0,0,2013-01-02,6,4,25,15,12,13,2,2,1,3,7,0,0,0,0,0,0,3,11,0,46,0,0,2,1,1,2013,24,0,89,12.5,6,1,2,2,122,Hibernating,543,Non-profitable
2404,1976,Graduation,Partner,53359.0,1,1,2013-05-27,173,4,30,3,6,41,4,5,1,4,7,0,0,0,0,0,0,3,11,0,39,1,2,27,5,2,2013,19,0,4,25.7,10,5,3,3,533,Potential Loyalists,398,Non-profitable
9422,1989,Graduation,Partner,38360.0,1,0,2013-05-31,36,2,42,20,21,10,2,2,1,4,3,0,0,0,0,0,0,3,11,0,26,1,1,31,5,2,2013,19,0,26,18.714285714285715,7,4,2,2,422,Potential Loyalists,394,Non-profitable
1966,1965,PhD,Partner,84618.0,0,0,2013-11-22,684,100,801,21,66,0,1,6,9,10,2,0,0,1,0,0,0,3,11,0,50,0,0,22,11,4,2013,13,1,96,66.88,25,1,5,4,154,Can't loose,219,Non-profitable
6864,1989,PostGraduation,Single,10979.0,0,0,2014-05-22,8,4,10,2,2,4,2,3,0,3,5,0,0,0,0,0,0,3,11,0,26,0,0,22,5,2,2014,7,0,34,5.0,6,4,2,1,421,Potential Loyalists,38,Profitable
3033,1963,PostGraduation,Partner,38620.0,0,0,2013-05-11,112,17,44,34,22,89,1,2,5,3,3,0,0,0,0,0,0,3,11,0,52,0,0,11,5,2,2013,20,0,56,31.8,10,3,3,3,333,Need Attention,414,Non-profitable
5710,1970,Graduation,Partner,40548.0,0,1,2012-10-10,110,0,5,2,0,3,2,2,1,4,5,0,1,0,0,0,0,3,11,0,45,1,1,10,10,4,2012,27,0,31,17.142857142857142,7,4,2,2,422,Potential Loyalists,627,Non-profitable
7373,1952,PhD,Single,46610.0,0,2,2012-10-29,96,12,96,33,22,43,6,4,1,6,6,0,0,0,0,0,0,3,11,1,63,1,2,29,10,4,2012,26,0,8,27.454545454545453,11,5,3,3,533,Potential Loyalists,608,Non-profitable
8755,1946,PostGraduation,Partner,68657.0,0,0,2013-02-20,482,34,471,119,68,22,1,3,5,9,7,0,0,0,0,0,0,3,11,0,69,0,0,20,2,1,2013,22,3,4,70.3529411764706,17,5,4,5,545,Champions,494,Non-profitable
10738,1951,PostGraduation,Single,49389.0,1,1,2013-08-29,40,0,19,2,1,3,1,2,0,3,7,0,0,0,0,0,0,3,11,0,64,1,2,29,8,3,2013,16,0,55,13.0,5,3,1,2,312,About to sleep,304,Non-profitable
4339,1970,PhD,Partner,67353.0,0,1,2013-12-31,702,17,151,0,8,35,5,5,6,12,2,0,0,0,0,0,0,3,11,0,45,1,1,31,12,4,2013,12,3,37,39.69565217391305,23,4,5,4,454,Loyal Customers,180,Non-profitable
10755,1976,PostGraduation,Partner,23718.0,1,0,2013-09-02,6,3,14,15,7,36,3,3,1,2,7,0,0,0,0,0,0,3,11,0,39,1,1,2,9,3,2013,16,0,76,13.5,6,2,2,2,222,Hibernating,300,Non-profitable
8595,1973,Graduation,Single,42429.0,0,1,2014-02-11,55,0,6,2,0,4,2,1,1,3,5,0,0,0,0,0,0,3,11,0,42,1,1,11,2,1,2014,10,0,99,13.4,5,1,1,2,112,Hibernating,138,Profitable
2968,1943,PhD,Single,48948.0,0,0,2013-02-01,437,8,206,160,49,42,2,7,10,5,6,1,0,0,0,0,0,3,11,1,72,0,0,1,2,1,2013,23,3,53,41.0,22,3,5,4,354,Loyal Customers,513,Non-profitable
8601,1980,Graduation,Partner,80011.0,0,1,2013-04-29,421,76,536,82,178,102,2,8,6,5,4,0,0,0,0,0,0,3,11,0,35,1,1,29,4,2,2013,20,3,3,73.42105263157895,19,5,4,5,545,Champions,426,Non-profitable
503,1985,PostGraduation,Partner,20559.0,1,0,2013-03-12,13,1,29,3,0,7,2,2,0,3,8,0,0,0,0,0,0,3,11,0,30,1,1,12,3,1,2013,22,0,88,10.6,5,1,1,1,111,Hibernating,474,Non-profitable
8430,1957,Graduation,Partner,21994.0,0,1,2012-12-24,9,0,6,3,1,3,1,0,0,3,5,0,0,0,0,0,0,3,11,0,58,1,1,24,12,4,2012,24,0,4,7.333333333333333,3,5,1,1,511,New Customers,552,Non-profitable
2139,1975,PostGraduation,Partner,7500.0,1,0,2013-10-02,3,1,10,3,2,12,3,2,0,3,5,0,0,0,0,0,0,3,11,0,40,1,1,2,10,4,2013,15,0,19,6.2,5,5,1,1,511,New Customers,270,Non-profitable
9909,1996,PostGraduation,Partner,7500.0,0,0,2012-11-09,3,18,14,15,22,50,3,3,1,3,9,0,0,0,0,0,0,3,11,1,19,0,0,9,11,4,2012,26,0,24,17.428571428571427,7,4,2,2,422,Potential Loyalists,597,Non-profitable
7286,1968,Graduation,Partner,41728.0,1,0,2013-05-24,13,6,15,3,5,13,1,2,0,2,10,0,0,0,0,0,0,3,11,0,47,1,1,24,5,2,2013,19,0,92,13.75,4,1,1,2,112,Hibernating,401,Non-profitable
6566,1954,PhD,Partner,72550.0,1,1,2012-11-08,826,50,317,50,38,38,9,5,2,12,8,0,0,0,0,0,0,3,11,0,61,1,2,8,11,4,2012,26,3,39,69.42105263157895,19,4,4,5,445,Loyal Customers,598,Profitable
8614,1957,Graduation,Single,65486.0,0,1,2014-05-12,245,19,125,37,67,14,1,4,2,10,2,0,0,0,0,0,0,3,11,0,58,1,1,12,5,2,2014,7,2,29,31.6875,16,4,4,3,443,Loyal Customers,48,Non-profitable
4114,1964,PostGraduation,Partner,79143.0,0,0,2012-08-11,650,37,780,27,167,32,1,6,9,13,3,0,0,0,0,0,0,3,11,0,51,0,0,11,8,3,2012,29,1,2,60.46428571428572,28,5,5,4,554,Champions,687,Non-profitable
1331,1977,Graduation,Single,35790.0,1,0,2013-01-02,12,6,20,30,1,3,2,2,0,3,7,0,0,0,0,0,0,3,11,0,38,1,1,2,1,1,2013,24,0,54,14.4,5,3,1,2,312,About to sleep,543,Non-profitable
9381,1978,Graduation,Partner,66373.0,1,1,2013-06-12,328,9,124,12,24,109,7,4,2,10,3,0,0,0,0,0,0,3,11,0,37,1,2,12,6,2,2013,18,2,57,37.875,16,3,4,4,344,Loyal Customers,382,Non-profitable
6260,1955,PostGraduation,Partner,82384.0,0,0,2012-11-19,984,51,432,180,120,190,1,3,10,13,1,0,0,1,0,0,0,3,11,1,60,0,0,19,11,4,2012,25,1,55,75.26923076923077,26,3,5,5,355,Loyal Customers,587,Profitable
10383,1966,Graduation,Single,70287.0,0,0,2013-04-02,295,35,482,121,120,40,1,5,5,10,3,0,0,0,0,0,0,3,11,1,49,0,0,2,4,2,2013,21,3,30,54.65,20,4,4,4,444,Loyal Customers,453,Non-profitable
7437,1988,Graduation,Single,27938.0,1,0,2014-04-28,13,0,8,2,1,5,1,1,0,4,3,0,0,0,0,0,0,3,11,0,27,1,1,28,4,2,2014,8,0,31,5.8,5,4,1,1,411,Promising,62,Non-profitable
8375,1968,PhD,Partner,55954.0,0,1,2014-03-03,447,0,28,0,0,43,3,8,2,6,7,0,0,0,0,0,0,3,11,0,47,1,1,3,3,1,2014,10,2,63,32.375,16,2,4,3,243,At risk,118,Non-profitable
6853,1982,PostGraduation,Single,75777.0,0,0,2013-07-04,712,26,538,69,13,80,1,3,6,11,1,0,1,1,0,0,0,3,11,1,33,0,0,4,7,3,2013,18,3,12,71.9,20,5,4,5,545,Champions,360,Non-profitable
3076,1975,Graduation,Partner,66653.0,1,1,2012-09-07,452,18,102,16,18,6,4,4,2,12,3,0,0,0,0,0,0,3,11,0,40,1,2,7,9,3,2012,28,2,18,34.0,18,5,4,3,543,Champions,660,Non-profitable
1012,1952,Graduation,Single,61823.0,0,1,2013-02-18,523,7,134,37,14,169,4,8,2,10,7,0,0,0,0,0,0,3,11,0,63,1,1,18,2,1,2013,22,3,26,44.2,20,4,4,4,444,Loyal Customers,496,Non-profitable
6518,1951,PhD,Single,67680.0,0,1,2013-06-11,546,0,48,0,6,6,1,7,3,8,5,0,0,0,0,0,0,3,11,0,64,1,1,11,6,2,2013,18,2,8,33.666666666666664,18,5,4,3,543,Champions,383,Non-profitable
4137,1948,Graduation,Partner,70666.0,0,0,2013-12-06,398,40,367,119,122,30,1,7,4,4,4,0,0,0,0,0,0,3,11,0,67,0,0,6,12,4,2013,13,3,29,71.73333333333333,15,4,3,5,435,Potential Loyalists,205,Non-profitable
8082,1971,Graduation,Partner,25721.0,1,0,2013-05-21,1,3,6,3,6,15,1,1,1,2,7,0,0,0,0,0,0,3,11,1,44,1,1,21,5,2,2013,19,0,75,8.5,4,2,1,1,211,Hibernating,404,Non-profitable
1386,1967,Graduation,Partner,32474.0,1,1,2014-05-11,10,0,1,0,0,0,1,1,0,2,7,0,0,0,0,0,0,3,11,0,48,1,2,11,5,2,2014,7,0,0,3.6666666666666665,3,5,1,1,511,New Customers,49,Non-profitable
9369,1979,PostGraduation,Single,88194.0,0,1,2014-03-19,688,14,309,201,24,38,1,11,10,10,5,1,0,0,1,0,0,3,11,1,36,1,1,19,3,1,2014,9,3,19,41.096774193548384,31,5,5,4,554,Champions,102,Non-profitable
4477,1958,Graduation,Partner,69096.0,0,1,2013-09-27,247,49,159,7,82,109,1,5,2,10,4,0,0,0,0,0,0,3,11,0,57,1,1,27,9,3,2013,15,2,4,38.41176470588236,17,5,4,4,544,Champions,275,Non-profitable
1357,1970,Graduation,Partner,74854.0,1,2,2013-04-08,856,59,487,58,29,73,7,2,5,5,5,0,0,0,0,0,0,3,11,0,45,1,3,8,4,2,2013,21,1,90,130.16666666666666,12,1,3,5,135,At risk,447,Non-profitable
1402,1954,PostGraduation,Partner,66991.0,0,0,2012-09-11,496,36,460,189,60,12,3,4,8,6,3,0,0,0,0,0,0,3,11,0,61,0,0,11,9,3,2012,28,3,1,69.61111111111111,18,5,4,5,545,Champions,656,Non-profitable
6312,1959,Graduation,Partner,65031.0,0,1,2013-03-17,258,107,291,84,37,86,4,10,3,13,7,0,0,0,0,0,0,3,11,0,56,1,1,17,3,1,2013,21,3,29,33.19230769230769,26,4,5,3,453,Loyal Customers,469,Profitable
8132,1975,PhD,Partner,60631.0,1,1,2013-04-05,565,6,65,0,6,19,5,9,2,8,7,0,1,0,0,0,0,3,11,0,40,1,2,5,4,2,2013,21,2,88,34.78947368421053,19,1,4,3,143,At risk,450,Non-profitable
1050,1952,Graduation,Partner,28332.0,0,0,2014-04-30,14,10,13,4,15,9,1,2,1,4,2,0,0,0,0,0,0,3,11,0,63,0,0,30,4,2,2014,8,0,58,9.285714285714286,7,3,2,1,321,About to sleep,60,Non-profitable
5846,1977,Graduation,Single,40246.0,1,0,2012-12-19,2,1,6,2,1,1,1,1,0,2,6,0,0,0,0,0,0,3,11,0,38,1,1,19,12,4,2012,24,0,68,4.333333333333333,3,2,1,1,211,Hibernating,557,Non-profitable
1859,1972,PostGraduation,Partner,75251.0,0,0,2012-08-27,721,111,925,97,18,18,1,7,6,5,5,0,0,0,0,0,0,3,11,1,43,0,0,27,8,3,2012,28,1,34,105.0,18,4,4,5,445,Loyal Customers,671,Non-profitable
7503,1976,Graduation,Single,75825.0,0,0,2012-10-12,1032,105,779,137,105,51,0,5,8,9,4,1,0,0,0,0,0,3,11,1,39,0,0,12,10,4,2012,27,1,40,100.4090909090909,22,3,5,5,355,Loyal Customers,625,Non-profitable
10401,1976,PostGraduation,Partner,26326.0,0,0,2013-09-04,1,0,5,0,3,9,1,0,0,3,3,0,0,0,0,0,1,3,11,0,39,0,0,4,9,3,2013,16,0,12,6.0,3,5,1,1,511,New Customers,298,Non-profitable
1618,1965,Graduation,Partner,56046.0,0,0,2013-01-02,577,0,64,0,0,51,2,10,1,8,8,1,0,0,0,0,0,3,11,1,50,0,0,2,1,1,2013,24,2,9,36.42105263157895,19,5,4,3,543,Champions,543,Non-profitable
3332,1985,Graduation,Single,29760.0,1,0,2012-08-29,64,4,68,7,5,17,4,3,1,4,8,0,0,0,0,0,0,3,11,0,30,1,1,29,8,3,2012,28,0,87,20.625,8,1,2,2,122,Hibernating,669,Non-profitable
2261,1969,Graduation,Partner,26304.0,1,0,2013-06-23,4,1,5,2,0,4,1,1,0,2,7,0,0,0,0,0,0,3,11,0,46,1,1,23,6,2,2013,18,0,5,5.333333333333333,3,5,1,1,511,New Customers,371,Non-profitable
5346,1973,PostGraduation,Partner,23559.0,1,0,2013-07-03,25,5,19,7,0,23,3,3,0,3,7,0,0,0,0,0,0,3,11,0,42,1,1,3,7,3,2013,18,0,87,13.166666666666666,6,1,2,2,122,Hibernating,361,Non-profitable
4119,1963,PostGraduation,Partner,38620.0,0,0,2013-05-11,112,17,44,34,22,89,1,2,5,3,3,0,0,0,0,0,0,3,11,0,52,0,0,11,5,2,2013,20,0,56,31.8,10,3,3,3,333,Need Attention,414,Non-profitable
535,1987,Graduation,Single,81361.0,0,0,2014-02-25,163,23,424,27,65,76,1,3,10,13,1,0,0,0,0,0,0,3,11,0,28,0,0,25,2,1,2014,10,2,18,29.923076923076923,26,5,5,3,553,Champions,124,Non-profitable
5268,1960,Graduation,Partner,29440.0,1,1,2013-08-11,17,8,14,10,4,3,2,1,0,4,7,0,0,0,0,0,0,3,11,0,55,1,2,11,8,3,2013,16,0,95,11.2,5,1,1,1,111,Hibernating,322,Non-profitable
273,1970,PostGraduation,Partner,36138.0,1,1,2013-07-16,130,0,16,0,0,5,5,3,1,4,7,0,1,0,0,0,0,3,11,0,45,1,2,16,7,3,2013,17,0,48,18.875,8,3,2,2,322,About to sleep,348,Profitable
4452,1957,Graduation,Single,50388.0,0,1,2014-05-28,292,6,37,0,3,34,4,6,1,6,7,0,1,0,1,0,0,3,11,1,58,1,1,28,5,2,2014,7,2,3,28.615384615384617,13,5,3,3,533,Potential Loyalists,32,Profitable
771,1967,Graduation,Partner,54178.0,0,1,2014-01-21,135,9,39,4,0,7,1,2,2,5,2,0,0,0,0,0,0,3,11,0,48,1,1,21,1,1,2014,11,0,79,21.55555555555556,9,2,2,2,222,Hibernating,159,Non-profitable
11178,1972,PostGraduation,Single,42394.0,1,0,2014-03-23,15,2,10,0,1,4,1,1,0,3,7,0,0,0,0,0,0,3,11,0,43,1,1,23,3,1,2014,9,0,69,8.0,4,2,1,1,211,Hibernating,98,Non-profitable
7516,1983,Graduation,Partner,30096.0,1,0,2014-05-22,5,3,11,12,5,9,1,2,0,3,6,0,0,0,0,0,0,3,11,0,32,1,1,22,5,2,2014,7,0,30,9.0,5,4,1,1,411,Promising,38,Non-profitable
7247,1960,Graduation,Single,47916.0,0,1,2012-11-22,505,0,26,0,0,75,5,7,4,6,6,0,1,0,0,0,0,3,11,0,55,1,1,22,11,4,2012,25,2,72,35.64705882352941,17,2,4,3,243,At risk,584,Non-profitable
11100,1972,Graduation,Single,51813.0,1,1,2013-04-11,51,2,7,0,1,2,2,2,0,3,7,0,0,0,0,0,0,3,11,0,43,1,2,11,4,2,2013,21,0,37,12.6,5,4,1,2,412,Promising,444,Profitable
4646,1951,PostGraduation,Partner,78497.0,0,0,2013-12-01,207,26,447,75,0,223,1,5,7,12,2,0,0,0,1,0,0,3,11,0,64,0,0,1,12,4,2013,13,3,44,40.75,24,3,5,4,354,Loyal Customers,210,Non-profitable
3037,1983,PhD,Partner,50150.0,0,0,2013-06-20,135,46,92,65,61,11,2,5,2,7,5,0,0,0,0,0,0,3,11,0,32,0,0,20,6,2,2013,18,2,32,29.285714285714285,14,4,3,3,433,Potential Loyalists,374,Non-profitable
1473,1960,PostGraduation,Single,47823.0,0,1,2013-07-23,53,1,5,2,1,10,2,2,0,3,8,0,0,0,0,0,0,3,11,0,55,1,1,23,7,3,2013,17,0,0,14.4,5,5,1,2,512,New Customers,341,Profitable
1016,1959,PhD,Single,34554.0,0,1,2014-03-30,41,1,6,2,0,5,2,2,0,3,6,0,0,0,0,0,0,3,11,0,56,1,1,30,3,1,2014,9,0,43,11.0,5,3,1,1,311,About to sleep,91,Profitable
4518,1979,Graduation,Partner,85693.0,0,1,2013-04-20,386,172,183,185,132,111,2,9,5,11,5,0,0,0,0,0,0,3,11,0,36,1,1,20,4,2,2013,20,3,59,46.76,25,2,5,4,254,Can't loose,435,Non-profitable
9370,1945,PhD,Partner,65846.0,0,0,2013-05-17,562,81,276,80,40,81,1,6,3,6,4,0,0,0,0,0,0,3,11,0,70,0,0,17,5,2,2013,19,3,68,74.66666666666667,15,2,3,5,235,At risk,408,Non-profitable
8908,1959,Graduation,Partner,87195.0,0,0,2014-05-08,217,76,690,50,26,38,1,3,11,5,1,0,0,0,0,0,0,3,11,1,56,0,0,8,5,2,2014,7,3,35,57.73684210526316,19,4,4,4,444,Loyal Customers,52,Non-profitable
8373,1979,UnderGraduation,Partner,24594.0,1,0,2013-12-10,1,3,6,10,0,9,1,1,0,3,5,0,0,0,0,0,0,3,11,0,36,1,1,10,12,4,2013,12,0,94,7.25,4,1,1,1,111,Hibernating,201,Non-profitable
7533,1964,Graduation,Partner,49096.0,1,1,2013-09-24,144,1,32,2,1,7,4,4,1,4,7,0,0,0,0,0,0,3,11,0,51,1,2,24,9,3,2013,15,0,15,20.77777777777778,9,5,2,2,522,Potential Loyalists,278,Non-profitable
2683,1969,Graduation,Partner,52413.0,0,2,2013-02-02,295,106,271,75,98,65,4,6,4,12,6,0,0,0,0,0,0,3,11,0,46,1,2,2,2,1,2013,23,3,56,41.36363636363637,22,3,5,4,354,Loyal Customers,512,Non-profitable
3629,1978,Graduation,Single,38557.0,1,0,2012-12-19,76,3,31,4,4,27,2,3,1,3,7,0,0,0,0,0,0,3,11,0,37,1,1,19,12,4,2012,24,0,17,20.714285714285715,7,5,2,2,522,Potential Loyalists,557,Non-profitable
10991,1960,PostGraduation,Partner,89058.0,0,0,2012-12-07,454,194,106,31,22,43,1,5,4,4,2,0,0,0,0,0,0,3,11,0,55,0,0,7,12,4,2012,25,3,18,65.38461538461539,13,5,3,4,534,Potential Loyalists,569,Non-profitable
5077,1979,Graduation,Partner,77298.0,0,1,2013-11-02,425,115,292,23,35,79,1,6,6,11,3,0,0,0,0,0,0,3,11,0,36,1,1,2,11,4,2013,14,3,46,42.130434782608695,23,3,5,4,354,Loyal Customers,239,Non-profitable
7431,1991,PhD,Single,68126.0,0,0,2012-11-10,1332,17,311,23,51,86,1,7,4,5,9,0,1,0,0,0,0,3,11,1,24,0,0,10,11,4,2012,26,1,40,113.75,16,3,4,5,345,Loyal Customers,596,Non-profitable
999,1991,Graduation,Single,86037.0,0,0,2013-01-02,490,44,125,29,20,22,1,6,7,11,3,0,1,1,0,0,0,3,11,1,24,0,0,2,1,1,2013,24,2,95,30.416666666666668,24,1,5,3,153,Can't loose,543,Non-profitable
9215,1980,PhD,Partner,43974.0,1,0,2012-12-12,378,0,101,0,0,72,5,6,4,6,7,0,0,0,0,0,0,3,11,0,35,1,1,12,12,4,2012,25,2,19,34.4375,16,5,4,3,543,Champions,564,Non-profitable
2286,1962,Graduation,Single,50785.0,1,1,2013-09-10,64,1,21,0,1,27,2,2,1,3,6,0,0,0,0,0,0,3,11,0,53,1,2,10,9,3,2013,15,0,27,19.0,6,4,2,2,422,Potential Loyalists,292,Non-profitable
1592,1970,Graduation,Partner,90765.0,0,0,2014-01-24,547,99,812,151,82,33,0,4,6,5,1,0,0,1,1,0,0,3,11,0,45,0,0,24,1,1,2014,11,1,25,114.93333333333334,15,4,3,5,435,Potential Loyalists,156,Non-profitable
367,1978,PostGraduation,Partner,36550.0,1,0,2013-02-19,47,90,94,123,103,120,5,9,1,5,9,0,0,0,0,0,0,3,11,0,37,1,1,19,2,1,2013,22,2,74,38.46666666666667,15,2,3,4,234,At risk,495,Non-profitable
5234,1967,PostGraduation,Partner,30753.0,1,1,2013-07-11,12,5,25,0,9,30,2,1,1,3,5,0,0,0,0,0,0,3,11,0,48,1,2,11,7,3,2013,17,0,85,16.2,5,1,1,2,112,Hibernating,353,Non-profitable
9862,1969,Graduation,Partner,21918.0,1,0,2013-11-14,1,6,7,11,5,3,2,2,0,3,6,0,0,0,0,0,0,3,11,0,46,1,1,14,11,4,2013,13,0,37,6.6,5,4,1,1,411,Promising,227,Non-profitable
9805,1953,PostGraduation,Partner,56129.0,0,1,2013-06-20,320,48,133,39,72,48,4,6,2,10,4,0,0,0,0,0,0,3,11,0,62,1,1,20,6,2,2013,18,2,65,36.66666666666666,18,2,4,4,244,At risk,374,Non-profitable
6205,1967,PostGraduation,Single,32557.0,1,0,2014-02-24,34,3,29,0,4,10,3,2,1,3,5,0,0,0,0,0,0,3,11,1,48,1,1,24,2,1,2014,10,0,13,13.333333333333334,6,5,2,2,522,Potential Loyalists,125,Non-profitable
8442,1985,PostGraduation,Partner,19510.0,2,0,2013-09-04,9,0,7,3,4,7,2,1,0,3,7,0,0,0,0,0,0,3,11,0,30,1,2,4,9,3,2013,16,0,63,7.5,4,2,1,1,211,Hibernating,298,Non-profitable
7386,1976,Graduation,Single,30992.0,1,0,2013-04-22,17,0,14,7,3,2,1,1,0,3,7,0,0,0,0,0,0,3,11,0,39,1,1,22,4,2,2013,20,0,83,10.75,4,1,1,1,111,Hibernating,433,Non-profitable
7215,1983,Graduation,Single,101970.0,0,0,2013-03-12,722,27,102,44,72,168,0,6,8,13,2,0,1,1,1,0,0,3,11,1,32,0,0,12,3,1,2013,22,3,69,42.03703703703704,27,2,5,4,254,Can't loose,474,Non-profitable
1491,1965,PostGraduation,Partner,71488.0,0,0,2013-02-18,162,33,124,40,28,172,2,3,4,7,1,0,0,0,0,0,0,3,11,0,50,0,0,18,2,1,2013,22,2,87,39.92857142857143,14,1,3,4,134,At risk,496,Non-profitable
11071,1984,Graduation,Single,79607.0,0,0,2013-04-21,450,133,951,173,0,216,1,3,6,6,1,0,0,0,0,0,0,3,11,1,31,0,0,21,4,2,2013,20,1,37,128.2,15,4,3,5,435,Potential Loyalists,434,Non-profitable
8026,1952,Graduation,Partner,62998.0,0,1,2013-09-30,120,58,73,65,89,58,5,5,4,5,5,0,0,0,0,0,0,3,11,0,63,1,1,30,9,3,2013,15,2,10,33.07142857142857,14,5,3,3,533,Potential Loyalists,272,Profitable
433,1958,PostGraduation,Single,61331.0,1,1,2013-03-10,534,5,47,0,5,41,5,11,1,6,8,0,0,0,0,0,0,3,11,0,57,1,2,10,3,1,2013,22,2,42,35.111111111111114,18,3,4,3,343,Loyal Customers,476,Non-profitable
9597,1969,Graduation,Partner,73448.0,0,0,2014-02-10,236,106,189,23,41,130,1,7,2,9,4,0,0,0,0,0,0,3,11,0,46,0,0,10,2,1,2014,10,2,10,40.27777777777778,18,5,4,4,544,Champions,139,Non-profitable
5290,1964,PhD,Partner,41551.0,1,1,2013-08-14,220,0,33,3,0,23,5,5,1,5,8,0,0,0,0,0,0,3,11,0,51,1,2,14,8,3,2013,16,0,51,25.363636363636363,11,3,3,3,333,Need Attention,319,Non-profitable
1685,1967,PhD,Partner,62981.0,0,0,2013-03-17,796,14,590,38,44,0,1,4,5,13,3,0,1,0,0,0,0,3,11,0,48,0,0,17,3,1,2013,21,1,21,67.36363636363636,22,4,5,4,454,Loyal Customers,469,Non-profitable
5342,1976,UnderGraduation,Single,9548.0,1,0,2012-08-08,0,1,3,10,6,9,2,1,0,3,8,0,0,0,0,0,0,3,11,0,39,1,1,8,8,3,2012,29,0,31,7.25,4,4,1,1,411,Promising,690,Non-profitable
9579,1959,PhD,Partner,33762.0,2,1,2013-07-07,53,1,34,2,0,16,3,2,2,2,8,0,0,0,0,0,0,3,11,0,56,1,3,7,7,3,2013,18,0,61,17.666666666666668,6,2,2,2,222,Hibernating,357,Non-profitable
7660,1973,PhD,Single,35860.0,1,1,2014-05-19,15,0,8,4,2,20,2,1,1,2,5,1,0,0,0,0,0,3,11,1,42,1,2,19,5,2,2014,7,0,37,12.25,4,4,1,2,412,Promising,41,Non-profitable
1461,1965,PhD,Single,36921.0,1,1,2013-07-28,17,1,12,3,1,4,2,2,0,3,7,0,0,0,0,0,0,3,11,0,50,1,2,28,7,3,2013,17,0,74,7.6,5,2,1,1,211,Hibernating,336,Non-profitable
821,1992,PostGraduation,Single,92859.0,0,0,2012-10-19,962,61,921,52,61,20,1,5,4,12,2,0,0,0,0,0,0,3,11,0,23,0,0,19,10,4,2012,26,1,46,98.9047619047619,21,3,5,5,355,Loyal Customers,618,Non-profitable
11084,1976,PostGraduation,Partner,65104.0,0,1,2013-11-14,738,0,232,13,20,50,2,3,5,7,7,0,0,0,0,0,0,3,11,1,39,1,1,14,11,4,2013,13,3,4,70.2,15,5,3,5,535,Potential Loyalists,227,Non-profitable
8690,1962,Graduation,Partner,86111.0,0,0,2013-04-19,399,28,756,36,40,126,1,5,7,10,2,0,0,0,0,0,0,3,11,0,53,0,0,19,4,2,2013,20,3,73,62.95454545454545,22,2,5,4,254,Can't loose,436,Profitable
2937,1974,PhD,Single,68352.0,0,1,2013-08-28,614,16,132,43,33,33,3,8,5,9,6,0,0,0,0,0,0,3,11,0,41,1,1,28,8,3,2013,16,3,47,39.59090909090909,22,3,5,4,354,Loyal Customers,305,Profitable
9701,1988,Graduation,Partner,41883.0,1,0,2013-03-19,32,34,41,73,16,116,3,4,2,3,7,0,0,0,0,0,0,3,11,0,27,1,1,19,3,1,2013,21,0,13,34.666666666666664,9,5,2,3,523,Potential Loyalists,467,Non-profitable
9949,1976,Graduation,Partner,59809.0,0,2,2012-10-18,598,16,141,32,41,49,3,3,3,6,8,0,0,0,0,0,0,3,11,0,39,1,2,18,10,4,2012,26,3,36,73.08333333333333,12,4,3,5,435,Potential Loyalists,619,Non-profitable
10837,1975,Graduation,Partner,23957.0,1,0,2012-10-28,2,1,18,20,11,16,1,2,0,3,6,0,0,0,0,0,0,3,11,1,40,1,1,28,10,4,2012,26,0,47,13.6,5,3,1,2,312,About to sleep,609,Non-profitable
3120,1981,Graduation,Partner,38547.0,1,0,2013-08-28,6,1,10,0,1,4,1,1,0,2,8,0,0,0,0,0,1,3,11,0,34,1,1,28,8,3,2013,16,0,49,7.333333333333333,3,3,1,1,311,About to sleep,305,Non-profitable
5885,1973,PostGraduation,Partner,35688.0,2,1,2012-08-22,73,3,90,12,1,32,7,4,1,4,8,0,0,0,0,0,0,3,11,0,42,1,3,22,8,3,2012,28,0,94,23.444444444444443,9,1,2,3,123,Hibernating,676,Non-profitable
3830,1953,PostGraduation,Partner,59354.0,0,2,2014-04-24,295,21,78,39,13,13,1,4,4,7,3,0,0,0,0,0,0,3,11,0,62,1,2,24,4,2,2014,8,2,59,30.6,15,2,3,3,233,At risk,66,Non-profitable
7987,1969,Graduation,Partner,65747.0,0,1,2014-03-07,346,17,48,23,13,13,4,8,1,6,6,0,1,0,0,0,0,3,11,0,46,1,1,7,3,1,2014,10,2,96,30.666666666666668,15,1,3,3,133,At risk,114,Non-profitable
7798,1972,PostGraduation,Partner,46344.0,0,1,2012-12-14,233,20,57,8,20,91,4,7,1,5,7,0,0,0,0,0,0,3,11,0,43,1,1,14,12,4,2012,24,2,28,33.0,13,4,3,3,433,Potential Loyalists,562,Non-profitable
92,1988,Graduation,Single,34176.0,1,0,2014-05-12,5,7,24,19,14,20,4,3,0,4,6,0,0,0,0,0,0,3,11,0,27,1,1,12,5,2,2014,7,0,12,12.714285714285714,7,5,2,2,522,Potential Loyalists,48,Non-profitable
7055,1952,PhD,Partner,61010.0,0,1,2012-10-09,888,0,57,0,0,76,2,8,5,11,5,0,0,0,0,0,0,3,11,0,63,1,1,9,10,4,2012,27,3,57,42.54166666666666,24,3,5,4,354,Loyal Customers,628,Profitable
10240,1949,Graduation,Partner,69372.0,0,0,2013-02-19,997,26,269,34,13,42,1,10,4,6,4,0,1,1,0,0,0,3,11,1,66,0,0,19,2,1,2013,22,3,10,69.05,20,5,4,5,545,Champions,495,Non-profitable
3025,1958,Graduation,Single,49967.0,0,1,2013-07-08,212,6,69,4,12,3,3,6,1,5,7,0,0,0,0,0,0,3,11,0,57,1,1,8,7,3,2013,18,0,4,25.5,12,5,3,3,533,Potential Loyalists,356,Profitable
9283,1978,Graduation,Single,60199.0,1,2,2013-09-12,8,1,7,2,0,0,1,0,0,3,4,0,0,0,0,0,0,3,11,0,37,1,3,12,9,3,2013,15,0,49,6.0,3,3,1,1,311,About to sleep,290,Non-profitable
9970,1977,Graduation,Partner,55375.0,0,1,2013-10-17,42,11,57,10,28,14,1,1,1,6,2,0,0,0,0,0,0,3,11,0,38,1,1,17,10,4,2013,14,0,3,20.25,8,5,2,2,522,Potential Loyalists,255,Non-profitable
2730,1955,Graduation,Single,80317.0,0,0,2013-08-20,536,11,387,149,91,57,1,3,4,10,1,0,0,0,0,0,0,3,11,0,60,0,0,20,8,3,2013,16,3,64,72.41176470588235,17,2,4,5,245,At risk,313,Non-profitable
2795,1958,PostGraduation,Single,30523.0,2,1,2013-07-01,5,0,3,0,0,5,1,1,0,2,7,0,0,0,0,0,0,3,11,0,57,1,3,1,7,3,2013,18,0,0,4.333333333333333,3,5,1,1,511,New Customers,363,Non-profitable
9260,1945,PhD,Partner,70356.0,0,0,2012-11-05,1349,16,249,43,16,33,2,10,6,9,6,0,0,0,0,0,0,3,11,0,70,0,0,5,11,4,2012,26,1,20,68.24,25,4,5,4,454,Loyal Customers,601,Profitable
8182,1984,Graduation,Partner,23228.0,1,0,2014-01-05,53,3,49,7,4,5,4,3,0,4,8,0,0,0,0,0,0,3,11,0,31,1,1,5,1,1,2014,12,0,91,17.285714285714285,7,1,2,2,122,Hibernating,175,Profitable
10095,1975,PhD,Single,74165.0,0,0,2013-05-01,1001,12,240,16,12,12,1,5,4,10,2,0,0,0,0,0,0,3,11,0,40,0,0,1,5,2,2013,20,3,9,68.05263157894737,19,5,4,4,544,Champions,424,Non-profitable
8475,1973,PhD,Partner,157243.0,0,1,2014-03-01,20,2,1582,1,2,1,15,0,22,0,0,0,0,0,0,0,0,3,11,0,42,1,1,1,3,1,2014,10,1,98,73.0909090909091,22,1,5,5,155,Can't loose,120,Non-profitable
4370,1966,Graduation,Partner,43482.0,2,1,2013-11-13,18,1,32,6,3,28,3,2,0,4,6,0,0,0,0,0,0,3,11,0,49,1,3,13,11,4,2013,13,0,83,14.666666666666666,6,1,2,2,122,Hibernating,228,Non-profitable
10573,1953,Graduation,Single,62551.0,0,0,2013-11-18,125,16,98,134,21,27,1,6,7,4,3,1,0,0,0,0,0,3,11,0,62,0,0,18,11,4,2013,13,2,27,24.764705882352946,17,4,4,3,443,Loyal Customers,223,Profitable
3712,1959,Graduation,Single,52332.0,0,0,2013-08-28,212,5,33,7,0,2,1,3,2,6,4,0,1,0,0,0,0,3,11,0,56,0,0,28,8,3,2013,16,0,63,23.545454545454547,11,2,3,3,233,At risk,305,Non-profitable
6637,1988,Graduation,Single,66951.0,0,0,2013-11-02,277,162,305,173,76,124,1,3,4,7,1,0,0,0,0,0,0,3,11,0,27,0,0,2,11,4,2013,14,3,46,79.78571428571429,14,3,3,5,335,Need Attention,239,Non-profitable
3152,1957,Graduation,Partner,26091.0,1,1,2014-02-25,15,10,19,8,17,20,3,2,1,3,5,0,0,0,0,0,0,3,11,0,58,1,2,25,2,1,2014,10,0,84,14.833333333333334,6,1,2,2,122,Hibernating,124,Non-profitable
5610,1965,Graduation,Partner,33456.0,1,1,2014-04-21,7,3,10,8,1,7,2,1,0,3,7,0,0,0,0,0,0,3,11,0,50,1,2,21,4,2,2014,8,0,58,9.0,4,3,1,1,311,About to sleep,69,Non-profitable
6460,1982,Graduation,Partner,28718.0,1,0,2013-07-13,12,4,6,11,8,16,2,2,0,3,8,0,0,0,0,0,0,3,11,0,33,1,1,13,7,3,2013,17,0,78,11.4,5,2,1,2,212,Hibernating,351,Non-profitable
1349,1970,Graduation,Partner,50447.0,2,0,2014-04-21,85,7,24,2,3,27,1,3,1,3,6,0,0,0,0,0,0,3,11,0,45,1,2,21,4,2,2014,8,0,4,21.142857142857142,7,5,2,2,522,Potential Loyalists,69,Non-profitable
1880,1959,PhD,Partner,53537.0,1,1,2014-01-30,81,0,6,0,0,6,2,2,1,3,5,0,0,0,0,0,0,3,11,0,56,1,2,30,1,1,2014,11,0,17,15.5,6,5,2,2,522,Potential Loyalists,150,Profitable
641,1967,Graduation,Single,52074.0,0,1,2014-04-04,59,0,12,0,0,48,1,2,2,2,4,1,0,0,0,0,0,3,11,0,48,1,1,4,4,2,2014,9,0,77,19.83333333333333,6,2,2,2,222,Hibernating,86,Non-profitable
8717,1975,PhD,Partner,80427.0,0,1,2012-09-12,1149,71,449,69,71,26,1,11,8,8,5,0,0,0,0,0,0,3,11,0,40,1,1,12,9,3,2012,28,1,56,67.96296296296296,27,3,5,4,354,Loyal Customers,655,Non-profitable
10314,1948,PhD,Partner,83837.0,0,0,2012-12-16,847,66,119,86,89,111,1,9,10,5,4,0,1,0,1,0,0,3,11,1,67,0,0,16,12,4,2012,24,3,79,54.91666666666666,24,2,5,4,254,Can't loose,560,Non-profitable
6935,1951,PostGraduation,Partner,78497.0,0,0,2013-12-01,207,26,447,75,0,223,1,5,7,12,2,0,0,0,1,0,0,3,11,0,64,0,0,1,12,4,2013,13,3,44,40.75,24,3,5,4,354,Loyal Customers,210,Non-profitable
10562,1946,PostGraduation,Partner,66835.0,0,0,2013-09-28,620,26,195,34,17,141,1,6,4,13,2,0,0,0,0,0,0,3,11,0,69,0,0,28,9,3,2013,15,3,21,44.91304347826087,23,4,5,4,454,Loyal Customers,274,Non-profitable
10796,1984,PostGraduation,Partner,30477.0,1,0,2014-01-22,47,1,6,0,0,12,1,1,1,3,6,0,0,0,0,0,0,3,11,0,31,1,1,22,1,1,2014,11,0,16,13.2,5,5,1,2,512,New Customers,158,Non-profitable
3518,1983,Graduation,Partner,25271.0,1,0,2012-12-05,10,1,18,10,4,7,1,1,1,2,9,0,0,0,0,0,0,3,11,0,32,1,1,5,12,4,2012,25,0,45,12.5,4,3,1,2,312,About to sleep,571,Profitable
5823,1970,PhD,Single,32303.0,0,1,2014-03-08,35,0,2,0,0,2,2,1,0,4,5,0,0,0,0,0,0,3,11,0,45,1,1,8,3,1,2014,9,0,63,7.8,5,2,1,1,211,Hibernating,113,Non-profitable
3934,1966,Graduation,Partner,61286.0,0,1,2013-08-02,356,0,107,19,9,117,2,7,1,8,5,0,0,0,0,0,0,3,11,0,49,1,1,2,8,3,2013,17,2,34,38.0,16,4,4,4,444,Loyal Customers,331,Non-profitable
6982,1976,Graduation,Partner,74068.0,0,0,2013-03-19,783,30,537,140,76,15,1,4,10,9,2,0,0,0,0,0,0,3,11,0,39,0,0,19,3,1,2013,21,1,14,68.73913043478261,23,5,5,5,555,Champions,467,Non-profitable
6431,1964,PhD,Partner,45759.0,1,1,2013-02-23,42,1,18,3,0,4,2,2,0,3,7,0,0,0,0,0,0,3,11,0,51,1,2,23,2,1,2013,22,0,13,13.6,5,5,1,2,512,New Customers,491,Non-profitable
9733,1978,UnderGraduation,Partner,24882.0,1,0,2012-09-09,1,4,10,29,0,36,1,1,1,2,6,1,0,0,0,0,0,3,11,0,37,1,1,9,9,3,2012,28,0,52,20.0,4,3,1,2,312,About to sleep,658,Non-profitable
5602,1989,PhD,Partner,66973.0,0,0,2013-05-17,466,22,432,147,113,102,1,8,7,12,3,0,0,0,0,0,0,3,11,0,26,0,0,17,5,2,2013,19,3,98,47.48148148148148,27,1,5,4,154,Can't loose,408,Profitable
7829,1900,PostGraduation,Single,36640.0,1,0,2013-09-26,15,6,8,7,4,25,1,2,1,2,5,0,0,0,0,0,1,3,11,0,115,1,1,26,9,3,2013,15,0,99,13.0,5,1,1,2,112,Hibernating,276,Non-profitable
1324,1988,Graduation,Partner,38872.0,1,0,2013-05-30,23,3,21,3,19,22,2,3,0,3,8,0,0,0,0,0,0,3,11,0,27,1,1,30,5,2,2013,19,0,93,15.166666666666666,6,1,2,2,122,Hibernating,395,Non-profitable
326,1973,Graduation,Partner,51148.0,1,1,2013-02-18,235,6,45,8,9,12,4,5,1,6,6,0,0,0,0,0,0,3,11,0,42,1,2,18,2,1,2013,22,0,38,26.25,12,4,3,3,433,Potential Loyalists,496,Non-profitable
7224,1977,Graduation,Partner,31353.0,1,1,2013-12-29,10,0,10,3,1,7,2,1,1,2,8,0,0,0,0,0,0,3,11,0,38,1,2,29,12,4,2013,12,0,24,7.75,4,4,1,1,411,Promising,182,Non-profitable
9938,1954,Graduation,Partner,80067.0,0,0,2013-09-19,519,17,813,27,173,51,1,4,6,6,2,0,0,1,0,0,0,3,11,0,61,0,0,19,9,3,2013,15,1,82,100.0,16,1,4,5,145,At risk,283,Non-profitable
6422,1954,Graduation,Partner,86718.0,0,0,2013-01-17,344,189,482,50,33,172,1,5,6,5,2,0,0,0,0,0,0,3,11,0,61,0,0,17,1,1,2013,23,3,20,79.375,16,4,4,5,445,Loyal Customers,528,Non-profitable
3182,1973,PhD,Single,46854.0,1,1,2014-03-31,96,1,79,7,1,79,6,5,1,3,8,1,0,0,0,0,0,3,11,1,42,1,2,31,3,1,2014,9,0,81,29.22222222222222,9,1,2,3,123,Hibernating,90,Profitable
10424,1968,Graduation,Single,75922.0,0,0,2013-12-09,265,138,553,224,23,92,1,4,4,9,1,0,0,0,0,0,0,3,11,0,47,0,0,9,12,4,2013,12,3,60,76.17647058823529,17,2,4,5,245,At risk,202,Non-profitable
8727,1978,Graduation,Single,63693.0,0,1,2013-10-14,587,43,337,42,87,54,3,11,6,9,6,0,0,0,0,0,0,3,11,0,37,1,1,14,10,4,2013,14,3,63,44.23076923076923,26,2,5,4,254,Can't loose,258,Non-profitable
2798,1977,PhD,Partner,102160.0,0,0,2012-11-02,763,29,138,76,176,58,0,7,9,10,4,0,1,1,1,0,0,3,11,1,38,0,0,2,11,4,2012,26,3,54,47.69230769230769,26,3,5,4,354,Loyal Customers,604,Non-profitable
1030,1965,PhD,Single,40637.0,1,1,2013-07-17,22,0,13,0,0,3,2,1,0,3,7,0,0,0,0,0,0,3,11,0,50,1,2,17,7,3,2013,17,0,72,9.5,4,2,1,1,211,Hibernating,347,Non-profitable
624,1984,PostGraduation,Single,18890.0,0,0,2012-11-10,6,4,1,7,2,15,1,0,1,2,6,1,0,0,0,0,0,3,11,1,31,0,0,10,11,4,2012,26,0,5,11.666666666666666,3,5,1,2,512,New Customers,596,Non-profitable
5176,1988,Graduation,Partner,29604.0,1,0,2013-12-08,7,6,13,7,6,14,1,1,0,3,9,1,0,0,0,0,0,3,11,0,27,1,1,8,12,4,2013,12,0,88,13.25,4,1,1,2,112,Hibernating,203,Non-profitable
5552,1963,PostGraduation,Single,48721.0,1,1,2013-05-13,81,18,113,47,13,21,6,4,2,5,6,0,0,0,0,0,0,3,11,0,52,1,2,13,5,2,2013,19,0,50,26.63636363636364,11,3,3,3,333,Need Attention,412,Non-profitable
380,1954,Graduation,Single,64497.0,0,1,2012-09-10,1170,48,320,42,32,192,5,11,4,9,8,1,0,0,0,0,0,3,11,1,61,1,1,10,9,3,2012,28,1,17,75.16666666666667,24,5,5,5,555,Champions,657,Non-profitable
2677,1956,Graduation,Partner,46097.0,0,1,2013-03-31,72,24,68,65,4,8,5,3,1,6,4,0,0,0,0,0,0,3,11,0,59,1,1,31,3,1,2013,21,0,11,24.1,10,5,3,3,533,Potential Loyalists,455,Non-profitable
6521,1954,Graduation,Partner,77972.0,0,0,2014-03-18,613,22,319,33,102,12,1,4,6,9,1,0,0,0,0,0,0,3,11,0,61,0,0,18,3,1,2014,9,3,18,57.94736842105263,19,5,4,4,544,Champions,103,Non-profitable
6927,1968,PhD,Partner,44377.0,1,1,2012-10-05,224,0,30,0,0,10,8,5,1,5,8,0,0,0,0,0,0,3,11,0,47,1,2,5,10,4,2012,27,0,70,24.0,11,2,3,3,233,At risk,632,Profitable
2877,1974,PostGraduation,Partner,46014.0,1,1,2013-01-21,410,0,59,19,9,44,10,7,1,8,7,0,0,0,0,0,0,3,11,0,41,1,2,21,1,1,2013,23,2,21,33.8125,16,4,4,3,443,Loyal Customers,524,Non-profitable
0,1985,Graduation,Partner,70951.0,0,0,2013-05-04,239,10,554,254,87,54,1,3,4,9,1,0,0,0,0,0,0,3,11,0,30,0,0,4,5,2,2013,20,3,66,74.875,16,2,4,5,245,At risk,421,Non-profitable
1584,1977,Graduation,Partner,41443.0,1,0,2014-04-01,171,7,171,25,19,89,6,8,1,5,8,0,0,0,0,0,0,3,11,0,38,1,1,1,4,2,2014,9,2,79,34.42857142857143,14,2,3,3,233,At risk,89,Non-profitable
7264,1978,PostGraduation,Single,52195.0,2,1,2014-05-12,12,0,4,0,0,1,1,1,0,2,8,0,0,0,0,0,0,3,11,0,37,1,3,12,5,2,2014,7,0,2,5.666666666666667,3,5,1,1,511,New Customers,48,Profitable
6274,1948,PostGraduation,Partner,83790.0,0,0,2013-11-15,1076,16,417,42,48,16,1,8,10,6,3,0,1,1,0,0,0,3,11,0,67,0,0,15,11,4,2013,13,1,81,67.29166666666667,24,1,5,4,154,Can't loose,226,Non-profitable
1377,1954,PostGraduation,Single,44551.0,0,1,2013-08-31,182,4,33,0,0,66,2,4,1,5,7,0,0,0,0,0,0,3,11,0,61,1,1,31,8,3,2013,16,0,24,28.5,10,4,3,3,433,Potential Loyalists,302,Non-profitable
454,1980,Graduation,Partner,69508.0,1,0,2012-11-14,824,32,162,42,32,43,2,11,4,11,6,0,0,0,0,0,0,3,11,0,35,1,1,14,11,4,2012,25,3,48,43.65384615384615,26,3,5,4,354,Loyal Customers,592,Non-profitable
2075,1969,Graduation,Partner,72460.0,0,0,2013-11-14,377,10,540,80,30,10,1,3,5,7,1,0,0,0,0,0,0,3,11,0,46,0,0,14,11,4,2013,13,3,56,69.8,15,3,3,5,335,Need Attention,227,Non-profitable
4785,1970,PhD,Partner,77622.0,0,2,2014-04-14,520,7,154,19,0,14,2,6,3,11,3,0,0,0,0,0,0,3,11,0,45,1,2,14,4,2,2014,8,2,3,35.7,20,5,4,3,543,Champions,76,Profitable
9076,1980,PhD,Partner,30732.0,1,0,2013-01-05,155,1,25,0,1,3,4,4,1,4,8,0,0,0,0,0,0,3,11,0,35,1,1,5,1,1,2013,24,0,44,20.55555555555556,9,3,2,2,322,About to sleep,540,Non-profitable
7079,1962,Graduation,Single,63887.0,0,1,2012-09-08,897,23,207,15,11,92,5,9,6,12,6,0,0,0,0,0,0,3,11,0,53,1,1,8,9,3,2012,28,3,38,46.11111111111112,27,4,5,4,454,Loyal Customers,659,Non-profitable
4653,1978,Graduation,Partner,42011.0,1,0,2013-03-26,131,0,16,2,1,39,4,3,1,4,8,0,0,0,0,0,0,3,11,0,37,1,1,26,3,1,2013,21,0,46,23.625,8,3,2,3,323,About to sleep,460,Non-profitable
7375,1976,Graduation,Partner,51369.0,0,1,2012-10-25,297,7,79,0,11,182,2,8,2,4,8,0,0,0,0,0,0,3,11,0,39,1,1,25,10,4,2012,26,2,84,41.142857142857146,14,1,3,4,134,At risk,612,Non-profitable
709,1952,Graduation,Single,51537.0,0,1,2012-12-09,787,20,204,0,0,92,3,2,2,11,8,0,0,0,0,0,0,3,11,0,63,1,1,9,12,4,2012,25,3,27,73.53333333333333,15,4,3,5,435,Potential Loyalists,567,Non-profitable
460,1972,PhD,Partner,79930.0,0,0,2012-08-08,792,86,740,67,51,17,1,3,5,8,2,0,0,0,0,0,0,3,11,0,43,0,0,8,8,3,2012,29,1,72,109.5625,16,2,4,5,245,At risk,690,Non-profitable
3726,1986,PhD,Partner,34320.0,1,0,2014-02-16,4,1,9,3,0,0,1,1,0,2,8,0,0,0,0,0,0,3,11,0,29,1,1,16,2,1,2014,10,0,66,5.666666666666667,3,2,1,1,211,Hibernating,133,Non-profitable
6798,1966,Graduation,Single,37070.0,1,1,2013-03-20,231,7,137,4,15,39,9,5,1,8,7,0,0,0,0,0,0,3,11,1,49,1,2,20,3,1,2013,21,2,30,30.928571428571427,14,4,3,3,433,Potential Loyalists,466,Non-profitable
5341,1962,PostGraduation,Single,81975.0,0,1,2013-01-05,983,76,184,180,138,27,1,6,3,4,7,0,0,1,0,0,0,3,11,0,53,1,1,5,1,1,2013,24,1,2,122.15384615384616,13,5,3,5,535,Potential Loyalists,540,Non-profitable
1606,1971,Graduation,Partner,38590.0,1,0,2013-05-15,3,1,8,4,3,3,1,1,0,2,8,0,0,0,0,0,0,3,11,0,44,1,1,15,5,2,2013,19,0,65,7.333333333333333,3,2,1,1,211,Hibernating,410,Non-profitable
9617,1951,Graduation,Single,15033.0,0,0,2014-04-16,0,4,5,6,0,4,1,1,0,3,3,0,0,0,0,0,0,3,11,0,64,0,0,16,4,2,2014,8,0,37,4.75,4,4,1,1,411,Promising,74,Non-profitable
3233,1965,PhD,Partner,62745.0,0,1,2013-03-23,562,21,464,28,10,32,3,7,8,11,5,0,0,0,0,0,0,3,11,0,50,1,1,23,3,1,2013,21,3,89,42.96153846153846,26,1,5,4,154,Can't loose,463,Non-profitable
89,1975,PostGraduation,Partner,22212.0,1,0,2013-12-09,5,9,20,6,8,21,2,2,0,4,6,0,0,0,0,0,0,3,11,0,40,1,1,9,12,4,2013,12,0,49,11.5,6,3,2,2,322,About to sleep,202,Non-profitable
2936,1982,PostGraduation,Partner,23661.0,1,0,2013-12-04,18,0,4,0,0,1,1,1,0,3,7,0,0,0,0,0,0,3,11,0,33,1,1,4,12,4,2013,13,0,46,5.75,4,3,1,1,311,About to sleep,207,Non-profitable
9449,1958,PhD,Single,79761.0,0,1,2013-10-04,415,5,124,15,35,11,1,5,2,11,3,0,0,0,0,0,0,3,11,0,57,1,1,4,10,4,2013,15,2,32,33.611111111111114,18,4,4,3,443,Loyal Customers,268,Non-profitable
7297,1973,Graduation,Single,7500.0,1,0,2013-12-26,5,3,10,12,7,20,4,3,1,3,7,0,0,0,0,0,0,3,11,0,42,1,1,26,12,4,2013,12,0,54,8.142857142857142,7,3,2,1,321,About to sleep,185,Non-profitable
11004,1893,PostGraduation,Single,60182.0,0,1,2014-05-17,8,0,5,7,0,2,1,1,0,2,4,0,0,0,0,0,0,3,11,0,122,1,1,17,5,2,2014,7,0,23,7.333333333333333,3,4,1,1,411,Promising,43,Non-profitable
313,1968,Graduation,Single,73455.0,0,0,2013-10-28,901,61,757,186,163,20,1,6,5,10,3,0,1,0,0,0,0,3,11,0,47,0,0,28,10,4,2013,14,1,98,99.42857142857144,21,1,5,5,155,Can't loose,244,Non-profitable
9940,1958,Graduation,Partner,64961.0,0,1,2012-12-23,382,114,276,75,124,38,2,6,4,4,3,0,0,0,0,0,0,3,11,0,57,1,1,23,12,4,2012,24,3,97,72.07142857142857,14,1,3,5,135,At risk,553,Non-profitable
10735,1971,Graduation,Single,22804.0,1,0,2013-07-31,14,1,7,2,1,1,1,2,0,2,9,0,0,0,0,0,0,3,11,0,44,1,1,31,7,3,2013,17,0,75,6.5,4,2,1,1,211,Hibernating,333,Non-profitable
9529,1990,Graduation,Partner,73687.0,0,0,2013-11-28,559,153,503,218,13,181,1,3,9,9,2,0,0,0,1,0,0,3,11,1,25,0,0,28,11,4,2013,13,1,8,77.47619047619048,21,5,5,5,555,Champions,213,Non-profitable
6439,1958,Graduation,Partner,61074.0,0,1,2012-08-17,789,0,133,0,28,152,7,11,5,8,7,0,0,0,0,0,0,3,11,0,57,1,1,17,8,3,2012,28,3,37,45.91666666666666,24,4,5,4,454,Loyal Customers,681,Non-profitable
2176,1972,Graduation,Partner,80134.0,1,0,2013-05-20,1218,16,272,104,0,80,2,5,3,6,6,0,1,1,1,0,0,3,11,1,43,1,1,20,5,2,2013,19,1,40,120.71428571428572,14,3,3,5,335,Need Attention,405,Non-profitable
9265,1953,Graduation,Partner,75027.0,0,1,2013-01-09,925,64,179,133,12,77,2,9,4,6,5,0,0,0,0,0,0,3,11,0,62,1,1,9,1,1,2013,24,3,74,73.15789473684211,19,2,4,5,245,At risk,536,Non-profitable
8867,1988,PhD,Partner,67546.0,0,0,2012-08-31,864,134,768,150,38,172,1,4,10,5,3,0,0,0,0,0,0,3,11,0,27,0,0,31,8,3,2012,28,1,90,111.89473684210526,19,1,4,5,145,At risk,667,Non-profitable
8932,1969,PostGraduation,Partner,65176.0,0,1,2012-10-29,960,28,183,220,70,70,4,9,6,6,6,0,0,0,0,0,0,3,11,0,46,1,1,29,10,4,2012,26,1,57,72.9047619047619,21,3,5,5,355,Loyal Customers,608,Non-profitable
10236,1975,PostGraduation,Single,31160.0,1,0,2013-09-16,16,3,25,6,1,13,2,2,0,3,8,0,0,0,0,0,0,3,11,0,40,1,1,16,9,3,2013,15,0,59,12.8,5,2,1,2,212,Hibernating,286,Non-profitable
6340,1985,Graduation,Single,29938.0,1,0,2013-10-27,3,3,7,0,2,11,2,1,0,3,6,0,0,0,0,0,0,3,11,0,30,1,1,27,10,4,2013,14,0,52,6.5,4,3,1,1,311,About to sleep,245,Non-profitable
10089,1974,Graduation,Single,102692.0,0,0,2013-04-05,168,148,444,32,172,148,1,6,9,13,2,0,1,1,1,1,0,3,11,1,41,0,0,5,4,2,2013,21,3,5,39.71428571428572,28,5,5,4,554,Champions,450,Non-profitable
2227,1958,PostGraduation,Partner,26490.0,0,0,2012-09-22,45,47,52,21,20,25,2,3,1,5,6,0,0,0,0,0,0,3,11,0,57,0,0,22,9,3,2012,27,0,92,23.33333333333333,9,1,2,3,123,Hibernating,645,Profitable
10992,1967,Graduation,Partner,75702.0,1,1,2012-08-29,650,28,353,45,42,30,5,4,6,11,8,0,0,0,0,0,0,3,11,0,48,1,2,29,8,3,2012,28,3,77,54.66666666666666,21,2,5,4,254,Can't loose,669,Non-profitable
5304,1974,PhD,Single,30899.0,1,0,2012-10-13,24,0,8,0,0,1,2,1,0,3,6,0,0,0,0,0,0,3,11,0,41,1,1,13,10,4,2012,27,0,35,8.25,4,4,1,1,411,Promising,624,Non-profitable
309,1961,PhD,Partner,63342.0,0,1,2012-10-16,918,21,118,13,10,21,3,8,3,5,6,0,1,0,0,0,0,3,11,0,54,1,1,16,10,4,2012,26,3,48,68.8125,16,3,4,5,345,Loyal Customers,621,Non-profitable
3406,1964,Graduation,Single,45989.0,0,1,2012-10-22,138,33,87,28,24,12,4,3,2,7,3,0,0,0,0,0,0,3,11,0,51,1,1,22,10,4,2012,26,0,97,26.83333333333333,12,1,3,3,133,At risk,615,Profitable
2661,1964,Graduation,Single,18701.0,1,1,2013-06-04,12,4,2,10,6,10,4,2,0,4,5,0,0,0,0,0,0,3,11,0,51,1,2,4,6,2,2013,19,0,95,7.333333333333333,6,1,2,1,121,Hibernating,390,Non-profitable
3153,1957,PhD,Single,40737.0,2,1,2013-12-08,11,0,4,0,0,2,1,1,0,2,8,0,0,0,0,0,0,3,11,0,58,1,3,8,12,4,2013,12,0,24,5.666666666666667,3,4,1,1,411,Promising,203,Non-profitable
10264,1979,Graduation,Single,15287.0,1,0,2012-10-10,1,2,8,4,3,13,2,1,1,2,7,1,0,0,0,0,0,3,11,1,36,1,1,10,10,4,2012,27,0,60,7.75,4,2,1,1,211,Hibernating,627,Non-profitable
1184,1968,PhD,Single,69674.0,0,2,2013-05-22,554,41,215,11,0,24,3,10,2,10,5,0,0,0,0,0,0,3,11,0,47,1,2,22,5,2,2013,19,2,46,38.40909090909091,22,3,5,4,354,Loyal Customers,403,Non-profitable
9396,1978,PhD,Partner,37717.0,1,0,2012-11-23,9,0,6,4,1,5,1,1,0,2,9,0,0,0,0,0,0,3,11,0,37,1,1,23,11,4,2012,25,0,31,8.333333333333334,3,4,1,1,411,Promising,583,Profitable
2387,1952,PostGraduation,Partner,43776.0,1,1,2013-02-03,177,2,71,3,2,20,6,5,2,4,8,0,0,0,0,0,0,3,11,1,63,1,2,3,2,1,2013,23,0,9,25.0,11,5,3,3,533,Potential Loyalists,511,Non-profitable
6690,1966,PostGraduation,Partner,38179.0,1,1,2013-03-14,38,4,22,4,2,20,4,3,1,3,7,0,0,0,0,0,0,3,11,0,49,1,2,14,3,1,2013,21,0,30,12.857142857142858,7,4,2,2,422,Potential Loyalists,472,Non-profitable
9703,1970,PhD,Partner,38097.0,1,1,2012-10-15,77,2,35,0,1,69,4,3,2,2,7,1,0,0,0,0,0,3,11,1,45,1,2,15,10,4,2012,26,0,70,26.285714285714285,7,2,2,3,223,Hibernating,622,Non-profitable
291,1970,Graduation,Partner,72940.0,0,0,2013-06-19,182,74,298,162,149,116,1,3,3,6,1,0,0,0,0,0,0,3,11,0,45,0,0,19,6,2,2013,18,3,13,81.75,12,5,3,5,535,Potential Loyalists,375,Non-profitable
4557,1970,Graduation,Partner,22070.0,1,0,2013-10-04,10,7,19,8,2,21,2,2,2,2,6,0,0,0,0,0,0,3,11,0,45,1,1,4,10,4,2013,15,0,11,11.166666666666666,6,5,2,1,521,Potential Loyalists,268,Non-profitable
2379,1953,Graduation,Single,69267.0,0,0,2012-09-22,778,44,499,95,73,146,2,3,4,5,7,0,0,0,0,0,0,3,11,1,62,0,0,22,9,3,2012,27,1,31,136.25,12,4,3,5,435,Potential Loyalists,645,Non-profitable
5726,1983,PostGraduation,Single,31788.0,1,0,2014-03-20,16,7,23,0,8,6,3,3,0,4,5,0,0,0,0,0,1,3,11,0,32,1,1,20,3,1,2014,9,0,15,8.571428571428571,7,5,2,1,521,Potential Loyalists,101,Non-profitable
3066,1975,PhD,Partner,61905.0,0,1,2014-02-04,167,0,43,6,2,13,2,4,2,4,5,0,0,0,0,0,0,3,11,0,40,1,1,4,2,1,2014,11,0,2,23.1,10,5,3,2,532,Potential Loyalists,145,Non-profitable
6336,1960,Graduation,Partner,29315.0,1,1,2014-04-06,13,2,14,8,7,4,4,2,0,4,6,0,0,0,0,0,0,3,11,0,55,1,2,6,4,2,2014,9,0,55,8.0,6,3,2,1,321,About to sleep,84,Profitable
10967,1963,Graduation,Single,33378.0,1,1,2013-02-06,33,6,40,3,7,10,3,2,0,4,7,0,0,0,0,0,0,3,11,0,52,1,2,6,2,1,2013,23,0,38,16.5,6,4,2,2,422,Potential Loyalists,508,Non-profitable
2304,1963,PhD,Partner,66313.0,0,1,2013-09-16,625,7,99,10,22,7,2,6,3,12,4,0,0,0,0,0,0,3,11,0,52,1,1,16,9,3,2013,15,2,86,36.66666666666666,21,1,5,4,154,Can't loose,286,Non-profitable
3445,1956,Graduation,Single,60714.0,0,0,2013-01-17,216,162,224,101,92,162,2,7,4,10,5,0,0,0,0,0,0,3,11,1,59,0,0,17,1,1,2013,23,3,56,45.57142857142857,21,3,5,4,354,Loyal Customers,528,Non-profitable
7828,1981,PostGraduation,Partner,77882.0,0,0,2014-04-30,68,129,396,188,22,15,1,3,3,5,1,0,0,0,0,0,0,3,11,0,34,0,0,30,4,2,2014,8,2,29,74.36363636363636,11,4,3,5,435,Potential Loyalists,60,Non-profitable
3762,1986,PhD,Single,69867.0,0,0,2013-04-02,196,0,512,33,130,54,1,3,5,8,1,0,0,0,1,0,0,3,11,1,29,0,0,2,4,2,2013,21,3,30,57.8125,16,4,4,4,444,Loyal Customers,453,Non-profitable
4391,1968,PostGraduation,Single,63841.0,0,1,2013-04-21,635,15,100,20,7,131,1,9,3,9,6,0,0,0,0,0,0,3,11,0,47,1,1,21,4,2,2013,20,3,64,43.23809523809524,21,2,5,4,254,Can't loose,434,Non-profitable
4669,1981,UnderGraduation,Partner,24480.0,1,0,2013-02-11,4,19,9,28,25,17,3,3,0,4,7,0,0,0,0,0,0,3,11,0,34,1,1,11,2,1,2013,22,0,46,14.571428571428571,7,3,2,2,322,About to sleep,503,Profitable
10144,1976,Graduation,Partner,51369.0,0,1,2012-10-25,297,7,79,0,11,182,2,8,2,4,8,0,0,0,0,0,0,3,11,0,39,1,1,25,10,4,2012,26,2,84,41.142857142857146,14,1,3,4,134,At risk,612,Non-profitable
8652,1946,Graduation,Partner,37760.0,0,0,2012-08-31,84,5,38,150,12,28,2,4,1,6,7,0,0,0,0,0,0,3,11,0,69,0,0,31,8,3,2012,28,0,20,28.818181818181817,11,4,3,3,433,Potential Loyalists,667,Profitable
1672,1974,PhD,Partner,65640.0,0,1,2014-03-01,204,7,149,20,15,66,1,5,1,8,2,0,0,0,0,0,0,3,11,0,41,1,1,1,3,1,2014,10,2,74,32.92857142857143,14,2,3,3,233,At risk,120,Profitable
8962,1975,PostGraduation,Partner,44319.0,1,1,2014-04-17,26,0,8,0,0,3,2,2,0,3,5,0,0,0,0,0,0,3,11,0,40,1,2,17,4,2,2014,8,0,18,7.4,5,5,1,1,511,New Customers,73,Non-profitable
9974,1974,Graduation,Partner,30631.0,1,0,2013-07-12,15,6,20,4,5,20,1,3,1,2,7,0,0,0,0,0,0,3,11,0,41,1,1,12,7,3,2013,17,0,75,11.666666666666666,6,2,2,2,222,Hibernating,352,Non-profitable
10983,1952,Graduation,Partner,75278.0,0,0,2013-01-29,304,98,230,150,74,74,1,6,3,13,3,0,0,0,0,0,0,3,11,0,63,0,0,29,1,1,2013,23,3,17,42.27272727272727,22,5,5,4,554,Champions,516,Non-profitable
8148,1956,PostGraduation,Partner,50898.0,1,1,2013-01-08,285,28,242,55,114,135,13,6,2,12,5,0,0,0,0,0,0,3,11,0,59,1,2,8,1,1,2013,24,3,88,42.95,20,1,4,4,144,At risk,537,Profitable
10102,1966,Graduation,Single,79946.0,0,0,2014-05-12,395,183,565,166,141,28,1,5,11,5,3,0,0,0,0,0,0,3,11,0,49,0,0,12,5,2,2014,7,1,19,70.38095238095238,21,5,5,5,555,Champions,48,Non-profitable
4697,1949,PostGraduation,Single,35416.0,0,0,2013-06-13,248,3,81,4,3,51,3,7,1,5,8,0,0,0,0,0,0,3,11,0,66,0,0,13,6,2,2013,18,2,62,30.0,13,2,3,3,233,At risk,381,Non-profitable
9262,1984,PostGraduation,Partner,32414.0,0,0,2013-07-04,20,6,5,0,9,12,1,1,0,3,7,1,0,0,0,0,0,3,11,0,31,0,0,4,7,3,2013,18,0,11,13.0,4,5,1,2,512,New Customers,360,Profitable
7254,1969,Graduation,Partner,38361.0,1,0,2013-12-27,39,0,56,20,8,14,3,3,1,3,7,0,0,0,0,0,0,3,11,0,46,1,1,27,12,4,2013,12,0,74,19.571428571428573,7,2,2,2,222,Hibernating,184,Non-profitable
4543,1980,Graduation,Partner,82497.0,0,0,2012-10-31,777,129,573,216,21,203,1,2,7,9,4,0,0,1,0,0,0,3,11,0,35,0,0,31,10,4,2012,26,1,32,106.61111111111111,18,4,4,5,445,Loyal Customers,606,Non-profitable
4927,1971,Graduation,Partner,16626.0,2,0,2014-01-15,8,3,22,21,1,13,3,3,0,3,9,0,0,0,0,0,0,3,11,0,44,1,2,15,1,1,2014,11,0,76,11.333333333333334,6,2,2,1,221,Hibernating,165,Non-profitable
10451,1965,Graduation,Partner,29672.0,1,1,2013-03-12,9,1,3,0,4,8,1,0,0,3,6,0,0,0,0,0,0,3,11,0,50,1,2,12,3,1,2013,22,0,6,8.333333333333334,3,5,1,1,511,New Customers,474,Profitable
2926,1952,PostGraduation,Partner,55951.0,0,1,2012-08-23,1241,0,80,0,13,40,3,3,6,11,8,0,1,0,0,1,0,3,11,0,63,1,1,23,8,3,2012,28,3,62,68.7,20,2,4,5,245,At risk,675,Non-profitable
2874,1988,PostGraduation,Single,35388.0,1,0,2013-03-07,6,4,7,4,3,8,1,1,0,3,7,0,0,0,0,0,0,3,11,0,27,1,1,7,3,1,2013,22,0,20,8.0,4,4,1,1,411,Promising,479,Non-profitable
9738,1986,PostGraduation,Partner,42386.0,1,0,2013-01-13,65,4,16,0,4,11,1,3,0,3,8,0,0,0,0,0,0,3,11,0,29,1,1,13,1,1,2013,23,0,43,16.666666666666668,6,3,2,2,322,About to sleep,532,Non-profitable
7119,1982,Graduation,Single,68627.0,0,0,2013-01-12,395,15,263,60,54,38,1,2,3,6,1,0,0,0,0,0,0,3,11,0,33,0,0,12,1,1,2013,23,2,45,75.0,11,3,3,5,335,Need Attention,533,Non-profitable
3924,1965,PhD,Single,57912.0,0,1,2014-03-17,801,0,80,0,0,35,5,8,3,12,5,0,1,0,0,0,0,3,11,0,50,1,1,17,3,1,2014,9,3,34,39.82608695652174,23,4,5,4,454,Loyal Customers,104,Non-profitable
5827,1958,Graduation,Single,35246.0,1,1,2014-04-16,36,0,12,2,2,10,4,3,1,3,5,0,0,0,0,0,0,3,11,0,57,1,2,16,4,2,2014,8,0,53,8.857142857142858,7,3,2,1,321,About to sleep,74,Non-profitable
5596,1956,PostGraduation,Partner,58821.0,0,1,2013-10-12,513,14,154,19,0,28,1,9,2,9,6,0,0,0,0,0,0,3,11,0,59,1,1,12,10,4,2013,14,2,44,36.4,20,3,4,3,343,Loyal Customers,260,Non-profitable
10812,1978,PhD,Partner,46377.0,1,0,2014-03-01,37,0,46,4,3,0,1,2,1,3,4,0,0,0,0,0,0,3,11,0,37,1,1,1,3,1,2014,10,0,89,15.0,6,1,2,2,122,Hibernating,120,Non-profitable
1717,1988,Graduation,Single,39747.0,1,0,2014-04-13,80,15,93,20,13,52,3,5,1,4,8,0,0,0,0,0,0,3,11,0,27,1,1,13,4,2,2014,8,0,43,27.3,10,3,3,3,333,Need Attention,77,Non-profitable
9491,1984,Graduation,Partner,23976.0,1,0,2013-12-27,14,1,21,2,3,25,3,3,1,3,7,0,0,0,0,0,0,3,11,0,31,1,1,27,12,4,2013,12,0,68,9.428571428571429,7,2,2,1,221,Hibernating,184,Non-profitable
9274,1961,PostGraduation,Partner,80950.0,0,0,2013-03-28,525,147,112,219,147,63,1,6,7,9,2,0,0,0,1,0,0,3,11,0,54,0,0,28,3,1,2013,21,3,44,55.13636363636363,22,3,5,4,354,Loyal Customers,458,Non-profitable
6609,1966,Graduation,Single,27038.0,0,0,2012-09-18,1,26,25,17,23,15,1,3,0,3,9,0,0,0,0,0,0,3,11,1,49,0,0,18,9,3,2012,27,0,64,17.833333333333332,6,2,2,2,222,Hibernating,649,Non-profitable
6963,1947,Graduation,Single,77457.0,0,0,2014-03-05,675,11,400,15,45,11,1,2,5,10,1,0,0,1,0,0,0,3,11,0,68,0,0,5,3,1,2014,10,3,85,68.05882352941177,17,1,4,4,144,At risk,116,Non-profitable
4440,1964,PostGraduation,Partner,64100.0,0,1,2013-09-10,509,0,27,0,0,10,1,8,3,6,7,0,1,0,0,0,0,3,11,0,51,1,1,10,9,3,2013,15,2,93,32.11764705882353,17,1,4,3,143,At risk,292,Non-profitable
1379,1992,PostGraduation,Partner,42670.0,0,0,2013-04-27,154,2,46,20,4,15,1,4,2,4,4,0,0,0,0,0,0,3,11,0,23,0,0,27,4,2,2013,20,0,12,24.1,10,5,3,3,533,Potential Loyalists,428,Non-profitable
10032,1976,Graduation,Single,12571.0,1,0,2014-01-18,3,5,14,2,12,17,4,3,1,3,6,0,0,0,0,0,0,3,11,0,39,1,1,18,1,1,2014,11,0,86,7.571428571428571,7,1,2,1,121,Hibernating,162,Non-profitable
2826,1967,Graduation,Partner,22574.0,2,1,2013-10-28,25,0,8,2,0,2,2,2,0,3,7,0,0,0,0,0,0,3,11,0,48,1,3,28,10,4,2013,14,0,28,7.4,5,4,1,1,411,Promising,244,Non-profitable
6320,1976,PostGraduation,Single,70893.0,0,0,2013-02-06,768,44,561,77,44,14,1,6,6,10,3,0,0,0,0,0,0,3,11,0,39,0,0,6,2,1,2013,23,1,42,68.54545454545455,22,3,5,5,355,Loyal Customers,508,Non-profitable
3050,1966,Graduation,Partner,54198.0,1,1,2013-12-17,185,0,28,3,2,17,6,3,1,6,4,0,0,0,0,0,0,3,11,0,49,1,2,17,12,4,2013,12,0,13,23.5,10,5,3,3,533,Potential Loyalists,194,Non-profitable
231,1956,PostGraduation,Partner,28839.0,1,1,2014-03-11,24,0,7,0,0,1,2,2,0,3,5,0,0,0,0,0,0,3,11,0,59,1,2,11,3,1,2014,9,0,86,6.4,5,1,1,1,111,Hibernating,110,Non-profitable
2392,1972,Graduation,Partner,40321.0,1,1,2013-07-29,44,4,21,6,0,27,2,3,0,3,7,0,0,0,0,0,0,3,11,0,43,1,2,29,7,3,2013,17,0,59,17.0,6,2,2,2,222,Hibernating,335,Non-profitable
9478,1985,Graduation,Single,66503.0,1,0,2012-08-14,91,64,128,65,3,50,2,4,3,6,3,0,0,0,0,0,0,3,11,0,30,1,1,14,8,3,2012,29,2,30,30.846153846153847,13,4,3,3,433,Potential Loyalists,684,Non-profitable
113,1951,Graduation,Partner,30833.0,1,1,2013-07-16,11,0,7,3,1,6,2,1,0,3,5,0,0,0,0,0,0,3,11,0,64,1,2,16,7,3,2013,17,0,33,7.0,4,4,1,1,411,Promising,348,Non-profitable
1802,1971,Graduation,Partner,64795.0,0,1,2013-01-17,412,5,119,38,29,77,3,3,3,12,2,0,0,0,0,0,0,3,11,0,44,1,1,17,1,1,2013,23,2,23,37.77777777777778,18,4,4,4,444,Loyal Customers,528,Non-profitable
520,1974,Graduation,Partner,34421.0,1,0,2013-07-01,3,3,7,6,2,9,1,1,0,2,7,0,0,0,0,0,0,3,11,0,41,1,1,1,7,3,2013,18,0,81,10.0,3,1,1,1,111,Hibernating,363,Non-profitable
8275,1965,PhD,Single,47025.0,1,1,2014-02-09,16,0,3,0,0,1,1,1,0,2,7,0,0,0,0,0,0,3,11,0,50,1,2,9,2,1,2014,10,0,6,6.666666666666667,3,5,1,1,511,New Customers,140,Non-profitable
9750,1961,PhD,Single,64325.0,0,1,2013-02-07,731,60,353,78,12,73,5,10,3,5,7,0,0,0,0,0,0,3,11,0,54,1,1,7,2,1,2013,23,3,41,72.61111111111111,18,3,4,5,345,Loyal Customers,507,Non-profitable
2607,1953,Graduation,Single,40464.0,0,1,2013-01-11,424,17,118,7,23,41,6,8,2,8,8,0,0,0,0,0,0,3,11,0,62,1,1,11,1,1,2013,24,2,78,35.0,18,2,4,3,243,At risk,534,Non-profitable
7214,1957,Graduation,Partner,62187.0,0,0,2013-07-05,792,0,275,45,45,126,1,4,8,5,3,0,0,0,0,0,0,3,11,0,58,0,0,5,7,3,2013,18,3,49,75.47058823529412,17,3,4,5,345,Loyal Customers,359,Non-profitable
5835,1976,PhD,Single,14849.0,1,0,2013-07-02,21,2,28,3,2,9,3,2,0,4,8,0,0,0,0,0,0,3,11,0,39,1,1,2,7,3,2013,18,0,39,10.833333333333334,6,4,2,1,421,Potential Loyalists,362,Non-profitable
3896,1984,Graduation,Partner,27255.0,1,0,2013-11-07,22,1,11,0,1,2,1,1,0,3,7,0,0,0,0,0,0,3,11,0,31,1,1,7,11,4,2013,14,0,3,9.25,4,5,1,1,511,New Customers,234,Non-profitable
10350,1950,PhD,Partner,54432.0,2,1,2013-05-09,33,0,5,0,0,0,1,1,0,3,4,0,0,0,0,0,0,3,11,0,65,1,3,9,5,2,2013,20,0,37,9.5,4,4,1,1,411,Promising,416,Non-profitable
7786,1986,PhD,Single,29999.0,1,0,2013-02-13,68,7,59,10,5,11,4,3,1,4,8,0,0,0,0,0,0,3,11,0,29,1,1,13,2,1,2013,22,0,22,20.0,8,4,2,2,422,Potential Loyalists,501,Profitable
2861,1983,Graduation,Single,24072.0,1,0,2013-04-16,9,1,6,3,0,4,1,1,0,2,8,0,0,0,0,0,0,3,11,0,32,1,1,16,4,2,2013,20,0,79,7.666666666666667,3,2,1,1,211,Hibernating,439,Non-profitable
663,1989,PhD,Single,33996.0,0,0,2013-09-11,40,2,15,8,0,6,1,1,1,3,4,0,0,0,0,0,0,3,11,0,26,0,0,11,9,3,2013,15,0,46,14.2,5,3,1,2,312,About to sleep,291,Non-profitable
10675,1956,PhD,Partner,66334.0,0,1,2013-04-03,909,11,218,0,0,23,2,9,3,5,5,0,0,0,0,0,0,3,11,1,59,1,1,3,4,2,2013,21,3,82,68.29411764705883,17,1,4,4,144,At risk,452,Non-profitable
2521,1971,PostGraduation,Partner,35178.0,1,0,2013-01-10,23,1,13,2,2,18,1,1,1,2,7,1,0,0,0,0,0,3,11,1,44,1,1,10,1,1,2013,24,0,10,14.75,4,5,1,2,512,New Customers,535,Non-profitable
9592,1983,Graduation,Partner,22010.0,1,0,2013-06-30,11,2,9,3,0,8,2,2,0,3,8,0,0,0,0,0,0,3,11,0,32,1,1,30,6,2,2013,18,0,51,6.6,5,3,1,1,311,About to sleep,364,Non-profitable
10151,1960,Graduation,Single,62204.0,0,2,2012-09-12,317,46,247,151,46,139,1,4,5,12,3,0,0,0,0,0,0,3,11,0,55,1,2,12,9,3,2012,28,3,38,45.04761904761905,21,4,5,4,454,Loyal Customers,655,Non-profitable
7381,1968,Graduation,Single,75693.0,0,0,2012-12-06,797,153,293,72,97,30,1,11,4,6,4,0,1,1,1,0,0,3,11,1,47,0,0,6,12,4,2012,25,3,10,68.66666666666667,21,5,5,5,555,Champions,570,Non-profitable
4099,1972,Graduation,Partner,30675.0,1,0,2012-11-12,10,2,16,11,2,21,1,1,0,3,8,0,0,0,0,0,0,3,11,0,43,1,1,12,11,4,2012,26,0,14,15.5,4,5,1,2,512,New Customers,594,Non-profitable
9560,1965,Graduation,Partner,83003.0,0,0,2013-03-03,856,61,570,40,25,122,1,7,6,8,3,0,0,1,0,0,0,3,11,1,50,0,0,3,3,1,2013,22,1,18,79.71428571428571,21,5,5,5,555,Champions,483,Non-profitable
1150,1899,PhD,Partner,83532.0,0,0,2013-09-26,755,144,562,104,64,224,1,4,6,4,1,0,0,1,0,0,0,3,11,0,116,0,0,26,9,3,2013,15,1,36,132.35714285714286,14,4,3,5,435,Potential Loyalists,276,Non-profitable
10172,1988,Graduation,Single,68655.0,0,0,2012-08-10,456,19,832,75,118,38,1,4,5,11,3,0,0,0,0,0,0,3,11,0,27,0,0,10,8,3,2012,29,1,95,76.9,20,1,4,5,145,At risk,688,Non-profitable
11191,1986,Graduation,Single,41411.0,0,0,2013-12-07,37,32,38,11,3,18,1,2,1,4,6,0,0,0,0,0,0,3,11,0,29,0,0,7,12,4,2013,13,0,11,19.857142857142858,7,5,2,2,522,Potential Loyalists,204,Non-profitable
9707,1969,PhD,Partner,55212.0,0,1,2012-11-23,1103,0,45,0,0,34,3,4,2,11,8,0,1,0,0,1,0,3,11,0,46,1,1,23,11,4,2012,25,3,65,69.52941176470588,17,2,4,5,245,At risk,583,Profitable
6245,1950,PhD,Partner,59292.0,0,1,2013-06-13,378,14,68,19,14,14,2,3,5,8,3,0,0,0,0,0,0,3,11,0,65,1,1,13,6,2,2013,18,2,71,31.6875,16,2,4,3,243,At risk,381,Non-profitable
8234,1973,UnderGraduation,Partner,27190.0,1,0,2013-08-15,1,6,7,0,1,3,1,1,0,2,8,1,0,0,0,0,0,3,11,1,42,1,1,15,8,3,2013,16,0,13,6.0,3,5,1,1,511,New Customers,318,Non-profitable
1411,1952,Graduation,Single,82623.0,0,0,2013-11-10,204,34,204,172,153,173,1,2,9,4,1,0,0,0,0,0,0,3,11,0,63,0,0,10,11,4,2013,13,3,58,62.66666666666666,15,3,3,4,334,Need Attention,231,Non-profitable
8553,1965,Graduation,Partner,44300.0,1,1,2013-06-23,30,0,9,0,0,3,2,1,0,3,6,0,0,0,0,0,0,3,11,0,50,1,2,23,6,2,2013,18,0,65,10.5,4,2,1,1,211,Hibernating,371,Non-profitable
1826,1970,Graduation,Single,84835.0,0,0,2014-06-16,189,104,379,111,189,218,1,4,4,6,1,0,0,0,0,0,0,3,11,1,45,0,0,16,6,2,2014,6,3,0,85.0,14,5,3,5,535,Potential Loyalists,13,Non-profitable
8842,1971,Graduation,Single,30372.0,1,1,2012-12-25,15,0,12,7,3,7,3,2,0,3,7,0,0,0,0,0,0,3,11,0,44,1,2,25,12,4,2012,24,0,33,8.8,5,4,1,1,411,Promising,551,Non-profitable
11030,1976,PostGraduation,Partner,33181.0,1,0,2014-01-03,9,0,3,0,0,4,1,1,0,2,6,1,0,0,0,0,0,3,11,0,39,1,1,3,1,1,2014,12,0,90,5.333333333333333,3,1,1,1,111,Hibernating,177,Non-profitable
2579,1957,Graduation,Partner,71113.0,0,1,2013-12-17,495,33,255,11,33,8,4,6,7,9,4,0,0,0,0,0,0,3,11,0,58,1,1,17,12,4,2013,12,2,95,37.95454545454545,22,1,5,4,154,Can't loose,194,Profitable
175,1986,Graduation,Partner,71952.0,1,0,2013-01-10,656,80,455,52,107,93,2,8,4,8,4,1,0,1,0,0,0,3,11,0,29,1,1,10,1,1,2013,24,3,93,72.15,20,1,4,5,145,At risk,535,Non-profitable
9185,1966,PhD,Single,69759.0,0,0,2013-10-28,452,20,514,13,30,0,3,4,6,5,3,0,0,0,0,0,0,3,11,1,49,0,0,28,10,4,2013,14,3,38,68.6,15,4,3,5,435,Potential Loyalists,244,Non-profitable
11056,1974,Graduation,Partner,72099.0,0,0,2012-10-27,546,91,410,119,0,22,1,3,4,10,1,0,0,0,0,0,0,3,11,0,41,0,0,27,10,4,2012,26,3,18,69.88235294117646,17,5,4,5,545,Champions,610,Non-profitable
9365,1976,PhD,Single,60000.0,0,1,2012-12-22,1048,0,217,0,0,12,5,11,3,5,6,0,0,0,0,0,0,3,11,0,39,1,1,22,12,4,2012,24,3,57,67.21052631578948,19,3,4,4,344,Loyal Customers,554,Non-profitable
6201,1978,Graduation,Single,38643.0,1,1,2013-11-29,22,2,14,0,1,10,2,2,0,3,7,0,0,0,0,0,1,3,11,0,37,1,2,29,11,4,2013,13,0,45,9.8,5,3,1,1,311,About to sleep,212,Non-profitable
2061,1955,Graduation,Partner,50737.0,0,1,2013-05-11,78,0,11,0,0,10,1,2,0,4,6,0,1,0,0,0,0,3,11,0,60,1,1,11,5,2,2013,20,0,61,16.5,6,2,2,2,222,Hibernating,414,Non-profitable
6184,1969,PhD,Partner,68462.0,0,0,2012-12-12,561,64,785,84,128,48,1,3,3,8,1,0,0,0,0,0,0,3,11,0,46,0,0,12,12,4,2012,25,1,6,119.28571428571428,14,5,3,5,535,Potential Loyalists,564,Non-profitable
6142,1943,PostGraduation,Partner,65073.0,0,0,2013-08-20,629,17,177,69,0,8,1,5,3,5,2,0,0,0,0,0,1,3,11,0,72,0,0,20,8,3,2013,16,3,65,69.23076923076923,13,2,3,5,235,At risk,313,Non-profitable
4107,1948,PhD,Partner,46681.0,0,2,2013-10-08,269,15,69,15,19,38,2,4,6,4,5,0,0,0,0,0,0,3,11,0,67,1,2,8,10,4,2013,15,2,52,30.357142857142858,14,3,3,3,333,Need Attention,264,Non-profitable
7274,1957,Graduation,Partner,78618.0,0,0,2012-09-28,736,163,818,212,163,61,1,4,7,10,2,0,1,0,0,0,0,3,11,0,58,0,0,28,9,3,2012,27,1,87,102.52380952380952,21,1,5,5,155,Can't loose,639,Non-profitable
9336,1969,PhD,Single,62187.0,0,1,2014-03-22,512,0,83,0,0,41,3,6,2,10,4,0,0,0,0,0,0,3,11,0,46,1,1,22,3,1,2014,9,2,38,35.333333333333336,18,4,4,3,443,Loyal Customers,99,Non-profitable
2958,1978,Graduation,Partner,28442.0,2,0,2014-02-24,19,3,10,11,8,6,3,2,1,4,4,0,0,0,0,0,0,3,11,0,37,1,2,24,2,1,2014,10,0,53,8.142857142857142,7,3,2,1,321,About to sleep,125,Non-profitable
933,1978,PhD,Partner,37717.0,1,0,2012-11-23,9,0,6,4,1,5,1,1,0,2,9,0,0,0,0,0,0,3,11,0,37,1,1,23,11,4,2012,25,0,31,8.333333333333334,3,4,1,1,411,Promising,583,Non-profitable
5837,1967,Graduation,Partner,51479.0,1,1,2012-12-28,247,8,160,6,8,65,7,6,3,6,7,0,0,0,0,0,0,3,11,0,48,1,2,28,12,4,2012,24,2,67,32.93333333333333,15,2,3,3,233,At risk,548,Profitable
10704,1969,Graduation,Single,54803.0,0,1,2012-08-21,404,0,92,28,27,142,2,6,2,9,4,0,0,0,0,0,0,3,11,0,46,1,1,21,8,3,2012,28,2,65,40.76470588235294,17,2,4,4,244,At risk,677,Non-profitable
5125,1960,Graduation,Partner,79530.0,0,0,2013-05-17,333,0,815,129,42,29,1,4,10,11,2,0,0,0,0,0,0,3,11,0,55,0,0,17,5,2,2013,19,3,64,53.92,25,2,5,4,254,Can't loose,408,Non-profitable
4432,1976,Graduation,Single,31615.0,1,0,2013-03-16,2,3,20,6,11,9,2,2,0,3,7,0,0,0,0,0,0,3,11,0,39,1,1,16,3,1,2013,21,0,82,10.2,5,1,1,1,111,Hibernating,470,Non-profitable
5955,1962,Graduation,Partner,72025.0,0,0,2012-11-17,833,33,549,151,133,233,1,4,3,8,3,0,0,0,0,0,0,3,11,0,53,0,0,17,11,4,2012,25,1,27,128.8,15,4,3,5,435,Potential Loyalists,589,Non-profitable
2928,1975,PhD,Single,52614.0,0,1,2012-12-01,789,0,142,12,9,38,2,2,4,8,8,0,0,0,0,0,0,3,11,0,40,1,1,1,12,4,2012,25,3,63,70.71428571428571,14,2,3,5,235,At risk,575,Non-profitable
5680,1984,PostGraduation,Partner,35684.0,1,0,2014-04-22,10,4,7,0,6,3,1,1,0,3,6,0,0,0,0,0,0,3,11,0,31,1,1,22,4,2,2014,8,0,66,7.5,4,2,1,1,211,Hibernating,68,Non-profitable
10313,1975,Graduation,Partner,48178.0,1,1,2012-10-28,159,4,45,6,2,38,6,5,1,4,8,0,0,0,0,0,0,3,11,0,40,1,2,28,10,4,2012,26,0,69,25.4,10,2,3,3,233,At risk,609,Non-profitable
2557,1970,PostGraduation,Single,29548.0,1,0,2013-08-29,7,1,6,3,1,11,1,1,1,2,4,1,0,0,0,0,0,3,11,0,45,1,1,29,8,3,2013,16,0,52,7.25,4,3,1,1,311,About to sleep,304,Non-profitable
1245,1966,Graduation,Single,63810.0,0,1,2012-11-11,977,12,253,16,12,101,4,4,3,12,8,0,1,0,0,0,0,3,11,0,49,1,1,11,11,4,2012,26,3,45,72.15789473684211,19,3,4,5,345,Loyal Customers,595,Profitable
1519,1972,PhD,Single,38578.0,1,1,2013-06-22,38,4,22,3,3,3,3,3,0,3,8,0,0,0,0,0,0,3,11,1,43,1,2,22,6,2,2013,18,0,2,12.166666666666666,6,5,2,2,522,Potential Loyalists,372,Non-profitable
10703,1975,PostGraduation,Single,46098.0,1,1,2012-08-18,57,0,27,0,0,36,4,3,2,2,8,0,0,0,0,0,0,3,11,0,40,1,2,18,8,3,2012,28,0,86,17.142857142857142,7,1,2,2,122,Hibernating,680,Non-profitable
1726,1970,Graduation,Single,22585.0,0,0,2013-03-18,3,9,15,13,2,39,1,1,1,2,9,1,0,0,0,0,0,3,11,1,45,0,0,18,3,1,2013,21,0,23,20.25,4,4,1,2,412,Promising,468,Non-profitable
4459,1989,Graduation,Single,30279.0,1,0,2012-12-30,10,4,14,4,4,1,1,1,0,3,8,0,0,0,0,0,0,3,11,0,26,1,1,30,12,4,2012,24,0,13,9.25,4,5,1,1,511,New Customers,546,Non-profitable
1729,1961,PhD,Partner,66426.0,0,1,2013-10-02,1043,24,97,32,24,157,2,3,5,10,6,0,0,0,0,0,0,3,11,0,54,1,1,2,10,4,2013,15,3,14,76.5,18,5,4,5,545,Champions,270,Non-profitable
1517,1969,Graduation,Single,30822.0,1,0,2013-06-14,3,9,13,2,12,12,1,1,0,3,7,0,0,0,0,0,0,3,11,0,46,1,1,14,6,2,2013,18,0,92,12.75,4,1,1,2,112,Hibernating,380,Non-profitable
2098,1969,PhD,Partner,33581.0,2,0,2013-01-08,11,0,5,0,0,1,1,1,0,2,8,0,0,0,0,0,0,3,11,0,46,1,2,8,1,1,2013,24,0,38,5.666666666666667,3,4,1,1,411,Promising,537,Non-profitable
9543,1985,Graduation,Partner,19986.0,1,0,2013-11-14,3,6,5,0,2,6,1,0,0,3,7,0,0,0,0,0,0,3,11,0,30,1,1,14,11,4,2013,13,0,74,7.333333333333333,3,2,1,1,211,Hibernating,227,Non-profitable
6878,1954,Graduation,Single,27421.0,0,0,2012-12-12,43,12,96,78,40,55,3,4,1,6,7,0,0,0,0,0,0,3,11,0,61,0,0,12,12,4,2012,25,0,14,29.454545454545453,11,5,3,3,533,Potential Loyalists,564,Non-profitable
3310,1973,PostGraduation,Partner,35688.0,2,1,2012-08-22,73,3,90,12,1,32,7,4,1,4,8,0,0,0,0,0,0,3,11,0,42,1,3,22,8,3,2012,28,0,94,23.444444444444443,9,1,2,3,123,Hibernating,676,Non-profitable
2724,1981,PostGraduation,Single,36143.0,1,0,2014-03-30,12,0,1,0,0,6,1,0,1,2,3,0,0,0,0,0,0,3,11,0,34,1,1,30,3,1,2014,9,0,33,6.333333333333333,3,4,1,1,411,Promising,91,Non-profitable
948,1971,Graduation,Single,10245.0,1,0,2013-05-15,4,7,7,6,4,13,3,1,2,2,5,0,0,0,0,0,0,3,11,0,44,1,1,15,5,2,2013,19,0,32,8.2,5,4,1,1,411,Promising,410,Non-profitable
6720,1968,PostGraduation,Partner,43795.0,0,1,2013-10-16,314,11,53,4,3,107,3,7,3,4,7,0,1,0,0,0,0,3,11,1,47,1,1,16,10,4,2013,14,2,11,35.142857142857146,14,5,3,3,533,Potential Loyalists,256,Non-profitable
6202,1960,Graduation,Partner,63381.0,0,1,2012-10-05,571,50,142,33,50,159,4,4,5,13,2,0,0,0,0,0,0,3,11,0,55,1,1,5,10,4,2012,27,3,78,45.68181818181818,22,2,5,4,254,Can't loose,632,Non-profitable
2066,1949,Graduation,Partner,38823.0,0,1,2012-08-30,70,0,11,2,8,23,1,2,1,3,6,0,0,0,0,0,0,3,11,0,66,1,1,30,8,3,2012,28,0,56,19.0,6,3,2,2,322,About to sleep,668,Non-profitable
9799,1968,PhD,Single,83664.0,1,1,2013-05-08,866,21,151,28,21,86,3,2,2,12,5,0,0,0,0,0,0,3,11,0,47,1,2,8,5,2,2013,20,3,57,73.3125,16,3,4,5,345,Loyal Customers,417,Non-profitable
8318,1979,Graduation,Partner,90300.0,0,0,2014-01-03,594,134,786,33,134,57,0,5,6,8,1,0,0,1,0,0,0,3,11,0,36,0,0,3,1,1,2014,12,1,7,91.47368421052632,19,5,4,5,545,Champions,177,Non-profitable
5642,1979,PostGraduation,Partner,62499.0,1,0,2013-12-09,140,4,61,0,13,4,2,3,1,6,4,0,0,0,0,0,0,3,11,0,36,1,1,9,12,4,2013,12,0,0,22.2,10,5,3,2,532,Potential Loyalists,202,Non-profitable
455,1946,PhD,Partner,51012.0,0,0,2013-04-18,102,9,63,2,9,24,1,4,1,4,6,0,0,0,0,0,0,3,11,0,69,0,0,18,4,2,2013,20,0,86,23.22222222222222,9,1,2,2,122,Hibernating,437,Profitable
7683,1968,PostGraduation,Partner,70777.0,0,1,2014-02-25,554,35,113,0,7,78,3,5,3,12,3,0,0,0,0,0,0,3,11,0,47,1,1,25,2,1,2014,10,2,80,39.35,20,1,4,4,144,At risk,124,Non-profitable
3428,1991,PhD,Partner,68682.0,0,0,2013-10-06,919,0,505,99,30,45,1,4,9,10,2,0,0,0,0,0,0,3,11,0,24,0,0,6,10,4,2013,15,1,56,69.47826086956522,23,3,5,5,355,Loyal Customers,266,Non-profitable
7414,1971,Graduation,Partner,43824.0,1,1,2012-09-15,96,1,42,12,3,32,4,3,1,4,8,0,0,0,0,0,0,3,11,0,44,1,2,15,9,3,2012,27,0,18,23.25,8,5,2,3,523,Potential Loyalists,652,Non-profitable
6354,1984,Graduation,Partner,15345.0,1,0,2012-08-31,5,2,16,3,2,19,2,1,1,2,8,0,0,0,0,0,0,3,11,1,31,1,1,31,8,3,2012,28,0,51,11.75,4,3,1,2,312,About to sleep,667,Non-profitable
798,1987,Graduation,Single,23442.0,1,0,2012-12-24,2,0,6,8,6,5,1,1,0,3,7,0,0,0,0,0,0,3,11,0,28,1,1,24,12,4,2012,24,0,71,6.75,4,2,1,1,211,Hibernating,552,Profitable
8213,1980,PostGraduation,Partner,14515.0,1,0,2012-11-09,6,4,9,6,36,35,4,2,2,3,7,0,0,0,0,0,0,3,11,1,35,1,1,9,11,4,2012,26,0,71,13.714285714285714,7,2,2,2,222,Hibernating,597,Profitable
2488,1956,PostGraduation,Single,31395.0,1,1,2013-03-23,23,1,25,0,8,7,4,2,1,3,6,0,0,0,0,0,0,3,11,0,59,1,2,23,3,1,2013,21,0,80,10.666666666666666,6,1,2,1,121,Hibernating,463,Non-profitable
9999,1965,Graduation,Partner,75276.0,0,0,2012-09-27,610,105,125,137,42,21,1,9,4,9,5,0,0,0,0,0,0,3,11,0,50,0,0,27,9,3,2012,27,3,2,47.27272727272727,22,5,5,4,554,Champions,640,Non-profitable
7617,1974,Graduation,Single,42373.0,1,1,2013-08-15,67,5,61,3,8,19,5,2,1,5,5,0,0,0,0,0,0,3,11,0,41,1,2,15,8,3,2013,16,0,83,20.375,8,1,2,2,122,Hibernating,318,Non-profitable
615,1960,Graduation,Partner,30507.0,0,0,2013-03-11,65,36,74,38,20,110,1,5,1,4,7,0,0,0,0,0,0,3,11,0,55,0,0,11,3,1,2013,22,2,29,34.3,10,4,3,3,433,Potential Loyalists,475,Profitable
2552,1955,PhD,Single,55521.0,1,2,2013-10-22,416,0,26,0,0,4,9,6,3,6,7,0,1,0,0,0,0,3,11,1,60,1,3,22,10,4,2013,14,2,11,29.73333333333333,15,5,3,3,533,Potential Loyalists,250,Non-profitable
3645,1972,PhD,Single,27213.0,1,0,2012-08-30,19,3,26,10,9,3,3,2,0,4,8,0,0,0,0,0,0,3,11,1,43,1,1,30,8,3,2012,28,0,19,11.666666666666666,6,5,2,2,522,Potential Loyalists,668,Non-profitable
8890,1971,PhD,Single,65808.0,1,1,2014-05-30,155,7,80,13,7,10,3,5,1,5,6,0,0,0,0,0,0,3,11,0,44,1,2,30,5,2,2014,7,0,1,24.727272727272727,11,5,3,3,533,Potential Loyalists,30,Non-profitable
5049,1974,PhD,Partner,30351.0,1,0,2013-06-06,14,0,24,3,3,2,1,3,0,2,9,0,0,0,0,0,0,3,11,0,41,1,1,6,6,2,2013,19,0,19,9.2,5,5,1,1,511,New Customers,388,Non-profitable
9973,1963,Graduation,Partner,50437.0,0,2,2012-10-17,370,9,92,6,9,4,3,7,1,8,7,0,0,0,0,0,0,3,11,0,52,1,2,17,10,4,2012,26,2,28,30.625,16,4,4,3,443,Loyal Customers,620,Non-profitable
7301,1982,PostGraduation,Single,23616.0,1,0,2012-11-17,4,22,11,3,7,32,2,3,0,3,8,0,0,0,0,0,0,3,11,1,33,1,1,17,11,4,2012,25,0,76,13.166666666666666,6,2,2,2,222,Hibernating,589,Non-profitable
10882,1976,Graduation,Partner,53858.0,0,1,2012-11-09,407,53,221,58,150,26,4,4,3,6,4,0,0,0,0,0,0,3,11,0,39,1,1,9,11,4,2012,26,3,50,70.38461538461539,13,3,3,5,335,Need Attention,597,Non-profitable
7030,1955,PhD,Partner,66465.0,0,1,2013-03-30,1200,0,204,38,29,14,3,11,9,12,6,0,0,0,1,0,0,3,11,0,60,1,1,30,3,1,2013,21,1,1,46.40625,32,5,5,4,554,Champions,456,Non-profitable
7422,1987,Graduation,Single,46923.0,1,0,2012-08-22,85,44,54,102,78,6,3,5,1,7,7,0,0,0,0,0,0,3,11,0,28,1,1,22,8,3,2012,28,2,90,28.384615384615383,13,1,3,3,133,At risk,676,Non-profitable
3523,1962,Graduation,Partner,75072.0,0,1,2013-01-23,583,34,309,0,22,125,2,5,4,8,3,0,0,0,0,0,0,3,11,0,53,1,1,23,1,1,2013,23,3,83,63.11764705882353,17,1,4,4,144,At risk,522,Non-profitable
7106,1943,PhD,Partner,75865.0,0,0,2014-03-31,483,0,591,156,0,12,1,3,5,10,1,0,0,0,0,0,0,3,11,0,72,0,0,31,3,1,2014,9,3,73,69.0,18,2,4,5,245,At risk,90,Non-profitable
6504,1975,PostGraduation,Partner,19789.0,1,0,2013-11-20,2,5,9,28,6,28,3,2,1,3,5,1,0,0,0,0,0,3,11,0,40,1,1,20,11,4,2013,13,0,24,13.0,6,4,2,2,422,Potential Loyalists,221,Non-profitable
5067,1994,Graduation,Partner,80134.0,0,0,2014-02-14,966,26,282,52,26,26,1,2,7,11,5,0,1,1,1,1,0,3,11,0,21,0,0,14,2,1,2014,10,3,11,68.9,20,5,4,5,545,Champions,135,Non-profitable
4216,1981,Graduation,Single,91065.0,0,0,2013-02-22,822,114,108,179,137,114,1,7,9,9,3,0,0,1,1,0,0,3,11,1,34,0,0,22,2,1,2013,22,1,33,58.96,25,4,5,4,454,Loyal Customers,492,Non-profitable
8581,1971,PostGraduation,Partner,49505.0,1,1,2013-03-05,604,0,100,19,0,28,9,10,2,8,8,0,0,0,0,0,0,3,11,0,44,1,2,5,3,1,2013,22,2,4,37.55,20,5,4,4,544,Champions,481,Non-profitable
5929,1973,PhD,Partner,37401.0,1,0,2014-05-06,19,3,19,3,1,3,2,2,0,3,7,0,0,0,0,0,0,3,11,0,42,1,1,6,5,2,2014,8,0,14,9.6,5,5,1,1,511,New Customers,54,Non-profitable
3129,1983,Graduation,Partner,30096.0,1,0,2014-05-22,5,3,11,12,5,9,1,2,0,3,6,0,0,0,0,0,0,3,11,0,32,1,1,22,5,2,2014,7,0,30,9.0,5,4,1,1,411,Promising,38,Profitable
1361,1974,PostGraduation,Partner,82584.0,0,0,2013-06-04,1076,68,103,29,91,68,1,3,4,8,1,0,1,1,0,0,0,3,11,1,41,0,0,4,6,2,2013,19,3,26,95.66666666666669,15,4,3,5,435,Potential Loyalists,390,Non-profitable
6932,1941,PhD,Partner,93027.0,0,0,2013-04-13,1285,42,716,55,0,21,0,7,10,5,2,0,0,1,0,0,0,3,11,0,74,0,0,13,4,2,2013,20,1,77,96.3181818181818,22,2,5,5,255,Can't loose,442,Non-profitable
7284,1953,Graduation,Partner,48686.0,1,2,2013-12-04,10,0,7,2,0,1,1,1,0,2,8,0,0,0,0,0,0,3,11,0,62,1,3,4,12,4,2013,13,0,8,6.666666666666667,3,5,1,1,511,New Customers,207,Non-profitable
1340,1986,Graduation,Partner,92910.0,0,0,2014-04-24,551,137,792,179,103,33,1,6,7,13,1,0,1,1,1,0,0,3,11,0,29,0,0,24,4,2,2014,8,1,42,69.03846153846153,26,3,5,5,355,Loyal Customers,66,Non-profitable
8746,1989,Graduation,Partner,75433.0,1,0,2014-04-05,800,0,297,0,34,57,2,2,5,10,6,0,1,0,1,0,0,3,11,0,26,1,1,5,4,2,2014,9,3,28,69.88235294117646,17,4,4,5,445,Loyal Customers,85,Non-profitable
5987,1989,PostGraduation,Partner,10404.0,1,0,2014-05-04,2,2,11,10,6,12,2,1,0,4,5,0,0,0,0,0,0,3,11,0,26,1,1,4,5,2,2014,8,0,52,8.6,5,3,1,1,311,About to sleep,56,Non-profitable
3767,1968,Graduation,Partner,61314.0,0,1,2013-04-25,378,0,189,97,172,172,2,5,5,12,3,0,0,0,0,0,0,3,11,0,47,1,1,25,4,2,2013,20,3,1,45.81818181818182,22,5,5,4,554,Champions,430,Non-profitable
3725,1961,PhD,Single,84865.0,0,0,2013-05-09,1248,16,349,43,16,16,1,2,4,9,4,0,1,1,1,1,0,3,11,1,54,0,0,9,5,2,2013,20,1,1,112.53333333333332,15,5,3,5,535,Potential Loyalists,416,Non-profitable
4324,1989,Graduation,Partner,42387.0,1,0,2012-10-29,235,0,235,19,4,191,5,8,1,7,8,0,0,0,0,0,0,3,11,0,26,1,1,29,10,4,2012,26,2,42,42.75,16,3,4,4,344,Loyal Customers,608,Non-profitable
238,1967,PostGraduation,Partner,67309.0,1,1,2013-01-23,515,47,181,149,95,95,15,9,6,9,7,0,0,0,0,0,0,3,11,0,48,1,2,23,1,1,2013,23,3,76,45.083333333333336,24,2,5,4,254,Can't loose,522,Non-profitable
6694,1964,Graduation,Partner,75236.0,0,1,2013-11-25,438,66,400,12,38,114,1,8,3,13,4,0,0,0,0,0,0,3,11,0,51,1,1,25,11,4,2013,13,3,27,44.5,24,4,5,4,454,Loyal Customers,216,Non-profitable
498,1970,Graduation,Single,30015.0,1,0,2014-02-02,25,0,22,2,3,5,2,1,0,4,5,0,0,0,0,0,0,3,11,0,45,1,1,2,2,1,2014,11,0,28,11.4,5,4,1,2,412,Promising,147,Non-profitable
9347,1956,PostGraduation,Partner,50943.0,0,1,2013-06-21,31,0,7,2,0,6,1,1,0,3,5,0,0,0,0,0,0,3,11,0,59,1,1,21,6,2,2013,18,0,49,11.5,4,3,1,2,312,About to sleep,373,Non-profitable
9699,1966,Graduation,Single,67272.0,0,1,2013-12-21,357,35,271,28,28,14,3,6,2,12,5,0,0,0,0,0,0,3,11,0,49,1,1,21,12,4,2013,12,2,12,36.65,20,5,4,4,544,Champions,190,Non-profitable
10664,1949,PostGraduation,Single,51529.0,0,1,2013-09-07,400,4,35,6,0,22,2,9,1,5,8,0,0,0,0,0,0,3,11,0,66,1,1,7,9,3,2013,16,2,14,31.133333333333333,15,5,3,3,533,Potential Loyalists,295,Non-profitable
5455,1971,PhD,Partner,32011.0,1,0,2013-08-22,99,0,15,2,1,5,3,2,1,4,7,0,0,0,0,0,0,3,11,0,44,1,1,22,8,3,2013,16,0,89,17.428571428571427,7,1,2,2,122,Hibernating,311,Non-profitable
456,1986,PostGraduation,Partner,7500.0,1,0,2013-02-07,1,11,5,4,6,9,2,2,0,3,8,0,0,0,0,0,0,3,11,0,29,1,1,7,2,1,2013,23,0,96,7.2,5,1,1,1,111,Hibernating,507,Non-profitable
5012,1989,Graduation,Partner,28691.0,1,0,2013-07-04,5,4,13,8,0,4,1,1,0,3,8,0,0,0,0,0,0,3,11,0,26,1,1,4,7,3,2013,18,0,56,8.5,4,3,1,1,311,About to sleep,360,Profitable
7495,1948,PhD,Partner,56223.0,0,1,2013-12-20,77,28,31,16,0,4,2,2,1,5,4,0,0,0,0,0,0,3,11,0,67,1,1,20,12,4,2013,12,0,72,19.5,8,2,2,2,222,Hibernating,191,Non-profitable
5029,1946,Graduation,Partner,18100.0,0,0,2013-08-06,3,1,2,4,3,1,1,0,0,3,5,0,0,0,0,0,0,3,11,0,69,0,0,6,8,3,2013,17,0,14,4.666666666666667,3,5,1,1,511,New Customers,327,Non-profitable
10642,1989,Graduation,Single,30279.0,1,0,2012-12-30,10,4,14,4,4,1,1,1,0,3,8,0,0,0,0,0,0,3,11,0,26,1,1,30,12,4,2012,24,0,13,9.25,4,5,1,1,511,New Customers,546,Profitable
2106,1974,PostGraduation,Partner,20130.0,0,0,2014-03-17,0,6,3,7,6,12,1,1,0,3,8,0,0,0,0,0,0,3,11,0,41,0,0,17,3,1,2014,9,0,99,8.5,4,1,1,1,111,Hibernating,104,Non-profitable
10364,1959,Graduation,Single,23295.0,0,0,2013-07-13,0,0,1,2,12,5,1,1,0,2,8,0,0,0,0,0,0,3,11,0,56,0,0,13,7,3,2013,17,0,72,6.666666666666667,3,2,1,1,211,Hibernating,351,Non-profitable
5954,1972,PostGraduation,Single,42618.0,1,0,2013-10-09,76,14,74,13,5,10,2,5,0,4,8,0,0,0,0,0,0,3,11,0,43,1,1,9,10,4,2013,14,0,92,21.33333333333333,9,1,2,2,122,Hibernating,263,Non-profitable
1137,1964,Graduation,Single,81246.0,0,0,2013-12-29,398,190,537,61,156,37,1,4,5,7,1,1,0,0,1,0,0,3,11,0,51,0,0,29,12,4,2013,12,3,87,86.1875,16,1,4,5,145,At risk,182,Non-profitable
2541,1976,Graduation,Partner,24027.0,1,0,2013-06-09,14,7,11,11,0,5,2,2,0,3,8,0,0,0,0,0,0,3,11,0,39,1,1,9,6,2,2013,19,0,7,9.6,5,5,1,1,511,New Customers,385,Non-profitable
1142,1953,PhD,Partner,55707.0,0,1,2013-12-22,208,7,82,30,66,35,2,3,2,9,3,0,0,0,0,0,0,3,11,0,62,1,1,22,12,4,2013,12,2,91,30.571428571428573,14,1,3,3,133,At risk,189,Non-profitable
2276,1955,Graduation,Single,57959.0,0,1,2013-05-02,430,16,322,43,24,33,5,4,7,11,3,0,0,0,0,0,0,3,11,0,60,1,1,2,5,2,2013,20,3,71,39.45454545454545,22,2,5,4,254,Can't loose,423,Profitable
2807,1969,Graduation,Partner,56796.0,0,1,2013-02-16,656,38,161,62,47,37,3,8,9,7,7,0,0,0,0,0,0,3,11,0,46,1,1,16,2,1,2013,22,3,24,41.708333333333336,24,4,5,4,454,Loyal Customers,498,Non-profitable
6471,1971,PostGraduation,Single,36230.0,1,0,2013-10-17,14,2,30,8,2,3,1,2,0,4,5,0,0,0,0,0,0,3,11,0,44,1,1,17,10,4,2013,14,0,17,9.833333333333334,6,5,2,1,521,Potential Loyalists,255,Non-profitable
6131,1980,PostGraduation,Partner,70829.0,1,1,2013-12-01,141,70,106,72,19,23,2,4,2,8,3,0,0,0,0,0,0,3,11,0,35,1,2,1,12,4,2013,13,2,87,30.785714285714285,14,1,3,3,133,At risk,210,Non-profitable
6233,1976,Graduation,Partner,65991.0,0,1,2012-09-07,507,19,364,25,47,9,3,9,5,10,7,0,0,0,0,0,0,3,11,0,39,1,1,7,9,3,2012,28,3,21,40.458333333333336,24,4,5,4,454,Loyal Customers,660,Non-profitable
4148,1972,Graduation,Partner,38988.0,1,2,2012-08-20,164,24,103,12,3,42,7,5,1,6,8,0,0,0,0,0,0,3,11,0,43,1,3,20,8,3,2012,28,2,90,29.0,12,1,3,3,133,At risk,678,Non-profitable
4947,1966,PostGraduation,Single,89572.0,0,0,2012-09-15,606,24,974,197,194,64,1,7,7,9,4,0,1,0,1,0,0,3,11,1,49,0,0,15,9,3,2012,27,1,44,89.52173913043478,23,3,5,5,355,Loyal Customers,652,Non-profitable
3225,1984,PostGraduation,Partner,42207.0,1,0,2013-04-01,116,11,72,3,17,46,4,4,1,5,6,1,0,0,0,0,0,3,11,1,31,1,1,1,4,2,2013,21,0,71,26.5,10,2,3,3,233,At risk,454,Non-profitable
10648,1982,PostGraduation,Partner,66664.0,0,0,2012-09-25,398,96,447,220,96,32,1,5,7,6,3,0,0,0,0,0,0,3,11,0,33,0,0,25,9,3,2012,27,3,78,71.61111111111111,18,2,4,5,245,At risk,642,Non-profitable
1992,1964,Graduation,Partner,60597.0,0,1,2014-01-01,522,0,257,32,16,66,4,2,2,8,7,0,0,0,1,0,0,3,11,1,51,1,1,1,1,1,2014,12,3,2,74.41666666666667,12,5,3,5,535,Potential Loyalists,179,Non-profitable
7851,1949,Graduation,Single,70165.0,0,0,2013-09-22,161,0,253,199,191,122,1,3,7,11,1,0,0,0,0,0,0,3,11,0,66,0,0,22,9,3,2013,15,3,60,44.095238095238095,21,2,5,4,254,Can't loose,280,Non-profitable
8594,1958,PhD,Single,50520.0,0,1,2014-01-28,112,0,6,2,1,14,2,3,1,3,6,0,0,0,0,0,0,3,11,0,57,1,1,28,1,1,2014,11,0,25,19.285714285714285,7,4,2,2,422,Potential Loyalists,152,Non-profitable
2815,1975,Graduation,Partner,33183.0,1,0,2014-02-24,7,5,39,17,15,37,2,4,0,3,7,0,0,0,0,0,0,3,11,0,40,1,1,24,2,1,2014,10,0,46,17.142857142857142,7,3,2,2,322,About to sleep,125,Non-profitable
2416,1969,PhD,Single,66582.0,0,0,2014-03-03,789,25,420,16,38,0,1,2,8,9,1,0,0,0,0,0,0,3,11,0,46,0,0,3,3,1,2014,10,3,83,67.78947368421052,19,1,4,4,144,At risk,118,Non-profitable
7999,1955,PhD,Partner,75261.0,0,0,2013-04-23,1239,17,413,23,34,17,1,5,6,5,2,0,1,1,0,0,0,3,11,1,60,0,0,23,4,2,2013,20,1,17,108.9375,16,5,4,5,545,Champions,432,Non-profitable
9213,1970,Graduation,Single,31880.0,1,0,2012-10-31,4,1,5,2,0,3,1,1,0,2,8,0,0,0,0,0,0,3,11,0,45,1,1,31,10,4,2012,26,0,13,5.0,3,5,1,1,511,New Customers,606,Non-profitable
9697,1951,Graduation,Partner,53790.0,0,2,2014-03-06,335,42,127,28,5,5,3,7,2,8,6,0,0,0,0,0,0,3,11,0,64,1,2,6,3,1,2014,10,2,86,31.88235294117647,17,1,4,3,143,At risk,115,Non-profitable
3916,1971,PhD,Partner,49269.0,1,0,2012-08-15,639,8,166,11,8,58,3,7,3,12,7,0,0,0,0,0,0,3,11,0,44,1,1,15,8,3,2012,28,3,92,40.45454545454545,22,1,5,4,154,Can't loose,683,Non-profitable
2021,1975,Graduation,Partner,61456.0,0,1,2013-03-27,563,76,384,84,192,89,4,6,10,13,4,0,0,0,0,0,0,3,11,0,40,1,1,27,3,1,2013,21,3,47,47.86206896551724,29,3,5,4,354,Loyal Customers,459,Non-profitable
1581,1980,Graduation,Partner,37406.0,1,0,2013-10-10,2,0,8,2,2,3,1,1,0,2,8,0,0,0,0,0,0,3,11,1,35,1,1,10,10,4,2013,14,0,18,5.666666666666667,3,5,1,1,511,New Customers,262,Non-profitable
564,1981,PhD,Partner,56937.0,1,0,2012-08-04,746,8,125,11,8,8,7,8,6,9,6,0,1,0,0,0,0,3,11,1,34,1,1,4,8,3,2012,29,3,81,39.391304347826086,23,1,5,4,154,Can't loose,694,Non-profitable
6619,1978,Graduation,Partner,38415.0,1,1,2013-01-02,22,1,13,4,0,4,2,1,0,3,7,0,0,0,0,0,0,3,11,0,37,1,2,2,1,1,2013,24,0,91,11.0,4,1,1,1,111,Hibernating,543,Non-profitable
178,1956,Graduation,Partner,62503.0,0,1,2013-02-18,478,0,193,110,75,117,4,8,3,11,5,0,0,0,0,0,0,3,11,0,59,1,1,18,2,1,2013,22,3,40,44.22727272727273,22,3,5,4,354,Loyal Customers,496,Non-profitable
5512,1977,PostGraduation,Partner,55842.0,0,1,2014-05-23,451,0,39,0,4,24,1,7,1,8,5,0,0,0,0,0,0,3,11,0,38,1,1,23,5,2,2014,7,2,19,32.375,16,5,4,3,543,Champions,37,Non-profitable
8970,1972,PhD,Partner,62010.0,0,1,2012-10-23,371,22,39,6,0,92,4,6,2,7,5,0,0,0,0,0,0,3,11,0,43,1,1,23,10,4,2012,26,2,93,35.333333333333336,15,1,3,3,133,At risk,614,Non-profitable
10581,1977,Graduation,Partner,41124.0,1,0,2012-10-31,281,7,84,15,0,119,7,7,3,4,8,0,0,0,0,0,0,3,11,0,38,1,1,31,10,4,2012,26,2,41,36.142857142857146,14,3,3,3,333,Need Attention,606,Non-profitable
5300,1973,PostGraduation,Partner,38961.0,1,0,2013-12-30,19,7,19,0,1,24,1,2,1,2,7,0,0,0,0,0,0,3,11,0,42,1,1,30,12,4,2013,12,0,60,14.0,5,2,1,2,212,Hibernating,181,Non-profitable
5154,1972,PostGraduation,Single,37760.0,1,0,2013-08-11,26,3,13,2,10,0,1,2,0,3,6,0,0,0,0,0,0,3,11,0,43,1,1,11,8,3,2013,16,0,54,10.8,5,3,1,1,311,About to sleep,322,Non-profitable
8346,1974,Graduation,Single,32233.0,1,0,2012-08-19,138,15,35,25,11,72,2,6,2,2,9,1,0,0,0,0,0,3,11,1,41,1,1,19,8,3,2012,28,0,26,29.6,10,4,3,3,433,Potential Loyalists,679,Non-profitable
1676,1975,Graduation,Partner,43057.0,0,1,2013-10-30,213,2,44,0,2,5,4,4,2,5,5,0,0,0,0,0,0,3,11,0,40,1,1,30,10,4,2013,14,0,30,24.181818181818183,11,4,3,3,433,Potential Loyalists,242,Non-profitable
9286,1960,PostGraduation,Partner,83151.0,0,0,2012-10-10,407,28,100,120,74,18,1,5,9,4,3,0,0,0,0,0,0,3,11,0,55,0,0,10,10,4,2012,27,2,93,41.5,18,1,4,4,144,At risk,627,Non-profitable
2426,1964,PhD,Single,78825.0,0,0,2012-09-14,483,74,114,169,37,18,1,5,10,13,3,0,0,0,0,0,0,3,11,1,51,0,0,14,9,3,2012,27,3,35,31.964285714285715,28,4,5,3,453,Loyal Customers,653,Profitable
5172,1976,PostGraduation,Partner,65104.0,0,1,2013-11-14,738,0,232,13,20,50,2,3,5,7,7,0,0,0,0,0,0,3,11,0,39,1,1,14,11,4,2013,13,3,4,70.2,15,5,3,5,535,Potential Loyalists,227,Non-profitable
5562,1974,Graduation,Partner,60093.0,0,1,2013-06-26,502,12,109,16,6,90,2,7,2,10,6,0,0,0,0,0,0,3,11,0,41,1,1,26,6,2,2013,18,2,92,38.68421052631579,19,1,4,4,144,At risk,368,Non-profitable
3436,1969,Graduation,Partner,14045.0,1,0,2014-01-26,11,0,5,2,1,1,1,1,0,3,7,0,0,0,0,0,0,3,11,0,46,1,1,26,1,1,2014,11,0,24,5.0,4,4,1,1,411,Promising,154,Non-profitable
3921,1952,PostGraduation,Single,28457.0,0,0,2012-10-28,24,1,108,29,29,14,1,4,1,4,8,0,0,0,0,0,0,3,11,0,63,0,0,28,10,4,2012,26,0,96,22.77777777777778,9,1,2,2,122,Hibernating,609,Non-profitable
3403,1958,PhD,Partner,78952.0,0,1,2012-09-24,1170,19,594,99,76,134,2,2,5,12,6,0,0,0,0,0,0,3,11,0,57,1,1,24,9,3,2012,27,1,11,110.10526315789474,19,5,4,5,545,Champions,643,Non-profitable
22,1976,Graduation,Single,46310.0,1,0,2012-12-03,185,2,88,15,5,14,2,6,1,5,8,0,0,0,0,0,0,3,11,0,39,1,1,3,12,4,2012,25,0,99,25.75,12,1,3,3,133,At risk,573,Non-profitable
10965,1955,Graduation,Partner,76005.0,0,0,2013-02-22,983,20,389,240,50,40,1,3,5,13,6,0,0,0,1,0,0,3,11,0,60,0,0,22,2,1,2013,22,1,72,82.0,21,2,5,5,255,Can't loose,492,Profitable
9426,1964,PostGraduation,Single,58308.0,0,1,2013-01-12,691,0,69,10,0,130,4,2,6,3,8,0,0,0,0,0,0,3,11,0,51,1,1,12,1,1,2013,23,3,77,81.81818181818181,11,2,3,5,235,At risk,533,Profitable
6605,1944,PhD,Single,55614.0,0,0,2013-11-27,504,13,131,8,0,26,1,9,4,6,7,0,1,0,0,0,0,3,11,0,71,0,0,27,11,4,2013,13,2,85,35.89473684210526,19,1,4,3,143,At risk,214,Non-profitable
3136,1962,PostGraduation,Single,59432.0,0,1,2013-04-13,317,25,265,25,19,12,3,5,3,11,5,0,0,0,0,0,0,3,11,0,53,1,1,13,4,2,2013,20,2,88,34.89473684210526,19,1,4,3,143,At risk,442,Non-profitable
8737,1978,Graduation,Single,55563.0,0,1,2014-04-05,29,1,9,2,0,2,1,2,0,3,3,0,0,0,0,0,0,3,11,0,37,1,1,5,4,2,2014,9,0,22,8.6,5,4,1,1,411,Promising,85,Non-profitable
11088,1971,PhD,Partner,78642.0,0,1,2013-04-21,1396,0,322,46,35,17,1,4,9,4,6,0,0,0,0,0,0,3,11,0,44,1,1,21,4,2,2013,20,1,83,106.82352941176472,17,1,4,5,145,At risk,434,Non-profitable
466,1944,Graduation,Partner,65275.0,0,0,2013-04-03,388,14,218,91,14,21,1,4,3,13,2,0,0,0,0,0,0,3,11,0,71,0,0,3,4,2,2013,21,2,9,37.3,20,5,4,4,544,Champions,452,Non-profitable
9135,1950,Graduation,Partner,27203.0,1,1,2012-08-06,13,2,21,4,0,24,2,1,1,2,8,0,0,0,0,0,0,3,11,0,65,1,2,6,8,3,2012,29,0,92,16.0,4,1,1,2,112,Hibernating,692,Non-profitable
10623,1961,PostGraduation,Partner,48330.0,0,1,2013-11-15,28,0,4,0,0,0,1,1,0,3,5,0,0,0,0,0,0,3,11,0,54,1,1,15,11,4,2013,13,0,2,8.0,4,5,1,1,511,New Customers,226,Non-profitable
8151,1990,UnderGraduation,Partner,24279.0,0,0,2012-12-29,16,36,21,20,62,108,1,4,1,3,8,0,0,0,0,0,0,3,11,0,25,0,0,29,12,4,2012,24,0,6,32.875,8,5,2,3,523,Potential Loyalists,547,Non-profitable
5140,1985,PhD,Partner,64355.0,1,0,2012-08-24,1047,0,140,67,38,153,2,4,3,12,8,0,0,0,0,0,0,3,11,0,30,1,1,24,8,3,2012,28,3,66,76.05263157894737,19,2,4,5,245,At risk,674,Non-profitable
10160,1956,PostGraduation,Partner,50943.0,0,1,2013-06-21,31,0,7,2,0,6,1,1,0,3,5,0,0,0,0,0,0,3,11,0,59,1,1,21,6,2,2013,18,0,49,11.5,4,3,1,2,312,About to sleep,373,Non-profitable
4945,1953,Graduation,Single,53653.0,0,0,2012-11-07,815,10,239,28,10,108,2,10,4,12,6,0,0,0,0,0,0,3,11,0,62,0,0,7,11,4,2012,26,3,29,46.53846153846154,26,4,5,4,454,Loyal Customers,599,Non-profitable
10584,1976,Graduation,Partner,65665.0,0,1,2013-12-02,225,162,387,106,36,29,1,5,10,8,3,0,0,0,0,0,0,3,11,0,39,1,1,2,12,4,2013,13,3,77,41.08695652173913,23,2,5,4,254,Can't loose,209,Non-profitable
6071,1989,Graduation,Single,81217.0,0,0,2013-07-19,493,70,324,146,40,84,1,3,7,11,1,0,0,0,0,0,0,3,11,0,26,0,0,19,7,3,2013,17,3,77,55.095238095238095,21,2,5,4,254,Can't loose,345,Non-profitable
3386,1992,Graduation,Partner,34935.0,0,0,2013-06-21,34,4,66,3,10,20,1,2,1,4,7,0,0,0,0,0,0,3,11,0,23,0,0,21,6,2,2013,18,0,71,19.571428571428573,7,2,2,2,222,Hibernating,373,Non-profitable
8939,1959,Graduation,Single,61250.0,0,1,2012-12-16,382,138,65,60,26,59,6,5,2,12,5,0,0,0,0,0,0,3,11,0,56,1,1,16,12,4,2012,24,2,49,38.42105263157895,19,3,4,4,344,Loyal Customers,560,Non-profitable
9925,1981,PhD,Partner,39665.0,1,0,2013-05-25,127,1,56,0,1,31,3,4,2,3,7,1,0,0,0,0,0,3,11,0,34,1,1,25,5,2,2013,19,0,97,24.0,9,1,2,3,123,Hibernating,400,Non-profitable
4320,1979,Graduation,Single,60152.0,0,1,2013-03-28,325,83,300,86,58,91,1,6,4,12,3,0,0,0,0,0,0,3,11,0,36,1,1,28,3,1,2013,21,3,6,42.86363636363637,22,5,5,4,554,Champions,458,Non-profitable
5389,1964,Graduation,Partner,48920.0,0,2,2013-10-20,238,17,68,8,10,6,3,6,2,5,7,0,1,0,0,0,0,3,11,0,51,1,2,20,10,4,2013,14,2,93,26.692307692307693,13,1,3,3,133,At risk,252,Non-profitable
6036,1959,PostGraduation,Partner,89120.0,0,0,2014-03-17,1168,92,408,72,129,55,1,5,6,7,1,0,0,1,0,0,0,3,11,0,56,0,0,17,3,1,2014,9,1,78,106.88888888888889,18,2,4,5,245,At risk,104,Non-profitable
182,1946,PhD,Partner,44124.0,0,1,2013-05-11,284,0,55,0,6,52,4,6,2,5,8,0,0,0,0,0,0,3,11,0,69,1,1,11,5,2,2013,20,2,62,30.53846153846154,13,2,3,3,233,At risk,414,Non-profitable
203,1975,PostGraduation,Single,81169.0,0,0,2013-04-14,1288,20,613,80,61,27,1,5,7,9,2,0,0,0,0,0,0,3,11,0,40,0,0,14,4,2,2013,20,1,47,99.47619047619048,21,3,5,5,355,Loyal Customers,441,Profitable
11025,1961,Graduation,Partner,36443.0,1,1,2013-02-03,65,0,46,4,3,20,4,3,1,3,8,0,0,0,0,0,0,3,11,0,54,1,2,3,2,1,2013,23,0,9,19.714285714285715,7,5,2,2,522,Potential Loyalists,511,Non-profitable
10203,1990,Graduation,Single,26095.0,1,0,2013-06-30,11,7,9,3,1,11,1,1,0,3,7,0,0,0,0,0,0,3,11,0,25,1,1,30,6,2,2013,18,0,77,10.5,4,2,1,1,211,Hibernating,364,Non-profitable
4607,1959,Graduation,Partner,71367.0,0,0,2013-08-23,227,23,389,42,21,75,1,4,5,7,2,0,0,0,0,0,0,3,11,0,56,0,0,23,8,3,2013,16,2,24,48.5625,16,4,4,4,444,Loyal Customers,310,Non-profitable
3711,1944,PostGraduation,Partner,80184.0,0,0,2014-03-01,1035,134,670,25,38,0,1,6,3,10,3,0,0,1,1,0,0,3,11,0,71,0,0,1,3,1,2014,10,1,19,100.10526315789474,19,5,4,5,545,Champions,120,Profitable
3696,1965,Graduation,Single,30630.0,1,1,2014-01-27,27,1,12,2,0,10,2,2,0,3,7,0,0,0,0,0,0,3,11,0,50,1,2,27,1,1,2014,11,0,67,10.4,5,2,1,1,211,Hibernating,153,Profitable
2532,1987,PostGraduation,Single,73454.0,0,0,2014-03-01,982,73,351,56,14,175,1,2,4,6,5,1,0,0,0,0,0,3,11,0,28,0,0,1,3,1,2014,10,1,95,137.58333333333334,12,1,3,5,135,At risk,120,Non-profitable
9214,1991,Graduation,Partner,42691.0,0,0,2013-08-16,179,2,64,38,17,58,1,5,1,6,5,0,0,0,0,0,0,3,11,0,24,0,0,16,8,3,2013,16,2,48,29.83333333333333,12,3,3,3,333,Need Attention,317,Non-profitable
4943,1953,Graduation,Partner,70503.0,0,0,2012-09-30,1379,33,216,0,33,66,1,2,4,9,6,0,1,1,0,0,0,3,11,0,62,0,0,30,9,3,2012,27,1,73,115.13333333333334,15,2,3,5,235,At risk,637,Non-profitable
35,1987,Graduation,Partner,25545.0,1,0,2012-09-08,32,1,64,16,12,85,3,2,2,3,6,0,0,0,0,0,0,3,11,1,28,1,1,8,9,3,2012,28,0,35,30.0,7,4,2,3,423,Potential Loyalists,659,Non-profitable
2258,1986,Graduation,Partner,32880.0,1,0,2012-12-04,8,4,15,7,6,2,1,1,0,3,8,0,0,0,0,0,0,3,11,0,29,1,1,4,12,4,2012,25,0,76,10.5,4,2,1,1,211,Hibernating,572,Non-profitable
4322,1958,PhD,Partner,77863.0,0,0,2013-11-27,881,38,319,16,25,12,1,4,5,10,2,0,0,0,0,0,0,3,11,0,57,0,0,27,11,4,2013,13,3,20,67.94736842105263,19,4,4,4,444,Loyal Customers,214,Non-profitable
4702,1964,Graduation,Single,61839.0,0,0,2012-08-12,1000,155,379,224,17,120,1,4,8,4,8,0,0,0,0,0,0,3,11,0,51,0,0,12,8,3,2012,29,1,20,118.4375,16,4,4,5,445,Loyal Customers,686,Non-profitable
3281,1960,PhD,Partner,49154.0,1,1,2013-11-03,206,10,67,30,27,71,6,4,1,8,6,0,0,0,0,0,0,3,11,0,55,1,2,3,11,4,2013,14,2,69,31.615384615384617,13,2,3,3,233,At risk,238,Non-profitable
702,1975,PostGraduation,Single,47682.0,0,1,2013-02-15,162,61,83,97,57,61,4,4,3,8,5,0,0,0,0,0,0,3,11,0,40,1,1,15,2,1,2013,22,2,80,34.733333333333334,15,1,3,3,133,At risk,499,Non-profitable
2004,1969,Graduation,Single,72679.0,0,1,2013-09-18,619,54,260,127,54,54,1,4,7,5,1,0,0,0,0,0,0,3,11,0,46,1,1,18,9,3,2013,15,3,65,73.0,16,2,4,5,245,At risk,284,Non-profitable
4437,1962,Graduation,Partner,65316.0,1,1,2013-04-24,112,6,92,3,9,38,2,3,2,5,4,0,0,0,0,0,0,3,11,0,53,1,2,24,4,2,2013,20,0,65,26.0,10,2,3,3,233,At risk,431,Non-profitable
8724,1982,Graduation,Single,28567.0,1,0,2013-06-17,11,3,22,2,2,6,2,2,0,3,6,0,0,0,0,0,0,3,11,0,33,1,1,17,6,2,2013,18,0,57,9.2,5,3,1,1,311,About to sleep,377,Non-profitable
10741,1951,PostGraduation,Partner,47352.0,0,1,2013-04-11,172,12,112,8,0,15,4,6,1,5,7,0,0,0,0,0,0,3,11,0,64,1,1,11,4,2,2013,21,0,70,26.58333333333333,12,2,3,3,233,At risk,444,Non-profitable
1991,1967,Graduation,Partner,44931.0,0,1,2014-01-18,78,0,11,0,0,7,1,2,1,3,5,0,0,0,0,0,0,3,11,0,48,1,1,18,1,1,2014,11,0,0,16.0,6,5,2,2,522,Potential Loyalists,162,Non-profitable
6931,1967,Graduation,Single,76982.0,0,0,2014-02-15,464,151,292,65,60,30,1,8,3,4,4,0,0,1,0,0,0,3,11,1,48,0,0,15,2,1,2014,10,3,19,70.8,15,5,3,5,535,Potential Loyalists,134,Non-profitable
11096,1952,PostGraduation,Partner,57247.0,0,1,2013-08-08,99,4,32,37,54,6,2,2,1,7,2,0,0,0,0,0,0,3,11,0,63,1,1,8,8,3,2013,17,0,50,23.2,10,3,3,2,332,Need Attention,325,Non-profitable
304,1981,PostGraduation,Single,22944.0,1,0,2013-12-23,19,3,19,4,5,26,3,3,0,3,7,0,0,0,0,0,0,3,11,0,34,1,1,23,12,4,2013,12,0,67,12.666666666666666,6,2,2,2,222,Hibernating,188,Non-profitable
3665,1977,PostGraduation,Partner,25315.0,1,0,2013-11-07,1,9,8,11,3,22,3,3,0,3,8,0,0,0,0,0,0,3,11,0,38,1,1,7,11,4,2013,14,0,46,9.0,6,3,2,1,321,About to sleep,234,Profitable
10591,1969,Graduation,Single,43638.0,0,1,2012-08-06,63,10,83,7,19,19,2,4,1,4,7,0,0,0,0,0,0,3,11,0,46,1,1,6,8,3,2012,29,0,37,22.33333333333333,9,4,2,2,422,Potential Loyalists,692,Non-profitable
5036,1984,PhD,Single,42710.0,1,0,2012-11-28,252,3,42,4,3,102,2,4,5,3,6,0,0,0,0,0,0,3,11,0,31,1,1,28,11,4,2012,25,2,38,33.833333333333336,12,4,3,3,433,Potential Loyalists,578,Non-profitable
5547,1982,PhD,Partner,84169.0,0,0,2013-08-07,1478,19,403,0,19,0,1,7,6,6,3,0,1,1,0,0,0,3,11,1,33,0,0,7,8,3,2013,17,1,9,101.0,19,5,4,5,545,Champions,326,Non-profitable
7822,1976,Graduation,Partner,54058.0,0,1,2013-06-04,198,18,252,32,108,54,2,4,6,8,3,0,0,0,0,0,0,3,11,0,39,1,1,4,6,2,2013,19,2,56,36.77777777777778,18,3,4,4,344,Loyal Customers,390,Non-profitable
8541,1990,PostGraduation,Partner,24683.0,1,0,2014-03-08,8,4,10,6,7,6,2,2,0,4,5,0,0,0,0,0,0,3,11,0,25,1,1,8,3,1,2014,9,0,98,6.833333333333333,6,1,2,1,121,Hibernating,113,Non-profitable
10955,1964,Graduation,Single,85620.0,0,0,2014-01-07,416,46,925,60,107,46,1,3,6,4,1,0,0,0,0,0,0,3,11,1,51,0,0,7,1,1,2014,11,1,68,123.07692307692308,13,2,3,5,235,At risk,173,Non-profitable
4368,1980,Graduation,Partner,47850.0,1,0,2013-12-03,42,7,43,20,12,10,1,3,0,4,6,0,0,0,0,0,0,3,11,0,35,1,1,3,12,4,2013,13,0,72,19.142857142857142,7,2,2,2,222,Hibernating,208,Non-profitable
9671,1968,Graduation,Partner,19514.0,1,1,2014-01-26,14,3,21,2,1,28,4,3,1,2,8,1,0,0,0,0,0,3,11,1,47,1,2,26,1,1,2014,11,0,47,11.5,6,3,2,2,322,About to sleep,154,Non-profitable
2256,1973,PostGraduation,Partner,27159.0,1,1,2014-03-29,17,0,3,0,0,1,2,1,0,3,6,0,0,0,0,0,0,3,11,0,42,1,2,29,3,1,2014,9,0,33,5.25,4,4,1,1,411,Promising,92,Non-profitable
4279,1963,PostGraduation,Single,39548.0,1,1,2014-03-31,15,4,10,3,4,18,2,1,1,3,3,0,0,0,0,0,0,3,11,0,52,1,2,31,3,1,2014,9,0,87,10.8,5,1,1,1,111,Hibernating,90,Non-profitable
5371,1989,Graduation,Single,21474.0,1,0,2014-04-08,6,16,24,11,0,34,2,3,1,2,7,1,0,0,0,0,0,3,11,1,26,1,1,8,4,2,2014,8,0,0,15.166666666666666,6,5,2,2,522,Potential Loyalists,82,Non-profitable
9240,1971,PhD,Single,60504.0,0,1,2014-02-07,458,0,24,6,4,34,2,6,2,8,6,0,0,0,0,0,0,3,11,0,44,1,1,7,2,1,2014,10,2,73,32.875,16,2,4,3,243,At risk,142,Non-profitable
9460,1963,Graduation,Partner,22419.0,0,0,2013-04-18,30,3,47,19,21,42,1,3,2,2,8,0,0,0,0,0,0,3,11,0,52,0,0,18,4,2,2013,20,0,74,23.142857142857142,7,2,2,2,222,Hibernating,437,Profitable
9504,1949,PostGraduation,Partner,81698.0,0,0,2013-11-06,179,28,520,111,123,47,1,3,8,13,1,0,0,0,0,0,0,3,11,1,66,0,0,6,11,4,2013,14,3,4,42.0,24,5,5,4,554,Champions,235,Non-profitable
8692,1952,Graduation,Partner,43462.0,1,1,2012-09-12,90,17,97,15,6,15,6,4,1,5,8,0,0,0,0,0,0,3,11,0,63,1,2,12,9,3,2012,28,0,50,24.0,10,3,3,3,333,Need Attention,655,Non-profitable
448,1978,PhD,Single,54880.0,1,0,2013-03-01,308,85,137,102,45,118,2,6,2,11,5,0,0,0,0,0,0,3,11,0,37,1,1,1,3,1,2013,22,2,57,41.8421052631579,19,3,4,4,344,Loyal Customers,485,Non-profitable
8314,1982,Graduation,Partner,79908.0,0,0,2013-04-05,557,129,761,29,185,111,1,5,6,7,2,0,0,1,0,0,0,3,11,0,33,0,0,5,4,2,2013,21,1,30,98.44444444444444,18,4,4,5,445,Loyal Customers,450,Non-profitable
8420,1970,PostGraduation,Partner,15315.0,0,0,2013-08-03,7,4,13,15,8,17,2,2,0,4,5,0,0,0,0,0,0,3,11,0,45,0,0,3,8,3,2013,17,0,27,10.666666666666666,6,4,2,1,421,Potential Loyalists,330,Non-profitable
3174,1959,Graduation,Partner,87771.0,0,1,2013-05-22,1492,38,287,50,57,33,1,5,10,4,6,0,1,1,1,1,0,3,11,1,56,1,1,22,5,2,2013,19,1,61,103.0,19,2,4,5,245,At risk,403,Non-profitable
7685,1978,Graduation,Partner,33039.0,1,0,2013-09-09,30,8,12,8,8,12,1,2,0,4,5,0,0,0,0,0,0,3,11,0,37,1,1,9,9,3,2013,15,0,4,13.0,6,5,2,2,522,Potential Loyalists,293,Non-profitable
3179,1980,Graduation,Single,81741.0,0,0,2013-06-16,249,153,940,58,134,38,0,6,6,7,2,0,0,0,0,0,0,3,11,0,35,0,0,16,6,2,2013,18,1,75,82.73684210526316,19,2,4,5,245,At risk,378,Non-profitable
9780,1971,PostGraduation,Partner,71499.0,0,1,2013-06-25,465,25,132,136,0,37,2,8,3,13,4,0,0,0,0,0,0,3,11,0,44,1,1,25,6,2,2013,18,2,12,33.125,24,5,5,3,553,Champions,369,Non-profitable
10681,1970,PostGraduation,Partner,62466.0,0,1,2014-01-15,129,129,259,168,121,83,5,6,3,12,4,0,0,0,0,0,0,3,11,0,45,1,1,15,1,1,2014,11,3,13,42.333333333333336,21,5,5,4,554,Champions,165,Non-profitable
10232,1963,PhD,Single,48799.0,0,1,2013-11-05,174,18,81,28,6,24,3,3,2,7,3,0,0,0,0,0,0,3,11,0,52,1,1,5,11,4,2013,14,0,9,27.58333333333333,12,5,3,3,533,Potential Loyalists,236,Non-profitable
9120,1962,Graduation,Single,66565.0,0,1,2012-12-05,747,10,161,65,40,42,4,4,2,9,8,0,0,0,0,0,0,3,11,0,53,1,1,5,12,4,2012,25,3,80,71.0,15,1,3,5,135,At risk,571,Non-profitable
891,1951,PostGraduation,Partner,29298.0,1,1,2013-09-07,6,0,2,2,0,1,1,1,0,2,5,0,0,0,0,0,0,3,11,0,64,1,2,7,9,3,2013,16,0,60,3.6666666666666665,3,2,1,1,211,Hibernating,295,Non-profitable
10381,1979,Graduation,Single,47691.0,0,1,2013-07-05,14,0,3,0,0,4,1,1,0,2,6,0,0,0,0,0,0,3,11,0,36,1,1,5,7,3,2013,18,0,43,7.0,3,3,1,1,311,About to sleep,359,Non-profitable
3525,1970,Graduation,Partner,38200.0,1,1,2012-12-07,12,0,4,0,0,1,1,1,0,2,7,0,0,0,0,0,0,3,11,0,45,1,2,7,12,4,2012,25,0,19,5.666666666666667,3,5,1,1,511,New Customers,569,Non-profitable
6818,1974,Graduation,Partner,44989.0,0,1,2012-09-12,98,0,106,49,10,106,5,5,1,5,6,0,0,0,0,0,0,3,11,0,41,1,1,12,9,3,2012,28,2,26,33.54545454545455,11,4,3,3,433,Potential Loyalists,655,Non-profitable
3526,1968,PhD,Partner,38443.0,1,1,2014-01-27,32,0,5,0,0,1,2,1,0,3,7,0,0,0,0,0,0,3,11,0,47,1,2,27,1,1,2014,11,0,58,9.5,4,3,1,1,311,About to sleep,153,Non-profitable
8181,1978,PostGraduation,Single,38593.0,1,0,2013-09-13,51,12,49,17,24,24,3,4,1,3,8,0,0,0,0,0,0,3,11,0,37,1,1,13,9,3,2013,15,0,42,22.125,8,3,2,2,322,About to sleep,289,Non-profitable
1029,1970,PhD,Partner,64413.0,0,1,2013-08-01,200,5,44,0,10,20,1,5,1,5,5,0,0,0,0,0,0,3,11,0,45,1,1,1,8,3,2013,17,0,27,25.363636363636363,11,4,3,3,433,Potential Loyalists,332,Non-profitable
7369,1981,PostGraduation,Partner,36959.0,1,0,2013-10-02,25,6,25,6,0,0,2,2,0,3,8,0,0,0,0,0,0,3,11,0,34,1,1,2,10,4,2013,15,0,56,12.4,5,3,1,2,312,About to sleep,270,Non-profitable
2574,1977,PhD,Partner,61996.0,0,1,2013-01-31,1050,12,144,0,0,24,3,6,4,8,5,0,1,0,1,1,0,3,11,1,38,1,1,31,1,1,2013,23,3,27,68.33333333333333,18,4,4,4,444,Loyal Customers,514,Profitable
8159,1968,Graduation,Partner,51287.0,1,1,2014-04-01,117,0,22,13,0,30,3,4,1,3,7,0,0,0,0,0,0,3,11,0,47,1,2,1,4,2,2014,9,0,10,22.75,8,5,2,2,522,Potential Loyalists,89,Non-profitable
1160,1970,Graduation,Partner,13260.0,1,1,2013-08-23,9,4,17,10,2,7,4,3,0,3,8,0,0,0,0,0,0,3,11,0,45,1,2,23,8,3,2013,16,0,48,8.166666666666666,6,3,2,1,321,About to sleep,310,Non-profitable
10242,1966,PhD,Partner,47472.0,1,1,2013-09-16,56,0,11,0,0,8,2,2,0,4,5,0,0,0,0,0,0,3,11,0,49,1,2,16,9,3,2013,15,0,39,12.5,6,4,2,2,422,Potential Loyalists,286,Non-profitable
5253,1956,PostGraduation,Partner,54603.0,1,1,2013-07-09,145,13,46,17,2,4,6,4,2,4,7,0,0,0,0,0,0,3,11,0,59,1,2,9,7,3,2013,18,0,85,22.7,10,1,3,2,132,At risk,355,Non-profitable
5966,1974,PhD,Partner,45207.0,1,1,2012-11-10,203,0,10,0,0,2,5,3,1,6,6,0,1,0,0,0,0,3,11,0,41,1,2,10,11,4,2012,26,0,64,21.5,10,2,3,2,232,At risk,596,Non-profitable
5314,1951,Graduation,Partner,40689.0,0,1,2013-03-18,270,3,27,39,6,99,7,7,1,5,8,0,0,0,0,0,0,3,11,0,64,1,1,18,3,1,2013,21,2,69,34.15384615384615,13,2,3,3,233,At risk,468,Non-profitable
5081,1967,PostGraduation,Partner,47821.0,1,1,2013-10-20,9,0,16,6,6,10,1,1,0,3,8,0,0,0,0,0,0,3,11,0,48,1,2,20,10,4,2013,14,0,54,11.75,4,3,1,2,312,About to sleep,252,Non-profitable
5123,1951,PostGraduation,Partner,27450.0,0,0,2013-04-15,37,12,23,8,11,52,1,2,1,3,7,0,0,0,0,0,0,3,11,0,64,0,0,15,4,2,2013,20,0,57,23.83333333333333,6,3,2,3,323,About to sleep,440,Non-profitable
5756,1983,Graduation,Partner,39453.0,1,0,2014-04-03,46,0,7,0,0,2,2,2,0,3,6,0,0,0,0,0,0,3,11,0,32,1,1,3,4,2,2014,9,0,64,11.0,5,2,1,1,211,Hibernating,87,Non-profitable
8036,1971,PostGraduation,Partner,26850.0,1,1,2014-04-18,31,1,13,7,2,9,4,2,1,4,4,0,0,0,0,0,0,3,11,0,44,1,2,18,4,2,2014,8,0,10,9.0,7,5,2,1,521,Potential Loyalists,72,Non-profitable
9058,1955,Graduation,Single,79800.0,0,0,2012-09-23,1060,21,530,32,0,224,1,5,11,5,3,1,0,1,1,0,0,3,11,1,60,0,0,23,9,3,2012,27,1,65,88.9047619047619,21,2,5,5,255,Can't loose,644,Non-profitable
5057,1961,PostGraduation,Partner,61794.0,0,1,2013-09-14,264,47,188,54,47,11,2,4,4,10,2,0,0,0,0,0,0,3,11,0,54,1,1,14,9,3,2013,15,2,74,33.94444444444444,18,2,4,3,243,At risk,288,Non-profitable
254,1955,Graduation,Partner,53863.0,0,1,2014-05-17,399,4,30,6,4,30,3,7,1,7,7,0,1,0,0,0,0,3,11,0,60,1,1,17,5,2,2014,7,2,4,31.53333333333333,15,5,3,3,533,Potential Loyalists,43,Non-profitable
4179,1959,Graduation,Partner,24221.0,0,0,2013-08-20,8,9,9,2,5,22,1,1,1,3,4,0,0,0,0,0,0,3,11,0,56,0,0,20,8,3,2013,16,0,94,11.0,5,1,1,1,111,Hibernating,313,Non-profitable
3710,1984,PhD,Single,39684.0,1,0,2012-10-12,19,0,35,6,4,17,2,2,1,2,7,0,0,0,0,0,1,3,11,1,31,1,1,12,10,4,2012,27,0,41,16.2,5,3,1,2,312,About to sleep,625,Non-profitable
7627,1975,PostGraduation,Partner,92163.0,0,0,2012-12-12,817,183,797,106,163,20,0,5,11,5,2,0,0,1,1,0,0,3,11,1,40,0,0,12,12,4,2012,25,1,25,99.33333333333331,21,4,5,5,455,Loyal Customers,564,Non-profitable
4501,1965,PostGraduation,Single,69882.0,0,0,2013-11-10,292,127,635,132,127,165,1,3,7,9,1,0,0,0,0,0,0,3,11,0,50,0,0,10,11,4,2013,13,1,94,77.78947368421052,19,1,4,5,145,At risk,231,Non-profitable
6424,1977,Graduation,Partner,33178.0,1,0,2014-01-30,12,6,2,11,2,16,1,1,0,3,4,0,0,0,0,0,0,3,11,0,38,1,1,30,1,1,2014,11,0,9,12.25,4,5,1,2,512,New Customers,150,Non-profitable
3075,1972,PhD,Partner,59973.0,0,0,2013-09-11,130,30,168,20,34,0,1,3,4,7,1,0,0,0,0,0,0,3,11,0,43,0,0,11,9,3,2013,15,2,47,27.285714285714285,14,3,3,3,333,Need Attention,291,Non-profitable
4992,1975,PostGraduation,Partner,17459.0,1,0,2013-09-19,6,4,16,3,10,30,3,3,1,2,7,0,0,0,0,0,0,3,11,1,40,1,1,19,9,3,2013,15,0,12,11.5,6,5,2,2,522,Potential Loyalists,283,Non-profitable
5252,1969,Graduation,Single,23910.0,1,0,2012-10-26,16,12,18,7,1,13,1,2,0,3,7,0,0,0,0,0,0,3,11,0,46,1,1,26,10,4,2012,26,0,80,13.4,5,1,1,2,112,Hibernating,611,Non-profitable
7444,1969,PostGraduation,Partner,42169.0,1,1,2013-10-19,19,0,9,0,0,2,2,1,0,3,8,0,0,0,0,0,0,3,11,0,46,1,2,19,10,4,2013,14,0,20,7.5,4,4,1,1,411,Promising,253,Non-profitable
6919,1978,PostGraduation,Partner,26224.0,1,0,2013-06-04,4,7,15,13,9,15,3,2,1,3,6,0,0,0,0,0,0,3,11,0,37,1,1,4,6,2,2013,19,0,39,10.5,6,4,2,1,421,Potential Loyalists,390,Non-profitable
3537,1981,Graduation,Partner,31089.0,1,0,2012-08-17,31,3,31,2,8,4,3,3,0,4,8,0,0,0,0,0,0,3,11,0,34,1,1,17,8,3,2012,28,0,57,11.285714285714286,7,3,2,1,321,About to sleep,681,Non-profitable
10277,1961,Graduation,Single,30081.0,0,1,2013-02-21,36,0,2,0,0,4,1,1,0,3,7,0,0,0,0,0,0,3,11,0,54,1,1,21,2,1,2013,22,0,27,10.5,4,4,1,1,411,Promising,493,Non-profitable
2453,1960,Graduation,Partner,62807.0,0,1,2012-08-31,526,28,135,10,21,99,3,5,3,12,5,0,0,0,0,0,0,3,11,0,55,1,1,31,8,3,2012,28,2,83,40.95,20,1,4,4,144,At risk,667,Non-profitable
7972,1955,Graduation,Single,72906.0,0,0,2013-09-17,400,32,519,71,75,54,1,3,4,9,1,0,0,0,0,0,0,3,11,0,60,0,0,17,9,3,2013,15,3,79,71.9375,16,2,4,5,245,At risk,285,Non-profitable
895,1948,PhD,Partner,61467.0,0,2,2012-12-09,410,16,114,0,5,49,3,5,2,10,5,0,0,0,0,0,0,3,11,0,67,1,2,9,12,4,2012,25,2,69,34.94117647058823,17,2,4,3,243,At risk,567,Non-profitable
1177,1966,PostGraduation,Partner,49618.0,1,1,2013-01-26,80,3,26,4,2,14,4,3,1,3,7,0,0,0,0,0,0,3,11,0,49,1,2,26,1,1,2013,23,0,77,18.428571428571427,7,2,2,2,222,Hibernating,519,Non-profitable
7141,1986,PostGraduation,Single,21888.0,1,0,2012-12-29,88,10,46,2,3,64,4,5,1,2,10,0,0,0,0,0,0,3,11,1,29,1,1,29,12,4,2012,24,0,15,26.625,8,5,2,3,523,Potential Loyalists,547,Non-profitable
7232,1973,Graduation,Single,42429.0,0,1,2014-02-11,55,0,6,2,0,4,2,1,1,3,5,0,0,0,0,0,0,3,11,0,42,1,1,11,2,1,2014,10,0,99,13.4,5,1,1,2,112,Hibernating,138,Non-profitable
8477,1956,Graduation,Single,26150.0,2,1,2013-03-11,5,1,13,3,5,1,1,1,0,3,7,0,0,0,0,0,0,3,11,0,59,1,3,11,3,1,2013,22,0,61,7.0,4,2,1,1,211,Hibernating,475,Non-profitable
2457,1975,UnderGraduation,Partner,30801.0,0,1,2012-10-26,8,4,5,15,2,11,2,1,0,3,7,0,0,0,0,0,0,3,11,0,40,1,1,26,10,4,2012,26,0,23,11.25,4,4,1,1,411,Promising,611,Non-profitable
7930,1969,PostGraduation,Single,26877.0,0,0,2013-08-19,101,13,76,20,18,40,2,3,1,6,6,0,0,0,0,0,0,3,11,0,46,0,0,19,8,3,2013,16,0,74,26.8,10,2,3,3,233,At risk,314,Non-profitable
4587,1944,PostGraduation,Single,45006.0,0,0,2013-07-18,162,25,53,16,0,10,1,3,1,7,3,0,0,0,0,0,0,3,11,0,71,0,0,18,7,3,2013,17,0,90,24.181818181818183,11,1,3,3,133,At risk,346,Non-profitable
6682,1973,UnderGraduation,Partner,18978.0,1,0,2012-12-11,2,8,1,4,7,15,1,1,0,3,8,0,0,0,0,0,0,3,11,0,42,1,1,11,12,4,2012,25,0,41,9.25,4,3,1,1,311,About to sleep,565,Non-profitable
6222,1967,Graduation,Partner,22574.0,2,1,2013-10-28,25,0,8,2,0,2,2,2,0,3,7,0,0,0,0,0,0,3,11,0,48,1,3,28,10,4,2013,14,0,28,7.4,5,4,1,1,411,Promising,244,Non-profitable
10299,1969,PhD,Single,48240.0,0,0,2012-11-09,389,91,248,64,49,41,3,6,3,13,5,0,0,0,0,0,0,3,11,1,46,0,0,9,11,4,2012,26,3,73,40.09090909090909,22,2,5,4,254,Can't loose,597,Non-profitable
3083,1974,Graduation,Partner,45837.0,1,1,2013-07-26,215,13,87,17,17,24,5,6,2,5,7,0,0,0,0,0,0,3,11,0,41,1,2,26,7,3,2013,17,2,88,28.692307692307693,13,1,3,3,133,At risk,338,Non-profitable
8953,1965,PostGraduation,Single,35791.0,2,1,2013-05-06,27,0,5,0,0,3,2,1,0,3,8,0,0,0,0,0,0,3,11,0,50,1,3,6,5,2,2013,20,0,94,8.75,4,1,1,1,111,Hibernating,419,Non-profitable
8650,1978,Graduation,Single,54162.0,1,1,2013-03-18,5,6,10,6,5,10,1,1,0,3,4,0,0,0,0,0,0,3,11,0,37,1,2,18,3,1,2013,21,0,31,10.5,4,4,1,1,411,Promising,468,Profitable
10862,1960,PostGraduation,Partner,30522.0,0,1,2012-08-17,179,8,83,19,11,26,5,1,2,9,2,0,0,0,0,0,0,3,11,0,55,1,1,17,8,3,2012,28,0,6,27.166666666666668,12,5,3,3,533,Potential Loyalists,681,Non-profitable
2782,1961,PhD,Partner,54456.0,0,1,2013-07-11,352,0,27,10,0,15,3,6,1,7,6,0,0,0,0,0,0,3,11,0,54,1,1,11,7,3,2013,17,2,23,28.857142857142858,14,4,3,3,433,Potential Loyalists,353,Profitable
6941,1971,Graduation,Single,31632.0,0,0,2013-07-14,17,8,12,11,15,32,1,2,1,2,7,0,0,0,0,0,0,3,11,0,44,0,0,14,7,3,2013,17,0,92,19.0,5,1,1,2,112,Hibernating,350,Non-profitable
10972,1949,Graduation,Single,72298.0,0,0,2014-03-10,625,35,169,58,17,35,1,4,3,6,1,0,1,1,0,0,0,3,11,0,66,0,0,10,3,1,2014,9,3,52,72.23076923076923,13,3,3,5,335,Need Attention,111,Non-profitable
10708,1978,PostGraduation,Single,36975.0,1,0,2013-12-28,10,6,11,0,4,2,1,1,0,3,7,0,0,0,0,0,0,3,11,0,37,1,1,28,12,4,2013,12,0,50,8.25,4,3,1,1,311,About to sleep,183,Non-profitable
6583,1955,PostGraduation,Partner,72635.0,0,0,2013-06-03,390,22,323,104,35,107,1,6,8,6,3,0,0,0,1,0,0,3,11,0,60,0,0,3,6,2,2013,19,3,54,49.05,20,3,4,4,344,Loyal Customers,391,Non-profitable
3641,1976,Graduation,Partner,13624.0,1,0,2013-01-20,10,2,15,2,1,6,2,2,0,3,6,0,0,0,0,0,0,3,11,0,39,1,1,20,1,1,2013,23,0,93,7.2,5,1,1,1,111,Hibernating,525,Non-profitable
10156,1975,Graduation,Single,84196.0,0,1,2013-06-03,215,63,507,231,31,190,1,8,4,7,3,0,0,0,0,0,0,3,11,0,40,1,1,3,6,2,2013,19,3,56,65.10526315789474,19,3,4,4,344,Loyal Customers,391,Non-profitable
4299,1960,Graduation,Partner,70971.0,0,1,2012-09-21,1001,17,572,93,125,17,7,11,11,5,7,0,0,0,0,0,0,3,11,1,55,1,1,21,9,3,2012,27,1,28,67.5925925925926,27,4,5,4,454,Loyal Customers,646,Non-profitable
3469,1977,PhD,Single,34487.0,1,1,2012-09-06,19,18,33,24,1,8,3,3,0,3,9,0,0,0,0,0,0,3,11,0,38,1,2,6,9,3,2012,28,0,94,17.166666666666668,6,1,2,2,122,Hibernating,661,Non-profitable
5063,1977,Graduation,Single,28769.0,1,0,2012-12-18,41,5,129,10,3,3,3,4,1,4,9,0,0,0,0,0,0,3,11,0,38,1,1,18,12,4,2012,24,0,76,21.22222222222222,9,2,2,2,222,Hibernating,558,Non-profitable
10727,1970,PhD,Partner,69084.0,1,0,2013-11-19,1181,107,199,39,30,30,2,7,3,13,8,0,0,0,0,0,0,3,11,0,45,1,1,19,11,4,2013,13,1,43,68.95652173913044,23,3,5,5,355,Loyal Customers,222,Non-profitable
5156,1970,PostGraduation,Partner,62466.0,0,1,2014-01-15,129,129,259,168,121,83,5,6,3,12,4,0,0,0,0,0,0,3,11,0,45,1,1,15,1,1,2014,11,3,13,42.333333333333336,21,5,5,4,554,Champions,165,Non-profitable
4376,1960,PostGraduation,Single,32218.0,0,0,2014-02-15,10,24,15,13,1,30,1,2,1,3,7,1,0,0,0,0,0,3,11,1,55,0,0,15,2,1,2014,10,0,27,15.5,6,4,2,2,422,Potential Loyalists,134,Non-profitable
8923,1973,Graduation,Single,83917.0,0,0,2013-04-18,514,22,732,42,198,79,1,6,7,7,3,0,0,0,0,0,0,3,11,1,42,0,0,18,4,2,2013,20,1,12,79.35,20,5,4,5,545,Champions,437,Non-profitable
8461,1962,Graduation,Single,46102.0,2,1,2014-03-10,14,0,1,0,0,1,1,1,0,2,7,0,0,0,0,0,0,3,11,0,53,1,3,10,3,1,2014,9,0,3,5.333333333333333,3,5,1,1,511,New Customers,111,Non-profitable
6945,1952,Graduation,Single,84574.0,0,0,2013-06-04,387,20,713,38,54,163,1,9,11,11,5,0,0,0,0,0,0,3,11,0,63,0,0,4,6,2,2013,19,3,72,44.354838709677416,31,2,5,4,254,Can't loose,390,Non-profitable
944,1962,Graduation,Partner,56181.0,0,1,2013-01-08,121,103,69,8,44,48,1,4,2,7,4,0,0,0,0,0,0,3,11,0,53,1,1,8,1,1,2013,24,2,6,30.23076923076923,13,5,3,3,533,Potential Loyalists,537,Non-profitable
1907,1950,PostGraduation,Single,63120.0,0,1,2012-09-28,965,69,279,54,41,69,5,8,4,9,7,0,0,0,0,0,0,3,11,1,65,1,1,28,9,3,2012,27,1,53,70.33333333333333,21,3,5,5,355,Loyal Customers,639,Non-profitable
701,1971,Graduation,Partner,73691.0,0,1,2013-11-06,707,21,250,85,43,73,2,6,2,8,2,1,0,0,0,0,0,3,11,0,44,1,1,6,11,4,2013,14,3,58,73.6875,16,3,4,5,345,Loyal Customers,235,Profitable
3856,1960,Graduation,Partner,63381.0,0,1,2012-10-05,571,50,142,33,50,159,4,4,5,13,2,0,0,0,0,0,0,3,11,0,55,1,1,5,10,4,2012,27,3,78,45.68181818181818,22,2,5,4,254,Can't loose,632,Non-profitable
2131,1959,PhD,Single,62859.0,0,1,2012-12-30,1063,89,102,16,12,25,4,9,4,6,6,0,0,0,0,0,0,3,11,0,56,1,1,30,12,4,2012,24,3,37,68.78947368421052,19,4,4,5,445,Loyal Customers,546,Non-profitable
2942,1964,Graduation,Single,45906.0,0,1,2013-05-07,305,3,27,4,3,144,2,5,4,4,5,1,0,0,0,0,0,3,11,0,51,1,1,7,5,2,2013,20,2,20,37.38461538461539,13,4,3,4,434,Potential Loyalists,418,Non-profitable
1173,1947,PostGraduation,Partner,77632.0,0,0,2013-03-10,1200,105,758,0,42,147,1,4,2,6,2,0,1,1,0,0,0,3,11,1,68,0,0,10,3,1,2013,22,1,73,187.66666666666663,12,2,3,5,235,At risk,476,Non-profitable
4381,1971,PhD,Partner,46463.0,1,1,2013-08-18,163,2,40,8,11,11,7,3,1,6,6,0,0,0,0,0,0,3,11,0,44,1,2,18,8,3,2013,16,0,56,23.5,10,3,3,3,333,Need Attention,315,Non-profitable
4611,1970,Graduation,Partner,105471.0,0,0,2013-01-21,1009,181,104,202,21,207,0,9,8,13,3,0,0,1,1,0,0,3,11,1,45,0,0,21,1,1,2013,23,1,36,57.46666666666667,30,4,5,4,454,Loyal Customers,524,Non-profitable
3376,1970,PostGraduation,Single,55282.0,1,0,2013-12-13,125,6,73,8,4,19,1,3,1,6,4,0,0,0,0,0,0,3,11,0,45,1,1,13,12,4,2013,12,0,9,23.5,10,5,3,3,533,Potential Loyalists,198,Non-profitable
10928,1958,Graduation,Partner,66886.0,0,1,2013-09-16,315,4,62,41,31,146,2,7,1,7,5,0,0,0,0,0,0,3,11,0,57,1,1,16,9,3,2013,15,2,28,39.93333333333333,15,4,3,4,434,Potential Loyalists,286,Non-profitable
4248,1960,PostGraduation,Single,98777.0,0,0,2014-02-17,1000,19,711,125,115,38,0,4,6,9,1,0,1,0,0,0,0,3,11,0,55,0,0,17,2,1,2014,10,1,23,105.6842105263158,19,4,4,5,445,Loyal Customers,132,Non-profitable
6728,1985,Graduation,Partner,29103.0,1,0,2012-08-27,16,0,17,6,3,6,2,1,0,3,9,0,0,0,0,0,0,3,11,0,30,1,1,27,8,3,2012,28,0,38,12.0,4,4,1,2,412,Promising,671,Non-profitable
6661,1974,Graduation,Partner,67445.0,0,1,2012-08-12,757,80,217,29,80,11,5,9,6,12,6,0,0,0,0,0,0,3,11,0,41,1,1,12,8,3,2012,29,3,63,43.48148148148148,27,2,5,4,254,Can't loose,686,Profitable
4725,1950,PhD,Partner,50616.0,0,1,2014-04-13,30,2,25,0,1,9,1,1,1,4,2,0,0,0,0,0,0,3,11,0,65,1,1,13,4,2,2014,8,0,71,11.166666666666666,6,2,2,1,221,Hibernating,77,Non-profitable
3277,1955,Graduation,Single,49431.0,0,1,2012-08-03,219,3,100,26,0,17,2,7,1,5,8,0,0,0,0,0,0,3,11,0,60,1,1,3,8,3,2012,29,2,9,28.07692307692308,13,5,3,3,533,Potential Loyalists,695,Non-profitable
2564,1953,Graduation,Partner,61278.0,0,1,2014-01-04,111,3,28,2,6,15,2,3,1,4,6,0,0,0,0,0,0,3,11,0,62,1,1,4,1,1,2014,12,0,87,20.625,8,1,2,2,122,Hibernating,176,Non-profitable
946,1958,PostGraduation,Partner,26490.0,0,0,2012-09-22,45,47,52,21,20,25,2,3,1,5,6,0,0,0,0,0,0,3,11,0,57,0,0,22,9,3,2012,27,0,92,23.33333333333333,9,1,2,3,123,Hibernating,645,Non-profitable
3867,1947,PhD,Partner,73059.0,0,1,2013-08-31,410,112,420,0,82,71,1,9,3,13,4,0,0,0,0,0,0,3,11,0,68,1,1,31,8,3,2013,16,3,36,43.8,25,4,5,4,454,Loyal Customers,302,Non-profitable
6940,1966,PhD,Single,46734.0,1,2,2013-10-21,100,1,39,6,1,76,4,3,2,3,6,1,0,0,0,0,0,3,11,0,49,1,3,21,10,4,2013,14,0,86,27.875,8,1,2,3,123,Hibernating,251,Non-profitable
55,1963,Graduation,Partner,56253.0,0,1,2012-12-07,509,0,65,7,11,5,4,7,2,9,6,0,0,0,0,0,0,3,11,0,52,1,1,7,12,4,2012,25,2,83,33.166666666666664,18,1,4,3,143,At risk,569,Profitable
7093,1985,Graduation,Partner,19986.0,1,0,2013-11-14,3,6,5,0,2,6,1,0,0,3,7,0,0,0,0,0,0,3,11,0,30,1,1,14,11,4,2013,13,0,74,7.333333333333333,3,2,1,1,211,Hibernating,227,Non-profitable
5084,1975,Graduation,Single,58330.0,0,1,2013-12-25,445,53,213,104,98,151,1,6,4,13,4,0,0,0,0,0,0,3,11,0,40,1,1,25,12,4,2013,12,3,87,46.26086956521739,23,1,5,4,154,Can't loose,186,Non-profitable
1777,1980,UnderGraduation,Partner,25965.0,0,0,2012-09-07,2,2,11,41,7,11,1,2,0,3,8,0,0,0,0,0,0,3,11,0,35,0,0,7,9,3,2012,28,0,29,14.8,5,4,1,2,412,Promising,660,Non-profitable
8162,1956,PostGraduation,Partner,14661.0,0,0,2013-01-01,4,1,11,6,2,2,1,1,0,3,6,0,0,0,0,0,0,3,11,0,59,0,0,1,1,1,2013,24,0,88,6.5,4,1,1,1,111,Hibernating,544,Non-profitable
10826,1959,Graduation,Partner,18690.0,0,0,2012-12-28,6,1,7,23,4,19,1,1,1,2,8,0,0,0,0,0,0,3,11,0,56,0,0,28,12,4,2012,24,0,77,15.0,4,2,1,2,212,Hibernating,548,Non-profitable
8754,1974,PhD,Partner,45068.0,0,1,2013-05-16,14,0,3,0,0,3,1,1,0,2,7,0,0,0,0,0,0,3,11,0,41,1,1,16,5,2,2013,19,0,25,6.666666666666667,3,4,1,1,411,Promising,409,Non-profitable
1987,1987,UnderGraduation,Single,21063.0,1,0,2013-09-25,1,10,11,19,3,15,2,2,0,3,6,0,0,0,0,0,0,3,11,0,28,1,1,25,9,3,2013,15,0,34,11.8,5,4,1,2,412,Promising,277,Profitable
11007,1968,PhD,Partner,29187.0,1,0,2013-05-09,26,0,6,0,0,2,1,1,0,3,8,0,0,0,0,0,0,3,11,0,47,1,1,9,5,2,2013,20,0,43,8.5,4,3,1,1,311,About to sleep,416,Non-profitable
7426,1971,PostGraduation,Partner,54690.0,1,1,2013-11-07,111,16,37,7,9,18,3,3,1,5,3,0,0,0,0,0,0,3,11,0,44,1,2,7,11,4,2013,14,0,76,22.0,9,2,2,2,222,Hibernating,234,Non-profitable
9153,1964,PhD,Partner,59304.0,0,1,2013-07-29,418,61,428,80,51,10,3,7,8,10,5,0,0,0,0,0,0,3,11,0,51,1,1,29,7,3,2013,17,3,81,41.92,25,1,5,4,154,Can't loose,335,Non-profitable
10379,1962,PostGraduation,Single,59247.0,0,2,2013-11-08,327,9,122,19,14,83,5,5,2,9,6,0,0,0,0,0,0,3,11,0,53,1,2,8,11,4,2013,13,2,87,35.875,16,1,4,3,143,At risk,233,Non-profitable
9204,1970,Graduation,Single,66731.0,0,1,2012-09-12,371,159,194,58,106,141,4,4,3,6,3,0,0,0,0,0,0,3,11,0,45,1,1,12,9,3,2012,28,3,33,79.15384615384616,13,4,3,5,435,Potential Loyalists,655,Non-profitable
3197,1980,Graduation,Partner,77353.0,0,1,2013-12-16,275,59,107,69,101,59,2,6,4,8,4,0,0,0,0,0,0,3,11,0,35,1,1,16,12,4,2013,12,2,38,37.22222222222222,18,4,4,4,444,Loyal Customers,195,Non-profitable
2920,1975,PhD,Single,52614.0,0,1,2012-12-01,789,0,142,12,9,38,2,2,4,8,8,0,0,0,0,0,0,3,11,0,40,1,1,1,12,4,2012,25,3,63,70.71428571428571,14,2,3,5,235,At risk,575,Non-profitable
6961,1974,Graduation,Partner,26751.0,2,0,2014-05-22,1,1,5,0,3,1,1,1,0,2,8,0,0,0,0,0,0,3,11,0,41,1,2,22,5,2,2014,7,0,26,3.6666666666666665,3,4,1,1,411,Promising,38,Non-profitable
4673,1963,PhD,Partner,81300.0,0,1,2012-10-30,1004,12,145,32,12,36,3,10,3,5,5,0,0,0,1,0,0,3,11,1,52,1,1,30,10,4,2012,26,3,17,68.94444444444444,18,5,4,5,545,Champions,607,Non-profitable
9937,1979,Graduation,Single,70337.0,0,0,2014-01-02,187,81,149,25,43,91,1,2,2,12,1,0,0,0,0,0,0,3,11,0,36,0,0,2,1,1,2014,12,2,75,36.0,16,2,4,3,243,At risk,178,Non-profitable
8779,1985,PostGraduation,Partner,36145.0,1,0,2013-06-16,56,4,76,17,1,18,4,4,1,3,9,1,0,0,0,0,0,3,11,1,30,1,1,16,6,2,2013,18,0,13,21.5,8,5,2,2,522,Potential Loyalists,378,Non-profitable
9596,1980,PhD,Single,65295.0,0,0,2013-12-23,365,32,117,34,110,6,1,3,3,13,2,0,0,0,0,0,0,3,11,0,35,0,0,23,12,4,2013,12,2,19,34.94736842105263,19,5,4,3,543,Champions,188,Non-profitable
2891,1963,Graduation,Single,68118.0,0,1,2013-10-18,595,23,123,10,23,154,2,8,9,4,6,0,0,0,0,0,0,3,11,0,52,1,1,18,10,4,2013,14,3,51,44.19047619047619,21,3,5,4,354,Loyal Customers,254,Non-profitable
4910,1967,Graduation,Single,68743.0,0,0,2012-08-30,1132,134,384,175,134,115,1,11,5,13,7,0,0,0,0,0,0,3,11,0,48,0,0,30,8,3,2012,28,1,81,71.51724137931035,29,1,5,5,155,Can't loose,668,Non-profitable
75,1982,PostGraduation,Partner,41039.0,0,0,2013-07-25,34,11,137,179,61,45,1,8,1,5,8,0,0,0,0,0,0,3,11,0,33,0,0,25,7,3,2013,17,2,32,33.357142857142854,14,4,3,3,433,Potential Loyalists,339,Non-profitable
10120,1955,Graduation,Partner,38946.0,0,1,2013-10-24,116,6,82,6,6,41,2,3,1,6,5,0,0,0,0,0,0,3,11,0,60,1,1,24,10,4,2013,14,0,84,25.7,10,1,3,3,133,At risk,248,Non-profitable
6327,1967,Graduation,Partner,65777.0,0,0,2013-12-19,565,32,435,28,32,54,1,2,8,6,1,0,0,0,0,0,0,3,11,0,48,0,0,19,12,4,2013,12,3,87,71.625,16,1,4,5,145,At risk,192,Non-profitable
10142,1976,PhD,Single,66476.0,0,1,2013-03-07,372,18,126,47,48,78,2,5,2,11,4,0,0,0,0,0,0,3,11,0,39,1,1,7,3,1,2013,22,2,99,38.27777777777778,18,1,4,4,144,At risk,479,Non-profitable
9826,1972,PhD,Single,86857.0,0,0,2012-09-12,899,102,838,133,102,40,1,5,6,10,2,0,0,0,0,0,0,3,11,1,43,0,0,12,9,3,2012,28,1,96,100.66666666666669,21,1,5,5,155,Can't loose,655,Non-profitable
1501,1982,PhD,Partner,160803.0,0,0,2012-08-04,55,16,1622,17,3,4,15,0,28,1,0,0,0,0,0,0,0,3,11,0,33,0,0,4,8,3,2012,29,1,21,59.206896551724135,29,4,5,4,454,Loyal Customers,694,Non-profitable
10767,1989,PhD,Partner,77845.0,0,0,2014-05-16,760,40,480,0,40,26,1,3,5,12,1,0,0,1,1,0,0,3,11,0,26,0,0,16,5,2,2014,7,3,40,67.3,20,3,4,4,344,Loyal Customers,44,Non-profitable
7279,1969,PhD,Partner,69476.0,0,0,2013-09-30,260,86,559,63,9,67,1,4,6,4,2,0,0,0,0,0,0,3,11,0,46,0,0,30,9,3,2013,15,3,3,74.57142857142857,14,5,3,5,535,Potential Loyalists,272,Non-profitable
7230,1960,PhD,Single,50611.0,0,1,2012-10-04,459,0,24,6,0,4,6,4,5,7,6,0,1,0,0,0,0,3,11,1,55,1,1,4,10,4,2012,27,2,98,30.8125,16,1,4,3,143,At risk,633,Non-profitable
143,1970,Graduation,Single,61209.0,0,0,2013-08-25,466,0,224,119,49,99,1,5,3,4,2,0,0,0,0,0,0,3,11,0,45,0,0,25,8,3,2013,16,3,73,79.75,12,2,3,5,235,At risk,308,Non-profitable
450,1958,PostGraduation,Partner,42315.0,0,1,2013-07-12,67,15,80,17,11,80,3,1,4,4,3,0,0,0,0,0,0,3,11,0,57,1,1,12,7,3,2013,17,0,90,30.0,9,1,2,3,123,Hibernating,352,Non-profitable
9316,1952,UnderGraduation,Partner,13084.0,0,0,2013-11-02,2,0,7,3,7,10,1,1,0,3,6,0,0,0,0,0,0,3,11,0,63,0,0,2,11,4,2013,14,0,29,7.25,4,4,1,1,411,Promising,239,Non-profitable
6379,1949,PostGraduation,Single,47570.0,1,1,2013-05-29,67,1,20,0,2,31,3,2,2,2,7,0,0,0,0,0,0,3,11,1,66,1,2,29,5,2,2013,19,0,3,20.166666666666668,6,5,2,2,522,Potential Loyalists,396,Non-profitable
9239,1961,PostGraduation,Partner,61923.0,0,2,2013-07-26,92,4,18,3,3,6,1,2,1,4,3,0,0,0,0,0,0,3,11,0,54,1,2,26,7,3,2013,17,0,94,18.0,7,1,2,2,122,Hibernating,338,Non-profitable
8315,1995,Graduation,Single,34824.0,0,0,2014-03-26,4,2,11,2,0,4,1,1,0,2,6,0,0,0,0,0,0,3,11,0,20,0,0,26,3,1,2014,9,0,65,7.666666666666667,3,2,1,1,211,Hibernating,95,Profitable
2868,1949,PhD,Single,26518.0,1,1,2013-04-08,20,1,28,3,3,2,3,2,0,3,8,0,0,0,0,0,0,3,11,1,66,1,2,8,4,2,2013,21,0,33,11.4,5,4,1,2,412,Promising,447,Non-profitable
10888,1961,Graduation,Single,45938.0,0,0,2013-11-03,273,11,178,62,83,29,2,8,4,6,6,0,0,0,0,0,0,3,11,0,54,0,0,3,11,4,2013,14,2,46,35.333333333333336,18,3,4,3,343,Loyal Customers,238,Non-profitable
1277,1960,Graduation,Partner,78468.0,0,0,2014-04-09,434,22,388,104,22,34,1,10,7,10,4,0,0,0,1,0,0,3,11,0,55,0,0,9,4,2,2014,8,3,29,37.18518518518518,27,4,5,4,454,Loyal Customers,81,Non-profitable
9977,1973,Graduation,Single,78901.0,0,1,2013-09-17,321,11,309,33,26,34,3,9,3,5,4,0,0,0,0,0,0,3,11,0,42,1,1,17,9,3,2013,15,2,99,43.1764705882353,17,1,4,4,144,At risk,285,Non-profitable
10196,1978,Graduation,Partner,71427.0,2,0,2014-03-12,212,123,177,15,64,23,2,8,2,8,4,0,0,0,0,0,0,3,11,0,37,1,2,12,3,1,2014,9,2,26,34.111111111111114,18,4,4,3,443,Loyal Customers,109,Non-profitable
6384,1978,Graduation,Single,71022.0,0,1,2014-02-11,909,12,278,0,12,242,3,5,2,11,8,1,0,0,0,0,0,3,11,0,37,1,1,11,2,1,2014,10,1,30,80.72222222222223,18,4,4,5,445,Loyal Customers,138,Non-profitable
8029,1988,PostGraduation,Single,90247.0,0,0,2014-04-29,1184,32,352,21,16,16,1,3,4,7,1,0,1,1,1,0,0,3,11,1,27,0,0,29,4,2,2014,8,1,27,115.78571428571428,14,4,3,5,435,Potential Loyalists,61,Non-profitable
968,1968,PostGraduation,Single,41335.0,1,0,2013-12-26,112,19,21,16,14,5,3,4,1,4,7,0,0,0,0,0,0,3,11,0,47,1,1,26,12,4,2013,12,0,24,20.77777777777778,9,4,2,2,422,Potential Loyalists,185,Non-profitable
6988,1986,Graduation,Partner,71952.0,1,0,2013-01-10,656,80,455,52,107,93,2,8,4,8,4,1,0,1,0,0,0,3,11,0,29,1,1,10,1,1,2013,24,3,93,72.15,20,1,4,5,145,At risk,535,Non-profitable
6991,1951,Graduation,Single,43185.0,0,1,2013-04-10,537,6,42,16,6,30,2,9,3,6,8,0,0,0,0,0,0,3,11,0,64,1,1,10,4,2,2013,21,2,88,35.388888888888886,18,1,4,3,143,At risk,445,Non-profitable
3336,1948,PhD,Partner,66375.0,0,1,2013-11-21,712,0,45,0,0,191,3,2,4,5,7,1,0,0,0,0,0,3,11,0,67,1,1,21,11,4,2013,13,3,96,86.18181818181819,11,1,3,5,135,At risk,220,Non-profitable
4301,1971,PostGraduation,Partner,35178.0,1,0,2013-01-10,23,1,13,2,2,18,1,1,1,2,7,1,0,0,0,0,0,3,11,1,44,1,1,10,1,1,2013,24,0,10,14.75,4,5,1,2,512,New Customers,535,Non-profitable
1940,1986,Graduation,Partner,25252.0,1,0,2013-07-12,1,3,4,2,2,6,1,1,0,2,8,0,0,0,0,0,0,3,11,0,29,1,1,12,7,3,2013,17,0,26,6.0,3,4,1,1,411,Promising,352,Non-profitable
1272,1965,PostGraduation,Single,55250.0,0,1,2012-10-21,664,58,83,32,0,66,4,7,5,10,5,0,0,0,0,0,0,3,11,0,50,1,1,21,10,4,2012,26,3,49,41.04545454545455,22,3,5,4,354,Loyal Customers,616,Non-profitable
1388,1975,Graduation,Single,33249.0,1,0,2013-02-20,6,10,21,19,14,42,2,2,1,3,6,0,0,0,0,0,0,3,11,0,40,1,1,20,2,1,2013,22,0,11,18.666666666666668,6,5,2,2,522,Potential Loyalists,494,Non-profitable
1044,1953,Graduation,Partner,58398.0,0,0,2013-05-14,299,5,201,21,21,49,3,5,4,8,4,0,0,0,0,0,0,3,11,0,62,0,0,14,5,2,2013,19,2,44,35.05882352941177,17,3,4,3,343,Loyal Customers,411,Non-profitable
6969,1982,Graduation,Partner,50272.0,1,0,2013-08-07,99,13,66,43,8,4,3,4,1,5,7,0,0,0,0,0,0,3,11,0,33,1,1,7,8,3,2013,17,0,75,23.3,10,2,3,3,233,At risk,326,Profitable
10479,1975,PhD,Partner,76618.0,0,0,2012-12-07,749,40,294,121,160,147,1,3,2,5,1,0,0,0,0,0,0,3,11,0,40,0,0,7,12,4,2012,25,1,64,151.1,10,2,3,5,235,At risk,569,Non-profitable
3619,1960,PostGraduation,Single,87305.0,0,0,2012-09-23,345,25,501,63,138,80,1,5,3,8,2,0,0,1,0,0,0,3,11,1,55,0,0,23,9,3,2012,27,3,19,72.0,16,5,4,5,545,Champions,644,Non-profitable
1715,1978,Graduation,Partner,25851.0,1,0,2013-02-11,9,4,18,7,5,5,2,2,0,3,7,0,0,0,0,0,0,3,11,0,37,1,1,11,2,1,2013,22,0,45,9.6,5,3,1,1,311,About to sleep,503,Non-profitable
10159,1970,Graduation,Single,58710.0,0,1,2013-03-31,440,81,368,0,122,174,6,11,5,9,6,0,0,0,0,0,0,3,11,0,45,1,1,31,3,1,2013,21,3,77,47.4,25,2,5,4,254,Can't loose,455,Non-profitable
1463,1958,Graduation,Single,45160.0,1,1,2014-03-29,8,2,5,3,0,3,1,1,0,2,7,0,0,0,0,0,0,3,11,0,57,1,2,29,3,1,2014,9,0,9,7.0,3,5,1,1,511,New Customers,92,Non-profitable
5114,1965,PostGraduation,Partner,74806.0,0,1,2012-12-19,670,9,249,0,28,9,2,5,4,5,4,0,0,0,0,0,0,3,11,0,50,1,1,19,12,4,2012,24,3,1,68.92857142857143,14,5,3,5,535,Potential Loyalists,557,Non-profitable
4990,1954,Graduation,Partner,59111.0,0,0,2013-05-02,524,0,134,28,28,155,1,11,1,8,7,0,0,0,0,0,0,3,11,0,61,0,0,2,5,2,2013,20,3,90,43.45,20,1,4,4,144,At risk,423,Non-profitable
10936,1965,Graduation,Partner,72190.0,0,0,2013-02-13,597,166,597,172,166,249,1,5,6,4,3,0,0,0,0,0,0,3,11,0,50,0,0,13,2,1,2013,22,1,79,129.8,15,2,3,5,235,At risk,501,Non-profitable
4692,1976,Graduation,Partner,7500.0,1,0,2012-08-01,7,0,12,13,7,32,5,4,1,2,9,1,0,0,0,0,0,3,11,1,39,1,1,1,8,3,2012,29,0,19,10.142857142857142,7,5,2,1,521,Potential Loyalists,697,Non-profitable
6086,1955,Graduation,Partner,80395.0,0,0,2013-11-23,445,25,706,80,76,48,1,6,5,12,2,0,0,0,1,0,0,3,11,0,60,0,0,23,11,4,2013,13,3,62,60.0,23,2,5,4,254,Can't loose,218,Non-profitable
437,1976,PostGraduation,Single,75012.0,0,0,2014-01-25,294,142,218,164,58,151,1,3,8,11,1,0,0,0,0,0,0,3,11,0,39,0,0,25,1,1,2014,11,3,41,46.68181818181818,22,3,5,4,354,Loyal Customers,155,Non-profitable
11171,1965,PostGraduation,Partner,56962.0,2,1,2013-10-11,292,3,77,10,3,26,7,6,3,5,7,0,0,0,0,0,0,3,11,0,50,1,3,11,10,4,2013,14,2,60,29.357142857142858,14,2,3,3,233,At risk,261,Non-profitable
11101,1991,Graduation,Partner,89891.0,0,0,2013-04-15,412,22,132,59,28,183,1,11,6,8,4,0,0,1,0,0,0,3,11,0,24,0,0,15,4,2,2013,20,2,17,33.44,25,5,5,3,553,Champions,440,Non-profitable
5329,1949,PhD,Single,35946.0,1,1,2013-09-27,8,0,3,0,0,0,1,0,0,3,5,0,0,0,0,0,0,3,11,0,66,1,2,27,9,3,2013,15,0,24,3.6666666666666665,3,4,1,1,411,Promising,275,Non-profitable
610,1953,PhD,Partner,53593.0,1,1,2012-08-07,349,4,78,6,0,43,8,7,2,6,8,0,0,0,0,0,0,3,11,0,62,1,2,7,8,3,2012,29,2,60,32.0,15,2,3,3,233,At risk,691,Non-profitable
9384,1978,Graduation,Partner,66373.0,1,1,2013-06-12,328,9,124,12,24,109,7,4,2,10,3,0,0,0,0,0,0,3,11,0,37,1,2,12,6,2,2013,18,2,57,37.875,16,3,4,4,344,Loyal Customers,382,Non-profitable
5956,1948,PhD,Single,45072.0,1,2,2013-10-16,144,2,99,7,2,30,5,6,1,4,8,0,0,0,0,0,0,3,11,0,67,1,3,16,10,4,2013,14,0,74,25.818181818181817,11,2,3,3,233,At risk,256,Non-profitable
10430,1973,Graduation,Single,89694.0,1,1,2013-10-09,1126,28,211,37,28,42,3,4,3,4,5,0,1,1,1,0,0,3,11,0,42,1,2,9,10,4,2013,14,1,22,133.8181818181818,11,4,3,5,435,Potential Loyalists,263,Non-profitable
7875,1949,Graduation,Partner,72025.0,0,0,2014-04-29,967,0,617,43,50,0,1,4,8,13,2,0,1,1,1,0,0,3,11,1,66,0,0,29,4,2,2014,8,1,46,67.08,25,3,5,4,354,Loyal Customers,61,Profitable
7072,1973,Graduation,Partner,67432.0,0,1,2013-03-29,432,79,341,177,136,170,2,8,5,4,4,0,0,0,0,0,0,3,11,0,42,1,1,29,3,1,2013,21,3,69,78.52941176470588,17,2,4,5,245,At risk,457,Profitable
6516,1989,UnderGraduation,Partner,17487.0,1,0,2013-03-18,0,0,1,7,4,6,1,1,0,2,7,0,0,0,0,0,0,3,11,0,26,1,1,18,3,1,2013,21,0,37,6.0,3,4,1,1,411,Promising,468,Profitable
5564,1969,Graduation,Partner,62882.0,0,1,2012-08-09,509,133,497,78,24,97,2,7,5,6,4,0,0,0,0,0,0,3,11,0,46,1,1,9,8,3,2012,29,3,26,74.33333333333333,18,4,4,5,445,Loyal Customers,689,Profitable
5682,1953,PhD,Single,64108.0,0,1,2013-03-23,948,10,86,13,21,21,4,6,9,11,5,0,0,0,0,0,0,3,11,0,62,1,1,23,3,1,2013,21,3,8,42.26923076923077,26,5,5,4,554,Champions,463,Non-profitable
7458,1956,PostGraduation,Partner,34941.0,1,1,2013-03-06,39,2,25,4,3,24,2,3,0,3,8,0,0,0,0,0,0,3,11,0,59,1,2,6,3,1,2013,22,0,26,16.166666666666668,6,4,2,2,422,Potential Loyalists,480,Non-profitable
5237,1950,PhD,Single,48767.0,1,2,2014-01-01,28,1,21,3,0,10,3,2,1,3,5,0,0,0,0,0,0,3,11,0,65,1,3,1,1,1,2014,12,0,79,10.5,6,2,2,1,221,Hibernating,179,Non-profitable
7761,1978,PostGraduation,Partner,38702.0,1,0,2013-08-01,13,11,24,13,8,40,2,3,0,4,6,0,0,0,0,0,0,3,11,0,37,1,1,1,8,3,2013,17,0,71,15.571428571428571,7,2,2,2,222,Hibernating,332,Profitable
5278,1964,Graduation,Partner,82224.0,0,0,2014-01-25,307,26,360,138,31,40,1,6,9,5,3,0,0,0,1,0,0,3,11,0,51,0,0,25,1,1,2014,11,3,83,45.1,20,1,4,4,144,At risk,155,Non-profitable
3560,1952,Graduation,Partner,83844.0,0,0,2013-05-12,901,31,345,75,31,191,1,4,4,11,1,0,0,1,0,0,0,3,11,0,63,0,0,12,5,2,2013,19,1,57,82.84210526315789,19,3,4,5,345,Loyal Customers,413,Profitable
7235,1975,PostGraduation,Partner,17003.0,1,0,2013-12-09,2,5,12,4,8,7,3,2,0,4,5,0,0,0,0,0,0,3,11,0,40,1,1,9,12,4,2013,12,0,37,6.333333333333333,6,4,2,1,421,Potential Loyalists,202,Non-profitable
10548,1995,Graduation,Single,71163.0,0,0,2014-03-09,283,17,372,138,106,44,1,3,8,12,1,0,0,0,0,0,0,3,11,0,20,0,0,9,3,1,2014,9,3,30,41.73913043478261,23,4,5,4,454,Loyal Customers,112,Non-profitable
2281,1970,Graduation,Single,33697.0,1,0,2013-09-15,4,3,7,0,3,11,1,1,0,2,7,1,0,0,0,0,0,3,11,0,45,1,1,15,9,3,2013,15,0,34,9.333333333333334,3,4,1,1,411,Promising,287,Non-profitable
4073,1954,PostGraduation,Partner,63564.0,0,0,2014-01-29,769,80,252,15,34,65,1,10,10,7,6,1,0,0,0,0,0,3,11,1,61,0,0,29,1,1,2014,11,3,0,45.0,27,5,5,4,554,Champions,151,Non-profitable
6974,1972,PhD,Partner,83443.0,0,0,2013-12-31,518,42,742,55,56,84,1,6,10,5,2,0,0,0,0,0,0,3,11,0,43,0,0,31,12,4,2013,12,1,89,71.28571428571429,21,1,5,5,155,Can't loose,180,Non-profitable
7938,1958,PhD,Partner,51518.0,0,1,2013-10-03,350,8,66,17,4,4,2,3,2,10,3,0,0,0,0,0,0,3,11,0,57,1,1,3,10,4,2013,15,2,92,29.933333333333334,15,1,3,3,133,At risk,269,Non-profitable
7094,1975,Graduation,Single,58330.0,0,1,2013-12-25,445,53,213,104,98,151,1,6,4,13,4,0,0,0,0,0,0,3,11,0,40,1,1,25,12,4,2013,12,3,87,46.26086956521739,23,1,5,4,154,Can't loose,186,Non-profitable
3667,1969,Graduation,Partner,80952.0,0,0,2013-02-28,778,178,689,41,27,44,1,8,5,11,8,0,1,1,1,0,0,3,11,1,46,0,0,28,2,1,2013,22,1,20,73.20833333333333,24,4,5,5,455,Loyal Customers,486,Non-profitable
7723,1979,Graduation,Partner,75507.0,0,0,2014-05-02,709,93,374,104,80,80,1,8,6,6,3,0,0,0,0,0,0,3,11,0,36,0,0,2,5,2,2014,8,3,56,72.0,20,3,4,5,345,Loyal Customers,58,Non-profitable
3870,1978,PostGraduation,Partner,63855.0,0,0,2013-02-09,359,35,314,93,116,89,1,7,3,13,4,0,0,0,0,0,0,3,11,0,37,0,0,9,2,1,2013,23,3,28,43.73913043478261,23,4,5,4,454,Loyal Customers,505,Non-profitable
4012,1972,PhD,Partner,62220.0,0,1,2012-08-11,799,12,375,16,12,12,5,7,6,5,6,0,0,0,0,0,0,3,11,1,43,1,1,11,8,3,2012,29,3,55,68.11111111111111,18,3,4,4,344,Loyal Customers,687,Non-profitable
5909,1964,Graduation,Partner,58512.0,0,1,2013-09-19,895,10,101,13,0,152,5,3,4,8,8,0,0,0,0,0,0,3,11,0,51,1,1,19,9,3,2013,15,3,25,78.06666666666666,15,4,3,5,435,Potential Loyalists,283,Non-profitable
10470,1979,PostGraduation,Partner,40662.0,1,0,2013-03-15,40,2,23,0,4,23,2,2,1,3,4,0,0,0,0,0,0,3,11,0,36,1,1,15,3,1,2013,21,0,0,15.333333333333334,6,5,2,2,522,Potential Loyalists,471,Non-profitable
10270,1981,PostGraduation,Partner,35523.0,1,0,2013-10-03,11,5,22,12,5,11,2,3,0,3,7,0,0,0,0,0,0,3,11,0,34,1,1,3,10,4,2013,15,0,8,11.0,6,5,2,1,521,Potential Loyalists,269,Non-profitable
6887,1967,Graduation,Single,79146.0,1,1,2014-04-24,245,16,223,21,43,16,2,8,1,8,6,0,0,0,0,0,0,3,11,0,48,1,2,24,4,2,2014,8,2,33,33.1764705882353,17,4,4,3,443,Loyal Customers,66,Non-profitable
6406,1988,PostGraduation,Partner,78285.0,0,0,2013-10-28,647,107,391,175,67,40,1,6,4,10,3,0,0,0,0,0,0,3,11,0,27,0,0,28,10,4,2013,14,3,13,71.35,20,5,4,5,545,Champions,244,Profitable
7573,1978,PhD,Single,31626.0,1,0,2013-05-10,39,1,9,2,1,34,1,2,1,2,7,1,0,0,0,0,0,3,11,1,37,1,1,10,5,2,2013,20,0,12,17.2,5,5,1,2,512,New Customers,415,Non-profitable
221,1955,Graduation,Partner,48726.0,0,1,2013-04-27,138,3,38,4,0,59,3,3,2,4,6,0,0,0,0,0,0,3,11,0,60,1,1,27,4,2,2013,20,0,90,26.88888888888889,9,1,2,3,123,Hibernating,428,Non-profitable
5331,1977,Graduation,Partner,74985.0,0,0,2012-09-11,587,51,898,247,0,86,1,3,6,7,2,0,0,0,0,0,0,3,11,0,38,0,0,11,9,3,2012,28,1,8,116.8125,16,5,4,5,545,Champions,656,Non-profitable
1911,1987,Graduation,Partner,67430.0,0,0,2012-09-05,595,97,291,127,133,121,1,11,5,12,6,0,0,0,0,0,0,3,11,0,28,0,0,5,9,3,2012,28,3,6,48.71428571428572,28,5,5,4,554,Champions,662,Non-profitable
20,1965,PostGraduation,Partner,46891.0,0,1,2013-09-01,43,12,23,29,15,61,1,2,1,4,4,0,0,0,0,0,0,3,11,0,50,1,1,1,9,3,2013,16,0,91,26.142857142857142,7,1,2,3,123,Hibernating,301,Non-profitable
8786,1956,PostGraduation,Partner,62058.0,0,1,2013-05-26,301,7,74,10,0,58,4,6,1,7,6,0,0,0,0,0,0,3,11,0,59,1,1,26,5,2,2013,19,2,52,32.142857142857146,14,3,3,3,333,Need Attention,399,Non-profitable
10582,1979,Graduation,Partner,72063.0,0,1,2013-07-03,180,32,348,76,32,90,2,5,2,12,2,0,0,0,0,0,0,3,11,0,36,1,1,3,7,3,2013,18,2,3,39.89473684210526,19,5,4,4,544,Champions,361,Non-profitable
1915,1951,PhD,Partner,78939.0,0,0,2013-12-12,794,115,243,150,0,205,1,8,5,6,3,0,0,0,0,0,0,3,11,0,64,0,0,12,12,4,2013,12,1,57,79.3157894736842,19,3,4,5,345,Loyal Customers,199,Non-profitable
8897,1965,Graduation,Single,42720.0,1,1,2013-04-24,392,5,91,28,26,112,8,7,3,7,8,0,0,0,0,0,0,3,11,1,50,1,2,24,4,2,2013,20,2,9,38.47058823529412,17,5,4,4,544,Champions,431,Profitable
2371,1972,Graduation,Partner,33622.0,1,1,2013-04-13,39,1,22,3,4,12,3,2,0,4,7,0,0,0,0,0,0,3,11,0,43,1,2,13,4,2,2013,20,0,22,13.5,6,4,2,2,422,Potential Loyalists,442,Non-profitable
4303,1957,PhD,Partner,6835.0,0,1,2012-12-08,107,2,12,2,2,12,0,0,0,1,20,0,0,0,0,0,0,3,11,0,58,1,1,8,12,4,2012,25,0,76,137.0,1,2,1,5,215,Hibernating,568,Profitable
6825,1953,Graduation,Partner,41452.0,1,1,2013-03-06,13,0,3,0,0,0,1,1,0,2,7,0,0,0,0,0,0,3,11,0,62,1,2,6,3,1,2013,22,0,86,5.333333333333333,3,1,1,1,111,Hibernating,480,Non-profitable
1072,1965,PhD,Single,40760.0,0,1,2013-08-30,70,0,17,0,0,6,2,2,1,3,6,0,0,0,0,0,0,3,11,0,50,1,1,30,8,3,2013,16,0,64,15.5,6,2,2,2,222,Hibernating,303,Non-profitable
4964,1958,PhD,Partner,74250.0,0,0,2014-01-26,680,11,392,75,0,0,1,2,11,4,1,0,0,0,0,0,0,3,11,0,57,0,0,26,1,1,2014,11,3,90,68.11764705882354,17,1,4,4,144,At risk,154,Non-profitable
2461,1955,PostGraduation,Single,51124.0,1,1,2013-12-18,26,1,11,0,1,4,2,1,0,3,3,0,0,0,0,0,0,3,11,0,60,1,2,18,12,4,2013,12,0,79,10.75,4,2,1,1,211,Hibernating,193,Non-profitable
10736,1971,Graduation,Single,72258.0,0,1,2013-09-12,522,0,522,227,120,134,2,6,9,5,2,0,0,0,0,0,0,3,11,0,44,1,1,12,9,3,2013,15,1,28,76.25,20,4,4,5,445,Loyal Customers,290,Non-profitable
10839,1976,Graduation,Partner,36283.0,1,1,2014-04-14,6,5,5,8,0,5,2,1,0,3,4,0,0,0,0,0,0,3,11,0,39,1,2,14,4,2,2014,8,0,42,7.25,4,3,1,1,311,About to sleep,76,Non-profitable
49,1970,Graduation,Single,20587.0,1,0,2014-05-11,2,3,6,4,1,9,1,1,1,2,7,0,0,0,0,0,0,3,11,0,45,1,1,11,5,2,2014,7,0,39,6.25,4,4,1,1,411,Promising,49,Non-profitable
4290,1972,Graduation,Partner,30467.0,1,0,2014-03-19,1,3,8,2,5,5,1,1,0,2,7,0,0,0,0,0,0,3,11,0,43,1,1,19,3,1,2014,9,0,8,8.0,3,5,1,1,511,New Customers,102,Non-profitable
10219,1972,Graduation,Partner,31590.0,1,0,2013-06-18,6,2,15,6,6,3,1,1,0,3,8,0,0,0,0,0,0,3,11,0,43,1,1,18,6,2,2013,18,0,40,9.5,4,3,1,1,311,About to sleep,376,Non-profitable
4211,1986,UnderGraduation,Partner,20425.0,1,0,2012-10-29,4,12,5,3,16,17,2,2,0,3,7,0,0,0,0,0,0,3,11,0,29,1,1,29,10,4,2012,26,0,5,11.4,5,5,1,2,512,New Customers,608,Non-profitable
1135,1960,PostGraduation,Partner,17144.0,1,1,2014-02-15,18,2,19,0,2,6,5,3,0,4,7,0,0,0,0,0,0,3,11,0,55,1,2,15,2,1,2014,10,0,96,6.714285714285714,7,1,2,1,121,Hibernating,134,Non-profitable
6299,1968,PhD,Single,42564.0,0,1,2013-01-02,324,48,186,39,18,198,6,6,8,4,7,1,0,0,0,0,0,3,11,1,47,1,1,2,1,1,2013,24,2,28,45.16666666666666,18,4,4,4,444,Loyal Customers,543,Non-profitable
10846,1978,PostGraduation,Partner,43783.0,1,0,2014-05-29,327,9,125,25,4,139,6,7,1,8,7,1,0,0,0,0,0,3,11,0,37,1,1,29,5,2,2014,7,2,22,39.3125,16,4,4,4,444,Loyal Customers,31,Non-profitable
347,1976,Graduation,Single,40780.0,0,1,2012-09-08,229,27,71,13,3,34,4,7,1,5,9,0,0,0,0,0,0,3,11,0,39,1,1,8,9,3,2012,28,2,30,29.0,13,4,3,3,433,Potential Loyalists,659,Non-profitable
6543,1945,PostGraduation,Partner,62847.0,0,0,2013-01-15,521,168,706,80,76,61,1,3,6,4,2,0,0,0,0,0,0,3,11,0,70,0,0,15,1,1,2013,23,1,45,124.0,13,3,3,5,335,Need Attention,530,Non-profitable
10446,1957,PhD,Partner,82017.0,0,0,2012-11-07,184,23,446,30,23,23,1,5,4,7,2,0,1,1,1,0,0,3,11,1,58,0,0,7,11,4,2012,26,2,58,45.5625,16,3,4,4,344,Loyal Customers,599,Non-profitable
3479,1950,Graduation,Single,16813.0,0,0,2013-07-19,4,8,11,12,2,13,1,2,0,3,7,1,0,0,0,0,0,3,11,0,65,0,0,19,7,3,2013,17,0,49,10.0,5,3,1,1,311,About to sleep,345,Non-profitable
11075,1978,Graduation,Partner,51267.0,1,1,2013-10-29,183,2,64,7,2,12,4,3,3,5,4,0,0,0,0,0,0,3,11,0,37,1,2,29,10,4,2013,14,0,37,24.545454545454547,11,4,3,3,433,Potential Loyalists,243,Non-profitable
4442,1961,Graduation,Single,46524.0,0,1,2013-04-05,31,19,35,26,14,52,2,1,1,5,3,0,0,0,0,0,0,3,11,0,54,1,1,5,4,2,2013,21,0,70,25.285714285714285,7,2,2,3,223,Hibernating,450,Non-profitable
199,1962,PostGraduation,Single,45183.0,0,0,2013-01-20,219,3,60,12,9,12,1,4,1,7,7,0,1,0,0,0,0,3,11,0,53,0,0,20,1,1,2013,23,0,33,26.25,12,4,3,3,433,Potential Loyalists,525,Non-profitable
796,1965,PostGraduation,Single,60161.0,0,1,2012-10-23,584,44,212,46,8,177,3,11,4,8,8,0,0,0,0,0,0,3,11,0,50,1,1,23,10,4,2012,26,3,17,46.56521739130435,23,5,5,4,554,Champions,614,Non-profitable
3749,1973,Graduation,Partner,73926.0,0,0,2013-03-02,627,91,597,159,91,15,1,6,5,12,3,0,0,0,0,0,0,3,11,0,42,0,0,2,3,1,2013,22,1,54,68.69565217391305,23,3,5,5,355,Loyal Customers,484,Non-profitable
8523,1968,Graduation,Partner,19329.0,1,0,2013-12-14,24,1,16,12,2,5,3,4,0,3,8,0,0,0,0,0,0,3,11,0,47,1,1,14,12,4,2013,12,0,39,8.571428571428571,7,4,2,1,421,Potential Loyalists,197,Non-profitable
310,1970,PostGraduation,Partner,61872.0,0,1,2013-12-13,330,5,159,36,27,16,4,4,4,9,4,0,0,0,0,0,0,3,11,0,45,1,1,13,12,4,2013,12,2,81,33.705882352941174,17,1,4,3,143,At risk,198,Non-profitable
8629,1956,Graduation,Single,46984.0,1,1,2013-03-26,19,1,10,2,1,8,1,1,0,3,5,0,0,0,0,0,0,3,11,0,59,1,2,26,3,1,2013,21,0,71,10.25,4,2,1,1,211,Hibernating,460,Non-profitable
236,1951,Graduation,Partner,34838.0,1,1,2013-01-19,28,23,29,29,14,47,3,2,1,4,6,0,0,0,0,0,0,3,11,0,64,1,2,19,1,1,2013,23,0,62,24.285714285714285,7,2,2,3,223,Hibernating,526,Non-profitable
9930,1944,PhD,Single,82716.0,0,0,2013-11-05,606,148,228,15,148,22,1,6,8,13,2,0,0,0,0,0,0,3,11,0,71,0,0,5,11,4,2013,14,3,8,43.22222222222222,27,5,5,4,554,Champions,236,Non-profitable
3483,1958,Graduation,Partner,48192.0,0,0,2013-04-06,1039,43,204,153,58,29,3,2,8,12,8,0,1,0,1,1,0,3,11,1,57,0,0,6,4,2,2013,21,1,76,69.36363636363636,22,2,5,5,255,Can't loose,449,Non-profitable
4599,1976,PostGraduation,Partner,49681.0,0,2,2013-11-04,411,0,26,0,0,21,6,7,1,7,7,0,0,0,0,0,0,3,11,0,39,1,2,4,11,4,2013,14,2,66,30.53333333333333,15,2,3,3,233,At risk,237,Non-profitable
7326,1971,PostGraduation,Partner,56850.0,0,1,2014-03-23,34,1,19,2,7,0,1,1,1,3,2,0,0,0,0,0,0,3,11,0,44,1,1,23,3,1,2014,9,0,83,12.6,5,1,1,2,112,Hibernating,98,Non-profitable
7352,1957,Graduation,Partner,55267.0,0,1,2013-10-21,161,28,136,32,3,45,4,3,4,6,3,0,0,0,0,0,0,3,11,0,58,1,1,21,10,4,2013,14,2,28,31.153846153846157,13,4,3,3,433,Potential Loyalists,251,Non-profitable
2350,1972,Graduation,Partner,59666.0,1,1,2013-03-22,623,53,178,23,17,133,7,3,2,8,8,0,1,0,0,0,0,3,11,0,43,1,2,22,3,1,2013,21,3,87,79.0,13,1,3,5,135,At risk,464,Non-profitable
9145,1972,Graduation,Single,72504.0,0,1,2013-04-06,604,26,470,123,161,94,2,5,9,6,2,0,0,0,0,0,0,3,11,0,43,1,1,6,4,2,2013,21,1,43,73.9,20,3,4,5,345,Loyal Customers,449,Non-profitable
2964,1981,Graduation,Partner,26872.0,0,0,2013-10-16,3,10,8,3,16,32,1,1,1,2,6,0,0,0,0,0,0,3,11,0,34,0,0,16,10,4,2013,14,0,0,18.0,4,5,1,2,512,New Customers,256,Non-profitable
5585,1972,Graduation,Single,21359.0,1,0,2013-04-20,12,2,17,6,1,10,2,2,0,3,8,0,0,0,0,0,0,3,11,1,43,1,1,20,4,2,2013,20,0,1,9.6,5,5,1,1,511,New Customers,435,Non-profitable
9687,1975,Graduation,Single,73170.0,0,0,2014-05-31,184,174,256,50,30,32,1,5,4,6,2,0,0,0,0,0,0,3,11,0,40,0,0,31,5,2,2014,7,2,1,48.4,15,5,3,4,534,Potential Loyalists,29,Non-profitable
3732,1955,PostGraduation,Partner,52750.0,0,1,2013-02-04,393,0,239,90,69,69,6,5,7,9,4,0,0,0,0,0,0,3,11,0,60,1,1,4,2,1,2013,23,3,72,40.95238095238095,21,2,5,4,254,Can't loose,510,Non-profitable
6303,1986,PhD,Partner,91820.0,0,0,2013-11-23,410,73,747,76,161,30,0,5,5,12,1,0,0,0,0,0,0,3,11,0,29,0,0,23,11,4,2013,13,1,72,68.04545454545455,22,2,5,4,254,Can't loose,218,Non-profitable
11176,1970,PhD,Partner,65968.0,0,1,2014-05-12,376,9,83,19,4,4,2,5,4,7,3,0,0,0,0,0,0,3,11,0,45,1,1,12,5,2,2014,7,2,12,30.9375,16,5,4,3,543,Champions,48,Profitable
2986,1976,Graduation,Partner,30772.0,1,1,2014-03-12,7,2,4,2,1,4,1,1,0,2,6,0,0,0,0,0,0,3,11,0,39,1,2,12,3,1,2014,9,0,89,6.666666666666667,3,1,1,1,111,Hibernating,109,Non-profitable
7462,1954,Graduation,Single,22507.0,0,0,2012-11-24,68,0,226,51,157,68,3,10,2,4,9,0,0,0,0,0,0,3,11,0,61,0,0,24,11,4,2012,25,2,67,35.625,16,2,4,3,243,At risk,582,Non-profitable
3900,1972,Graduation,Partner,65685.0,0,1,2014-03-29,642,14,49,0,7,57,1,9,2,9,5,0,0,0,0,0,0,3,11,0,43,1,1,29,3,1,2014,9,2,54,38.45,20,3,4,4,344,Loyal Customers,92,Non-profitable
7034,1978,PostGraduation,Partner,25804.0,1,0,2013-09-01,8,7,9,13,6,12,2,2,0,3,8,0,0,0,0,0,0,3,11,0,37,1,1,1,9,3,2013,16,0,34,11.0,5,4,1,1,411,Promising,301,Non-profitable
9493,1980,PhD,Single,76412.0,0,0,2013-05-05,840,53,804,23,71,17,1,5,4,8,3,0,0,1,1,0,0,3,11,1,35,0,0,5,5,2,2013,20,1,15,106.3529411764706,17,5,4,5,545,Champions,420,Non-profitable
1143,1972,Graduation,Partner,22063.0,1,0,2013-08-08,7,10,13,3,11,11,2,2,0,3,7,0,0,0,0,0,0,3,11,0,43,1,1,8,8,3,2013,17,0,43,11.0,5,3,1,1,311,About to sleep,325,Non-profitable
1,1961,Graduation,Single,57091.0,0,0,2014-06-15,464,5,64,7,0,37,1,7,3,7,5,0,0,0,0,1,0,3,11,1,54,0,0,15,6,2,2014,6,2,0,33.94117647058823,17,5,4,3,543,Champions,14,Non-profitable
3855,1963,Graduation,Partner,22419.0,0,0,2013-04-18,30,3,47,19,21,42,1,3,2,2,8,0,0,0,0,0,0,3,11,0,52,0,0,18,4,2,2013,20,0,74,23.142857142857142,7,2,2,2,222,Hibernating,437,Non-profitable
5536,1959,Graduation,Partner,87771.0,0,1,2013-05-22,1492,38,287,50,57,33,1,5,10,4,6,0,1,1,1,1,0,3,11,1,56,1,1,22,5,2,2013,19,1,61,103.0,19,2,4,5,245,At risk,403,Non-profitable
5989,1959,PostGraduation,Single,78353.0,0,1,2013-04-16,752,122,476,39,153,34,1,10,2,11,8,0,0,0,0,0,0,3,11,0,56,1,1,16,4,2,2013,20,1,51,68.52173913043478,23,3,5,5,355,Loyal Customers,439,Non-profitable
9499,1954,Graduation,Partner,93404.0,1,2,2013-05-07,1279,15,287,20,0,15,3,3,4,7,5,0,1,1,0,0,0,3,11,0,61,1,3,7,5,2,2013,20,1,97,115.42857142857144,14,1,3,5,135,At risk,418,Non-profitable
6768,1962,Graduation,Single,37859.0,1,2,2013-01-12,22,1,8,2,1,2,2,1,0,3,8,0,0,0,0,0,0,3,11,0,53,1,3,12,1,1,2013,23,0,75,9.0,4,2,1,1,211,Hibernating,533,Profitable
2150,1958,PhD,Single,80995.0,0,1,2013-05-11,860,28,409,73,56,56,1,8,9,4,4,0,0,0,0,0,0,3,11,0,57,1,1,11,5,2,2013,20,1,83,70.57142857142857,21,1,5,5,155,Can't loose,414,Non-profitable
6646,1984,Graduation,Partner,16529.0,1,0,2014-03-01,3,0,5,13,0,1,1,1,0,3,6,0,0,0,0,0,0,3,11,0,31,1,1,1,3,1,2014,10,0,23,5.5,4,4,1,1,411,Promising,120,Non-profitable
4887,1976,PhD,Single,55412.0,1,1,2013-11-22,10,5,28,11,1,8,1,2,0,3,5,0,0,0,0,0,0,3,11,0,39,1,2,22,11,4,2013,13,0,65,12.6,5,2,1,2,212,Hibernating,219,Non-profitable
8560,1992,Graduation,Single,48789.0,0,0,2012-09-10,351,16,156,7,5,145,1,6,4,7,6,0,0,0,0,0,0,3,11,0,23,0,0,10,9,3,2012,28,2,94,40.0,17,1,4,4,144,At risk,657,Non-profitable
3321,1967,PhD,Partner,56575.0,0,2,2013-05-05,421,5,90,0,16,10,3,7,3,7,5,0,0,0,0,0,0,3,11,0,48,1,2,5,5,2,2013,20,2,42,31.88235294117647,17,3,4,3,343,Loyal Customers,420,Non-profitable
11003,1980,PostGraduation,Partner,25130.0,1,0,2013-10-02,2,5,7,0,18,18,2,2,0,3,7,0,0,0,0,0,0,3,11,0,35,1,1,2,10,4,2013,15,0,10,10.0,5,5,1,1,511,New Customers,270,Non-profitable
10402,1967,Graduation,Partner,35441.0,1,1,2013-02-14,25,1,9,2,1,1,2,1,0,3,8,0,0,0,0,0,0,3,11,0,48,1,2,14,2,1,2013,22,0,94,9.75,4,1,1,1,111,Hibernating,500,Non-profitable
9904,1956,Graduation,Partner,71391.0,0,1,2013-03-29,336,123,274,46,123,141,5,6,5,12,3,0,0,0,0,0,0,3,11,0,59,1,1,29,3,1,2013,21,3,50,45.34782608695652,23,3,5,4,354,Loyal Customers,457,Non-profitable
6141,1972,PostGraduation,Single,49494.0,1,0,2013-04-25,191,9,97,0,6,82,2,6,1,5,7,0,0,0,0,0,0,3,11,0,43,1,1,25,4,2,2013,20,2,46,32.083333333333336,12,3,3,3,333,Need Attention,430,Non-profitable
5687,1980,Graduation,Single,81702.0,0,0,2012-09-23,563,50,774,28,31,187,1,7,7,12,3,0,0,0,0,0,0,3,11,0,35,0,0,23,9,3,2012,27,1,98,62.80769230769231,26,1,5,4,154,Can't loose,644,Non-profitable
10856,1980,PostGraduation,Single,45889.0,0,1,2013-07-02,31,0,6,0,1,8,1,1,0,3,6,0,0,0,0,0,0,3,11,0,35,1,1,2,7,3,2013,18,0,42,11.5,4,3,1,2,312,About to sleep,362,Non-profitable
5121,1977,Graduation,Single,56628.0,0,1,2014-03-21,479,5,82,7,17,171,2,7,6,5,5,1,0,0,0,0,0,3,11,0,38,1,1,21,3,1,2014,9,2,30,42.27777777777778,18,4,4,4,444,Loyal Customers,100,Non-profitable
4186,1950,Graduation,Partner,34026.0,1,1,2013-08-05,18,6,15,12,8,17,3,2,1,3,5,0,0,0,0,0,0,3,11,0,65,1,2,5,8,3,2013,17,0,11,12.666666666666666,6,5,2,2,522,Potential Loyalists,328,Non-profitable
368,1974,Graduation,Partner,40049.0,0,1,2012-11-29,91,65,52,10,44,28,3,3,2,6,5,0,0,0,0,0,0,3,11,0,41,1,1,29,11,4,2012,25,0,61,26.363636363636363,11,2,3,3,233,At risk,577,Non-profitable
3312,1988,Graduation,Single,34176.0,1,0,2014-05-12,5,7,24,19,14,20,4,3,0,4,6,0,0,0,0,0,0,3,11,0,27,1,1,12,5,2,2014,7,0,12,12.714285714285714,7,5,2,2,522,Potential Loyalists,48,Non-profitable
11121,1981,Graduation,Partner,19419.0,1,0,2012-11-10,2,14,28,16,3,7,4,4,0,3,9,0,0,0,0,0,0,3,11,0,34,1,1,10,11,4,2012,26,0,76,10.0,7,2,2,1,221,Hibernating,596,Non-profitable
5332,1960,PostGraduation,Partner,82504.0,0,0,2013-07-27,362,50,431,134,35,54,1,3,6,7,1,0,0,0,0,0,0,3,11,0,55,0,0,27,7,3,2013,17,3,2,66.625,16,5,4,4,544,Champions,337,Non-profitable
5848,1970,Graduation,Partner,81205.0,0,0,2014-01-13,724,74,929,97,55,130,1,5,6,7,2,1,0,1,0,1,0,3,11,1,45,0,0,13,1,1,2014,11,1,43,111.61111111111111,18,3,4,5,345,Loyal Customers,167,Non-profitable
10343,1991,PostGraduation,Single,61618.0,0,0,2012-09-29,605,91,399,0,45,205,2,3,6,8,3,0,0,0,0,0,0,3,11,0,24,0,0,29,9,3,2012,27,3,27,79.11764705882354,17,4,4,5,445,Loyal Customers,638,Profitable
5935,1956,PostGraduation,Single,55284.0,0,1,2012-12-24,547,7,140,0,7,63,3,7,5,8,5,0,0,0,0,0,0,3,11,0,59,1,1,24,12,4,2012,24,2,60,38.2,20,2,4,4,244,At risk,552,Non-profitable
2895,1963,Graduation,Single,49980.0,0,1,2013-10-23,104,1,54,13,9,14,2,3,1,5,5,0,0,0,0,0,0,3,11,0,52,1,1,23,10,4,2013,14,0,79,21.666666666666668,9,2,2,2,222,Hibernating,249,Non-profitable
10262,1980,Graduation,Partner,15072.0,2,0,2013-05-10,8,2,15,0,10,18,4,3,1,3,5,0,0,0,0,0,0,3,11,0,35,1,2,10,5,2,2013,20,0,96,7.571428571428571,7,1,2,1,121,Hibernating,415,Non-profitable
7848,1974,Graduation,Single,49166.0,0,1,2013-06-13,224,2,25,7,0,110,2,5,3,3,6,0,0,0,0,0,0,3,11,0,41,1,1,13,6,2,2013,18,2,17,33.45454545454545,11,5,3,3,533,Potential Loyalists,381,Non-profitable
9477,1954,PhD,Partner,65324.0,0,1,2014-01-11,384,0,102,21,32,5,3,6,2,9,4,0,0,0,0,0,0,3,11,0,61,1,1,11,1,1,2014,11,2,0,32.0,17,5,4,3,543,Champions,169,Non-profitable
4856,1957,PostGraduation,Partner,82347.0,0,0,2012-11-06,556,54,845,202,133,63,1,7,7,10,3,1,0,0,1,0,0,3,11,0,58,0,0,6,11,4,2012,26,1,38,77.20833333333333,24,4,5,5,455,Loyal Customers,600,Non-profitable
5794,1974,PhD,Partner,46374.0,0,1,2014-03-17,408,0,21,0,0,17,3,7,1,7,8,0,1,0,1,0,0,3,11,1,41,1,1,17,3,1,2014,9,2,1,29.73333333333333,15,5,3,3,533,Potential Loyalists,104,Non-profitable
1456,1979,Graduation,Single,60474.0,0,1,2013-04-01,265,199,303,234,9,170,7,10,2,12,7,0,0,0,0,0,0,3,11,0,36,1,1,1,4,2,2013,21,3,25,49.16666666666666,24,4,5,4,454,Loyal Customers,454,Non-profitable
4877,1973,PostGraduation,Partner,38576.0,0,1,2014-03-04,34,0,7,0,0,0,1,1,0,3,7,0,0,0,0,0,0,3,11,0,42,1,1,4,3,1,2014,10,0,2,10.25,4,5,1,1,511,New Customers,117,Non-profitable
425,1985,Graduation,Partner,55357.0,2,0,2013-02-19,374,64,116,84,25,64,3,6,2,11,5,0,0,0,0,0,0,3,11,0,30,1,2,19,2,1,2013,22,2,66,38.26315789473684,19,2,4,4,244,At risk,495,Non-profitable
3007,1966,Graduation,Partner,37758.0,1,1,2012-10-04,27,2,10,0,0,1,2,1,0,3,8,0,0,0,0,0,0,3,11,0,49,1,2,4,10,4,2012,27,0,49,10.0,4,3,1,1,311,About to sleep,633,Non-profitable
1031,1989,PostGraduation,Partner,85710.0,0,0,2013-05-05,600,20,350,29,30,33,1,6,9,10,2,0,0,1,0,0,0,3,11,0,26,0,0,5,5,2,2013,20,3,5,42.48,25,5,5,4,554,Champions,420,Non-profitable
4297,1969,Graduation,Partner,23228.0,1,0,2014-01-26,13,2,18,6,1,0,2,2,0,3,8,0,0,0,0,0,0,3,11,0,46,1,1,26,1,1,2014,11,0,71,8.0,5,2,1,1,211,Hibernating,154,Profitable
807,1969,PostGraduation,Partner,44602.0,1,1,2014-02-15,167,2,89,0,0,34,6,6,1,4,8,0,0,0,0,0,0,3,11,0,46,1,2,15,2,1,2014,10,0,35,26.545454545454547,11,4,3,3,433,Potential Loyalists,134,Non-profitable
9553,1987,Graduation,Partner,7500.0,0,0,2013-01-09,0,2,3,4,1,5,1,0,0,3,6,0,0,0,0,0,0,3,11,0,28,0,0,9,1,1,2013,24,0,94,5.0,3,1,1,1,111,Hibernating,536,Non-profitable
4271,1989,PostGraduation,Partner,38683.0,1,0,2012-10-04,46,35,69,84,41,66,6,4,1,6,7,0,0,0,0,0,0,3,11,0,26,1,1,4,10,4,2012,27,2,80,31.0,11,1,3,3,133,At risk,633,Non-profitable
4120,1975,PostGraduation,Single,49514.0,1,0,2013-12-17,88,39,78,58,13,93,2,6,1,4,7,0,0,0,0,0,0,3,11,0,40,1,1,17,12,4,2013,12,2,61,33.54545454545455,11,2,3,3,233,At risk,194,Non-profitable
2036,1973,PhD,Partner,57906.0,0,1,2013-06-11,243,11,119,10,3,15,3,4,2,8,4,0,0,0,0,0,0,3,11,0,42,1,1,11,6,2,2013,18,2,29,28.642857142857142,14,4,3,3,433,Potential Loyalists,383,Non-profitable
115,1966,PostGraduation,Single,43456.0,0,1,2013-03-26,275,11,68,25,7,7,3,5,1,8,5,0,0,0,0,0,0,3,11,0,49,1,1,26,3,1,2013,21,2,0,28.071428571428573,14,5,3,3,533,Potential Loyalists,460,Non-profitable
4259,1986,PostGraduation,Single,19485.0,2,0,2013-09-24,6,0,4,0,0,0,1,1,0,2,7,0,0,0,0,0,0,3,11,0,29,1,2,24,9,3,2013,15,0,80,3.333333333333333,3,1,1,1,111,Hibernating,278,Non-profitable
8687,1978,Graduation,Partner,53172.0,0,1,2013-05-06,121,62,90,68,20,125,3,2,3,8,3,0,0,0,0,0,0,3,11,0,37,1,1,6,5,2,2013,20,2,54,37.38461538461539,13,3,3,4,334,Need Attention,419,Non-profitable
2447,1979,Graduation,Partner,30545.0,1,0,2012-10-17,4,12,15,19,7,12,2,2,0,3,7,0,0,0,0,0,0,3,11,0,36,1,1,17,10,4,2012,26,0,71,13.8,5,2,1,2,212,Hibernating,620,Non-profitable
10140,1983,PhD,Partner,70123.0,0,0,2013-09-28,1308,0,396,23,0,0,1,5,7,4,3,0,1,0,0,1,0,3,11,0,32,0,0,28,9,3,2013,15,1,27,107.9375,16,4,4,5,445,Loyal Customers,274,Non-profitable
9353,1959,Graduation,Single,62450.0,0,1,2014-01-06,515,47,267,62,66,38,2,5,5,4,3,0,1,0,0,0,0,3,11,0,56,1,1,6,1,1,2014,12,3,61,71.07142857142857,14,2,3,5,235,At risk,174,Non-profitable
738,1981,PostGraduation,Single,42395.0,1,1,2014-04-04,48,13,57,24,15,25,4,3,1,4,7,0,0,0,0,0,0,3,11,0,34,1,2,4,4,2,2014,9,0,35,22.75,8,4,2,2,422,Potential Loyalists,86,Non-profitable
7631,1978,PostGraduation,Partner,61346.0,1,0,2013-10-06,562,58,168,43,16,142,1,5,7,10,3,0,0,0,0,0,0,3,11,0,37,1,1,6,10,4,2013,15,3,34,44.95454545454545,22,4,5,4,454,Loyal Customers,266,Non-profitable
4789,1953,Graduation,Partner,80812.0,0,0,2013-09-17,769,22,500,210,143,33,1,4,8,5,2,1,0,1,1,0,0,3,11,0,62,0,0,17,9,3,2013,15,1,95,98.6470588235294,17,1,4,5,145,At risk,285,Non-profitable
773,1971,PostGraduation,Single,42835.0,1,1,2013-06-30,379,4,93,12,9,98,7,6,6,4,6,0,0,0,0,0,0,3,11,0,44,1,2,30,6,2,2013,18,2,64,37.1875,16,2,4,4,244,At risk,364,Profitable
10602,1983,Graduation,Partner,39922.0,1,0,2013-02-14,29,12,59,19,1,36,2,3,0,4,8,0,0,0,0,0,0,3,11,0,32,1,1,14,2,1,2013,22,0,30,22.285714285714285,7,4,2,2,422,Potential Loyalists,500,Non-profitable
1446,1956,PostGraduation,Single,86424.0,0,0,2014-04-05,387,68,569,89,45,68,1,6,9,12,1,0,0,0,0,0,0,3,11,0,59,0,0,5,4,2,2014,9,3,12,45.407407407407405,27,5,5,4,554,Champions,85,Non-profitable
3270,1978,PostGraduation,Partner,17117.0,1,0,2013-01-17,12,23,38,30,18,7,4,3,1,3,9,0,0,0,0,0,0,3,11,0,37,1,1,17,1,1,2013,23,0,96,18.285714285714285,7,1,2,2,122,Hibernating,528,Non-profitable
8443,1972,Graduation,Single,24762.0,1,0,2014-02-10,6,10,12,3,15,40,3,3,1,2,8,1,0,0,0,0,0,3,11,1,43,1,1,10,2,1,2014,10,0,16,14.333333333333334,6,5,2,2,522,Potential Loyalists,139,Profitable
9653,1975,Graduation,Partner,35797.0,0,1,2012-10-16,27,1,14,4,1,21,2,2,0,3,8,0,0,0,0,0,0,3,11,0,40,1,1,16,10,4,2012,26,0,16,13.6,5,5,1,2,512,New Customers,621,Non-profitable
8916,1975,Graduation,Single,36627.0,2,0,2013-07-23,9,1,5,0,0,1,1,0,0,3,5,0,0,0,0,0,0,3,11,0,40,1,2,23,7,3,2013,17,0,78,5.333333333333333,3,2,1,1,211,Hibernating,341,Non-profitable
5830,1972,PhD,Single,86857.0,0,0,2012-09-12,899,102,838,133,102,40,1,5,6,10,2,0,0,0,0,0,0,3,11,1,43,0,0,12,9,3,2012,28,1,96,100.66666666666669,21,1,5,5,155,Can't loose,655,Non-profitable
4597,1970,PhD,Partner,82072.0,0,0,2013-07-02,889,55,685,168,92,129,1,3,2,13,1,0,0,0,0,0,0,3,11,0,45,0,0,2,7,3,2013,18,1,67,112.11111111111111,18,2,4,5,245,At risk,362,Non-profitable
7023,1953,PhD,Single,46231.0,2,1,2012-11-26,189,2,55,0,5,12,4,6,1,4,9,0,0,0,0,0,0,3,11,0,62,1,3,26,11,4,2012,25,0,87,23.90909090909091,11,1,3,3,133,At risk,580,Non-profitable
8086,1959,Graduation,Partner,42243.0,1,1,2013-12-11,48,0,2,0,0,5,2,2,0,3,7,0,0,0,0,0,0,3,11,0,56,1,2,11,12,4,2013,12,0,34,11.0,5,4,1,1,411,Promising,200,Non-profitable
8825,1962,Graduation,Partner,51195.0,1,1,2013-04-01,230,14,156,82,24,58,8,9,2,5,8,0,0,0,0,0,0,3,11,0,53,1,2,1,4,2,2013,21,2,46,35.25,16,3,4,3,343,Loyal Customers,454,Non-profitable
2930,1978,PostGraduation,Single,68092.0,0,0,2013-12-16,852,60,207,78,36,48,2,2,6,10,5,0,0,0,0,0,0,3,11,0,37,0,0,16,12,4,2013,12,3,7,71.16666666666667,18,5,4,5,545,Champions,195,Non-profitable
1928,1973,Graduation,Partner,31814.0,1,0,2013-02-09,35,3,20,4,1,20,2,2,0,3,9,1,0,0,0,0,0,3,11,0,42,1,1,9,2,1,2013,23,0,73,16.6,5,2,1,2,212,Hibernating,505,Non-profitable
7108,1965,PostGraduation,Single,51390.0,1,1,2012-09-08,205,20,47,23,2,56,6,5,2,5,5,0,0,0,0,0,0,3,11,0,50,1,2,8,9,3,2012,28,2,54,29.416666666666668,12,3,3,3,333,Need Attention,659,Non-profitable
10925,1983,Graduation,Partner,76630.0,0,0,2014-01-14,255,31,446,40,56,175,1,3,10,11,1,0,0,0,0,0,0,3,11,0,32,0,0,14,1,1,2014,11,3,93,41.79166666666666,24,1,5,4,154,Can't loose,166,Non-profitable
9960,1991,UnderGraduation,Single,26868.0,1,0,2014-04-30,0,0,1,8,3,2,1,1,0,2,7,0,0,0,0,0,0,3,11,0,24,1,1,30,4,2,2014,8,0,52,4.666666666666667,3,3,1,1,311,About to sleep,60,Non-profitable
8800,1943,PhD,Single,48948.0,0,0,2013-02-01,437,8,206,160,49,42,2,7,10,5,6,1,0,0,0,0,0,3,11,1,72,0,0,1,2,1,2013,23,3,53,41.0,22,3,5,4,354,Loyal Customers,513,Non-profitable
9224,1972,PhD,Single,55260.0,0,1,2012-12-12,825,8,53,11,0,242,2,8,10,5,6,0,0,0,0,0,0,3,11,0,43,1,1,12,12,4,2012,25,3,81,49.52173913043478,23,1,5,4,154,Can't loose,564,Profitable
5519,1956,Graduation,Partner,64090.0,0,1,2013-08-07,316,58,161,76,51,135,1,6,9,4,5,0,0,0,0,0,0,3,11,1,59,1,1,7,8,3,2013,17,2,8,41.94736842105263,19,5,4,4,544,Champions,326,Non-profitable
5046,1958,Graduation,Single,78331.0,0,1,2014-01-23,756,138,354,160,169,61,2,10,6,7,4,0,0,0,0,0,0,3,11,0,57,1,1,23,1,1,2014,11,1,97,71.21739130434783,23,1,5,5,155,Can't loose,157,Profitable
7037,1974,PhD,Partner,37087.0,1,0,2013-08-11,194,55,134,15,0,3,3,4,2,8,6,0,0,0,0,0,0,3,11,0,41,1,1,11,8,3,2013,16,2,50,28.642857142857142,14,3,3,3,333,Need Attention,322,Non-profitable
905,1986,Graduation,Single,21846.0,1,0,2013-10-22,7,17,18,6,10,26,4,4,0,3,8,0,0,0,0,0,0,3,11,0,29,1,1,22,10,4,2013,14,0,38,12.0,7,4,2,2,422,Potential Loyalists,250,Non-profitable
8624,1958,Graduation,Partner,81320.0,0,0,2013-02-06,183,33,493,59,103,57,1,4,3,10,2,0,0,0,0,0,0,3,11,0,57,0,0,6,2,1,2013,23,3,61,54.588235294117645,17,2,4,4,244,At risk,508,Non-profitable
8945,1970,Graduation,Single,54137.0,0,1,2013-08-16,171,0,11,0,1,20,2,4,1,4,6,0,0,0,0,0,0,3,11,0,45,1,1,16,8,3,2013,16,0,46,22.55555555555556,9,3,2,2,322,About to sleep,317,Non-profitable
6445,1967,Graduation,Partner,66825.0,0,0,2013-07-14,243,101,405,29,40,40,1,4,5,6,2,0,0,0,0,0,0,3,11,0,48,0,0,14,7,3,2013,17,3,73,57.2,15,2,3,4,234,At risk,350,Non-profitable
2727,1973,Graduation,Partner,57100.0,0,0,2013-12-04,181,21,69,39,3,96,1,3,3,6,3,0,0,0,0,0,0,3,11,0,42,0,0,4,12,4,2013,13,2,19,34.083333333333336,12,5,3,3,533,Potential Loyalists,207,Profitable
6404,1969,Graduation,Partner,58917.0,1,2,2013-03-24,151,7,89,0,7,28,5,4,1,6,5,0,0,0,0,0,0,3,11,0,46,1,3,24,3,1,2013,21,0,10,25.63636363636364,11,5,3,3,533,Potential Loyalists,462,Non-profitable
10150,1961,Graduation,Single,86429.0,0,0,2013-11-21,464,28,873,29,18,37,0,7,4,7,2,0,0,0,1,0,0,3,11,1,54,0,0,21,11,4,2013,13,1,10,80.5,18,5,4,5,545,Champions,220,Non-profitable
1968,1971,Graduation,Single,45684.0,1,0,2013-12-02,5,1,5,10,0,7,1,1,0,2,7,0,0,0,0,0,0,3,11,0,44,1,1,2,12,4,2013,13,0,37,9.333333333333334,3,4,1,1,411,Promising,209,Non-profitable
6534,1974,Graduation,Partner,47889.0,1,0,2014-01-04,29,0,29,0,5,4,1,2,0,3,5,0,0,0,0,0,0,3,11,0,41,1,1,4,1,1,2014,12,0,94,13.4,5,1,1,2,112,Hibernating,176,Non-profitable
9485,1986,PhD,Partner,45921.0,0,0,2014-03-10,102,9,49,24,3,12,1,2,1,6,4,0,0,0,0,0,0,3,11,0,29,0,0,10,3,1,2014,9,0,23,22.11111111111111,9,4,2,2,422,Potential Loyalists,111,Non-profitable
7053,1966,PhD,Single,78420.0,0,0,2013-06-29,604,28,674,91,28,28,1,3,10,8,1,0,0,0,0,0,0,3,11,0,49,0,0,29,6,2,2013,18,1,75,69.19047619047619,21,2,5,5,255,Can't loose,365,Non-profitable
4654,1992,Graduation,Partner,75114.0,0,0,2013-11-07,571,12,523,63,60,24,1,3,10,5,2,0,0,0,0,0,0,3,11,0,23,0,0,7,11,4,2013,14,3,40,69.61111111111111,18,3,4,5,345,Loyal Customers,234,Non-profitable
9760,1963,PhD,Single,52278.0,0,1,2013-01-25,953,0,71,0,0,174,6,10,5,10,8,0,0,0,0,0,0,3,11,1,52,1,1,25,1,1,2013,23,3,24,47.92,25,4,5,4,454,Loyal Customers,520,Non-profitable
1048,1972,PostGraduation,Partner,35641.0,1,0,2013-07-14,63,3,67,8,9,28,2,3,1,4,7,0,0,0,0,0,0,3,11,1,43,1,1,14,7,3,2013,17,0,11,22.25,8,5,2,2,522,Potential Loyalists,350,Non-profitable
10619,1994,Graduation,Single,95529.0,0,0,2012-12-03,770,29,890,250,27,24,1,7,3,7,3,0,0,1,0,0,0,3,11,1,21,0,0,3,12,4,2012,25,1,29,117.05882352941175,17,4,4,5,445,Loyal Customers,573,Non-profitable
9308,1954,Graduation,Partner,62820.0,0,0,2013-05-11,398,61,265,138,61,53,1,3,4,6,1,0,0,0,0,0,0,3,11,0,61,0,0,11,5,2,2013,20,3,51,75.07692307692308,13,3,3,5,335,Need Attention,414,Non-profitable
10505,1960,PostGraduation,Partner,73113.0,0,0,2013-12-26,741,19,154,50,9,28,1,3,4,7,2,0,0,0,0,0,0,3,11,0,55,0,0,26,12,4,2013,12,3,86,71.5,14,1,3,5,135,At risk,185,Non-profitable
8362,1982,PhD,Partner,84169.0,0,0,2013-08-07,1478,19,403,0,19,0,1,7,6,6,3,0,1,1,0,0,0,3,11,1,33,0,0,7,8,3,2013,17,1,9,101.0,19,5,4,5,545,Champions,326,Non-profitable
2625,1954,PostGraduation,Single,42607.0,0,1,2013-11-17,156,29,56,30,32,47,2,3,2,7,3,0,0,0,0,0,0,3,11,0,61,1,1,17,11,4,2013,13,2,30,29.166666666666668,12,4,3,3,433,Potential Loyalists,224,Non-profitable
4637,1954,PhD,Single,74637.0,0,0,2013-05-18,960,64,464,146,0,16,1,6,9,9,3,0,0,0,1,0,0,3,11,0,61,0,0,18,5,2,2013,19,1,73,68.75,24,2,5,5,255,Can't loose,407,Non-profitable
9972,1955,PhD,Partner,46015.0,1,1,2014-04-13,38,0,2,0,0,6,1,1,0,3,7,1,0,0,0,1,0,3,11,0,60,1,2,13,4,2,2014,8,0,25,11.5,4,4,1,2,412,Promising,77,Non-profitable
4483,1993,Graduation,Single,72354.0,0,0,2013-04-17,315,26,473,220,12,182,1,2,10,6,1,0,0,0,0,0,0,3,11,0,22,0,0,17,4,2,2013,20,3,67,68.22222222222223,18,2,4,4,244,At risk,438,Non-profitable
4487,1969,PostGraduation,Single,39858.0,1,0,2013-01-24,15,20,25,2,7,26,1,2,0,4,6,0,0,0,0,0,0,3,11,1,46,1,1,24,1,1,2013,23,0,67,15.833333333333334,6,2,2,2,222,Hibernating,521,Non-profitable
5871,1979,PostGraduation,Partner,24401.0,0,0,2012-08-31,73,28,217,10,24,115,3,6,1,6,8,0,0,0,0,0,0,3,11,0,36,0,0,31,8,3,2012,28,2,98,35.92307692307692,13,1,3,3,133,At risk,667,Non-profitable
2008,1978,Graduation,Partner,77583.0,0,0,2014-02-10,372,23,384,250,12,108,1,4,5,9,2,0,0,0,1,0,0,3,11,0,37,0,0,10,2,1,2014,10,3,93,63.833333333333336,18,1,4,4,144,At risk,139,Non-profitable
3139,1982,PostGraduation,Single,74116.0,0,0,2013-12-30,871,111,704,145,55,166,1,4,4,10,2,0,1,0,0,0,0,3,11,0,33,0,0,30,12,4,2013,12,1,53,114.0,18,3,4,5,345,Loyal Customers,181,Non-profitable
10673,1976,PhD,Partner,68397.0,0,1,2013-11-17,760,80,466,17,13,80,1,6,9,5,3,0,0,0,0,0,0,3,11,0,39,1,1,17,11,4,2013,13,3,6,70.8,20,5,4,5,545,Champions,224,Non-profitable
5303,1974,PhD,Partner,79632.0,0,0,2014-04-08,471,0,510,99,21,12,1,6,4,9,2,0,0,0,0,0,0,3,11,0,41,0,0,8,4,2,2014,8,3,42,58.578947368421055,19,3,4,4,344,Loyal Customers,82,Non-profitable
538,1989,Graduation,Single,46107.0,1,0,2014-02-10,31,9,27,16,9,33,1,1,1,4,3,0,0,0,0,0,0,3,11,0,26,1,1,10,2,1,2014,10,0,78,20.83333333333333,6,2,2,2,222,Hibernating,139,Non-profitable
7922,1951,PhD,Single,64950.0,0,1,2012-08-12,819,0,72,12,0,63,2,11,2,10,7,0,1,0,0,0,0,3,11,0,64,1,1,12,8,3,2012,29,3,29,42.0,23,4,5,4,454,Loyal Customers,686,Non-profitable
5692,1989,UnderGraduation,Partner,25443.0,1,0,2012-12-22,1,4,3,8,9,7,1,1,0,3,8,0,0,0,0,0,0,3,11,0,26,1,1,22,12,4,2012,24,0,82,8.0,4,1,1,1,111,Hibernating,554,Non-profitable
1628,1971,Graduation,Partner,71796.0,0,0,2013-10-24,354,21,311,167,75,32,1,9,3,4,4,0,0,0,0,0,0,3,11,0,44,0,0,24,10,4,2013,14,3,54,60.0,16,3,4,4,344,Loyal Customers,248,Non-profitable
1204,1970,PhD,Partner,67536.0,0,1,2013-05-22,1253,0,447,23,71,35,3,11,5,11,8,0,0,0,1,0,0,3,11,0,45,1,1,22,5,2,2013,19,1,45,67.74074074074075,27,3,5,4,354,Loyal Customers,403,Profitable
3673,1971,Graduation,Single,55239.0,0,1,2013-07-14,371,17,238,23,24,106,3,7,5,11,5,0,0,0,0,0,0,3,11,0,44,1,1,14,7,3,2013,17,2,59,33.869565217391305,23,2,5,3,253,Can't loose,350,Non-profitable
760,1975,PhD,Single,60554.0,1,0,2013-08-09,588,7,76,110,15,15,2,8,4,9,6,0,0,0,0,0,0,3,11,0,40,1,1,9,8,3,2013,17,2,8,38.61904761904762,21,5,5,4,554,Champions,324,Non-profitable
8957,1952,PostGraduation,Single,64831.0,1,1,2013-06-10,480,86,249,75,86,144,8,6,3,5,6,0,0,0,0,0,0,3,11,0,63,1,2,10,6,2,2013,19,3,51,80.0,14,3,3,5,335,Need Attention,384,Non-profitable
4128,1962,PhD,Partner,56067.0,0,1,2013-07-20,517,12,54,16,6,120,2,7,4,7,5,0,0,0,0,0,0,3,11,0,53,1,1,20,7,3,2013,17,2,51,40.27777777777778,18,3,4,4,344,Loyal Customers,344,Non-profitable
6810,1983,Graduation,Single,82025.0,0,0,2013-05-28,267,98,606,48,70,98,1,3,2,6,1,0,0,1,0,0,0,3,11,1,32,0,0,28,5,2,2013,19,3,76,107.9090909090909,11,2,3,5,235,At risk,397,Non-profitable
5386,1953,Graduation,Partner,94384.0,0,0,2013-03-04,1111,24,790,160,45,172,0,5,8,5,2,0,1,1,1,0,0,3,11,1,62,0,0,4,3,1,2013,22,1,62,127.88888888888889,18,2,4,5,245,At risk,482,Non-profitable
8700,1986,UnderGraduation,Single,14906.0,0,0,2012-12-22,7,7,14,7,16,15,3,2,1,3,7,0,0,0,0,0,0,3,11,0,29,0,0,22,12,4,2012,24,0,86,11.0,6,1,2,1,121,Hibernating,554,Non-profitable
3202,1987,PhD,Partner,51563.0,0,0,2012-10-01,1166,0,48,0,0,36,1,4,4,10,8,0,1,1,0,0,0,3,11,0,28,0,0,1,10,4,2012,27,3,60,69.44444444444444,18,2,4,5,245,At risk,636,Non-profitable
1328,1982,PostGraduation,Partner,57937.0,0,1,2014-02-16,261,42,144,55,48,133,3,4,4,9,3,0,0,0,0,0,0,3,11,0,33,1,1,16,2,1,2014,10,2,56,40.1764705882353,17,3,4,4,344,Loyal Customers,133,Non-profitable
8405,1979,Graduation,Single,68274.0,1,1,2013-09-30,135,25,51,23,25,46,2,4,2,5,3,0,0,0,0,0,0,3,11,0,36,1,2,30,9,3,2013,15,0,83,27.727272727272727,11,1,3,3,133,At risk,272,Non-profitable
6515,1977,Graduation,Partner,39771.0,1,0,2013-12-06,6,2,18,2,8,14,1,2,0,3,4,0,0,0,0,0,0,3,11,0,38,1,1,6,12,4,2013,13,0,92,10.0,5,1,1,1,111,Hibernating,205,Non-profitable
2882,1975,PostGraduation,Single,67893.0,0,1,2012-10-01,711,28,142,49,18,47,2,3,2,9,8,0,0,0,0,0,0,3,11,0,40,1,1,1,10,4,2012,27,3,31,71.07142857142857,14,4,3,5,435,Potential Loyalists,636,Non-profitable
6387,1976,PhD,Partner,52190.0,1,1,2014-05-08,42,0,17,0,0,18,3,2,1,3,5,1,0,0,0,0,0,3,11,0,39,1,2,8,5,2,2014,7,0,39,12.833333333333334,6,4,2,2,422,Potential Loyalists,52,Non-profitable
5320,1973,PostGraduation,Single,44051.0,1,1,2013-01-29,79,7,58,6,3,18,4,3,1,4,6,0,0,0,0,0,0,3,11,1,42,1,2,29,1,1,2013,23,0,20,21.375,8,4,2,2,422,Potential Loyalists,516,Non-profitable
5048,1971,PhD,Single,42767.0,2,0,2013-05-11,20,6,43,19,5,38,1,3,1,2,8,0,0,0,0,0,0,3,11,0,44,1,2,11,5,2,2013,20,0,53,21.83333333333333,6,3,2,2,322,About to sleep,414,Non-profitable
10031,1976,PhD,Partner,16927.0,1,1,2013-02-10,20,2,23,3,1,4,5,3,0,4,8,0,0,0,0,0,0,3,11,0,39,1,2,10,2,1,2013,23,0,50,7.571428571428571,7,3,2,1,321,About to sleep,504,Profitable
5748,1965,Graduation,Partner,59754.0,0,1,2012-12-01,115,27,44,4,146,139,3,5,2,6,5,0,0,0,0,0,0,3,11,1,50,1,1,1,12,4,2012,25,2,96,36.53846153846154,13,1,3,3,133,At risk,575,Non-profitable
2134,1952,Graduation,Single,53700.0,0,1,2012-08-17,263,5,233,69,41,83,4,5,5,8,5,0,0,0,0,0,0,3,11,0,63,1,1,17,8,3,2012,28,2,94,38.55555555555556,18,1,4,4,144,At risk,681,Non-profitable
1523,1973,Graduation,Partner,59041.0,1,1,2014-05-07,69,2,15,2,2,6,2,2,0,4,5,0,0,0,0,0,0,3,11,0,42,1,2,7,5,2,2014,7,0,25,16.0,6,4,2,2,422,Potential Loyalists,53,Non-profitable
9665,1957,PhD,Single,54237.0,0,1,2013-04-27,267,3,30,4,0,57,4,5,2,5,6,0,0,0,0,0,0,3,11,0,58,1,1,27,4,2,2013,20,2,48,30.08333333333333,12,3,3,3,333,Need Attention,428,Non-profitable
4640,1967,Graduation,Single,70647.0,0,1,2012-09-21,561,85,171,25,123,114,2,4,7,13,2,0,0,0,0,0,0,3,11,0,48,1,1,21,9,3,2012,27,3,65,44.958333333333336,24,2,5,4,254,Can't loose,646,Non-profitable
3547,1969,PostGraduation,Partner,41021.0,1,0,2012-12-30,14,7,9,6,16,12,2,2,0,3,6,0,0,0,0,0,0,3,11,1,46,1,1,30,12,4,2012,24,0,12,12.8,5,5,1,2,512,New Customers,546,Non-profitable
2456,1975,PhD,Partner,40233.0,0,1,2013-10-14,80,4,46,0,17,2,5,2,1,5,6,0,0,0,0,0,0,3,11,0,40,1,1,14,10,4,2013,14,0,84,18.625,8,1,2,2,122,Hibernating,258,Non-profitable
7801,1959,Graduation,Partner,54753.0,0,1,2013-09-12,197,107,227,7,59,131,3,5,2,11,4,0,0,0,0,0,0,3,11,0,56,1,1,12,9,3,2013,15,2,87,40.44444444444444,18,1,4,4,144,At risk,290,Non-profitable
10489,1973,Graduation,Partner,92955.0,0,0,2013-08-19,693,21,925,31,24,84,1,6,7,9,2,0,0,1,1,0,0,3,11,1,42,0,0,19,8,3,2013,16,1,35,80.81818181818181,22,4,5,5,455,Loyal Customers,314,Non-profitable
7011,1973,Graduation,Partner,33471.0,1,0,2012-10-12,43,2,27,0,9,12,3,3,0,4,7,0,0,0,0,0,0,3,11,0,42,1,1,12,10,4,2012,27,0,47,13.285714285714286,7,3,2,2,322,About to sleep,625,Non-profitable
2620,1974,PhD,Partner,34596.0,1,0,2013-04-13,14,0,2,0,0,7,1,1,0,2,8,0,0,0,0,0,0,3,11,1,41,1,1,13,4,2,2013,20,0,48,7.666666666666667,3,3,1,1,311,About to sleep,442,Non-profitable
3933,1980,Graduation,Partner,44010.0,1,0,2012-10-13,186,36,234,86,72,48,6,10,2,6,9,0,0,0,0,0,0,3,11,0,35,1,1,13,10,4,2012,27,2,46,36.77777777777778,18,3,4,4,344,Loyal Customers,624,Non-profitable
10981,1988,Graduation,Partner,84219.0,0,0,2014-02-02,434,137,400,45,137,45,1,3,4,10,1,0,0,0,0,0,0,3,11,0,27,0,0,2,2,1,2014,11,3,27,70.47058823529412,17,4,4,5,445,Loyal Customers,147,Profitable
1734,1968,PhD,Partner,40706.0,2,1,2013-01-17,59,0,11,4,2,5,4,3,0,4,7,0,0,0,0,0,0,3,11,0,47,1,3,17,1,1,2013,23,0,37,11.571428571428571,7,4,2,2,422,Potential Loyalists,528,Non-profitable
10995,1988,PostGraduation,Partner,15716.0,1,0,2012-11-12,16,5,30,8,7,26,3,3,0,4,8,0,0,0,0,0,1,3,11,0,27,1,1,12,11,4,2012,26,0,8,13.142857142857142,7,5,2,2,522,Potential Loyalists,594,Non-profitable
6357,1959,PostGraduation,Single,59052.0,0,1,2013-11-17,230,35,75,63,57,31,3,7,1,7,5,0,0,0,0,0,0,3,11,0,56,1,1,17,11,4,2013,13,2,29,32.733333333333334,15,4,3,3,433,Potential Loyalists,224,Non-profitable
9209,1971,PostGraduation,Partner,80573.0,0,0,2012-10-14,829,138,430,60,92,15,1,4,6,13,2,0,0,0,0,0,0,3,11,0,44,0,0,14,10,4,2012,26,1,85,68.0,23,1,5,4,154,Can't loose,623,Non-profitable
10286,1962,Graduation,Partner,83715.0,0,0,2014-02-03,318,8,407,150,35,8,1,2,8,13,0,0,0,0,0,0,0,3,11,0,53,0,0,3,2,1,2014,11,3,2,40.26086956521739,23,5,5,4,554,Champions,146,Non-profitable
2611,1959,PostGraduation,Partner,82576.0,0,0,2012-08-01,1206,55,445,168,18,18,1,2,4,12,1,0,0,1,0,0,0,3,11,0,56,0,0,1,8,3,2012,29,1,66,106.11111111111111,18,2,4,5,245,At risk,697,Non-profitable
1600,1965,PostGraduation,Partner,56962.0,2,1,2013-10-11,292,3,77,10,3,26,7,6,3,5,7,0,0,0,0,0,0,3,11,0,50,1,3,11,10,4,2013,14,2,60,29.357142857142858,14,2,3,3,233,At risk,261,Non-profitable
3308,1952,Graduation,Partner,35704.0,1,1,2014-01-03,30,9,12,2,11,30,3,2,0,4,4,0,0,0,0,0,0,3,11,0,63,1,2,3,1,1,2014,12,0,54,15.666666666666666,6,3,2,2,322,About to sleep,177,Non-profitable
5407,1954,Graduation,Partner,53103.0,0,1,2013-09-12,729,17,133,11,0,195,5,10,6,7,7,1,0,0,0,0,0,3,11,0,61,1,1,12,9,3,2013,15,3,70,47.17391304347826,23,2,5,4,254,Can't loose,290,Non-profitable
2166,1960,PostGraduation,Single,46779.0,1,1,2013-07-12,12,1,3,0,0,7,1,0,1,2,4,0,0,0,0,0,0,3,11,0,55,1,2,12,7,3,2013,17,0,55,7.666666666666667,3,3,1,1,311,About to sleep,352,Non-profitable
6634,1979,PostGraduation,Single,33462.0,1,0,2013-08-07,22,3,18,0,0,11,1,2,0,3,7,0,0,0,0,0,0,3,11,0,36,1,1,7,8,3,2013,17,0,78,10.8,5,2,1,1,211,Hibernating,326,Non-profitable
3056,1978,Graduation,Single,63693.0,0,1,2013-10-14,587,43,337,42,87,54,3,11,6,9,6,0,0,0,0,0,0,3,11,0,37,1,1,14,10,4,2013,14,3,63,44.23076923076923,26,2,5,4,254,Can't loose,258,Non-profitable
5718,1950,Graduation,Partner,80763.0,0,0,2013-08-15,674,168,108,192,42,231,1,5,11,6,3,0,0,1,1,0,0,3,11,1,65,0,0,15,8,3,2013,16,3,17,64.31818181818181,22,5,5,4,554,Champions,318,Non-profitable
6872,1974,PhD,Partner,65352.0,0,1,2013-08-21,284,3,84,4,7,23,2,4,2,8,4,0,0,0,0,0,0,3,11,0,41,1,1,21,8,3,2013,16,2,43,28.928571428571427,14,3,3,3,333,Need Attention,312,Non-profitable
8164,1978,PhD,Partner,82170.0,0,0,2013-11-25,1023,93,651,49,55,37,1,5,6,7,2,0,0,0,0,0,0,3,11,0,37,0,0,25,11,4,2013,13,1,13,106.0,18,5,4,5,545,Champions,216,Profitable
4580,1969,Graduation,Partner,75759.0,0,0,2013-10-25,1394,22,708,89,91,182,1,9,7,9,5,1,0,1,1,0,0,3,11,1,46,0,0,25,10,4,2013,14,1,46,99.44,25,3,5,5,355,Loyal Customers,247,Non-profitable
9305,1976,PostGraduation,Single,79689.0,0,0,2013-05-12,311,26,640,180,37,121,1,4,9,13,2,0,0,0,0,0,0,3,11,0,39,0,0,12,5,2,2013,19,3,65,50.57692307692308,26,2,5,4,254,Can't loose,413,Non-profitable
8545,1954,Graduation,Single,85683.0,0,0,2014-03-21,1296,17,311,45,69,51,1,2,4,10,1,0,1,1,1,1,0,3,11,1,61,0,0,21,3,1,2014,9,1,6,111.8125,16,5,4,5,545,Champions,100,Non-profitable
9850,1972,PostGraduation,Partner,24884.0,1,0,2012-11-29,3,6,7,0,0,3,1,0,0,3,7,0,0,0,0,0,0,3,11,0,43,1,1,29,11,4,2012,25,0,32,6.333333333333333,3,4,1,1,411,Promising,577,Non-profitable
7378,1981,PostGraduation,Partner,42021.0,1,0,2012-08-31,393,5,136,7,5,27,5,10,1,6,9,1,0,0,0,0,0,3,11,0,34,1,1,31,8,3,2012,28,2,34,33.705882352941174,17,4,4,3,443,Loyal Customers,667,Non-profitable
7646,1989,Graduation,Single,64449.0,1,0,2014-02-18,218,63,282,137,35,70,4,5,3,12,4,0,0,0,0,0,0,3,11,0,26,1,1,18,2,1,2014,10,2,70,40.25,20,2,4,4,244,At risk,131,Non-profitable
5184,1995,Graduation,Single,34824.0,0,0,2014-03-26,4,2,11,2,0,4,1,1,0,2,6,0,0,0,0,0,0,3,11,0,20,0,0,26,3,1,2014,9,0,65,7.666666666666667,3,2,1,1,211,Hibernating,95,Non-profitable
8492,1978,Graduation,Partner,75437.0,0,0,2013-11-09,795,0,545,95,58,0,1,8,4,10,6,0,0,0,1,0,0,3,11,0,37,0,0,9,11,4,2013,13,1,25,67.86363636363636,22,4,5,4,454,Loyal Customers,232,Non-profitable
11188,1957,Graduation,Partner,26091.0,1,1,2014-02-25,15,10,19,8,17,20,3,2,1,3,5,0,0,0,0,0,0,3,11,0,58,1,2,25,2,1,2014,10,0,84,14.833333333333334,6,1,2,2,122,Hibernating,124,Non-profitable
1212,1973,Graduation,Partner,52845.0,1,0,2013-08-13,384,25,292,130,41,64,3,8,8,6,6,1,0,0,0,0,0,3,11,0,42,1,1,13,8,3,2013,16,3,7,42.54545454545455,22,5,5,4,554,Champions,320,Profitable
9097,1956,Graduation,Single,46086.0,0,1,2013-11-03,244,8,32,7,2,50,4,3,1,8,4,0,0,0,0,0,0,3,11,0,59,1,1,3,11,4,2013,14,2,34,28.58333333333333,12,4,3,3,433,Potential Loyalists,238,Non-profitable
10473,1956,PhD,Single,78028.0,0,1,2012-09-10,158,19,288,25,0,38,1,6,4,9,7,0,1,1,0,0,0,3,11,1,59,1,1,10,9,3,2012,28,2,38,27.789473684210527,19,4,4,3,443,Loyal Customers,657,Non-profitable
7962,1987,PhD,Single,95169.0,0,0,2013-10-09,1285,21,449,106,20,20,1,4,3,4,1,0,0,1,1,0,0,3,11,1,28,0,0,9,10,4,2013,14,1,1,172.8181818181818,11,5,3,5,535,Potential Loyalists,263,Non-profitable
9984,1981,PostGraduation,Partner,56337.0,1,1,2013-03-27,349,16,144,28,5,182,5,8,5,4,8,1,0,0,1,0,0,3,11,1,34,1,2,27,3,1,2013,21,2,25,42.588235294117645,17,4,4,4,444,Loyal Customers,459,Non-profitable
5527,1987,Graduation,Partner,22434.0,1,0,2013-02-13,4,12,11,3,13,15,2,2,0,3,8,0,0,0,0,0,0,3,11,0,28,1,1,13,2,1,2013,22,0,25,11.6,5,4,1,2,412,Promising,501,Non-profitable
6374,1954,PhD,Partner,36930.0,0,1,2013-05-17,223,2,31,0,2,39,5,5,2,4,8,0,0,0,0,0,0,3,11,0,61,1,1,17,5,2,2013,19,0,50,27.0,11,3,3,3,333,Need Attention,408,Profitable
7453,1954,Graduation,Single,36130.0,0,1,2013-02-02,157,43,127,68,56,37,6,3,8,4,4,1,0,0,0,0,0,3,11,1,61,1,1,2,2,1,2013,23,2,46,32.53333333333333,15,3,3,3,333,Need Attention,512,Non-profitable
8952,1953,PostGraduation,Partner,65569.0,0,1,2012-11-05,397,46,288,20,38,70,2,6,5,10,3,0,0,0,0,0,0,3,11,0,62,1,1,5,11,4,2012,26,3,96,40.90476190476191,21,1,5,4,154,Can't loose,601,Non-profitable
241,1952,Graduation,Partner,83844.0,0,0,2013-05-12,901,31,345,75,31,191,1,4,4,11,1,0,0,1,0,0,0,3,11,0,63,0,0,12,5,2,2013,19,1,57,82.84210526315789,19,3,4,5,345,Loyal Customers,413,Profitable
8975,1968,Graduation,Partner,19514.0,1,1,2014-01-26,14,3,21,2,1,28,4,3,1,2,8,1,0,0,0,0,0,3,11,0,47,1,2,26,1,1,2014,11,0,47,11.5,6,3,2,2,322,About to sleep,154,Non-profitable
6119,1963,PhD,Single,36736.0,1,1,2013-05-10,10,0,3,0,0,4,1,1,0,2,6,0,0,0,0,0,0,3,11,0,52,1,2,10,5,2,2013,20,0,52,5.666666666666667,3,3,1,1,311,About to sleep,415,Non-profitable
5236,1979,Graduation,Partner,77568.0,0,1,2012-08-25,1230,0,396,232,178,158,1,10,2,8,5,0,1,1,1,0,0,3,11,0,36,1,1,25,8,3,2012,28,1,30,109.7,20,4,4,5,445,Loyal Customers,673,Non-profitable
5723,1976,PhD,Partner,49187.0,0,1,2014-01-11,81,1,31,2,1,0,1,1,1,5,2,0,0,0,0,0,0,3,11,0,39,1,1,11,1,1,2014,11,0,63,16.571428571428573,7,2,2,2,222,Hibernating,169,Non-profitable
1710,1978,Graduation,Single,30168.0,1,0,2013-03-07,154,20,66,0,12,27,7,6,1,4,9,0,0,0,0,0,0,3,11,0,37,1,1,7,3,1,2013,22,0,51,25.363636363636363,11,3,3,3,333,Need Attention,479,Non-profitable
1970,1968,PostGraduation,Partner,34053.0,0,1,2012-09-10,63,0,21,7,0,12,1,3,0,3,8,0,0,0,0,0,0,3,11,0,47,1,1,10,9,3,2012,28,0,14,17.166666666666668,6,5,2,2,522,Potential Loyalists,657,Non-profitable
5313,1971,PostGraduation,Partner,38196.0,1,1,2014-04-18,30,0,11,0,0,3,3,2,0,4,5,0,0,0,0,0,0,3,11,0,44,1,2,18,4,2,2014,8,0,20,7.333333333333333,6,4,2,1,421,Potential Loyalists,72,Profitable
10634,1951,PostGraduation,Partner,59412.0,0,0,2014-04-19,90,67,165,30,43,11,1,4,2,8,3,0,0,0,0,0,0,3,11,0,64,0,0,19,4,2,2014,8,2,56,29.0,14,3,3,3,333,Need Attention,71,Non-profitable
7010,1965,PostGraduation,Partner,70924.0,0,0,2014-04-07,635,114,254,132,152,76,1,6,6,7,3,0,0,1,0,0,0,3,11,0,50,0,0,7,4,2,2014,8,3,41,71.73684210526316,19,3,4,5,345,Loyal Customers,83,Non-profitable
8562,1969,Graduation,Partner,54165.0,0,0,2013-05-28,127,4,73,15,6,11,1,2,1,7,2,0,0,0,0,0,0,3,11,0,46,0,0,28,5,2,2013,19,0,72,23.6,10,2,3,3,233,At risk,397,Non-profitable
3158,1973,Graduation,Partner,32300.0,1,0,2013-01-03,13,3,6,6,5,6,1,1,0,3,8,0,0,0,0,0,0,3,11,0,42,1,1,3,1,1,2013,24,0,1,9.75,4,5,1,1,511,New Customers,542,Non-profitable
4436,1976,Graduation,Single,20180.0,0,0,2013-02-20,18,42,24,15,20,18,1,2,1,4,7,0,0,0,0,0,0,3,11,0,39,0,0,20,2,1,2013,22,0,27,19.571428571428573,7,4,2,2,422,Potential Loyalists,494,Non-profitable
2445,1974,PhD,Partner,28440.0,1,0,2013-07-07,38,1,24,0,0,0,1,2,0,3,8,0,0,0,0,0,0,3,11,0,41,1,1,7,7,3,2013,18,0,87,12.6,5,1,1,2,112,Hibernating,357,Non-profitable
6059,1953,PhD,Partner,64504.0,1,2,2013-03-04,986,36,168,16,0,108,7,11,3,4,7,0,0,0,0,0,0,3,11,1,62,1,3,4,3,1,2013,22,3,81,73.0,18,1,4,5,145,At risk,482,Non-profitable
4240,1978,Graduation,Partner,17345.0,1,0,2012-11-03,4,9,16,17,0,12,2,2,1,2,8,0,0,0,0,0,0,3,11,0,37,1,1,3,11,4,2012,26,0,79,11.6,5,2,1,2,212,Hibernating,603,Non-profitable
8911,1967,PhD,Partner,56320.0,0,1,2013-04-08,201,53,172,116,77,83,3,5,4,9,4,0,0,0,0,0,0,3,11,0,48,1,1,8,4,2,2013,21,2,11,39.0,18,5,4,4,544,Champions,447,Non-profitable
3706,1978,Graduation,Single,28647.0,1,0,2013-08-21,19,8,29,0,12,26,1,2,2,2,7,1,0,0,0,0,0,3,11,1,37,1,1,21,8,3,2013,16,0,54,15.666666666666666,6,3,2,2,322,About to sleep,312,Non-profitable
3628,1987,UnderGraduation,Single,15038.0,1,0,2013-01-29,4,8,11,19,12,26,2,2,1,2,9,0,0,0,0,0,0,3,11,0,28,1,1,29,1,1,2013,23,0,93,16.0,5,1,1,2,112,Hibernating,516,Non-profitable
10175,1958,PhD,Single,32173.0,0,1,2013-08-01,18,0,2,0,0,2,1,1,0,3,4,0,0,0,0,0,0,3,11,0,57,1,1,1,8,3,2013,17,0,0,5.5,4,5,1,1,511,New Customers,332,Non-profitable
8985,1964,PostGraduation,Partner,68316.0,0,1,2012-11-04,806,80,161,120,11,33,5,10,7,10,6,0,0,0,0,0,0,3,11,0,51,1,1,4,11,4,2012,26,3,54,44.851851851851855,27,3,5,4,354,Loyal Customers,602,Non-profitable
5204,1971,Graduation,Partner,74538.0,0,0,2013-06-29,380,98,733,110,112,28,1,8,8,5,3,0,0,1,0,0,0,3,11,1,44,0,0,29,6,2,2013,18,1,21,69.57142857142857,21,4,5,5,455,Loyal Customers,365,Non-profitable
9220,1971,Graduation,Single,91700.0,0,0,2013-01-17,576,172,961,125,115,19,1,8,6,5,3,0,0,0,0,0,0,3,11,1,44,0,0,17,1,1,2013,23,1,58,103.57894736842104,19,3,4,5,345,Loyal Customers,528,Non-profitable
9888,1969,Graduation,Partner,68695.0,0,0,2014-06-25,458,81,356,106,50,40,1,4,4,7,2,0,0,0,0,0,0,3,11,0,46,0,0,25,6,2,2014,6,3,3,72.73333333333333,15,5,3,5,535,Potential Loyalists,4,Non-profitable
5263,1977,PostGraduation,Partner,31056.0,1,0,2013-01-22,5,10,13,3,8,16,1,1,0,3,8,0,0,0,0,0,0,3,11,0,38,1,1,22,1,1,2013,23,0,99,13.75,4,1,1,2,112,Hibernating,523,Non-profitable
9503,1980,Graduation,Single,28071.0,0,0,2012-08-29,39,33,130,41,26,44,2,5,1,5,8,0,0,0,0,0,0,3,11,0,35,0,0,29,8,3,2012,28,0,65,28.454545454545453,11,2,3,3,233,At risk,669,Non-profitable
10613,1958,PhD,Partner,37334.0,1,1,2014-02-26,26,1,16,2,2,15,4,3,0,4,4,0,0,0,0,0,0,3,11,0,57,1,2,26,2,1,2014,10,0,44,8.857142857142858,7,3,2,1,321,About to sleep,123,Non-profitable
67,1972,PostGraduation,Single,46423.0,1,1,2013-09-18,68,0,16,0,0,8,3,2,0,4,7,0,0,0,0,0,0,3,11,0,43,1,2,18,9,3,2013,15,0,6,15.333333333333334,6,5,2,2,522,Potential Loyalists,284,Non-profitable
6019,1971,PhD,Partner,37126.0,1,0,2014-03-30,45,3,9,4,4,7,1,1,2,2,6,1,0,0,0,0,0,3,11,1,44,1,1,30,3,1,2014,9,0,9,14.4,5,5,1,2,512,New Customers,91,Non-profitable
5863,1953,Graduation,Partner,47703.0,0,1,2013-05-29,359,0,134,13,26,123,4,6,3,8,5,0,0,0,0,0,0,3,11,0,62,1,1,29,5,2,2013,19,2,95,38.52941176470589,17,1,4,4,144,At risk,396,Non-profitable
6730,1954,Graduation,Partner,38998.0,1,1,2012-11-03,34,1,14,0,0,5,3,2,0,3,8,0,0,0,0,0,1,3,11,0,61,1,2,3,11,4,2012,26,0,92,10.8,5,1,1,1,111,Hibernating,603,Non-profitable
10749,1991,Graduation,Single,8028.0,0,0,2012-09-18,73,18,66,7,12,2,15,0,1,0,19,0,0,0,0,0,0,3,11,0,24,0,0,18,9,3,2012,27,0,62,178.0,1,2,1,5,215,Hibernating,649,Non-profitable
6287,1986,Graduation,Partner,34728.0,1,0,2013-07-30,14,0,16,0,0,6,1,1,1,2,6,0,0,0,0,0,0,3,11,1,29,1,1,30,7,3,2013,17,0,2,9.0,4,5,1,1,511,New Customers,334,Non-profitable
5985,1965,PostGraduation,Single,33168.0,0,1,2012-10-13,80,1,37,0,1,3,3,2,1,4,7,0,0,0,0,0,0,3,11,0,50,1,1,13,10,4,2012,27,0,0,17.428571428571427,7,5,2,2,522,Potential Loyalists,624,Non-profitable
4754,1966,PostGraduation,Partner,33585.0,0,1,2013-09-25,30,11,33,13,6,29,1,2,0,4,4,0,0,0,0,0,0,3,11,0,49,1,1,25,9,3,2013,15,0,91,20.33333333333333,6,1,2,2,122,Hibernating,277,Non-profitable
4002,1960,PhD,Partner,77037.0,0,1,2013-10-13,463,96,333,168,53,10,1,7,7,12,3,0,0,0,0,0,0,3,11,0,55,1,1,13,10,4,2013,14,3,3,43.19230769230769,26,5,5,4,554,Champions,259,Non-profitable
8870,1984,Graduation,Partner,35196.0,1,0,2012-11-13,75,12,141,43,39,187,6,6,1,5,8,0,0,0,0,0,0,3,11,1,31,1,1,13,11,4,2012,25,2,68,41.41666666666666,12,2,3,4,234,At risk,593,Non-profitable
966,1966,Graduation,Partner,44529.0,0,1,2013-07-05,538,13,91,17,6,26,6,6,2,11,5,0,1,0,0,0,0,3,11,0,49,1,1,5,7,3,2013,18,2,98,36.36842105263158,19,1,4,3,143,At risk,359,Non-profitable
4767,1965,PostGraduation,Partner,70924.0,0,0,2014-04-07,635,114,254,132,152,76,1,6,6,7,3,0,0,1,0,0,0,3,11,0,50,0,0,7,4,2,2014,8,3,41,71.73684210526316,19,3,4,5,345,Loyal Customers,83,Non-profitable
9725,1966,PhD,Partner,28764.0,1,1,2014-06-05,8,0,3,0,0,1,1,1,0,2,8,1,0,0,0,0,0,3,11,0,49,1,2,5,6,2,2014,7,0,16,4.0,3,5,1,1,511,New Customers,24,Non-profitable
4475,1949,PhD,Partner,69098.0,0,0,2013-02-16,1315,22,780,145,0,178,1,7,8,9,5,0,0,0,0,0,0,3,11,0,66,0,0,16,2,1,2013,22,1,82,101.66666666666669,24,1,5,5,155,Can't loose,498,Non-profitable
5740,1970,PostGraduation,Single,25959.0,1,1,2013-02-14,4,2,12,7,5,26,2,1,2,2,6,0,0,0,0,0,0,3,11,1,45,1,2,14,2,1,2013,22,0,1,11.2,5,5,1,1,511,New Customers,500,Non-profitable
5731,1983,PostGraduation,Partner,27100.0,1,0,2013-04-05,12,0,13,2,0,10,1,1,0,3,7,0,0,0,0,0,0,3,11,0,32,1,1,5,4,2,2013,21,0,64,9.25,4,2,1,1,211,Hibernating,450,Non-profitable
7290,1985,Graduation,Single,70596.0,0,0,2012-10-05,347,44,534,17,0,26,1,3,5,12,2,0,0,0,0,0,0,3,11,0,30,0,0,5,10,4,2012,27,3,68,48.4,20,2,4,4,244,At risk,632,Non-profitable
3846,1974,Graduation,Partner,42557.0,0,1,2012-08-29,192,5,53,0,5,15,4,6,1,4,8,0,0,0,0,0,0,3,11,0,41,1,1,29,8,3,2012,28,0,98,24.545454545454547,11,1,3,3,133,At risk,669,Non-profitable
8104,1951,PhD,Partner,53312.0,0,0,2013-08-09,241,0,12,0,0,25,1,5,1,5,7,0,0,0,0,0,0,3,11,0,64,0,0,9,8,3,2013,17,0,32,25.272727272727277,11,4,3,3,433,Potential Loyalists,324,Non-profitable
4507,1952,Graduation,Single,72228.0,0,0,2012-11-27,631,28,491,30,14,56,1,6,7,8,3,0,0,0,0,0,0,3,11,0,63,0,0,27,11,4,2012,25,3,87,59.523809523809526,21,1,5,4,154,Can't loose,579,Non-profitable
11013,1987,Graduation,Partner,67605.0,0,0,2013-03-31,336,28,282,184,54,54,1,2,8,6,1,0,0,0,0,0,0,3,11,0,28,0,0,31,3,1,2013,21,3,84,58.625,16,1,4,4,144,At risk,455,Non-profitable
4491,1949,PostGraduation,Partner,62845.0,1,1,2012-10-01,1099,0,45,0,0,34,11,3,4,10,8,0,1,0,0,0,0,3,11,0,66,1,2,1,10,4,2012,27,3,3,69.29411764705883,17,5,4,5,545,Champions,636,Non-profitable
3759,1958,Graduation,Partner,65196.0,0,2,2013-07-25,743,19,181,12,0,200,2,7,6,11,5,1,0,0,0,0,0,3,11,0,57,1,2,25,7,3,2013,17,3,34,48.125,24,4,5,4,454,Loyal Customers,339,Non-profitable
1162,1987,PhD,Single,42000.0,0,0,2013-01-10,124,83,267,85,59,35,2,5,2,11,5,0,0,0,0,0,0,3,11,1,28,0,0,10,1,1,2013,24,2,23,36.27777777777778,18,4,4,3,443,Loyal Customers,535,Non-profitable
2055,1973,PhD,Single,35860.0,1,1,2014-05-19,15,0,8,4,2,20,2,1,1,2,5,1,0,0,0,0,0,3,11,0,42,1,2,19,5,2,2014,7,0,37,12.25,4,4,1,2,412,Promising,41,Profitable
10766,1964,PhD,Partner,65526.0,0,1,2014-04-11,397,19,69,12,0,9,1,4,4,8,2,0,0,0,0,0,0,3,11,0,51,1,1,11,4,2,2014,8,2,22,31.625,16,4,4,3,443,Loyal Customers,79,Non-profitable
4415,1961,Graduation,Partner,16860.0,1,1,2012-09-12,10,4,4,3,3,14,3,1,1,3,7,0,0,0,0,0,0,3,11,0,54,1,2,12,9,3,2012,28,0,19,7.6,5,5,1,1,511,New Customers,655,Non-profitable
3005,1992,Graduation,Single,83528.0,0,0,2014-05-01,530,117,678,134,44,147,1,4,10,8,1,1,0,0,1,0,0,3,11,1,23,0,0,1,5,2,2014,8,1,7,75.0,22,5,5,5,555,Champions,59,Non-profitable
2223,1965,PostGraduation,Single,64176.0,0,1,2012-08-03,1215,33,249,64,116,149,8,8,9,8,6,0,0,0,0,0,0,3,11,0,50,1,1,3,8,3,2012,29,1,52,73.04,25,3,5,5,355,Loyal Customers,695,Non-profitable
4817,1956,Graduation,Single,22304.0,0,0,2012-08-04,3,2,7,0,4,2,1,1,0,2,8,0,0,0,0,0,0,3,11,0,59,0,0,4,8,3,2012,29,0,91,6.0,3,1,1,1,111,Hibernating,694,Non-profitable
2875,1978,Graduation,Partner,67023.0,0,0,2014-03-04,444,44,382,11,8,17,1,3,7,13,2,0,0,0,0,0,1,3,11,0,37,0,0,4,3,1,2014,10,3,93,39.391304347826086,23,1,5,4,154,Can't loose,117,Non-profitable
11112,1966,Graduation,Partner,70713.0,0,1,2012-12-03,736,114,279,82,76,190,6,5,6,8,3,0,0,0,0,0,0,3,11,0,49,1,1,3,12,4,2012,25,1,23,77.73684210526316,19,4,4,5,445,Loyal Customers,573,Non-profitable
3807,1955,Graduation,Partner,59925.0,0,1,2012-11-30,473,21,176,19,21,56,3,9,2,9,6,0,0,0,0,0,0,3,11,0,60,1,1,30,11,4,2012,25,2,83,38.3,20,1,4,4,144,At risk,576,Non-profitable
9197,1953,Graduation,Partner,39722.0,0,1,2014-02-24,32,0,5,2,0,8,2,2,0,3,5,0,0,0,0,0,0,3,11,0,62,1,1,24,2,1,2014,10,0,92,9.4,5,1,1,1,111,Hibernating,125,Non-profitable
10832,1958,Graduation,Partner,46610.0,0,0,2013-07-18,288,10,30,4,10,125,1,6,1,6,6,0,0,0,0,0,0,3,11,0,57,0,0,18,7,3,2013,17,2,4,35.92307692307692,13,5,3,3,533,Potential Loyalists,346,Non-profitable
6421,1961,Graduation,Partner,88347.0,0,0,2013-07-03,1050,178,555,77,138,118,1,4,7,9,1,0,0,0,1,0,0,3,11,0,54,0,0,3,7,3,2013,18,1,32,105.8,20,4,4,5,445,Loyal Customers,361,Non-profitable
4207,1981,PhD,Partner,87171.0,0,0,2013-05-01,1001,44,107,58,44,44,1,6,7,11,2,1,0,1,0,0,0,3,11,0,34,0,0,1,5,2,2013,20,3,27,54.083333333333336,24,4,5,4,454,Loyal Customers,424,Non-profitable
577,1976,PostGraduation,Partner,26907.0,1,1,2013-08-20,9,1,7,0,3,2,2,1,0,3,7,0,0,0,0,0,0,3,11,0,39,1,2,20,8,3,2013,16,0,10,5.5,4,5,1,1,511,New Customers,313,Non-profitable
10855,1968,PostGraduation,Single,50014.0,1,0,2014-01-22,234,14,77,19,10,42,2,4,1,8,5,0,0,0,0,0,0,3,11,0,47,1,1,22,1,1,2014,11,2,9,30.46153846153846,13,5,3,3,533,Potential Loyalists,158,Non-profitable
3081,1978,PhD,Partner,41014.0,1,0,2013-04-22,7,2,6,2,0,3,1,1,0,2,7,0,0,0,0,0,0,3,11,0,37,1,1,22,4,2,2013,20,0,65,6.666666666666667,3,2,1,1,211,Hibernating,433,Non-profitable
3535,1965,Graduation,Single,66294.0,0,0,2014-03-17,251,108,334,65,92,117,1,4,3,5,2,0,0,0,0,0,0,3,11,0,50,0,0,17,3,1,2014,9,3,68,80.58333333333333,12,2,3,5,235,At risk,104,Non-profitable
247,1971,Graduation,Partner,36715.0,1,0,2012-11-17,172,10,125,21,13,16,6,7,2,4,9,0,0,0,0,0,0,3,11,1,44,1,1,17,11,4,2012,25,2,16,27.46153846153846,13,5,3,3,533,Potential Loyalists,589,Profitable
8707,1956,Graduation,Partner,79456.0,0,0,2012-08-22,565,42,548,64,83,99,1,5,6,4,3,0,0,0,0,0,0,3,11,1,59,0,0,22,8,3,2012,28,3,12,93.4,15,5,3,5,535,Potential Loyalists,676,Non-profitable
9523,1982,Graduation,Partner,40479.0,1,0,2013-08-17,5,0,8,2,0,0,1,0,0,3,4,0,0,0,0,0,0,3,11,0,33,1,1,17,8,3,2013,16,0,95,5.0,3,1,1,1,111,Hibernating,316,Profitable
6072,1970,PostGraduation,Single,75345.0,0,0,2013-02-02,918,57,842,99,38,133,1,5,8,6,3,0,0,0,1,0,0,3,11,1,45,0,0,2,2,1,2013,23,1,16,109.84210526315788,19,5,4,5,545,Champions,512,Non-profitable
6295,1977,Graduation,Partner,54233.0,0,1,2013-02-04,652,8,158,21,0,142,4,11,6,5,8,0,0,0,0,0,0,3,11,0,38,1,1,4,2,1,2013,23,3,46,44.59090909090909,22,3,5,4,354,Loyal Customers,510,Non-profitable
10914,1970,Graduation,Single,24163.0,1,1,2013-10-12,4,1,7,2,1,2,2,1,0,3,4,0,0,0,0,0,0,3,11,0,45,1,2,12,10,4,2013,14,0,3,4.25,4,5,1,1,511,New Customers,260,Non-profitable
1509,1958,PhD,Partner,84460.0,0,0,2013-01-04,152,27,103,106,54,81,0,9,9,4,5,0,1,1,1,1,0,3,11,1,57,0,0,4,1,1,2013,24,2,80,23.772727272727277,22,1,5,3,153,Can't loose,541,Non-profitable
7348,1958,PhD,Single,71691.0,0,0,2014-03-17,336,130,411,240,32,43,1,4,7,5,2,0,0,0,0,0,0,3,11,1,57,0,0,17,3,1,2014,9,3,0,74.5,16,5,4,5,545,Champions,104,Non-profitable
4944,1959,Graduation,Partner,71367.0,0,0,2013-08-23,227,23,389,42,21,75,1,4,5,7,2,0,0,0,0,0,0,3,11,0,56,0,0,23,8,3,2013,16,2,24,48.5625,16,4,4,4,444,Loyal Customers,310,Non-profitable
9080,1972,PhD,Single,38578.0,1,1,2013-06-22,38,4,22,3,3,3,3,3,0,3,8,0,0,0,0,0,0,3,11,0,43,1,2,22,6,2,2013,18,0,2,12.166666666666666,6,5,2,2,522,Potential Loyalists,372,Profitable
6466,1965,PhD,Partner,57236.0,1,1,2014-03-12,105,0,9,2,1,4,3,2,1,4,3,0,0,0,0,0,0,3,11,0,50,1,2,12,3,1,2014,9,0,22,17.285714285714285,7,4,2,2,422,Potential Loyalists,109,Profitable
9964,1979,Graduation,Single,61825.0,0,1,2013-08-07,162,50,100,55,30,27,1,4,2,8,4,0,0,0,0,0,0,3,11,0,36,1,1,7,8,3,2013,17,2,56,30.285714285714285,14,3,3,3,333,Need Attention,326,Non-profitable
10245,1986,PostGraduation,Single,80910.0,0,0,2012-10-31,160,80,369,67,39,41,1,3,3,8,1,0,0,0,0,0,0,3,11,0,29,0,0,31,10,4,2012,26,2,71,54.0,14,2,3,4,234,At risk,606,Non-profitable
1109,1982,PostGraduation,Partner,27590.0,1,0,2013-04-23,6,0,5,0,0,1,1,1,0,2,7,0,0,0,0,0,0,3,11,0,33,1,1,23,4,2,2013,20,0,38,4.0,3,4,1,1,411,Promising,432,Non-profitable
6001,1979,Graduation,Partner,56775.0,0,1,2013-01-02,614,35,160,58,35,35,2,5,8,10,5,0,0,0,0,0,0,3,11,0,36,1,1,2,1,1,2013,24,3,62,40.73913043478261,23,2,5,4,254,Can't loose,543,Non-profitable
5538,1975,Graduation,Single,83829.0,0,0,2013-10-08,897,161,430,186,161,27,0,4,7,6,1,1,0,1,1,0,0,3,11,1,40,0,0,8,10,4,2013,15,1,78,109.52941176470588,17,2,4,5,245,At risk,264,Non-profitable
10552,1979,PostGraduation,Partner,54210.0,0,1,2013-05-20,70,54,109,80,9,45,2,4,1,7,5,0,0,0,0,0,0,3,11,0,36,1,1,20,5,2,2013,19,2,18,30.58333333333333,12,5,3,3,533,Potential Loyalists,405,Non-profitable
1545,1986,Graduation,Partner,38508.0,1,0,2013-08-02,120,19,206,25,19,54,6,7,2,5,8,0,0,0,0,0,0,3,11,0,29,1,1,2,8,3,2013,17,2,95,31.642857142857142,14,1,3,3,133,At risk,331,Non-profitable
7409,1970,Graduation,Partner,53187.0,1,0,2013-10-26,211,2,30,7,7,10,2,4,1,6,5,0,0,0,0,0,0,3,11,0,45,1,1,26,10,4,2013,14,0,66,24.272727272727277,11,2,3,3,233,At risk,246,Non-profitable
4444,1972,Graduation,Partner,30023.0,1,0,2014-03-24,11,0,16,7,6,21,1,2,0,3,8,0,0,0,0,0,0,3,11,0,43,1,1,24,3,1,2014,9,0,28,12.2,5,4,1,2,412,Promising,97,Non-profitable
146,1960,PhD,Single,76045.0,0,0,2013-11-15,760,53,400,17,93,0,1,4,5,11,2,0,0,0,1,0,0,3,11,0,55,0,0,15,11,4,2013,13,3,78,66.15,20,2,4,4,244,At risk,226,Non-profitable
10065,1970,PostGraduation,Partner,15315.0,0,0,2013-08-03,7,4,13,15,8,17,2,2,0,4,5,0,0,0,0,0,0,3,11,0,45,0,0,3,8,3,2013,17,0,27,10.666666666666666,6,4,2,1,421,Potential Loyalists,330,Profitable
4741,1974,PostGraduation,Partner,65463.0,1,0,2014-01-30,391,32,70,21,32,16,2,6,2,9,5,0,1,0,0,0,0,3,11,0,41,1,1,30,1,1,2014,11,2,17,33.05882352941177,17,5,4,3,543,Champions,150,Non-profitable
375,1954,Graduation,Single,76773.0,0,0,2013-02-25,516,56,449,86,33,16,1,2,2,11,1,0,0,0,0,0,0,3,11,0,61,0,0,25,2,1,2013,22,3,79,77.06666666666666,15,2,3,5,235,At risk,489,Non-profitable
1524,1983,PostGraduation,Single,81698.0,0,0,2013-03-01,709,45,115,30,160,45,1,8,2,5,5,0,0,0,1,0,0,3,11,1,32,0,0,1,3,1,2013,22,3,1,73.6,15,5,3,5,535,Potential Loyalists,485,Non-profitable
10022,1973,PhD,Single,54466.0,1,1,2014-02-09,12,0,4,0,0,0,1,1,0,2,5,0,0,0,0,0,0,3,11,0,42,1,2,9,2,1,2014,10,0,78,5.333333333333333,3,2,1,1,211,Hibernating,140,Non-profitable
7451,1960,PostGraduation,Single,98777.0,0,0,2014-02-17,1000,19,711,125,115,38,0,4,6,9,1,0,1,0,0,0,0,3,11,0,55,0,0,17,2,1,2014,10,1,23,105.6842105263158,19,4,4,5,445,Loyal Customers,132,Non-profitable
11010,1984,PhD,Single,16269.0,1,0,2013-08-30,19,3,18,3,1,0,3,3,0,3,8,0,0,0,0,0,0,3,11,0,31,1,1,30,8,3,2013,16,0,75,7.333333333333333,6,2,2,1,221,Hibernating,303,Non-profitable
4356,1971,Graduation,Partner,71819.0,0,1,2013-08-28,1224,28,140,0,14,168,3,3,3,5,6,0,1,1,0,0,0,3,11,0,44,1,1,28,8,3,2013,16,1,70,143.0909090909091,11,2,3,5,235,At risk,305,Profitable
3885,1983,PhD,Partner,33569.0,1,0,2013-10-16,16,2,18,3,0,24,1,1,1,2,8,1,0,0,0,0,0,3,11,1,32,1,1,16,10,4,2013,14,0,10,15.75,4,5,1,2,512,New Customers,256,Profitable
1175,1983,PostGraduation,Partner,36262.0,0,0,2013-09-20,88,39,54,64,28,153,1,3,5,3,6,1,0,0,0,0,0,3,11,1,32,0,0,20,9,3,2013,15,2,24,38.72727272727273,11,4,3,4,434,Potential Loyalists,282,Non-profitable
880,1966,UnderGraduation,Partner,22634.0,0,0,2013-01-16,2,23,11,8,6,46,1,2,1,2,8,0,0,0,0,0,0,3,11,0,49,0,0,16,1,1,2013,23,0,47,19.2,5,3,1,2,312,About to sleep,529,Non-profitable
2320,1978,PostGraduation,Partner,47025.0,0,1,2013-09-12,508,11,59,23,5,29,5,11,1,6,9,0,0,0,0,0,0,3,11,0,37,1,1,12,9,3,2013,15,2,98,35.27777777777778,18,1,4,3,143,At risk,290,Non-profitable
850,1968,Graduation,Single,70566.0,0,1,2013-10-06,381,28,215,84,28,21,2,6,5,9,3,0,0,0,0,0,0,3,11,0,47,1,1,6,10,4,2013,15,2,4,37.85,20,5,4,4,544,Champions,266,Non-profitable
4713,1979,PhD,Partner,31605.0,1,0,2012-11-22,74,0,42,2,1,6,2,2,1,4,7,0,0,0,0,0,0,3,11,0,36,1,1,22,11,4,2012,25,0,15,17.857142857142858,7,5,2,2,522,Potential Loyalists,584,Profitable
675,1973,PostGraduation,Single,52034.0,1,1,2013-05-17,146,0,93,7,13,73,5,4,2,5,7,0,0,0,0,0,0,3,11,0,42,1,2,17,5,2,2013,19,0,67,30.181818181818183,11,2,3,3,233,At risk,408,Non-profitable
5025,1979,Graduation,Single,48526.0,1,0,2013-12-24,23,17,23,43,20,9,1,2,1,4,3,0,0,0,0,0,0,3,11,0,36,1,1,24,12,4,2013,12,0,32,19.285714285714285,7,4,2,2,422,Potential Loyalists,187,Non-profitable
2308,1954,Graduation,Partner,46734.0,0,1,2012-11-18,110,5,137,26,23,29,2,6,1,5,7,0,0,0,0,0,0,3,11,0,61,1,1,18,11,4,2012,25,0,40,27.5,12,3,3,3,333,Need Attention,588,Non-profitable
5995,1962,Graduation,Single,39552.0,1,1,2012-12-18,165,3,147,4,24,41,7,6,2,5,8,0,0,0,0,0,0,3,11,1,53,1,2,18,12,4,2012,24,2,54,29.53846153846154,13,3,3,3,333,Need Attention,558,Non-profitable
6749,1966,Graduation,Single,86358.0,1,1,2012-08-08,957,47,494,82,47,95,4,5,3,6,8,0,0,0,0,0,0,3,11,0,49,1,2,8,8,3,2012,29,1,78,123.0,14,2,3,5,235,At risk,690,Non-profitable
8977,1985,UnderGraduation,Single,16581.0,0,0,2013-01-12,1,3,4,2,3,11,1,0,0,3,4,0,0,0,0,0,0,3,11,0,30,0,0,12,1,1,2013,23,0,51,8.0,3,3,1,1,311,About to sleep,533,Non-profitable
4756,1952,PostGraduation,Single,63998.0,0,0,2013-12-20,176,29,818,0,33,112,1,7,6,11,4,0,0,0,0,0,0,3,11,1,63,0,0,20,12,4,2013,12,3,42,48.66666666666666,24,3,5,4,354,Loyal Customers,191,Non-profitable
3412,1951,PostGraduation,Partner,67381.0,0,1,2013-01-15,815,8,53,11,0,70,4,2,2,9,7,0,1,0,0,0,0,3,11,0,64,1,1,15,1,1,2013,23,3,67,73.61538461538461,13,2,3,5,235,At risk,530,Non-profitable
606,1967,Graduation,Single,25930.0,1,1,2013-10-10,6,1,2,2,0,4,1,1,0,2,7,0,0,0,0,0,0,3,11,0,48,1,2,10,10,4,2013,14,0,87,5.0,3,1,1,1,111,Hibernating,262,Profitable
2975,1976,Graduation,Partner,85606.0,0,1,2012-11-12,717,42,864,219,30,84,2,6,7,9,3,0,0,0,1,0,0,3,11,0,39,1,1,12,11,4,2012,26,1,89,88.9090909090909,22,1,5,5,155,Can't loose,594,Non-profitable
2894,1985,Graduation,Single,72903.0,0,0,2013-10-29,1067,138,750,0,19,39,1,7,5,8,4,0,1,1,1,0,0,3,11,1,30,0,0,29,10,4,2013,14,1,74,100.65,20,2,4,5,245,At risk,243,Non-profitable
10542,1968,PhD,Partner,36778.0,1,1,2012-08-05,29,4,34,2,4,4,3,3,0,3,9,0,0,0,0,0,0,3,11,0,47,1,2,5,8,3,2012,29,0,63,12.833333333333334,6,2,2,2,222,Hibernating,693,Non-profitable
8015,1962,PhD,Single,85696.0,0,0,2013-05-03,714,76,395,116,0,12,1,4,6,9,1,0,0,0,0,0,0,3,11,1,53,0,0,3,5,2,2013,20,3,88,69.10526315789474,19,1,4,5,145,At risk,422,Non-profitable
10617,1989,PostGraduation,Single,10979.0,0,0,2014-05-22,8,4,10,2,2,4,2,3,0,3,5,0,0,0,0,0,0,3,11,0,26,0,0,22,5,2,2014,7,0,34,5.0,6,4,2,1,421,Potential Loyalists,38,Non-profitable
11166,1961,Graduation,Partner,49678.0,0,1,2013-02-02,229,5,56,3,2,20,2,6,2,4,7,0,0,0,0,0,0,3,11,0,54,1,1,2,2,1,2013,23,0,81,26.25,12,1,3,3,133,At risk,512,Non-profitable
849,1953,PostGraduation,Partner,56129.0,0,1,2013-06-20,320,48,133,39,72,48,4,6,2,10,4,0,0,0,0,0,0,3,11,0,62,1,1,20,6,2,2013,18,2,65,36.66666666666666,18,2,4,4,244,At risk,374,Non-profitable
523,1989,Graduation,Partner,37155.0,1,0,2013-01-31,23,0,26,7,15,3,1,2,0,4,5,0,0,0,0,0,0,3,11,0,26,1,1,31,1,1,2013,23,0,51,12.333333333333334,6,3,2,2,322,About to sleep,514,Non-profitable
8414,1962,PhD,Single,33419.0,0,1,2013-08-17,56,0,12,0,0,18,2,2,0,4,7,0,0,0,0,0,0,3,11,0,53,1,1,17,8,3,2013,16,0,76,14.333333333333334,6,2,2,2,222,Hibernating,316,Non-profitable
819,1945,Graduation,Single,63285.0,0,0,2013-11-05,508,124,249,50,38,134,1,6,5,13,3,0,0,0,0,0,0,3,11,0,70,0,0,5,11,4,2013,14,3,84,45.958333333333336,24,1,5,4,154,Can't loose,236,Non-profitable
4961,1974,PostGraduation,Partner,21255.0,1,0,2014-01-21,29,0,25,2,2,3,4,2,1,4,4,0,0,0,0,0,0,3,11,0,41,1,1,21,1,1,2014,11,0,56,8.714285714285714,7,3,2,1,321,About to sleep,159,Non-profitable
749,1981,Graduation,Partner,42162.0,1,0,2013-11-19,46,7,59,2,4,27,2,3,1,3,6,1,0,0,0,0,0,3,11,1,34,1,1,19,11,4,2013,13,0,31,20.714285714285715,7,4,2,2,422,Potential Loyalists,222,Non-profitable
5430,1956,Graduation,Partner,54450.0,1,1,2012-09-14,454,0,171,8,19,32,12,9,2,8,8,0,0,0,0,0,0,3,11,0,59,1,2,14,9,3,2012,27,2,0,36.0,19,5,4,3,543,Champions,653,Non-profitable
7755,1954,PhD,Partner,57744.0,0,1,2013-11-12,350,3,39,0,0,19,2,9,1,4,8,0,0,0,0,0,0,3,11,0,61,1,1,12,11,4,2013,13,2,91,29.357142857142858,14,1,3,3,133,At risk,229,Non-profitable
10525,1986,Graduation,Single,26576.0,1,0,2012-10-13,10,0,8,0,0,9,1,1,0,2,9,1,0,0,0,0,0,3,11,1,29,1,1,13,10,4,2012,27,0,40,9.0,3,3,1,1,311,About to sleep,624,Non-profitable
1453,1943,PhD,Single,57513.0,0,0,2013-07-06,735,40,183,52,20,30,2,9,3,13,6,0,0,0,0,0,0,3,11,0,72,0,0,6,7,3,2013,18,3,59,42.4,25,2,5,4,254,Can't loose,358,Non-profitable
8310,1964,Graduation,Partner,68142.0,0,1,2012-08-29,897,126,196,91,112,37,3,10,4,7,6,0,0,0,0,0,0,3,11,0,51,1,1,29,8,3,2012,28,1,96,69.47619047619048,21,1,5,5,155,Can't loose,669,Non-profitable
10710,1979,Graduation,Partner,7500.0,0,1,2012-08-29,5,2,3,3,0,5,1,1,0,2,8,0,0,0,0,0,0,3,11,0,36,1,1,29,8,3,2012,28,0,61,6.0,3,2,1,1,211,Hibernating,669,Profitable
5031,1974,Graduation,Partner,83145.0,0,0,2012-09-22,777,35,731,39,137,114,1,5,9,11,2,0,0,1,0,0,0,3,11,1,41,0,0,22,9,3,2012,27,1,14,73.32,25,5,5,5,555,Champions,645,Non-profitable
2613,1960,PostGraduation,Partner,54197.0,0,1,2014-04-03,162,6,37,6,13,13,2,1,3,6,1,0,0,0,0,0,0,3,11,0,55,1,1,3,4,2,2014,9,0,16,23.7,10,5,3,3,533,Potential Loyalists,87,Non-profitable
967,1976,Graduation,Partner,46049.0,1,1,2013-07-21,342,9,112,19,14,19,10,5,2,9,7,0,0,0,0,0,0,3,11,1,39,1,2,21,7,3,2013,17,2,11,32.1875,16,5,4,3,543,Champions,343,Non-profitable
1077,1974,Graduation,Partner,56715.0,0,0,2012-12-05,258,105,239,237,172,9,1,7,3,4,4,0,0,0,0,0,0,3,11,0,41,0,0,5,12,4,2012,25,3,52,72.85714285714286,14,3,3,5,335,Need Attention,571,Profitable
7959,1961,Graduation,Partner,79410.0,0,0,2014-05-29,658,80,483,123,13,13,1,3,2,5,1,0,0,0,0,0,0,3,11,0,54,0,0,29,5,2,2014,7,3,19,137.0,10,5,3,5,535,Potential Loyalists,31,Non-profitable
640,1951,Graduation,Partner,57304.0,0,1,2013-03-11,356,80,329,138,17,106,2,7,6,10,5,0,0,0,0,0,0,3,11,0,64,1,1,11,3,1,2013,22,3,61,44.60869565217392,23,2,5,4,254,Can't loose,475,Non-profitable
4252,1965,Graduation,Partner,44375.0,0,1,2014-03-23,213,5,28,7,7,41,1,4,1,6,5,0,0,0,0,0,0,3,11,0,50,1,1,23,3,1,2014,9,0,73,27.363636363636363,11,2,3,3,233,At risk,98,Non-profitable
8432,1956,Graduation,Partner,54450.0,1,1,2012-09-14,454,0,171,8,19,32,12,9,2,8,8,0,0,0,0,0,0,3,11,0,59,1,2,14,9,3,2012,27,2,0,36.0,19,5,4,3,543,Champions,653,Non-profitable
6218,1965,Graduation,Partner,59594.0,0,1,2012-10-20,457,4,29,0,0,9,1,8,1,7,7,0,1,0,0,0,0,3,11,0,50,1,1,20,10,4,2012,26,2,74,31.1875,16,2,4,3,243,At risk,617,Non-profitable
6905,1994,Graduation,Partner,80685.0,0,0,2012-08-22,241,45,604,34,26,54,1,6,4,10,2,0,0,0,0,0,0,3,11,0,21,0,0,22,8,3,2012,28,3,55,50.2,20,3,4,4,344,Loyal Customers,676,Profitable
5922,1974,PhD,Partner,40344.0,0,1,2013-10-13,210,0,6,0,0,2,2,4,1,5,7,0,0,0,0,0,0,3,11,0,41,1,1,13,10,4,2013,14,0,48,21.8,10,3,3,2,332,Need Attention,259,Non-profitable
3598,1972,Graduation,Partner,62710.0,0,1,2013-05-23,441,35,83,7,29,11,4,4,2,12,4,0,0,0,0,0,0,3,11,0,43,1,1,23,5,2,2013,19,2,53,33.666666666666664,18,3,4,3,343,Loyal Customers,402,Non-profitable
6116,1968,PostGraduation,Partner,48985.0,0,1,2013-07-05,19,13,18,10,7,8,1,1,1,3,3,0,0,0,0,0,0,3,11,0,47,1,1,5,7,3,2013,18,0,13,15.0,5,5,1,2,512,New Customers,359,Non-profitable
6263,1968,Graduation,Partner,35322.0,1,2,2012-08-22,28,9,37,12,7,13,3,2,0,4,8,0,0,0,0,0,0,3,11,0,47,1,3,22,8,3,2012,28,0,34,17.666666666666668,6,4,2,2,422,Potential Loyalists,676,Profitable
10486,1948,Graduation,Partner,77142.0,0,0,2013-05-29,476,75,162,29,151,97,1,4,4,8,2,0,0,0,0,0,0,3,11,0,67,0,0,29,5,2,2013,19,3,54,61.875,16,3,4,4,344,Loyal Customers,396,Non-profitable
2410,1969,Graduation,Single,81657.0,0,0,2014-01-22,364,40,425,158,60,50,1,3,4,8,1,0,0,0,0,0,0,3,11,0,46,0,0,22,1,1,2014,11,3,69,73.13333333333334,15,2,3,5,235,At risk,158,Non-profitable
193,1996,UnderGraduation,Partner,14421.0,0,0,2014-02-17,0,0,2,3,3,8,1,1,0,2,5,1,0,0,0,0,0,3,11,0,19,0,0,17,2,1,2014,10,0,81,5.333333333333333,3,1,1,1,111,Hibernating,132,Non-profitable
3363,1974,PostGraduation,Partner,20130.0,0,0,2014-03-17,0,6,3,7,6,12,1,1,0,3,8,0,0,0,0,0,0,3,11,0,41,0,0,17,3,1,2014,9,0,99,8.5,4,1,1,1,111,Hibernating,104,Non-profitable
8278,1990,PhD,Partner,74214.0,0,0,2012-08-26,863,83,547,86,99,33,1,8,2,5,5,0,0,0,0,0,0,3,11,0,25,0,0,26,8,3,2012,28,1,3,114.06666666666666,15,5,3,5,535,Potential Loyalists,672,Non-profitable
10660,1957,PostGraduation,Partner,66726.0,1,1,2014-01-12,349,7,35,0,0,47,3,8,2,4,7,0,1,0,0,0,0,3,11,0,58,1,2,12,1,1,2014,11,2,61,31.285714285714285,14,2,3,3,233,At risk,168,Non-profitable
8686,1979,UnderGraduation,Partner,23724.0,1,0,2013-01-08,5,23,15,0,18,14,2,2,0,3,8,0,0,0,0,0,0,3,11,0,36,1,1,8,1,1,2013,24,0,65,15.0,5,2,1,2,212,Hibernating,537,Non-profitable
1604,1960,PostGraduation,Partner,47353.0,0,1,2013-11-13,184,2,19,8,8,4,3,2,2,6,5,0,0,0,0,0,0,3,11,0,55,1,1,13,11,4,2013,13,0,93,22.5,10,1,3,2,132,At risk,228,Profitable
5907,1952,PostGraduation,Partner,33444.0,1,1,2012-11-03,8,0,8,0,0,2,1,1,0,2,8,0,0,0,0,0,0,3,11,0,63,1,2,3,11,4,2012,26,0,24,6.0,3,4,1,1,411,Promising,603,Non-profitable
10669,1981,Graduation,Partner,54386.0,0,1,2013-05-17,277,21,64,62,21,25,2,3,2,10,3,0,0,0,0,0,0,3,11,0,34,1,1,17,5,2,2013,19,2,8,31.33333333333333,15,5,3,3,533,Potential Loyalists,408,Profitable
2918,1981,Graduation,Single,28510.0,1,1,2013-04-13,44,5,19,0,4,19,3,2,0,4,5,0,0,0,0,0,0,3,11,0,34,1,2,13,4,2,2013,20,0,72,15.166666666666666,6,2,2,2,222,Hibernating,442,Non-profitable
5735,1991,PostGraduation,Single,90638.0,0,0,2014-02-13,1156,120,915,94,144,96,1,3,4,10,1,0,0,1,0,0,0,3,11,0,24,0,0,13,2,1,2014,10,1,29,148.52941176470588,17,4,4,5,445,Loyal Customers,136,Non-profitable
359,1950,Graduation,Partner,48070.0,0,1,2013-01-13,373,14,83,6,9,19,3,8,2,6,7,0,0,0,0,0,1,3,11,0,65,1,1,13,1,1,2013,23,2,33,31.5,16,4,4,3,443,Loyal Customers,532,Non-profitable
8387,1957,Graduation,Partner,43140.0,0,1,2013-01-05,134,8,76,6,0,11,1,4,1,5,6,0,0,0,0,0,0,3,11,0,58,1,1,5,1,1,2013,24,0,68,23.5,10,2,3,3,233,At risk,540,Non-profitable
1829,1961,PhD,Single,54959.0,0,1,2013-01-19,1148,0,60,0,0,24,3,9,5,4,7,0,1,0,0,0,0,3,11,1,54,1,1,19,1,1,2013,23,3,55,68.44444444444444,18,3,4,4,344,Loyal Customers,526,Non-profitable
3839,1958,UnderGraduation,Single,15056.0,1,1,2013-05-03,6,12,3,21,6,40,5,2,2,3,5,0,0,0,0,0,0,3,11,0,57,1,2,3,5,2,2013,20,0,76,12.571428571428571,7,2,2,2,222,Hibernating,422,Non-profitable
9392,1971,Graduation,Single,26954.0,1,0,2014-05-08,4,1,11,0,0,1,1,1,0,2,7,0,0,0,0,0,0,3,11,0,44,1,1,8,5,2,2014,7,0,17,5.666666666666667,3,5,1,1,511,New Customers,52,Non-profitable
2292,1985,Graduation,Single,22327.0,1,0,2013-08-02,5,4,8,2,0,5,1,1,0,3,5,0,0,0,0,0,0,3,11,0,30,1,1,2,8,3,2013,17,0,94,6.0,4,1,1,1,111,Hibernating,331,Non-profitable
10466,1965,Graduation,Partner,44393.0,1,1,2013-08-22,24,2,20,2,2,10,2,1,0,4,4,0,0,0,0,0,0,3,11,0,50,1,2,22,8,3,2013,16,0,86,12.0,5,1,1,2,112,Hibernating,311,Non-profitable
9855,1952,PhD,Single,62000.0,0,1,2013-08-25,899,0,101,0,0,20,1,6,6,13,4,0,0,0,1,0,0,3,11,0,63,1,1,25,8,3,2013,16,3,25,40.8,25,4,5,4,454,Loyal Customers,308,Non-profitable
4088,1962,PhD,Partner,31497.0,0,1,2012-12-06,108,1,28,13,1,4,2,3,1,4,8,0,0,0,0,0,0,3,11,0,53,1,1,6,12,4,2012,25,0,22,19.375,8,4,2,2,422,Potential Loyalists,570,Non-profitable
5231,1974,PostGraduation,Partner,45894.0,0,2,2014-02-27,27,2,7,0,2,13,1,1,0,3,5,0,0,0,0,0,0,3,11,0,41,1,2,27,2,1,2014,10,0,15,12.75,4,5,1,2,512,New Customers,122,Non-profitable
590,1970,PostGraduation,Single,78579.0,0,0,2012-12-22,816,66,549,216,66,99,1,5,6,4,3,0,0,0,0,0,0,3,11,1,45,0,0,22,12,4,2012,24,1,35,120.8,15,4,3,5,435,Potential Loyalists,554,Non-profitable
8732,1969,PostGraduation,Single,67369.0,0,1,2012-11-17,1298,0,70,37,14,42,4,7,4,10,4,0,1,1,0,0,0,3,11,1,46,1,1,17,11,4,2012,25,1,81,69.57142857142857,21,1,5,5,155,Can't loose,589,Non-profitable
2315,1960,Graduation,Single,58401.0,0,1,2014-04-20,10,0,11,17,29,29,1,1,2,2,4,0,0,0,0,0,0,3,11,0,55,1,1,20,4,2,2014,8,0,55,19.2,5,3,1,2,312,About to sleep,70,Non-profitable
3515,1952,Graduation,Single,62307.0,0,1,2014-02-17,87,13,34,10,6,10,1,4,0,4,5,0,0,0,0,0,0,3,11,0,63,1,1,17,2,1,2014,10,0,94,20.0,8,1,2,2,122,Hibernating,132,Non-profitable
2245,1969,PostGraduation,Partner,43641.0,1,1,2013-04-22,57,2,51,4,2,23,3,2,1,4,6,0,0,0,0,0,0,3,11,0,46,1,2,22,4,2,2013,20,0,50,19.857142857142858,7,3,2,2,322,About to sleep,433,Non-profitable
6283,1968,PostGraduation,Single,63841.0,0,1,2013-04-21,635,15,100,20,7,131,1,9,3,9,6,0,0,0,0,0,0,3,11,0,47,1,1,21,4,2,2013,20,3,64,43.23809523809524,21,2,5,4,254,Can't loose,434,Non-profitable
2246,1965,PostGraduation,Partner,46891.0,0,1,2013-09-01,43,12,23,29,15,61,1,2,1,4,4,0,0,0,0,0,0,3,11,0,50,1,1,1,9,3,2013,16,0,91,26.142857142857142,7,1,2,3,123,Hibernating,301,Non-profitable
6606,1969,PostGraduation,Partner,70091.0,1,0,2013-03-31,964,34,137,15,0,11,2,5,2,10,8,0,1,0,0,0,0,3,11,0,46,1,1,31,3,1,2013,21,3,11,68.29411764705883,17,5,4,4,544,Champions,455,Non-profitable
5545,1972,PhD,Partner,78075.0,0,0,2014-04-05,572,8,259,34,35,80,1,3,5,5,1,0,0,0,0,0,0,3,11,0,43,0,0,5,4,2,2014,9,3,72,76.0,13,2,3,5,235,At risk,85,Non-profitable
7342,1961,PostGraduation,Single,59184.0,0,1,2012-09-09,341,142,113,259,151,66,3,6,6,12,5,0,0,0,0,0,0,3,11,0,54,1,1,9,9,3,2012,28,3,6,44.66666666666666,24,5,5,4,554,Champions,658,Non-profitable
837,1977,Graduation,Partner,54809.0,1,1,2013-09-11,63,6,57,13,13,22,4,2,1,5,4,0,0,0,0,0,0,3,11,0,38,1,2,11,9,3,2013,15,0,0,21.75,8,5,2,2,522,Potential Loyalists,291,Non-profitable
9500,1959,Graduation,Partner,58113.0,0,1,2013-01-25,221,104,169,102,78,84,3,9,2,8,7,0,0,0,0,0,1,3,11,0,56,1,1,25,1,1,2013,23,2,66,39.89473684210526,19,2,4,4,244,At risk,520,Non-profitable
3602,1958,PostGraduation,Partner,51412.0,0,1,2013-12-31,140,3,29,4,5,14,2,3,2,4,4,0,0,0,0,0,0,3,11,0,57,1,1,31,12,4,2013,12,0,42,21.666666666666668,9,3,2,2,322,About to sleep,180,Non-profitable
234,1979,Graduation,Single,15287.0,1,0,2012-10-10,1,2,8,4,3,13,2,1,1,2,7,1,0,0,0,0,0,3,11,1,36,1,1,10,10,4,2012,27,0,60,7.75,4,2,1,1,211,Hibernating,627,Non-profitable
2995,1957,PostGraduation,Partner,66636.0,0,0,2013-08-17,291,10,689,84,10,0,1,3,4,9,1,0,0,0,0,0,0,3,11,0,58,0,0,17,8,3,2013,16,3,64,67.75,16,2,4,4,244,At risk,316,Non-profitable
1118,1956,PostGraduation,Partner,50965.0,0,1,2013-02-20,544,13,85,8,6,29,3,10,4,5,8,1,0,0,0,0,0,3,11,0,59,1,1,20,2,1,2013,22,2,87,36.05263157894737,19,1,4,3,143,At risk,494,Non-profitable
7789,1965,PhD,Partner,84618.0,0,0,2013-11-22,684,100,801,21,66,0,1,6,9,10,2,0,0,1,0,0,0,3,11,0,50,0,0,22,11,4,2013,13,1,96,66.88,25,1,5,4,154,Can't loose,219,Non-profitable
3068,1990,Graduation,Partner,18351.0,0,0,2013-10-29,1,12,9,0,14,7,1,2,0,3,7,0,0,0,0,0,0,3,11,0,25,0,0,29,10,4,2013,14,0,1,8.6,5,5,1,1,511,New Customers,243,Non-profitable
8955,1957,PhD,Partner,40451.0,0,2,2014-02-16,35,0,4,0,0,10,1,1,1,2,5,1,0,0,0,0,0,3,11,0,58,1,2,16,2,1,2014,10,0,54,12.25,4,3,1,2,312,About to sleep,133,Non-profitable
945,1965,Graduation,Partner,36317.0,0,1,2013-05-22,87,3,25,3,2,13,2,3,0,4,7,0,0,0,0,0,0,3,11,0,50,1,1,22,5,2,2013,19,0,53,19.0,7,3,2,2,322,About to sleep,403,Profitable
5644,1957,Graduation,Partner,42213.0,0,1,2013-10-12,309,3,24,4,3,20,2,5,1,7,7,0,1,0,0,0,0,3,11,0,58,1,1,12,10,4,2013,14,2,96,27.923076923076923,13,1,3,3,133,At risk,260,Profitable
7192,1955,Graduation,Partner,65748.0,0,1,2013-04-15,172,73,93,95,78,34,2,2,4,10,1,0,0,0,0,0,1,3,11,0,60,1,1,15,4,2,2013,20,2,58,34.0625,16,3,4,3,343,Loyal Customers,440,Non-profitable
2324,1972,Graduation,Partner,77044.0,0,1,2013-10-27,625,38,242,50,34,76,2,7,11,11,4,1,0,0,0,0,0,3,11,0,43,1,1,27,10,4,2013,14,3,12,36.72413793103448,29,5,5,4,554,Champions,245,Non-profitable
697,1969,Graduation,Partner,74918.0,0,0,2013-03-12,972,59,913,25,19,59,1,5,9,6,3,0,0,1,0,0,0,3,11,0,46,0,0,12,3,1,2013,22,1,78,102.35,20,2,4,5,245,At risk,474,Non-profitable
3439,1972,Graduation,Partner,56721.0,1,1,2012-10-31,157,6,39,6,13,75,5,4,1,5,6,0,0,0,0,0,0,3,11,0,43,1,2,31,10,4,2012,26,0,64,29.6,10,2,3,3,233,At risk,606,Non-profitable
1506,1975,Graduation,Single,42160.0,1,1,2013-06-28,48,9,45,3,15,20,4,2,1,4,6,0,0,0,0,0,0,3,11,1,40,1,2,28,6,2,2013,18,0,26,20.0,7,4,2,2,422,Potential Loyalists,366,Non-profitable
232,1965,Graduation,Single,61559.0,0,1,2013-07-17,279,83,88,32,14,34,1,4,2,10,3,0,0,0,0,0,0,3,11,0,50,1,1,17,7,3,2013,17,2,8,33.125,16,5,4,3,543,Champions,347,Non-profitable
8876,1963,PhD,Partner,33629.0,1,1,2012-08-08,132,0,16,0,0,4,5,3,1,4,9,0,0,0,0,0,0,3,11,0,52,1,2,8,8,3,2012,29,0,49,19.0,8,3,2,2,322,About to sleep,690,Non-profitable
4500,1991,PhD,Partner,68682.0,0,0,2013-10-06,919,0,505,99,30,45,1,4,9,10,2,0,0,0,0,0,0,3,11,0,24,0,0,6,10,4,2013,15,1,56,69.47826086956522,23,3,5,5,355,Loyal Customers,266,Profitable
9739,1963,Graduation,Single,34377.0,0,1,2013-01-19,62,0,22,3,1,26,2,2,2,2,7,0,0,0,0,0,0,3,11,0,52,1,1,19,1,1,2013,23,0,55,19.0,6,3,2,2,322,About to sleep,526,Non-profitable
10395,1986,UnderGraduation,Single,8940.0,1,0,2012-08-22,1,45,3,4,6,42,3,3,1,3,8,0,0,0,0,0,0,3,11,0,29,1,1,22,8,3,2012,28,0,25,14.428571428571429,7,4,2,2,422,Potential Loyalists,676,Non-profitable
1176,1973,Graduation,Partner,26228.0,1,0,2013-09-22,2,6,4,3,1,9,1,1,0,2,8,0,0,0,0,0,0,3,11,0,42,1,1,22,9,3,2013,15,0,50,8.333333333333334,3,3,1,1,311,About to sleep,280,Non-profitable
1627,1957,PostGraduation,Single,77297.0,0,0,2013-01-26,408,61,109,48,122,41,1,5,7,9,4,0,0,0,1,0,0,3,11,0,58,0,0,26,1,1,2013,23,2,84,37.57142857142857,21,1,5,4,154,Can't loose,519,Non-profitable
938,1981,Graduation,Partner,40211.0,1,1,2013-07-30,51,1,7,2,1,25,2,2,1,2,8,1,0,0,0,0,0,3,11,0,34,1,2,30,7,3,2013,17,0,30,17.4,5,4,1,2,412,Promising,334,Non-profitable
2740,1958,PhD,Single,33438.0,1,1,2013-09-22,62,1,16,3,2,6,4,2,1,4,5,0,0,0,0,0,0,3,11,0,57,1,2,22,9,3,2013,15,0,81,12.857142857142858,7,1,2,2,122,Hibernating,280,Non-profitable
257,1959,PhD,Partner,75032.0,0,1,2013-04-28,952,12,180,47,12,12,2,5,4,9,3,0,0,0,0,0,0,3,11,0,56,1,1,28,4,2,2013,20,3,74,67.5,18,2,4,4,244,At risk,427,Non-profitable
4058,1955,PhD,Single,61284.0,0,0,2013-10-12,618,15,106,20,7,45,1,11,2,8,6,0,1,0,0,0,0,3,11,0,60,0,0,12,10,4,2013,14,2,76,38.61904761904762,21,2,5,4,254,Can't loose,260,Non-profitable
7736,1986,Graduation,Partner,22518.0,1,0,2012-10-22,11,7,12,2,2,27,2,2,1,2,5,1,0,0,0,0,0,3,11,1,29,1,1,22,10,4,2012,26,0,36,12.2,5,4,1,2,412,Promising,615,Non-profitable
8210,1975,PostGraduation,Partner,54730.0,0,1,2013-08-15,318,3,17,4,7,56,5,4,1,8,4,0,0,0,0,0,0,3,11,0,40,1,1,15,8,3,2013,16,2,64,31.153846153846157,13,2,3,3,233,At risk,318,Non-profitable
833,1955,PostGraduation,Partner,38452.0,1,1,2014-03-30,56,0,14,0,0,2,3,3,0,3,7,0,0,0,0,0,0,3,11,0,60,1,2,30,3,1,2014,9,0,62,12.0,6,2,2,2,222,Hibernating,91,Non-profitable
6230,1971,Graduation,Single,44421.0,1,1,2013-02-15,110,5,59,7,1,7,5,5,0,4,8,0,0,0,0,0,0,3,11,0,44,1,2,15,2,1,2013,22,0,53,21.0,9,3,2,2,322,About to sleep,499,Non-profitable
7325,1986,PhD,Partner,38197.0,1,0,2013-06-29,23,0,11,2,1,3,1,1,0,3,5,0,0,0,0,0,0,3,11,0,29,1,1,29,6,2,2013,18,0,86,10.0,4,1,1,1,111,Hibernating,365,Non-profitable
1307,1978,Graduation,Single,41986.0,0,1,2014-02-09,27,5,8,8,3,12,3,3,0,4,4,0,0,0,0,0,0,3,11,0,37,1,1,9,2,1,2014,10,0,15,9.0,7,5,2,1,521,Potential Loyalists,140,Non-profitable
1502,1983,Graduation,Partner,28427.0,1,0,2013-03-21,18,3,19,3,3,6,2,2,0,3,8,0,0,0,0,0,0,3,11,0,32,1,1,21,3,1,2013,21,0,67,10.4,5,2,1,1,211,Hibernating,465,Profitable
6211,1976,PhD,Partner,37395.0,1,0,2014-05-02,18,0,9,0,1,11,1,1,0,3,6,0,0,0,0,0,0,3,11,0,39,1,1,2,5,2,2014,8,0,47,9.75,4,3,1,1,311,About to sleep,58,Non-profitable
9757,1972,Graduation,Partner,84906.0,0,0,2013-10-04,997,15,414,99,30,76,1,5,6,12,2,0,1,1,0,1,0,3,11,0,43,0,0,4,10,4,2013,15,1,98,70.91304347826087,23,1,5,5,155,Can't loose,268,Non-profitable
6918,1989,Graduation,Partner,28691.0,1,0,2013-07-04,5,4,13,8,0,4,1,1,0,3,8,0,0,0,0,0,0,3,11,0,26,1,1,4,7,3,2013,18,0,56,8.5,4,3,1,1,311,About to sleep,360,Non-profitable
286,1952,Graduation,Single,44213.0,1,1,2013-11-29,95,11,35,0,4,7,4,2,1,5,6,0,0,0,0,0,0,3,11,0,63,1,2,29,11,4,2013,13,0,48,19.0,8,3,2,2,322,About to sleep,212,Non-profitable
11086,1984,UnderGraduation,Single,25707.0,1,0,2014-01-18,1,6,2,3,6,3,1,1,0,3,7,0,0,0,0,0,0,3,11,0,31,1,1,18,1,1,2014,11,0,18,5.25,4,5,1,1,511,New Customers,162,Non-profitable
1921,1967,PhD,Partner,59062.0,2,1,2013-10-03,46,1,12,3,0,9,2,2,0,3,4,0,0,0,0,0,0,3,11,0,48,1,3,3,10,4,2013,15,0,74,14.2,5,2,1,2,212,Hibernating,269,Non-profitable
7718,1947,PostGraduation,Partner,66000.0,0,0,2014-04-20,244,51,270,101,0,45,1,1,3,5,1,0,0,0,0,0,0,3,11,0,68,0,0,20,4,2,2014,8,2,36,79.0,9,4,2,5,425,Potential Loyalists,70,Profitable
1291,1978,PhD,Partner,27683.0,1,0,2012-08-04,152,9,121,12,12,45,4,6,2,4,8,0,0,0,0,0,0,3,11,0,37,1,1,4,8,3,2012,29,2,90,29.25,12,1,3,3,133,At risk,694,Non-profitable
4136,1992,UnderGraduation,Single,7500.0,1,0,2012-12-03,10,17,18,8,26,40,4,3,2,2,9,0,0,0,0,0,0,3,11,0,23,1,1,3,12,4,2012,25,0,63,17.0,7,2,2,2,222,Hibernating,573,Non-profitable
803,1968,Graduation,Partner,40521.0,1,1,2013-04-05,12,0,5,0,0,4,1,0,1,2,5,0,0,0,0,0,0,3,11,0,47,1,2,5,4,2,2013,21,0,82,7.0,3,1,1,1,111,Hibernating,450,Non-profitable
4298,1973,PhD,Partner,20427.0,1,0,2014-03-24,5,0,4,0,0,1,1,1,0,2,8,0,0,0,0,0,0,3,11,0,42,1,1,24,3,1,2014,9,0,63,3.333333333333333,3,2,1,1,211,Hibernating,97,Non-profitable
9606,1965,PhD,Partner,69969.0,0,0,2013-08-27,882,29,514,38,29,44,1,4,2,6,3,0,0,1,1,0,0,3,11,1,50,0,0,27,8,3,2013,16,1,64,128.0,12,2,3,5,235,At risk,306,Non-profitable
8534,1952,Graduation,Partner,67433.0,0,2,2013-07-16,615,28,259,12,48,30,4,6,5,13,4,0,1,0,0,0,0,3,11,0,63,1,2,16,7,3,2013,17,3,51,41.333333333333336,24,3,5,4,354,Loyal Customers,348,Non-profitable
5153,1967,PhD,Partner,77766.0,0,1,2013-02-22,1004,59,265,115,59,27,2,11,10,11,6,1,0,0,0,0,0,3,11,1,48,1,1,22,2,1,2013,22,1,97,47.78125,32,1,5,4,154,Can't loose,492,Non-profitable
961,1972,Graduation,Partner,74716.0,0,1,2013-09-12,133,27,421,13,195,71,2,7,3,5,4,0,0,0,0,0,0,3,11,0,43,1,1,12,9,3,2013,15,3,92,57.333333333333336,15,1,3,4,134,At risk,290,Non-profitable
5011,1963,Graduation,Single,68118.0,0,1,2013-10-18,595,23,123,10,23,154,2,8,9,4,6,0,0,0,0,0,0,3,11,0,52,1,1,18,10,4,2013,14,3,51,44.19047619047619,21,3,5,4,354,Loyal Customers,254,Non-profitable
6653,1970,PhD,Partner,55158.0,1,1,2012-07-30,293,0,87,4,11,23,4,7,2,5,7,0,0,0,0,0,0,3,11,1,45,1,2,30,7,3,2012,29,2,72,29.857142857142858,14,2,3,3,233,At risk,699,Non-profitable
9094,1955,PostGraduation,Partner,62972.0,0,1,2012-08-03,313,15,47,20,0,192,2,7,4,3,6,0,0,0,0,0,0,3,11,1,60,1,1,3,8,3,2012,29,2,39,41.92857142857143,14,4,3,4,434,Potential Loyalists,695,Non-profitable
5493,1976,Graduation,Partner,39356.0,1,1,2014-03-19,15,0,2,0,0,6,1,1,0,2,6,1,0,0,0,0,0,3,11,0,39,1,2,19,3,1,2014,9,0,21,7.666666666666667,3,4,1,1,411,Promising,102,Non-profitable
2147,1969,Graduation,Partner,76653.0,0,0,2013-08-16,736,63,946,219,189,126,1,4,7,11,2,0,0,1,1,0,0,3,11,0,46,0,0,16,8,3,2013,16,1,91,103.5909090909091,22,1,5,5,155,Can't loose,317,Non-profitable
5107,1973,PhD,Single,35860.0,1,1,2014-05-19,15,0,8,4,2,20,2,1,1,2,5,1,0,0,0,0,0,3,11,0,42,1,2,19,5,2,2014,7,0,37,12.25,4,4,1,2,412,Promising,41,Non-profitable
3979,1983,PhD,Single,90687.0,0,0,2013-05-22,982,17,672,23,34,51,1,6,2,8,2,0,0,1,0,0,0,3,11,1,32,0,0,22,5,2,2013,19,1,98,111.1875,16,1,4,5,145,At risk,403,Non-profitable
6049,1982,PostGraduation,Partner,73450.0,0,0,2013-12-05,1142,51,415,90,69,37,1,7,8,11,3,1,0,0,1,0,0,3,11,0,33,0,0,5,12,4,2013,13,1,85,69.38461538461539,26,1,5,5,155,Can't loose,206,Non-profitable
8147,1960,Graduation,Partner,31454.0,1,1,2013-07-06,28,0,11,0,0,9,3,2,0,3,8,0,0,0,0,0,0,3,11,0,55,1,2,6,7,3,2013,18,0,40,9.6,5,3,1,1,311,About to sleep,358,Non-profitable
1857,1952,Graduation,Single,47139.0,1,1,2014-03-06,46,0,12,0,2,23,2,2,1,2,7,0,0,0,0,0,0,3,11,1,63,1,2,6,3,1,2014,10,0,2,16.6,5,5,1,2,512,New Customers,115,Non-profitable
3910,1975,Graduation,Single,83829.0,0,0,2013-10-08,897,161,430,186,161,27,0,4,7,6,1,1,0,1,1,0,0,3,11,1,40,0,0,8,10,4,2013,15,1,78,109.52941176470588,17,2,4,5,245,At risk,264,Non-profitable
5207,1963,PhD,Partner,53378.0,1,1,2012-09-24,489,6,152,8,6,132,10,9,4,6,8,0,0,0,0,0,0,3,11,1,52,1,2,24,9,3,2012,27,2,41,41.73684210526316,19,3,4,4,344,Loyal Customers,643,Non-profitable
11114,1970,Graduation,Partner,19656.0,1,0,2013-02-08,25,4,9,6,8,32,3,2,1,3,7,0,0,0,0,0,0,3,11,0,45,1,1,8,2,1,2013,23,0,94,14.0,6,1,2,2,122,Hibernating,506,Non-profitable
5429,1948,PhD,Partner,45579.0,0,1,2013-08-20,145,1,33,2,1,1,1,4,1,4,6,0,0,0,0,0,0,3,11,0,67,1,1,20,8,3,2013,16,0,10,20.33333333333333,9,5,2,2,522,Potential Loyalists,313,Non-profitable
1740,1944,Graduation,Partner,55956.0,0,0,2014-04-07,760,38,104,50,9,38,2,7,3,4,4,0,1,0,0,0,0,3,11,0,71,0,0,7,4,2,2014,8,3,22,71.35714285714286,14,4,3,5,435,Potential Loyalists,83,Non-profitable
7488,1963,PostGraduation,Single,64191.0,0,1,2013-01-22,420,15,186,151,38,15,3,5,3,13,3,0,0,0,0,0,0,3,11,0,52,1,1,22,1,1,2013,23,2,30,39.285714285714285,21,4,5,4,454,Loyal Customers,523,Non-profitable
195,1972,Graduation,Single,38808.0,1,0,2012-08-26,125,17,52,3,19,30,4,5,1,4,8,1,0,0,0,0,0,3,11,1,43,1,1,26,8,3,2012,28,0,21,24.6,10,4,3,3,433,Potential Loyalists,672,Non-profitable
635,1966,PostGraduation,Partner,57183.0,1,1,2013-03-19,464,5,64,7,0,70,8,9,1,7,8,0,0,0,0,0,0,3,11,0,49,1,2,19,3,1,2013,21,2,51,35.88235294117647,17,3,4,3,343,Loyal Customers,467,Non-profitable
7527,1968,PostGraduation,Single,23748.0,1,0,2012-11-21,6,6,29,12,15,8,3,2,1,3,8,0,0,0,0,0,0,3,11,0,47,1,1,21,11,4,2012,25,0,97,12.666666666666666,6,1,2,2,122,Hibernating,585,Non-profitable
10319,1971,Graduation,Partner,66303.0,0,1,2013-02-26,1090,12,96,16,12,60,4,3,4,11,8,0,1,0,0,0,0,3,11,0,44,1,1,26,2,1,2013,22,3,56,71.44444444444444,18,3,4,5,345,Loyal Customers,488,Non-profitable
2296,1975,PostGraduation,Partner,37368.0,1,0,2013-12-16,3,2,11,2,2,10,1,1,0,2,6,1,0,0,0,0,0,3,11,0,40,1,1,16,12,4,2013,12,0,4,10.0,3,5,1,1,511,New Customers,195,Non-profitable
10637,1964,Graduation,Partner,40800.0,1,2,2013-01-01,24,0,27,8,30,10,2,3,0,3,7,0,0,0,0,0,1,3,11,0,51,1,3,1,1,1,2013,24,0,77,16.5,6,2,2,2,222,Hibernating,544,Non-profitable
2931,1978,Graduation,Single,71847.0,0,0,2012-09-21,737,21,106,55,63,210,0,6,7,9,3,0,0,0,1,0,0,3,11,0,37,0,0,21,9,3,2012,27,3,95,54.18181818181818,22,1,5,4,154,Can't loose,646,Profitable
907,1975,Graduation,Partner,46149.0,0,1,2013-11-29,254,6,71,4,0,27,5,5,1,7,5,0,0,0,0,0,0,3,11,0,40,1,1,29,11,4,2013,13,2,36,27.846153846153847,13,4,3,3,433,Potential Loyalists,212,Non-profitable
3698,1983,Graduation,Partner,78687.0,0,0,2012-08-09,817,185,687,145,55,241,1,4,6,8,2,0,0,1,0,0,0,3,11,1,32,0,0,9,8,3,2012,29,1,13,118.33333333333331,18,5,4,5,545,Champions,689,Non-profitable
9516,1971,PostGraduation,Single,49118.0,0,0,2012-08-18,620,54,239,99,98,119,2,9,7,10,7,0,1,0,0,1,0,3,11,1,44,0,0,18,8,3,2012,28,3,90,47.26923076923077,26,1,5,4,154,Can't loose,680,Profitable
679,1957,PhD,Partner,37633.0,1,1,2012-09-20,13,4,20,0,0,1,2,1,0,3,9,0,0,0,0,0,0,3,11,0,58,1,2,20,9,3,2012,27,0,49,9.5,4,3,1,1,311,About to sleep,647,Non-profitable
7384,1951,PostGraduation,Partner,39767.0,0,0,2013-07-21,113,61,204,34,26,47,2,7,1,7,8,0,0,0,0,0,0,3,11,0,64,0,0,21,7,3,2013,17,2,18,32.333333333333336,15,5,3,3,533,Potential Loyalists,343,Non-profitable
5043,1951,UnderGraduation,Partner,26997.0,0,0,2012-11-05,7,23,78,133,49,144,2,4,2,5,7,0,0,0,0,0,0,3,11,0,64,0,0,5,11,4,2012,26,2,89,39.45454545454545,11,1,3,4,134,At risk,601,Non-profitable
5267,1970,Graduation,Single,33986.0,1,0,2013-03-14,16,2,18,2,1,5,1,1,0,3,7,0,0,0,0,0,0,3,11,0,45,1,1,14,3,1,2013,21,0,43,11.0,4,3,1,1,311,About to sleep,472,Non-profitable
339,1972,PhD,Partner,57091.0,0,1,2012-11-23,462,0,24,6,0,4,2,9,2,5,7,0,1,0,0,0,0,3,11,1,43,1,1,23,11,4,2012,25,2,82,31.0,16,1,4,3,143,At risk,583,Non-profitable
2516,1969,PostGraduation,Partner,46831.0,1,1,2013-06-08,22,2,10,6,4,34,2,1,2,2,4,0,0,0,0,0,0,3,11,0,46,1,2,8,6,2,2013,19,0,84,15.6,5,1,1,2,112,Hibernating,386,Non-profitable
9010,1972,PostGraduation,Partner,83151.0,0,0,2013-02-10,968,147,842,137,42,210,1,5,7,10,2,1,0,1,1,0,0,3,11,1,43,0,0,10,2,1,2013,23,1,80,106.63636363636364,22,1,5,5,155,Can't loose,504,Non-profitable
378,1971,Graduation,Partner,52531.0,0,0,2012-12-30,283,112,151,51,72,125,2,7,2,10,6,0,0,0,0,0,0,3,11,0,44,0,0,30,12,4,2012,24,2,68,41.78947368421053,19,2,4,4,244,At risk,546,Non-profitable
4808,1956,Graduation,Partner,15759.0,0,0,2013-09-05,1,2,5,6,0,3,1,1,0,2,7,0,0,0,0,0,0,3,11,0,59,0,0,5,9,3,2013,16,0,12,5.666666666666667,3,5,1,1,511,New Customers,297,Non-profitable
5068,1971,Graduation,Single,22804.0,1,0,2013-07-31,14,1,7,2,1,1,1,2,0,2,9,0,0,0,0,0,0,3,11,0,44,1,1,31,7,3,2013,17,0,75,6.5,4,2,1,1,211,Hibernating,333,Non-profitable
7628,1973,PostGraduation,Partner,43050.0,1,0,2014-03-18,30,5,24,6,3,8,2,2,0,4,5,0,0,0,0,0,0,3,11,0,42,1,1,18,3,1,2014,9,0,10,12.666666666666666,6,5,2,2,522,Potential Loyalists,103,Non-profitable
7128,1977,PhD,Single,42997.0,1,1,2013-12-07,4,0,5,0,1,5,1,1,0,2,7,0,0,0,0,0,0,3,11,0,38,1,2,7,12,4,2013,13,0,91,5.0,3,1,1,1,111,Hibernating,204,Non-profitable
2811,1963,PhD,Single,48918.0,1,1,2014-04-12,52,0,9,0,0,1,2,1,0,4,4,0,0,0,0,0,0,3,11,0,52,1,2,12,4,2,2014,8,0,21,12.4,5,4,1,2,412,Promising,78,Profitable
3551,1954,PostGraduation,Partner,60033.0,0,1,2014-03-29,62,1,57,19,11,48,2,2,1,5,2,0,0,0,0,0,0,3,11,0,61,1,1,29,3,1,2014,9,0,28,24.75,8,4,2,3,423,Potential Loyalists,92,Non-profitable
1663,1978,PhD,Partner,34043.0,1,0,2013-10-25,20,2,14,3,0,10,1,2,0,2,9,0,0,0,0,0,0,3,11,0,37,1,1,25,10,4,2013,14,0,97,12.25,4,1,1,2,112,Hibernating,247,Non-profitable
5543,1966,Graduation,Partner,57811.0,0,1,2013-06-24,545,7,114,37,21,78,5,7,2,11,5,0,1,0,0,0,0,3,11,0,49,1,1,24,6,2,2013,18,2,49,40.1,20,3,4,4,344,Loyal Customers,370,Non-profitable
1577,1946,Graduation,Partner,78569.0,0,0,2014-02-19,558,79,622,207,175,95,1,4,6,4,1,0,0,1,0,0,0,3,11,1,69,0,0,19,2,1,2014,10,1,14,124.0,14,5,3,5,535,Potential Loyalists,130,Non-profitable
10641,1978,Graduation,Single,7500.0,1,1,2012-12-27,6,5,4,13,4,25,4,2,1,3,6,0,0,0,0,0,0,3,11,0,37,1,2,27,12,4,2012,24,0,5,9.5,6,5,2,1,521,Potential Loyalists,549,Profitable
5336,1971,PostGraduation,Partner,157733.0,1,0,2013-06-04,39,1,9,2,0,8,0,1,0,1,1,0,0,0,0,0,0,3,11,0,44,1,1,4,6,2,2013,19,0,37,29.5,2,4,1,3,413,Promising,390,Non-profitable
6024,1953,Graduation,Partner,94384.0,0,0,2013-03-04,1111,24,790,160,45,172,0,5,8,5,2,0,1,1,1,0,0,3,11,1,62,0,0,4,3,1,2013,22,1,62,127.88888888888889,18,2,4,5,245,At risk,482,Profitable
1878,1985,PostGraduation,Partner,23148.0,0,0,2014-02-18,4,6,8,6,3,10,1,2,0,3,7,0,0,0,0,0,0,3,11,0,30,0,0,18,2,1,2014,10,0,83,7.4,5,1,1,1,111,Hibernating,131,Non-profitable
3099,1970,Graduation,Single,44267.0,1,1,2013-02-25,183,5,65,3,5,49,5,5,2,4,9,0,0,0,0,0,0,3,11,0,45,1,2,25,2,1,2013,22,0,48,28.181818181818183,11,3,3,3,333,Need Attention,489,Non-profitable
6055,1979,Graduation,Partner,71626.0,0,0,2012-11-01,546,72,376,94,145,72,1,5,5,8,3,0,1,0,0,0,0,3,11,0,36,0,0,1,11,4,2012,26,3,94,72.5,18,1,4,5,145,At risk,605,Non-profitable
5841,1966,Graduation,Partner,60894.0,0,1,2013-06-28,606,7,155,10,0,54,5,10,3,8,7,0,0,0,0,0,0,3,11,0,49,1,1,28,6,2,2013,18,2,61,39.61904761904762,21,2,5,4,254,Can't loose,366,Profitable
3972,1976,Graduation,Partner,50200.0,1,1,2013-04-03,266,6,51,8,6,64,6,7,1,5,8,0,0,0,0,0,0,3,11,0,39,1,2,3,4,2,2013,21,2,70,30.846153846153847,13,2,3,3,233,At risk,452,Non-profitable
5758,1982,Graduation,Partner,65169.0,0,0,2014-01-14,1074,0,69,0,0,46,1,10,4,13,6,1,0,1,1,1,0,3,11,1,33,0,0,14,1,1,2014,11,3,23,44.03703703703704,27,4,5,4,454,Loyal Customers,166,Non-profitable
6658,1972,Graduation,Partner,59868.0,0,1,2013-07-22,771,51,154,54,10,154,7,11,2,12,6,0,0,0,0,0,0,3,11,0,43,1,1,22,7,3,2013,17,3,37,47.76,25,4,5,4,454,Loyal Customers,342,Non-profitable
4603,1960,PhD,Partner,65695.0,0,1,2014-01-31,371,32,189,0,58,6,2,5,4,10,4,0,0,0,0,0,0,3,11,0,55,1,1,31,1,1,2014,11,2,50,34.526315789473685,19,3,4,3,343,Loyal Customers,149,Non-profitable
8427,1956,PostGraduation,Single,64857.0,0,0,2012-11-23,556,14,717,210,0,43,1,7,5,10,4,0,0,0,0,0,0,3,11,0,59,0,0,23,11,4,2012,25,1,78,70.0,22,2,5,5,255,Can't loose,583,Non-profitable
10260,1965,PostGraduation,Partner,45143.0,0,1,2013-08-26,202,5,74,11,5,14,3,6,1,5,7,0,0,0,0,0,0,3,11,0,50,1,1,26,8,3,2013,16,0,74,25.916666666666668,12,2,3,3,233,At risk,307,Non-profitable
7143,1955,PostGraduation,Partner,74805.0,0,1,2013-11-06,209,162,209,41,162,37,5,4,7,10,2,0,0,0,0,0,0,3,11,0,60,1,1,6,11,4,2013,14,2,14,39.04761904761905,21,5,5,4,554,Champions,235,Non-profitable
8789,1989,PostGraduation,Partner,59060.0,1,0,2014-01-11,35,40,111,36,40,12,3,3,1,7,4,0,0,0,0,0,0,3,11,0,26,1,1,11,1,1,2014,11,0,77,24.90909090909091,11,2,3,3,233,At risk,169,Non-profitable
6197,1962,PhD,Single,27238.0,1,1,2013-04-20,37,0,17,0,0,3,3,3,0,3,9,0,0,0,0,0,0,3,11,0,53,1,2,20,4,2,2013,20,0,39,9.5,6,4,2,1,421,Potential Loyalists,435,Non-profitable
4554,1965,Graduation,Partner,47009.0,0,1,2013-10-01,171,45,73,59,10,90,4,3,2,8,4,0,0,0,0,0,0,3,11,0,50,1,1,1,10,4,2013,15,2,89,34.46153846153846,13,1,3,3,133,At risk,271,Profitable
1920,1972,Graduation,Partner,40321.0,1,1,2013-07-29,44,4,21,6,0,27,2,3,0,3,7,0,0,0,0,0,0,3,11,0,43,1,2,29,7,3,2013,17,0,59,17.0,6,2,2,2,222,Hibernating,335,Non-profitable
8749,1984,Graduation,Partner,37235.0,1,0,2014-02-01,20,2,9,4,6,20,1,1,1,2,4,0,0,0,0,0,0,3,11,0,31,1,1,1,2,1,2014,11,0,68,15.25,4,2,1,2,212,Hibernating,148,Non-profitable
1650,1960,PostGraduation,Partner,81843.0,0,0,2013-04-22,779,86,537,34,69,138,1,5,9,12,3,0,0,0,0,0,0,3,11,0,55,0,0,22,4,2,2013,20,1,13,63.19230769230769,26,5,5,4,554,Champions,433,Non-profitable
10377,1958,PostGraduation,Partner,46692.0,0,1,2013-06-06,170,6,97,24,12,88,3,6,1,5,6,0,0,0,0,0,0,3,11,0,57,1,1,6,6,2,2013,19,2,37,33.083333333333336,12,4,3,3,433,Potential Loyalists,388,Non-profitable
9206,1968,Graduation,Partner,77382.0,0,1,2014-01-07,491,48,231,112,105,134,2,5,7,12,1,0,0,1,0,0,0,3,11,0,47,1,1,7,1,1,2014,11,3,36,46.708333333333336,24,4,5,4,454,Loyal Customers,173,Profitable
10971,1977,Graduation,Single,37774.0,2,0,2012-09-03,173,8,107,7,2,176,4,7,2,3,9,1,0,0,0,0,1,3,11,1,38,1,2,3,9,3,2012,28,2,28,39.41666666666666,12,4,3,4,434,Potential Loyalists,664,Non-profitable
6398,1974,UnderGraduation,Partner,18393.0,1,0,2014-03-29,7,10,13,16,0,4,2,3,0,3,8,0,0,0,0,0,0,3,11,0,41,1,1,29,3,1,2014,9,0,2,8.333333333333334,6,5,2,1,521,Potential Loyalists,92,Non-profitable
9212,1962,PostGraduation,Partner,72828.0,0,1,2013-02-14,1205,0,235,19,14,205,6,6,3,13,7,0,0,0,0,0,0,3,11,0,53,1,1,14,2,1,2013,22,1,17,76.27272727272727,22,5,5,5,555,Champions,500,Non-profitable
839,1975,PhD,Partner,45503.0,1,0,2013-09-25,97,4,44,6,1,18,1,3,1,4,5,0,0,0,0,0,0,3,11,0,40,1,1,25,9,3,2013,15,0,54,21.25,8,3,2,2,322,About to sleep,277,Profitable
4246,1982,PostGraduation,Single,6560.0,0,0,2013-12-12,67,11,26,4,3,262,0,1,0,1,17,0,0,0,0,0,0,3,11,0,33,0,0,12,12,4,2013,12,2,2,186.5,2,5,1,5,515,New Customers,199,Non-profitable
158,1945,PhD,Partner,71604.0,0,0,2013-11-17,345,53,528,98,75,97,1,8,3,5,4,1,0,0,0,0,0,3,11,1,70,0,0,17,11,4,2013,13,3,3,74.75,16,5,4,5,545,Champions,224,Non-profitable
4832,1979,Graduation,Partner,27244.0,1,0,2014-03-07,6,5,17,3,24,46,2,2,2,2,7,0,0,0,0,0,0,3,11,0,36,1,1,7,3,1,2014,10,0,84,16.833333333333332,6,1,2,2,122,Hibernating,114,Non-profitable
5621,1969,Graduation,Partner,48752.0,1,1,2012-12-12,73,57,100,71,15,0,5,6,1,5,9,0,0,0,0,0,0,3,11,1,46,1,2,12,12,4,2012,25,0,8,26.33333333333333,12,5,3,3,533,Potential Loyalists,564,Non-profitable
1945,1962,Graduation,Partner,71434.0,0,1,2013-09-18,711,36,217,172,96,168,3,7,4,7,4,0,1,0,1,0,0,3,11,0,53,1,1,18,9,3,2013,15,3,4,77.77777777777777,18,5,4,5,545,Champions,284,Profitable
5147,1948,Graduation,Single,90842.0,0,0,2013-07-29,774,70,118,182,187,93,1,4,9,13,1,0,0,0,0,0,0,3,11,0,67,0,0,29,7,3,2013,17,3,57,54.76923076923077,26,3,5,4,354,Loyal Customers,335,Non-profitable
2535,1978,PostGraduation,Partner,88097.0,1,0,2012-08-18,163,0,480,0,126,75,1,6,5,8,9,0,1,1,1,0,0,3,11,1,37,1,1,18,8,3,2012,28,2,24,44.42105263157895,19,4,4,4,444,Loyal Customers,680,Non-profitable
11039,1975,Graduation,Partner,51948.0,0,1,2013-09-17,82,33,54,71,30,41,2,5,2,4,5,0,0,0,0,0,0,3,11,0,40,1,1,17,9,3,2013,15,0,51,28.272727272727277,11,3,3,3,333,Need Attention,285,Profitable
9495,1982,Graduation,Partner,71853.0,0,0,2013-05-08,358,108,413,141,97,32,1,2,8,6,1,0,0,0,0,0,0,3,11,0,33,0,0,8,5,2,2013,20,3,29,71.8125,16,4,4,5,445,Loyal Customers,417,Non-profitable
9635,1983,PostGraduation,Partner,35876.0,0,0,2014-04-20,66,2,40,4,3,14,1,3,1,3,6,0,0,0,0,0,0,3,11,0,32,0,0,20,4,2,2014,8,0,13,18.428571428571427,7,5,2,2,522,Potential Loyalists,70,Non-profitable
2173,1952,Graduation,Single,40049.0,0,1,2013-10-16,13,6,7,0,3,3,1,1,0,3,6,0,0,0,0,0,0,3,11,0,63,1,1,16,10,4,2013,14,0,23,8.0,4,4,1,1,411,Promising,256,Non-profitable
942,1982,Graduation,Single,39660.0,1,0,2012-08-08,139,13,78,20,13,36,3,7,1,3,9,0,0,0,0,0,0,3,11,1,33,1,1,8,8,3,2012,29,0,36,27.181818181818183,11,4,3,3,433,Potential Loyalists,690,Non-profitable
5510,1977,PostGraduation,Partner,43263.0,0,1,2012-11-21,262,6,61,0,10,102,3,5,2,6,5,0,0,0,0,0,0,3,11,0,38,1,1,21,11,4,2012,25,2,2,33.92307692307692,13,5,3,3,533,Potential Loyalists,585,Non-profitable
873,1949,PostGraduation,Partner,62845.0,1,1,2012-10-01,1099,0,45,0,0,34,11,3,4,10,8,0,1,0,0,0,0,3,11,1,66,1,2,1,10,4,2012,27,3,3,69.29411764705883,17,5,4,5,545,Champions,636,Non-profitable
2253,1990,Graduation,Partner,18929.0,0,0,2013-02-16,32,0,8,23,4,18,1,1,0,4,6,0,0,0,0,0,0,3,11,0,25,0,0,16,2,1,2013,22,0,15,17.0,5,5,1,2,512,New Customers,498,Non-profitable
5181,1982,UnderGraduation,Single,24367.0,1,0,2013-03-20,2,4,2,0,11,5,1,1,0,2,9,0,0,0,0,0,0,3,11,0,33,1,1,20,3,1,2013,21,0,58,8.0,3,3,1,1,311,About to sleep,466,Non-profitable
979,1975,Graduation,Single,33249.0,1,0,2013-02-20,6,10,21,19,14,42,2,2,1,3,6,0,0,0,0,0,0,3,11,0,40,1,1,20,2,1,2013,22,0,11,18.666666666666668,6,5,2,2,522,Potential Loyalists,494,Non-profitable
10390,1959,PostGraduation,Partner,26887.0,0,1,2013-02-10,6,7,4,3,4,6,1,1,0,3,6,0,0,0,0,0,0,3,11,0,56,1,1,10,2,1,2013,23,0,27,7.5,4,4,1,1,411,Promising,504,Non-profitable
4698,1983,PhD,Partner,50150.0,0,0,2013-06-20,135,46,92,65,61,11,2,5,2,7,5,0,0,0,0,0,0,3,11,0,32,0,0,20,6,2,2013,18,2,32,29.285714285714285,14,4,3,3,433,Potential Loyalists,374,Non-profitable
7793,1976,Graduation,Partner,62061.0,0,1,2013-08-31,641,7,84,0,30,38,3,10,4,7,6,0,1,0,0,0,0,3,11,0,39,1,1,31,8,3,2013,16,2,12,38.095238095238095,21,5,5,4,554,Champions,302,Non-profitable
1745,1962,PhD,Single,85696.0,0,0,2013-05-03,714,76,395,116,0,12,1,4,6,9,1,0,0,0,0,0,0,3,11,1,53,0,0,3,5,2,2013,20,3,88,69.10526315789474,19,1,4,5,145,At risk,422,Non-profitable
10590,1956,PhD,Partner,76542.0,0,0,2013-03-30,794,73,573,0,29,14,1,4,8,10,2,0,0,0,0,0,0,3,11,0,59,0,0,30,3,1,2013,21,1,91,67.4090909090909,22,1,5,4,154,Can't loose,456,Non-profitable
5080,1993,Graduation,Single,70515.0,0,0,2013-10-21,420,0,452,182,64,140,1,6,6,4,2,0,0,0,0,0,0,3,11,1,22,0,0,21,10,4,2013,14,3,12,78.625,16,5,4,5,545,Champions,251,Non-profitable
8369,1987,Graduation,Partner,18227.0,1,0,2012-11-08,1,2,7,4,3,11,1,0,1,2,8,0,0,0,0,0,0,3,11,0,28,1,1,8,11,4,2012,26,0,21,9.333333333333334,3,4,1,1,411,Promising,598,Non-profitable
5232,1965,Graduation,Partner,69139.0,0,1,2014-01-27,86,12,75,33,15,6,1,4,1,5,4,0,0,0,0,0,0,3,11,0,50,1,1,27,1,1,2014,11,0,23,22.7,10,4,3,2,432,Potential Loyalists,153,Non-profitable
2407,1982,Graduation,Partner,69109.0,0,0,2012-11-09,823,25,459,124,29,95,1,6,6,7,4,0,0,1,0,0,0,3,11,1,33,0,0,9,11,4,2012,26,1,10,81.84210526315789,19,5,4,5,545,Champions,597,Non-profitable
3834,1962,Graduation,Single,69627.0,0,1,2013-03-17,231,161,215,171,30,53,2,8,2,11,5,0,0,0,0,0,0,3,11,0,53,1,1,17,3,1,2013,21,3,35,41.0,21,4,5,4,454,Loyal Customers,469,Non-profitable
7912,1978,Graduation,Partner,38136.0,1,0,2013-04-22,8,15,27,0,20,33,2,3,1,2,8,1,0,0,0,0,0,3,11,0,37,1,1,22,4,2,2013,20,0,69,17.166666666666668,6,2,2,2,222,Hibernating,433,Non-profitable
1065,1963,Graduation,Single,80695.0,0,0,2013-12-29,557,129,984,193,37,18,1,5,8,5,2,0,0,0,0,0,0,3,11,0,52,0,0,29,12,4,2013,12,1,85,106.55555555555556,18,1,4,5,145,At risk,182,Non-profitable
7275,1971,PostGraduation,Single,33316.0,1,1,2013-10-04,79,1,31,4,4,12,3,2,1,4,6,0,0,0,0,0,0,3,11,0,44,1,2,4,10,4,2013,15,0,34,18.714285714285715,7,4,2,2,422,Potential Loyalists,268,Non-profitable
1343,1968,Graduation,Partner,58554.0,1,1,2012-09-26,368,24,68,38,0,88,6,8,2,6,7,0,0,0,0,0,0,3,11,0,47,1,2,26,9,3,2012,27,2,55,36.625,16,3,4,4,344,Loyal Customers,641,Non-profitable
1384,1992,UnderGraduation,Partner,17256.0,1,0,2013-11-23,6,4,14,8,8,22,2,2,1,2,8,1,0,0,0,0,0,3,11,0,23,1,1,23,11,4,2013,13,0,10,12.4,5,5,1,2,512,New Customers,218,Non-profitable
9967,1974,Graduation,Single,53034.0,1,1,2013-05-30,160,15,196,15,11,50,8,6,1,7,8,0,0,0,0,0,0,3,11,0,41,1,2,30,5,2,2013,19,2,30,31.928571428571427,14,4,3,3,433,Potential Loyalists,395,Non-profitable
6181,1950,PostGraduation,Partner,52203.0,0,0,2012-07-31,488,21,238,56,108,28,1,8,7,11,6,0,0,0,0,0,0,3,11,0,65,0,0,31,7,3,2012,29,3,36,36.11538461538461,26,4,5,3,453,Loyal Customers,698,Non-profitable
10507,1977,PostGraduation,Single,59601.0,0,1,2013-07-25,691,7,69,0,7,23,4,2,2,7,8,0,1,0,0,0,0,3,11,0,38,1,1,25,7,3,2013,17,2,14,72.45454545454545,11,5,3,5,535,Potential Loyalists,339,Profitable
2674,1958,PostGraduation,Single,75154.0,0,1,2012-09-04,543,10,205,160,143,82,1,6,3,6,3,0,0,0,0,0,0,3,11,1,57,1,1,4,9,3,2012,28,3,79,76.2,15,2,3,5,235,At risk,663,Non-profitable
2698,1976,Graduation,Single,47025.0,0,1,2013-11-07,254,7,108,20,0,26,3,6,3,5,6,0,0,0,0,0,0,3,11,0,39,1,1,7,11,4,2013,14,2,52,29.642857142857142,14,3,3,3,333,Need Attention,234,Non-profitable
3231,1973,Graduation,Partner,37971.0,1,0,2013-11-25,5,4,10,2,2,7,1,1,0,3,8,0,0,0,0,0,0,3,11,0,42,1,1,25,11,4,2013,13,0,97,7.5,4,1,1,1,111,Hibernating,216,Non-profitable
4096,1968,PostGraduation,Single,41335.0,1,0,2013-12-26,112,19,21,16,14,5,3,4,1,4,7,0,0,0,0,0,0,3,11,0,47,1,1,26,12,4,2013,12,0,24,20.77777777777778,9,4,2,2,422,Potential Loyalists,185,Non-profitable
10476,1958,Graduation,Partner,67267.0,0,1,2014-05-13,134,11,59,15,2,30,1,3,2,5,2,0,0,0,0,0,0,3,11,0,57,1,1,13,5,2,2014,7,0,0,25.1,10,5,3,3,533,Potential Loyalists,47,Non-profitable
9140,1960,PostGraduation,Partner,50523.0,1,1,2013-12-25,51,4,24,4,7,1,2,2,0,4,6,0,0,0,0,0,0,3,11,0,55,1,2,25,12,4,2013,12,0,89,15.166666666666666,6,1,2,2,122,Hibernating,186,Profitable
10258,1965,PostGraduation,Single,35791.0,2,1,2013-05-06,27,0,5,0,0,3,2,1,0,3,8,0,0,0,0,0,0,3,11,0,50,1,3,6,5,2,2013,20,0,94,8.75,4,1,1,1,111,Hibernating,419,Non-profitable
5675,1960,PhD,Single,50611.0,0,1,2012-10-04,459,0,24,6,0,4,6,4,5,7,6,0,1,0,0,0,0,3,11,0,55,1,1,4,10,4,2012,27,2,98,30.8125,16,1,4,3,143,At risk,633,Non-profitable
4743,1969,PhD,Partner,56242.0,0,1,2013-03-03,689,8,167,11,8,88,5,8,4,11,6,0,0,0,0,0,0,3,11,0,46,1,1,3,3,1,2013,22,3,72,42.21739130434783,23,2,5,4,254,Can't loose,483,Non-profitable
8805,1960,Graduation,Single,48904.0,0,1,2012-12-02,283,10,38,0,13,27,4,7,2,4,8,0,0,0,0,0,0,3,11,0,55,1,1,2,12,4,2012,25,2,1,28.53846153846154,13,5,3,3,533,Potential Loyalists,574,Non-profitable
1542,1975,Graduation,Single,56243.0,1,2,2013-12-30,347,0,35,4,3,7,6,4,2,8,5,0,0,0,0,0,0,3,11,0,40,1,3,30,12,4,2013,12,2,26,28.285714285714285,14,4,3,3,433,Potential Loyalists,181,Non-profitable
6770,1985,Graduation,Partner,21355.0,1,0,2013-08-20,5,13,14,0,5,31,2,2,1,2,6,1,0,0,0,0,0,3,11,1,30,1,1,20,8,3,2013,16,0,5,13.6,5,5,1,2,512,New Customers,313,Non-profitable
8773,1971,PostGraduation,Partner,57420.0,0,1,2013-06-25,280,0,18,0,0,24,3,5,1,6,7,0,1,0,0,0,0,3,11,0,44,1,1,25,6,2,2013,18,0,22,26.83333333333333,12,4,3,3,433,Potential Loyalists,369,Non-profitable
7514,1956,PostGraduation,Partner,54342.0,1,1,2013-07-03,84,10,34,11,10,28,4,3,1,4,6,0,0,0,0,0,0,3,11,0,59,1,2,3,7,3,2013,18,0,74,22.125,8,2,2,2,222,Hibernating,361,Non-profitable
793,1973,Graduation,Partner,20895.0,1,0,2012-10-06,18,3,17,3,0,4,1,2,0,3,9,0,0,0,0,0,0,3,11,0,42,1,1,6,10,4,2012,27,0,24,9.0,5,4,1,1,411,Promising,631,Non-profitable
10909,1948,Graduation,Partner,92344.0,0,0,2014-01-15,992,24,694,51,19,119,0,5,10,5,1,1,0,1,0,0,0,3,11,0,67,0,0,15,1,1,2014,11,1,9,94.95,20,5,4,5,545,Champions,165,Non-profitable
8702,1976,PostGraduation,Partner,26907.0,1,1,2013-08-20,9,1,7,0,3,2,2,1,0,3,7,0,0,0,0,0,0,3,11,0,39,1,2,20,8,3,2013,16,0,10,5.5,4,5,1,1,511,New Customers,313,Non-profitable
4791,1980,Graduation,Partner,44964.0,1,1,2012-12-16,19,1,17,2,0,2,1,1,0,3,8,0,0,0,0,0,0,3,11,0,35,1,2,16,12,4,2012,24,0,35,10.25,4,4,1,1,411,Promising,560,Non-profitable
2963,1979,Graduation,Partner,75507.0,0,0,2014-05-02,709,93,374,104,80,80,1,8,6,6,3,0,0,0,0,0,0,3,11,0,36,0,0,2,5,2,2014,8,3,56,72.0,20,3,4,5,345,Loyal Customers,58,Non-profitable
8216,1972,PostGraduation,Partner,53761.0,1,1,2013-10-11,158,0,76,13,7,71,6,4,4,3,5,0,0,0,0,0,0,3,11,0,43,1,2,11,10,4,2013,14,0,7,29.545454545454547,11,5,3,3,533,Potential Loyalists,261,Non-profitable
8140,1973,Graduation,Partner,22682.0,1,0,2013-10-03,10,14,29,4,2,36,3,2,1,4,4,0,0,0,0,0,0,3,11,0,42,1,1,3,10,4,2013,15,0,51,13.571428571428571,7,3,2,2,322,About to sleep,269,Non-profitable
10146,1972,PhD,Partner,38887.0,1,0,2014-03-02,25,1,13,0,0,3,1,1,0,3,7,0,0,0,0,0,0,3,11,0,43,1,1,2,3,1,2014,10,0,17,10.5,4,5,1,1,511,New Customers,119,Non-profitable
5289,1975,PostGraduation,Single,41658.0,1,1,2012-11-09,8,4,12,15,4,29,2,1,1,2,4,0,0,0,0,0,0,3,11,0,40,1,2,9,11,4,2012,26,0,30,18.0,4,4,1,2,412,Promising,597,Non-profitable
2587,1972,PhD,Partner,29791.0,1,0,2014-05-15,14,0,6,0,0,0,2,2,0,3,5,0,0,0,0,0,0,3,11,0,43,1,1,15,5,2,2014,7,0,21,4.0,5,4,1,1,411,Promising,45,Non-profitable
4405,1956,PostGraduation,Partner,63915.0,0,2,2013-07-30,622,7,115,30,0,15,2,6,3,12,5,0,0,0,0,0,0,3,11,0,59,1,2,30,7,3,2013,17,2,2,37.57142857142857,21,5,5,4,554,Champions,334,Non-profitable
2589,1972,Graduation,Single,26759.0,1,0,2014-02-07,25,3,16,8,5,2,2,2,1,3,6,0,0,0,0,0,0,3,11,0,43,1,1,7,2,1,2014,10,0,65,9.833333333333334,6,2,2,1,221,Hibernating,142,Non-profitable
3421,1968,PostGraduation,Single,63841.0,0,1,2013-04-21,635,15,100,20,7,131,1,9,3,9,6,0,0,0,0,0,0,3,11,0,47,1,1,21,4,2,2013,20,3,64,43.23809523809524,21,2,5,4,254,Can't loose,434,Non-profitable
10490,1969,PhD,Partner,51039.0,1,1,2012-12-10,100,64,79,65,0,109,2,6,2,4,7,0,0,0,0,0,0,3,11,0,46,1,2,10,12,4,2012,25,2,11,34.75,12,5,3,3,533,Potential Loyalists,566,Non-profitable
4094,1961,Graduation,Partner,60544.0,1,1,2012-08-25,201,2,43,3,5,35,4,5,1,5,6,0,0,0,0,0,0,3,11,0,54,1,2,25,8,3,2012,28,0,92,26.272727272727277,11,1,3,3,133,At risk,673,Non-profitable
9958,1972,Graduation,Partner,65685.0,0,1,2014-03-29,642,14,49,0,7,57,1,9,2,9,5,0,0,0,0,0,0,3,11,0,43,1,1,29,3,1,2014,9,2,54,38.45,20,3,4,4,344,Loyal Customers,92,Non-profitable
2534,1953,Graduation,Partner,37716.0,0,1,2014-04-21,97,1,41,6,2,41,2,4,1,3,7,0,0,0,0,0,0,3,11,0,62,1,1,21,4,2,2014,8,0,4,23.5,8,5,2,3,523,Potential Loyalists,69,Non-profitable
4188,1957,Graduation,Single,36864.0,0,1,2012-08-13,204,5,39,17,0,89,3,5,2,4,8,0,0,0,0,0,0,3,11,1,58,1,1,13,8,3,2012,29,2,53,32.18181818181818,11,3,3,3,333,Need Attention,685,Non-profitable
6613,1970,PostGraduation,Partner,44511.0,1,0,2012-10-12,513,7,133,46,14,14,6,8,4,8,8,0,0,0,0,0,0,3,11,0,45,1,1,12,10,4,2012,27,2,39,36.35,20,4,4,3,443,Loyal Customers,625,Profitable
10827,1967,PhD,Partner,36947.0,1,1,2012-08-07,88,3,21,4,1,29,4,3,0,4,9,0,0,0,0,0,0,3,11,0,48,1,2,7,8,3,2012,29,0,49,20.857142857142858,7,3,2,2,322,About to sleep,691,Non-profitable
5491,1951,PostGraduation,Partner,47352.0,0,1,2013-04-11,172,12,112,8,0,15,4,6,1,5,7,0,0,0,0,0,0,3,11,0,64,1,1,11,4,2,2013,21,0,70,26.58333333333333,12,2,3,3,233,At risk,444,Non-profitable
8402,1953,PostGraduation,Partner,67087.0,0,1,2013-12-17,329,35,222,130,35,43,2,7,5,8,4,0,0,0,0,0,0,3,11,0,62,1,1,17,12,4,2013,12,2,40,39.7,20,3,4,4,344,Loyal Customers,194,Non-profitable
8783,1950,Graduation,Partner,57045.0,0,1,2012-09-08,296,13,104,11,13,17,3,4,2,9,3,0,0,0,0,0,0,3,11,0,65,1,1,8,9,3,2012,28,2,40,30.266666666666666,15,3,3,3,333,Need Attention,659,Profitable
10010,1953,PhD,Single,36957.0,1,1,2012-09-06,100,2,16,2,1,31,4,3,2,2,9,0,0,0,0,0,0,3,11,1,62,1,2,6,9,3,2012,28,0,43,21.714285714285715,7,3,2,2,322,About to sleep,661,Non-profitable
618,1977,PhD,Partner,69389.0,0,1,2012-09-28,422,7,238,69,46,15,1,7,2,12,4,0,0,0,0,0,0,3,11,0,38,1,1,28,9,3,2012,27,2,17,37.95238095238095,21,5,5,4,554,Champions,639,Non-profitable
9121,1972,Graduation,Partner,80134.0,1,0,2013-05-20,1218,16,272,104,0,80,2,5,3,6,6,0,1,1,1,0,0,3,11,1,43,1,1,20,5,2,2013,19,1,40,120.71428571428572,14,3,3,5,335,Need Attention,405,Non-profitable
361,1969,PostGraduation,Partner,43142.0,1,1,2014-02-18,5,1,7,2,1,4,1,1,0,2,7,0,0,0,0,0,0,3,11,0,46,1,2,18,2,1,2014,10,0,84,6.666666666666667,3,1,1,1,111,Hibernating,131,Non-profitable
4310,1944,Graduation,Partner,80589.0,0,0,2014-01-22,507,93,520,242,40,26,1,5,10,5,1,0,0,0,1,0,0,3,11,1,71,0,0,22,1,1,2014,11,3,25,71.4,20,4,4,5,445,Loyal Customers,158,Non-profitable
2678,1990,Graduation,Single,34412.0,1,0,2013-02-13,52,12,50,4,36,55,3,5,0,3,9,0,0,0,0,0,0,3,11,0,25,1,1,13,2,1,2013,22,0,62,26.125,8,2,2,3,223,Hibernating,501,Non-profitable
6376,1979,Graduation,Single,57537.0,1,0,2013-06-10,191,56,139,51,8,100,4,4,3,8,4,0,0,0,0,0,0,3,11,0,36,1,1,10,6,2,2013,19,2,83,36.333333333333336,15,1,3,3,133,At risk,384,Non-profitable
524,1966,UnderGraduation,Partner,22634.0,0,0,2013-01-16,2,23,11,8,6,46,1,2,1,2,8,0,0,0,0,0,0,3,11,0,49,0,0,16,1,1,2013,23,0,47,19.2,5,3,1,2,312,About to sleep,529,Non-profitable
10341,1948,Graduation,Partner,51315.0,0,0,2014-02-23,68,28,39,16,30,41,1,2,2,5,2,0,0,0,0,0,0,3,11,0,67,0,0,23,2,1,2014,10,0,45,24.666666666666668,9,3,2,3,323,About to sleep,126,Non-profitable
5654,1972,Graduation,Partner,36026.0,2,1,2014-03-16,20,4,10,6,4,17,2,2,0,3,6,0,0,0,0,0,0,3,11,0,43,1,3,16,3,1,2014,9,0,34,12.2,5,4,1,2,412,Promising,105,Profitable
4098,1973,Graduation,Partner,24639.0,1,1,2014-01-28,20,3,16,0,4,1,3,2,0,4,6,0,0,0,0,0,0,3,11,0,42,1,2,28,1,1,2014,11,0,3,7.333333333333333,6,5,2,1,521,Potential Loyalists,152,Non-profitable
5824,1972,PhD,Partner,34578.0,2,1,2014-04-11,7,0,1,0,0,0,1,1,0,2,6,0,0,0,0,0,0,3,11,0,43,1,3,11,4,2,2014,8,0,1,2.6666666666666665,3,5,1,1,511,New Customers,79,Non-profitable
7000,1972,PostGraduation,Single,65704.0,0,0,2013-10-13,279,172,74,38,8,246,1,2,10,10,1,0,0,0,0,0,0,3,11,0,43,0,0,13,10,4,2013,14,2,18,37.13636363636363,22,5,5,4,554,Champions,259,Non-profitable
2561,1966,Graduation,Single,63810.0,0,1,2012-11-11,977,12,253,16,12,101,4,4,3,12,8,0,1,0,0,0,0,3,11,0,49,1,1,11,11,4,2012,26,3,45,72.15789473684211,19,3,4,5,345,Loyal Customers,595,Non-profitable
5229,1969,PhD,Partner,54132.0,0,1,2014-02-16,30,1,8,0,0,3,1,1,0,3,7,0,0,0,0,0,0,3,11,0,46,1,1,16,2,1,2014,10,0,81,10.5,4,1,1,1,111,Hibernating,133,Non-profitable
4086,1959,Graduation,Partner,18690.0,0,0,2012-12-28,6,1,7,23,4,19,1,1,1,2,8,0,0,0,0,0,0,3,11,0,56,0,0,28,12,4,2012,24,0,77,15.0,4,2,1,2,212,Hibernating,548,Non-profitable
2428,1970,Graduation,Partner,28164.0,1,0,2013-05-04,3,18,26,11,8,12,3,2,0,4,7,0,0,0,0,0,0,3,11,0,45,1,1,4,5,2,2013,20,0,23,13.0,6,4,2,2,422,Potential Loyalists,421,Profitable
8254,1974,PhD,Partner,34596.0,1,0,2013-04-13,14,0,2,0,0,7,1,1,0,2,8,0,0,0,0,0,0,3,11,0,41,1,1,13,4,2,2013,20,0,48,7.666666666666667,3,3,1,1,311,About to sleep,442,Profitable
2836,1972,PhD,Partner,43269.0,1,0,2013-09-16,10,1,7,0,0,1,1,1,0,2,8,0,0,0,0,0,0,3,11,0,43,1,1,16,9,3,2013,15,0,61,6.333333333333333,3,2,1,1,211,Hibernating,286,Non-profitable
8418,1958,PostGraduation,Single,38741.0,1,1,2014-03-30,7,10,17,8,6,13,2,2,0,3,7,0,0,0,0,0,0,3,11,0,57,1,2,30,3,1,2014,9,0,60,12.2,5,2,1,2,212,Hibernating,91,Profitable
1362,1972,Graduation,Single,31907.0,0,0,2013-03-04,33,87,64,175,16,74,1,6,1,6,7,0,0,0,0,0,0,3,11,0,43,0,0,4,3,1,2013,22,2,75,34.53846153846154,13,2,3,3,233,At risk,482,Non-profitable
7152,1983,PostGraduation,Partner,27100.0,1,0,2013-04-05,12,0,13,2,0,10,1,1,0,3,7,0,0,0,0,0,0,3,11,0,32,1,1,5,4,2,2013,21,0,64,9.25,4,2,1,1,211,Hibernating,450,Non-profitable
10033,1973,PostGraduation,Single,31163.0,1,0,2014-02-13,2,3,10,11,2,10,1,1,0,3,6,0,0,0,0,0,0,3,11,0,42,1,1,13,2,1,2014,10,0,54,9.5,4,3,1,1,311,About to sleep,136,Non-profitable
9349,1985,Graduation,Partner,92533.0,0,0,2013-12-19,693,21,118,110,147,42,1,6,5,11,2,0,0,1,1,0,0,3,11,0,30,0,0,19,12,4,2013,12,3,84,51.40909090909091,22,1,5,4,154,Can't loose,192,Non-profitable
274,1973,Graduation,Single,34853.0,1,1,2013-12-23,9,3,15,2,3,2,2,2,0,3,6,0,0,0,0,0,0,3,11,0,42,1,2,23,12,4,2013,12,0,75,6.8,5,2,1,1,211,Hibernating,188,Non-profitable
3388,1967,Graduation,Single,70844.0,1,1,2013-10-30,129,26,67,3,67,2,5,6,1,5,7,0,0,0,0,0,0,3,11,0,48,1,2,30,10,4,2013,14,0,16,24.5,12,5,3,3,533,Potential Loyalists,242,Non-profitable
922,1979,PostGraduation,Partner,31086.0,1,1,2013-05-04,16,2,11,3,0,16,2,1,1,2,8,1,0,0,0,0,0,3,11,0,36,1,2,4,5,2,2013,20,0,79,12.0,4,2,1,2,212,Hibernating,421,Non-profitable
8588,1961,Graduation,Partner,60544.0,1,1,2012-08-25,201,2,43,3,5,35,4,5,1,5,6,0,0,0,0,0,0,3,11,0,54,1,2,25,8,3,2012,28,0,92,26.272727272727277,11,1,3,3,133,At risk,673,Non-profitable
2518,1986,PostGraduation,Partner,20491.0,0,0,2013-01-25,5,4,5,4,2,10,1,0,1,2,7,0,0,0,0,0,0,3,11,0,29,0,0,25,1,1,2013,23,0,16,10.0,3,5,1,1,511,New Customers,520,Profitable
3220,1983,Graduation,Partner,39922.0,1,0,2013-02-14,29,12,59,19,1,36,2,3,0,4,8,0,0,0,0,0,0,3,11,0,32,1,1,14,2,1,2013,22,0,30,22.285714285714285,7,4,2,2,422,Potential Loyalists,500,Non-profitable
5967,1952,Graduation,Partner,33402.0,1,1,2013-07-18,26,2,19,10,5,8,3,2,1,3,8,0,0,0,0,0,0,3,11,0,63,1,2,18,7,3,2013,17,0,60,11.666666666666666,6,2,2,2,222,Hibernating,346,Non-profitable
1183,1949,PostGraduation,Partner,36408.0,1,1,2013-09-21,9,1,4,3,2,3,1,1,0,2,6,0,0,0,0,0,0,3,11,0,66,1,2,21,9,3,2013,15,0,11,7.333333333333333,3,5,1,1,511,New Customers,281,Non-profitable
6856,1979,Graduation,Partner,21645.0,1,0,2012-09-03,14,0,23,4,5,19,3,3,0,3,9,0,0,0,0,0,0,3,11,1,36,1,1,3,9,3,2012,28,0,75,10.833333333333334,6,2,2,1,221,Hibernating,664,Non-profitable
4530,1948,PostGraduation,Single,78427.0,0,0,2012-10-24,972,19,595,180,26,138,3,3,7,10,3,0,0,0,1,0,0,3,11,1,67,0,0,24,10,4,2012,26,1,36,96.5,20,4,4,5,445,Loyal Customers,613,Non-profitable
1553,1946,Graduation,Partner,82657.0,0,0,2013-09-27,966,168,672,246,105,126,1,7,5,10,4,0,1,0,1,0,0,3,11,0,69,0,0,27,9,3,2013,15,1,71,103.77272727272728,22,2,5,5,255,Can't loose,275,Non-profitable
4682,1958,Graduation,Partner,51876.0,0,0,2013-10-15,99,27,102,28,48,6,1,2,2,8,1,0,0,0,0,0,0,3,11,0,57,0,0,15,10,4,2013,14,0,88,25.83333333333333,12,1,3,3,133,At risk,257,Non-profitable
8204,1971,PostGraduation,Partner,78041.0,0,0,2012-12-16,482,35,553,72,160,17,1,4,4,9,2,0,0,0,0,0,0,3,11,0,44,0,0,16,12,4,2012,24,3,93,77.58823529411765,17,1,4,5,145,At risk,560,Non-profitable
5221,1957,Graduation,Partner,52852.0,0,1,2012-12-01,714,8,99,11,0,47,4,10,7,5,8,1,0,0,0,0,0,3,11,0,58,1,1,1,12,4,2012,25,3,93,39.95454545454545,22,1,5,4,154,Can't loose,575,Non-profitable
1232,1982,PhD,Partner,70038.0,0,0,2013-10-25,587,54,348,71,54,130,1,4,4,8,2,0,0,0,0,0,0,3,11,0,33,0,0,25,10,4,2013,14,3,54,77.75,16,3,4,5,345,Loyal Customers,247,Non-profitable
1927,1973,PostGraduation,Partner,69401.0,0,1,2014-03-23,399,27,159,58,8,39,4,4,4,5,2,0,0,0,0,0,0,3,11,0,42,1,1,23,3,1,2014,9,2,41,53.07692307692308,13,3,3,4,334,Need Attention,98,Non-profitable
5788,1972,Graduation,Partner,46053.0,1,0,2013-02-17,56,10,92,19,7,25,3,3,2,4,5,0,0,0,0,0,0,3,11,0,43,1,1,17,2,1,2013,22,0,46,23.22222222222222,9,3,2,2,322,About to sleep,497,Non-profitable
6246,1953,Graduation,Single,73892.0,0,0,2013-11-13,703,102,601,0,58,43,1,3,11,8,1,0,0,0,0,0,0,3,11,1,62,0,0,13,11,4,2013,13,1,40,68.5,22,3,5,4,354,Loyal Customers,228,Non-profitable
5975,1967,PhD,Single,40304.0,1,0,2013-09-30,37,0,17,0,0,3,1,2,0,3,7,0,0,0,0,0,0,3,11,0,48,1,1,30,9,3,2013,15,0,82,11.4,5,1,1,2,112,Hibernating,272,Non-profitable
6875,1965,PhD,Partner,32727.0,0,0,2012-08-28,167,13,180,86,13,70,2,7,3,5,8,0,0,0,0,0,0,3,11,0,50,0,0,28,8,3,2012,28,2,38,35.266666666666666,15,4,3,3,433,Potential Loyalists,670,Non-profitable
4399,1969,Graduation,Partner,68695.0,0,0,2014-06-25,458,81,356,106,50,40,1,4,4,7,2,0,0,0,0,0,0,3,11,0,46,0,0,25,6,2,2014,6,3,3,72.73333333333333,15,5,3,5,535,Potential Loyalists,4,Non-profitable
4042,1971,Graduation,Single,43300.0,0,1,2012-10-13,91,3,52,2,1,31,3,4,0,4,8,0,0,0,0,0,0,3,11,1,44,1,1,13,10,4,2012,27,0,87,22.5,8,1,2,2,122,Hibernating,624,Non-profitable
2157,1972,Graduation,Partner,26290.0,1,1,2013-01-12,15,8,16,11,5,22,4,2,0,4,6,0,0,0,0,0,0,3,11,0,43,1,2,12,1,1,2013,23,0,49,12.833333333333334,6,3,2,2,322,About to sleep,533,Non-profitable
10133,1970,Graduation,Single,93790.0,0,0,2014-02-12,1302,68,731,89,114,45,0,6,7,12,2,0,1,1,1,0,0,3,11,1,45,0,0,12,2,1,2014,10,1,16,93.96,25,5,5,5,555,Champions,137,Non-profitable
2525,1974,PhD,Partner,38410.0,0,0,2012-09-14,153,64,123,116,64,14,2,5,2,9,6,0,0,0,0,0,0,3,11,1,41,0,0,14,9,3,2012,27,2,65,33.375,16,2,4,3,243,At risk,653,Non-profitable
8233,1950,PostGraduation,Single,64866.0,0,1,2014-01-26,508,5,21,7,5,10,4,7,3,7,5,0,1,0,0,0,0,3,11,0,65,1,1,26,1,1,2014,11,2,9,32.705882352941174,17,5,4,3,543,Champions,154,Non-profitable
9483,1959,Graduation,Partner,57957.0,0,1,2013-08-19,290,59,177,77,5,29,7,4,6,8,3,0,0,0,0,0,1,3,11,0,56,1,1,19,8,3,2013,16,2,24,35.388888888888886,18,4,4,3,443,Loyal Customers,314,Non-profitable
2945,1955,PhD,Partner,46015.0,1,1,2014-04-13,38,0,2,0,0,6,1,1,0,3,7,1,0,0,0,1,0,3,11,0,60,1,2,13,4,2,2014,8,0,25,11.5,4,4,1,2,412,Promising,77,Non-profitable
5074,1986,PostGraduation,Partner,28072.0,1,0,2013-07-08,30,0,10,2,0,5,1,1,0,3,7,0,0,0,0,0,0,3,11,0,29,1,1,8,7,3,2013,18,0,10,11.75,4,5,1,2,512,New Customers,356,Non-profitable
10524,1963,PostGraduation,Single,49476.0,0,1,2013-06-20,386,23,95,54,41,196,4,2,11,5,2,0,0,0,0,0,0,3,11,0,52,1,1,20,6,2,2013,18,2,29,44.16666666666666,18,4,4,4,444,Loyal Customers,374,Non-profitable
4690,1953,Graduation,Partner,50725.0,0,1,2013-02-13,443,10,75,0,10,48,4,8,1,8,8,0,0,0,0,0,0,3,11,0,62,1,1,13,2,1,2013,22,2,45,34.47058823529412,17,3,4,3,343,Loyal Customers,501,Non-profitable
7521,1952,Graduation,Partner,83844.0,0,0,2013-05-12,901,31,345,75,31,191,1,4,4,11,1,0,0,1,0,0,0,3,11,0,63,0,0,12,5,2,2013,19,1,57,82.84210526315789,19,3,4,5,345,Loyal Customers,413,Non-profitable
7196,1950,PhD,Partner,41145.0,1,1,2014-02-08,9,0,3,0,0,1,1,0,0,3,3,0,0,0,0,0,0,3,11,0,65,1,2,8,2,1,2014,10,0,20,4.333333333333333,3,4,1,1,411,Promising,141,Non-profitable
4406,1970,Graduation,Partner,67419.0,0,1,2013-01-16,846,84,352,91,56,42,4,9,4,8,5,0,0,0,0,0,0,3,11,0,45,1,1,16,1,1,2013,23,1,29,70.04761904761905,21,4,5,5,455,Loyal Customers,529,Non-profitable
9672,1970,PostGraduation,Partner,23162.0,1,1,2013-12-21,8,3,9,19,4,22,3,1,1,3,6,0,0,0,0,0,0,3,11,0,45,1,2,21,12,4,2013,12,0,82,13.0,5,1,1,2,112,Hibernating,190,Non-profitable
4864,1977,Graduation,Partner,34380.0,1,0,2013-05-02,72,7,58,13,1,24,4,4,1,3,8,0,0,0,0,0,0,3,11,0,38,1,1,2,5,2,2013,20,0,68,21.875,8,2,2,2,222,Hibernating,423,Non-profitable
4706,1966,Graduation,Single,34704.0,0,1,2013-04-27,29,0,5,0,1,5,1,1,0,3,5,0,0,0,0,0,0,3,11,0,49,1,1,27,4,2,2013,20,0,65,10.0,4,2,1,1,211,Hibernating,428,Non-profitable
4070,1969,PhD,Partner,94871.0,0,2,2012-09-01,169,24,553,188,0,144,1,8,5,4,7,0,1,1,0,0,0,3,11,1,46,1,2,1,9,3,2012,28,3,99,63.41176470588236,17,1,4,4,144,At risk,666,Non-profitable
25,1958,Graduation,Partner,65148.0,0,1,2012-11-16,460,35,422,33,12,153,2,6,6,7,4,0,0,0,0,0,0,3,11,0,57,1,1,16,11,4,2012,25,3,9,58.68421052631579,19,5,4,4,544,Champions,590,Non-profitable
3697,1954,Graduation,Partner,39898.0,0,1,2013-02-12,69,8,26,12,7,12,2,3,0,4,7,0,0,0,0,0,0,3,11,0,61,1,1,12,2,1,2013,22,0,20,19.142857142857142,7,4,2,2,422,Potential Loyalists,502,Non-profitable
217,1956,PostGraduation,Single,64857.0,0,0,2012-11-23,556,14,717,210,0,43,1,7,5,10,4,0,0,0,0,0,0,3,11,0,59,0,0,23,11,4,2012,25,1,78,70.0,22,2,5,5,255,Can't loose,583,Non-profitable
4220,1970,PhD,Partner,59892.0,0,1,2013-11-02,73,0,13,0,1,0,1,2,1,3,3,0,0,0,0,0,0,3,11,0,45,1,1,2,11,4,2013,14,0,26,14.5,6,4,2,2,422,Potential Loyalists,239,Non-profitable
5286,1987,PostGraduation,Single,41020.0,0,0,2013-10-28,112,1,54,7,7,36,1,3,2,4,3,0,0,0,0,0,0,3,11,0,28,0,0,28,10,4,2013,14,0,68,24.11111111111111,9,2,2,3,223,Hibernating,244,Non-profitable
9559,1961,PhD,Partner,57072.0,0,1,2014-01-24,944,0,60,0,0,30,2,7,5,13,5,1,0,0,0,0,0,3,11,0,54,1,1,24,1,1,2014,11,3,79,41.36,25,2,5,4,254,Can't loose,156,Non-profitable
2849,1979,Graduation,Single,60474.0,0,1,2013-04-01,265,199,303,234,9,170,7,10,2,12,7,0,0,0,0,0,0,3,11,0,36,1,1,1,4,2,2013,21,3,25,49.16666666666666,24,4,5,4,454,Loyal Customers,454,Non-profitable
7787,1960,Graduation,Partner,62807.0,0,1,2012-08-31,526,28,135,10,21,99,3,5,3,12,5,0,0,0,0,0,0,3,11,0,55,1,1,31,8,3,2012,28,2,83,40.95,20,1,4,4,144,At risk,667,Profitable
3102,1981,PostGraduation,Partner,19414.0,1,0,2013-10-16,2,3,12,3,5,7,1,1,0,3,8,0,0,0,0,0,0,3,11,0,34,1,1,16,10,4,2013,14,0,32,8.0,4,4,1,1,411,Promising,256,Non-profitable
5868,1980,Graduation,Partner,19107.0,1,0,2013-08-22,2,4,9,10,5,16,2,1,0,3,7,0,0,0,0,0,0,3,11,0,35,1,1,22,8,3,2013,16,0,49,11.5,4,3,1,2,312,About to sleep,311,Non-profitable
8370,1976,PostGraduation,Partner,75484.0,0,1,2012-08-02,378,97,259,197,194,34,2,7,3,6,4,0,0,0,0,0,0,3,11,0,39,1,1,2,8,3,2012,29,3,50,72.4375,16,3,4,5,345,Loyal Customers,696,Non-profitable
9988,1976,PostGraduation,Single,70379.0,0,1,2013-03-03,553,25,142,65,67,8,3,6,3,13,4,0,0,0,0,0,0,3,11,0,39,1,1,3,3,1,2013,22,3,84,39.09090909090909,22,1,5,4,154,Can't loose,483,Non-profitable
9743,1955,Graduation,Partner,76998.0,0,1,2013-01-11,1449,89,161,69,35,107,2,11,8,8,6,0,0,1,0,0,0,3,11,0,60,1,1,11,1,1,2013,24,1,85,70.74074074074075,27,1,5,5,155,Can't loose,534,Non-profitable
5763,1972,PostGraduation,Partner,49854.0,1,0,2013-11-10,123,17,171,39,0,30,5,6,2,5,6,0,0,0,0,0,0,3,11,0,43,1,1,10,11,4,2013,13,2,63,29.23076923076923,13,2,3,3,233,At risk,231,Profitable
3478,1971,PhD,Partner,60585.0,1,1,2013-06-24,267,42,309,55,42,21,10,7,4,9,5,0,0,0,0,0,0,3,11,1,44,1,2,24,6,2,2013,18,2,17,36.8,20,5,4,4,544,Champions,370,Non-profitable
7494,1950,PhD,Single,42873.0,1,1,2013-01-21,209,0,40,3,2,15,4,6,1,4,8,0,0,0,0,0,0,3,11,0,65,1,2,21,1,1,2013,23,0,11,24.454545454545453,11,5,3,3,533,Potential Loyalists,524,Profitable
1763,1988,Graduation,Partner,87679.0,0,0,2013-07-27,1259,172,815,97,148,33,1,7,11,10,4,1,0,1,1,0,0,3,11,1,27,0,0,27,7,3,2013,17,1,62,90.14285714285714,28,2,5,5,255,Can't loose,337,Non-profitable
7250,1978,Graduation,Partner,57867.0,1,0,2013-10-01,344,35,178,15,23,17,7,7,2,9,6,0,0,0,0,0,0,3,11,0,37,1,1,1,10,4,2013,15,2,48,34.0,18,3,4,3,343,Loyal Customers,271,Non-profitable
2005,1990,Graduation,Partner,35765.0,1,0,2013-12-11,22,3,30,0,5,15,2,2,0,4,6,0,0,0,0,0,0,3,11,0,25,1,1,11,12,4,2013,12,0,86,12.5,6,1,2,2,122,Hibernating,200,Profitable
10770,1959,Graduation,Partner,65492.0,0,0,2014-01-26,247,161,295,210,85,47,2,4,7,13,2,0,0,0,0,0,0,3,11,0,56,0,0,26,1,1,2014,11,3,73,43.54166666666666,24,2,5,4,254,Can't loose,154,Non-profitable
6885,1977,Graduation,Single,32952.0,1,0,2013-12-01,38,0,12,3,1,1,1,2,0,3,7,0,0,0,0,0,0,3,11,0,38,1,1,1,12,4,2013,13,0,36,11.0,5,4,1,1,411,Promising,210,Non-profitable
2072,1969,PhD,Partner,53374.0,0,1,2012-08-16,896,10,101,13,10,34,6,4,2,9,9,1,0,0,0,0,0,3,11,1,46,1,1,16,8,3,2012,28,3,34,70.93333333333334,15,4,3,5,435,Potential Loyalists,682,Non-profitable
9463,1959,Graduation,Partner,71706.0,0,1,2012-11-13,931,56,253,91,98,14,4,9,5,7,5,0,0,0,0,0,0,3,11,0,56,1,1,13,11,4,2012,25,3,16,68.71428571428571,21,5,5,5,555,Champions,593,Non-profitable
6318,1988,Graduation,Partner,68487.0,0,0,2013-01-13,758,12,385,33,89,89,1,9,7,13,4,0,0,0,0,0,0,3,11,0,27,0,0,13,1,1,2013,23,3,48,47.10344827586207,29,3,5,4,354,Loyal Customers,532,Profitable
4093,1975,PostGraduation,Partner,53253.0,1,1,2013-02-11,216,9,57,20,9,125,7,4,3,5,5,0,0,0,0,0,0,3,11,0,40,1,2,11,2,1,2013,22,2,61,36.333333333333336,12,2,3,3,233,At risk,503,Non-profitable
5751,1973,PostGraduation,Single,31163.0,1,0,2014-02-13,2,3,10,11,2,10,1,1,0,3,6,0,0,0,0,0,0,3,11,0,42,1,1,13,2,1,2014,10,0,54,9.5,4,3,1,1,311,About to sleep,136,Non-profitable
3340,1977,Graduation,Partner,42014.0,1,0,2012-08-17,244,15,108,4,15,50,6,7,1,6,8,0,0,0,0,0,0,3,11,1,38,1,1,17,8,3,2012,28,2,56,31.142857142857142,14,3,3,3,333,Need Attention,681,Non-profitable
3594,1973,PostGraduation,Partner,54108.0,1,1,2012-11-05,539,6,91,8,6,97,13,8,2,9,8,0,0,0,0,0,0,3,11,0,42,1,2,5,11,4,2012,26,2,74,39.31578947368421,19,2,4,4,244,At risk,601,Profitable
3584,1955,PhD,Single,49667.0,0,0,2012-08-20,1181,26,120,17,13,39,2,5,10,5,8,1,0,0,0,0,0,3,11,1,60,0,0,20,8,3,2012,28,3,35,69.8,20,4,4,5,445,Loyal Customers,678,Non-profitable
3643,1974,PostGraduation,Partner,63206.0,0,0,2014-03-20,750,8,125,11,8,26,1,4,3,6,2,0,0,1,0,0,0,3,11,0,41,0,0,20,3,1,2014,9,3,65,71.38461538461539,13,2,3,5,235,At risk,101,Non-profitable
851,1972,PostGraduation,Partner,57136.0,1,1,2013-07-09,306,5,109,21,109,92,9,5,2,10,6,0,0,0,0,0,0,3,11,0,43,1,2,9,7,3,2013,18,2,48,37.76470588235294,17,3,4,4,344,Loyal Customers,355,Non-profitable
7706,1975,PostGraduation,Partner,46772.0,0,1,2012-11-07,350,104,189,197,151,57,6,11,8,5,8,1,0,0,0,0,0,3,11,0,40,1,1,7,11,4,2012,26,3,88,43.66666666666666,24,1,5,4,154,Can't loose,599,Non-profitable
3967,1971,PhD,Partner,78931.0,0,0,2013-10-25,331,197,170,58,152,35,1,2,8,13,1,0,0,0,0,0,0,3,11,0,44,0,0,25,10,4,2013,14,3,19,41.0,23,5,5,4,554,Champions,247,Non-profitable
10128,1958,Graduation,Partner,53977.0,0,1,2013-06-08,620,16,165,0,24,82,5,5,5,12,5,0,0,0,0,0,0,3,11,0,57,1,1,8,6,2,2013,19,3,21,41.22727272727273,22,4,5,4,454,Loyal Customers,386,Non-profitable
486,1988,Graduation,Partner,84219.0,0,0,2014-02-02,434,137,400,45,137,45,1,3,4,10,1,0,0,0,0,0,0,3,11,0,27,0,0,2,2,1,2014,11,3,27,70.47058823529412,17,4,4,5,445,Loyal Customers,147,Non-profitable
9,1975,PostGraduation,Single,46098.0,1,1,2012-08-18,57,0,27,0,0,36,4,3,2,2,8,0,0,0,0,0,0,3,11,0,40,1,2,18,8,3,2012,28,0,86,17.142857142857142,7,1,2,2,122,Hibernating,680,Non-profitable
9451,1965,Graduation,Partner,73538.0,0,1,2012-11-25,811,76,428,99,137,107,3,10,4,9,7,0,0,0,0,0,0,3,11,0,50,1,1,25,11,4,2012,25,1,92,72.08695652173913,23,1,5,5,155,Can't loose,581,Non-profitable
9264,1986,Graduation,Partner,79529.0,0,0,2014-04-27,423,42,706,73,197,197,1,4,8,9,2,0,0,0,0,0,0,3,11,0,29,0,0,27,4,2,2014,8,1,1,78.0,21,5,5,5,555,Champions,63,Non-profitable
3865,1977,PostGraduation,Partner,20981.0,0,0,2013-04-30,2,12,10,6,13,30,1,3,1,2,8,0,0,0,0,0,0,3,11,1,38,0,0,30,4,2,2013,20,0,14,12.166666666666666,6,5,2,2,522,Potential Loyalists,425,Non-profitable
2853,1980,Graduation,Single,51766.0,1,0,2014-03-11,60,51,87,6,20,51,2,4,2,4,5,0,0,0,0,0,0,3,11,0,35,1,1,11,3,1,2014,9,0,74,27.5,10,2,3,3,233,At risk,110,Non-profitable
1490,1962,Graduation,Partner,55759.0,0,1,2012-11-28,675,0,85,10,7,77,5,10,3,8,8,0,0,0,0,0,0,3,11,0,53,1,1,28,11,4,2012,25,3,84,40.66666666666666,21,1,5,4,154,Can't loose,578,Non-profitable
6310,1978,Graduation,Partner,33039.0,1,0,2013-09-09,30,8,12,8,8,12,1,2,0,4,5,0,0,0,0,0,0,3,11,0,37,1,1,9,9,3,2013,15,0,4,13.0,6,5,2,2,522,Potential Loyalists,293,Non-profitable
10380,1972,PostGraduation,Partner,37787.0,1,0,2013-09-20,40,1,40,4,3,18,1,3,0,3,8,0,0,0,0,0,0,3,11,0,43,1,1,20,9,3,2013,15,0,50,17.666666666666668,6,3,2,2,322,About to sleep,282,Non-profitable
3887,1970,Graduation,Single,27242.0,1,0,2012-11-11,3,17,26,20,1,39,2,2,0,3,9,0,0,0,0,0,0,3,11,1,45,1,1,11,11,4,2012,26,0,2,21.2,5,5,1,2,512,New Customers,595,Non-profitable
4278,1983,PhD,Single,87188.0,0,0,2013-06-03,910,111,724,49,74,55,1,10,2,6,3,0,0,0,0,0,0,3,11,1,32,0,0,3,6,2,2013,19,1,73,106.83333333333331,18,2,4,5,245,At risk,391,Non-profitable
8643,1971,Graduation,Partner,69930.0,0,0,2013-05-26,252,98,827,219,70,196,1,4,5,12,3,0,0,0,0,0,0,3,11,0,44,0,0,26,5,2,2013,19,1,21,79.14285714285714,21,4,5,5,455,Loyal Customers,399,Non-profitable
1998,1976,Graduation,Single,37697.0,1,0,2014-02-07,34,6,21,11,4,8,1,2,1,3,6,0,0,0,0,0,0,3,11,0,39,1,1,7,2,1,2014,10,0,82,14.0,6,1,2,2,122,Hibernating,142,Non-profitable
10795,1973,PhD,Partner,37401.0,1,0,2014-05-06,19,3,19,3,1,3,2,2,0,3,7,0,0,0,0,0,0,3,11,0,42,1,1,6,5,2,2014,8,0,14,9.6,5,5,1,1,511,New Customers,54,Non-profitable
2408,1976,Graduation,Partner,58597.0,1,1,2012-11-20,490,0,184,10,28,21,12,7,4,9,7,0,0,0,0,0,0,3,11,0,39,1,2,20,11,4,2012,25,2,20,36.65,20,4,4,4,444,Loyal Customers,586,Non-profitable
202,1948,PhD,Single,82032.0,0,0,2014-04-05,332,194,377,149,125,57,0,4,6,7,1,0,0,0,0,0,0,3,11,0,67,0,0,5,4,2,2014,9,3,54,72.58823529411765,17,3,4,5,345,Loyal Customers,85,Non-profitable
7998,1958,Graduation,Partner,28087.0,1,1,2012-12-11,53,8,17,13,0,21,3,2,2,2,7,0,0,0,0,0,0,3,11,0,57,1,2,11,12,4,2012,25,0,77,18.666666666666668,6,2,2,2,222,Hibernating,565,Profitable
830,1987,PhD,Single,74004.0,0,0,2014-02-24,784,48,560,42,176,48,1,4,6,4,3,0,0,1,1,0,0,3,11,1,28,0,0,24,2,1,2014,10,1,5,118.42857142857144,14,5,3,5,535,Potential Loyalists,125,Non-profitable
3536,1960,Graduation,Partner,19740.0,0,1,2013-03-24,7,11,3,10,4,20,2,1,1,3,5,0,0,0,0,0,0,3,11,0,55,1,1,24,3,1,2013,21,0,65,11.0,5,2,1,1,211,Hibernating,462,Non-profitable
6050,1975,PostGraduation,Partner,57036.0,0,1,2012-12-11,1171,43,219,19,14,47,4,6,3,13,9,1,0,0,0,0,0,3,11,0,40,1,1,11,12,4,2012,25,1,33,68.77272727272727,22,4,5,5,455,Loyal Customers,565,Non-profitable
125,1958,PostGraduation,Partner,53083.0,1,1,2013-05-15,215,7,33,3,0,13,6,5,1,5,7,0,1,0,0,0,0,3,11,0,57,1,2,15,5,2,2013,19,0,65,24.63636363636364,11,2,3,3,233,At risk,410,Non-profitable
2804,1975,PostGraduation,Single,46098.0,1,1,2012-08-18,57,0,27,0,0,36,4,3,2,2,8,0,0,0,0,0,0,3,11,1,40,1,2,18,8,3,2012,28,0,86,17.142857142857142,7,1,2,2,122,Hibernating,680,Non-profitable
3745,1988,PostGraduation,Partner,23331.0,1,0,2012-09-04,5,36,7,0,10,45,2,3,0,3,8,0,0,0,0,0,0,3,11,0,27,1,1,4,9,3,2012,28,0,92,17.166666666666668,6,1,2,2,122,Hibernating,663,Profitable
9771,1988,PostGraduation,Single,23331.0,1,0,2012-10-05,104,20,101,24,15,5,6,5,1,5,9,0,0,0,0,0,0,3,11,0,27,1,1,5,10,4,2012,27,0,97,24.454545454545453,11,1,3,3,133,At risk,632,Non-profitable
451,1989,Graduation,Single,9255.0,1,0,2013-12-20,9,0,7,2,0,4,1,1,1,2,8,0,0,0,0,0,0,3,11,0,26,1,1,20,12,4,2013,12,0,91,5.5,4,1,1,1,111,Hibernating,191,Non-profitable
10530,1959,PhD,Single,67786.0,0,0,2013-12-07,431,82,441,80,20,102,1,3,6,6,1,0,0,0,0,0,0,3,11,1,56,0,0,7,12,4,2013,13,3,0,77.06666666666666,15,5,3,5,535,Potential Loyalists,204,Profitable
1079,1971,PhD,Partner,71969.0,0,1,2012-10-16,1000,0,76,0,0,10,3,3,4,9,8,0,1,0,0,0,0,3,11,0,44,1,1,16,10,4,2012,26,3,59,67.875,16,2,4,4,244,At risk,621,Non-profitable
8920,1967,PostGraduation,Single,59235.0,1,0,2013-01-12,448,40,469,80,0,91,3,11,2,12,7,0,0,0,0,0,0,3,11,0,48,1,1,12,1,1,2013,23,3,4,45.12,25,5,5,4,554,Champions,533,Non-profitable
6678,1989,Graduation,Partner,31928.0,1,0,2014-03-28,33,4,24,4,2,5,2,3,0,4,7,0,0,0,0,0,0,3,11,0,26,1,1,28,3,1,2014,9,0,5,10.285714285714286,7,5,2,1,521,Potential Loyalists,93,Non-profitable
3852,1961,PostGraduation,Partner,74881.0,1,1,2013-03-08,505,72,270,36,27,54,4,9,2,12,5,0,0,0,0,0,0,3,11,0,54,1,2,8,3,1,2013,22,3,48,41.91304347826087,23,3,5,4,354,Loyal Customers,478,Non-profitable
528,1978,Graduation,Partner,65819.0,0,0,2012-11-29,267,38,701,149,165,63,1,5,4,10,3,0,0,0,0,0,0,3,11,0,37,0,0,29,11,4,2012,25,3,99,72.78947368421052,19,1,4,5,145,At risk,577,Profitable
73,1953,PhD,Single,51411.0,1,2,2013-05-26,14,0,3,0,0,1,1,0,0,3,5,0,0,0,0,0,0,3,11,0,62,1,3,26,5,2,2013,19,0,81,6.0,3,1,1,1,111,Hibernating,399,Profitable
5589,1964,Graduation,Single,51983.0,0,1,2012-08-31,631,0,115,10,7,30,3,9,2,10,7,0,0,0,0,0,0,3,11,0,51,1,1,31,8,3,2012,28,2,95,37.76190476190476,21,1,5,4,154,Can't loose,667,Non-profitable
10212,1986,PostGraduation,Partner,42386.0,1,0,2013-01-13,65,4,16,0,4,11,1,3,0,3,8,0,0,0,0,0,0,3,11,0,29,1,1,13,1,1,2013,23,0,43,16.666666666666668,6,3,2,2,322,About to sleep,532,Non-profitable
6365,1987,PostGraduation,Partner,30390.0,0,0,2013-09-02,10,12,12,25,1,20,1,2,0,3,6,0,0,0,0,0,0,3,11,0,28,0,0,2,9,3,2013,16,0,5,16.0,5,5,1,2,512,New Customers,300,Non-profitable
5636,1963,Graduation,Single,30983.0,0,0,2012-11-09,51,4,50,12,1,49,1,4,0,3,8,0,0,0,0,0,0,3,11,1,52,0,0,9,11,4,2012,26,0,50,23.857142857142858,7,3,2,3,323,About to sleep,597,Non-profitable
591,1957,Graduation,Single,66033.0,0,1,2013-01-20,293,35,179,46,59,65,2,8,3,7,7,0,0,0,0,0,0,3,11,0,58,1,1,20,1,1,2013,23,2,76,37.61111111111112,18,2,4,4,244,At risk,525,Profitable
2217,1975,PostGraduation,Partner,37284.0,1,1,2013-03-29,11,1,2,2,1,6,1,0,0,3,6,0,0,0,0,0,0,3,11,0,40,1,2,29,3,1,2013,21,0,46,7.666666666666667,3,3,1,1,311,About to sleep,457,Non-profitable
2544,1951,PostGraduation,Single,57530.0,0,1,2013-10-12,50,1,27,6,7,1,1,1,1,4,1,0,0,0,0,0,0,3,11,0,64,1,1,12,10,4,2013,14,0,68,15.333333333333334,6,2,2,2,222,Hibernating,260,Non-profitable
7725,1965,PostGraduation,Partner,76800.0,0,0,2014-03-08,173,26,255,35,71,81,1,4,4,7,1,0,0,0,0,0,0,3,11,0,50,0,0,8,3,1,2014,9,2,33,42.73333333333333,15,4,3,4,434,Potential Loyalists,113,Non-profitable
8091,1956,Graduation,Partner,63943.0,0,1,2012-09-02,423,184,368,13,97,21,1,6,4,6,5,0,0,0,0,0,0,3,11,0,59,1,1,2,9,3,2012,28,3,50,69.125,16,3,4,5,345,Loyal Customers,665,Non-profitable
5462,1974,Graduation,Partner,67445.0,0,1,2012-08-12,757,80,217,29,80,11,5,9,6,12,6,0,0,0,0,0,0,3,11,0,41,1,1,12,8,3,2012,29,3,63,43.48148148148148,27,2,5,4,254,Can't loose,686,Non-profitable
7791,1967,PostGraduation,Partner,37054.0,1,1,2013-09-15,12,1,6,0,1,5,2,1,0,3,7,0,0,0,0,0,0,3,11,0,48,1,2,15,9,3,2013,15,0,89,6.25,4,1,1,1,111,Hibernating,287,Non-profitable
955,1962,PostGraduation,Partner,47175.0,1,1,2012-10-28,167,2,44,6,2,19,7,4,2,4,8,1,0,0,0,0,0,3,11,1,53,1,2,28,10,4,2012,26,0,81,24.0,10,1,3,3,133,At risk,609,Non-profitable
4037,1976,Graduation,Single,31859.0,1,0,2013-06-14,3,1,3,8,0,5,1,1,0,2,7,0,0,0,0,0,0,3,11,0,39,1,1,14,6,2,2013,18,0,77,6.666666666666667,3,2,1,1,211,Hibernating,380,Non-profitable
6642,1961,Graduation,Single,27215.0,2,1,2013-01-23,30,5,22,8,9,28,4,2,1,4,6,0,0,0,0,0,0,3,11,0,54,1,3,23,1,1,2013,23,0,50,14.571428571428571,7,3,2,2,322,About to sleep,522,Non-profitable
2793,1976,PhD,Single,70179.0,0,1,2013-07-21,532,88,168,69,44,133,3,7,3,13,5,0,0,0,0,0,0,3,11,0,39,1,1,21,7,3,2013,17,3,10,44.95652173913044,23,5,5,4,554,Champions,343,Non-profitable
5424,1983,Graduation,Partner,39922.0,1,0,2013-02-14,29,12,59,19,1,36,2,3,0,4,8,0,0,0,0,0,0,3,11,0,32,1,1,14,2,1,2013,22,0,30,22.285714285714285,7,4,2,2,422,Potential Loyalists,500,Non-profitable
879,1976,PostGraduation,Partner,49681.0,0,2,2013-11-04,411,0,26,0,0,21,6,7,1,7,7,0,0,0,0,0,0,3,11,0,39,1,2,4,11,4,2013,14,2,66,30.53333333333333,15,2,3,3,233,At risk,237,Non-profitable
9530,1988,Graduation,Partner,24645.0,1,0,2012-11-01,5,3,4,4,1,0,1,1,0,2,8,0,0,0,0,0,0,3,11,0,27,1,1,1,11,4,2012,26,0,16,5.666666666666667,3,5,1,1,511,New Customers,605,Non-profitable
1497,1952,Graduation,Single,47958.0,0,1,2013-01-19,268,11,88,15,3,22,2,6,3,5,5,0,0,0,0,0,0,3,11,0,63,1,1,19,1,1,2013,23,2,8,29.071428571428573,14,5,3,3,533,Potential Loyalists,526,Non-profitable
7476,1964,PostGraduation,Single,63972.0,0,1,2012-12-02,928,63,254,0,12,12,4,5,4,10,4,0,1,0,0,0,0,3,11,0,51,1,1,2,12,4,2012,25,3,93,66.78947368421052,19,1,4,4,144,At risk,574,Non-profitable
4390,1954,Graduation,Partner,75315.0,0,1,2014-04-15,459,15,171,142,23,31,2,5,4,12,2,0,0,0,0,0,0,3,11,0,61,1,1,15,4,2,2014,8,2,14,40.04761904761905,21,5,5,4,554,Champions,75,Non-profitable
10478,1950,PhD,Partner,55517.0,1,1,2012-09-27,483,0,108,0,6,36,5,11,1,6,9,0,0,0,0,0,0,3,11,1,65,1,2,27,9,3,2012,27,2,53,35.166666666666664,18,3,4,3,343,Loyal Customers,640,Non-profitable
1081,1957,PhD,Partner,75283.0,1,2,2013-03-27,733,9,180,12,19,66,11,6,3,5,4,0,0,0,0,0,0,3,11,0,58,1,3,27,3,1,2013,21,3,26,72.78571428571429,14,4,3,5,435,Potential Loyalists,459,Non-profitable
4261,1946,PhD,Single,82800.0,0,0,2012-11-24,1006,22,115,59,68,45,1,7,6,12,3,0,0,1,1,0,0,3,11,1,69,0,0,24,11,4,2012,25,3,23,52.6,25,4,5,4,454,Loyal Customers,582,Non-profitable
9916,1954,Graduation,Partner,38998.0,1,1,2012-11-03,34,1,14,0,0,5,3,2,0,3,8,0,0,0,0,0,1,3,11,0,61,1,2,3,11,4,2012,26,0,92,10.8,5,1,1,1,111,Hibernating,603,Non-profitable
5350,1991,PostGraduation,Single,90638.0,0,0,2014-02-13,1156,120,915,94,144,96,1,3,4,10,1,0,0,1,0,0,0,3,11,1,24,0,0,13,2,1,2014,10,1,29,148.52941176470588,17,4,4,5,445,Loyal Customers,136,Profitable
8135,1986,PostGraduation,Partner,27161.0,1,0,2013-10-28,7,4,23,7,0,11,1,1,0,3,7,0,0,0,0,0,0,3,11,0,29,1,1,28,10,4,2013,14,0,41,13.0,4,3,1,2,312,About to sleep,244,Non-profitable
8685,1977,Graduation,Partner,42014.0,1,0,2012-08-17,244,15,108,4,15,50,6,7,1,6,8,0,0,0,0,0,0,3,11,1,38,1,1,17,8,3,2012,28,2,56,31.142857142857142,14,3,3,3,333,Need Attention,681,Non-profitable
4967,1960,PhD,Partner,38201.0,0,1,2013-03-29,233,0,23,0,0,12,4,5,1,5,8,0,0,0,0,0,0,3,11,0,55,1,1,29,3,1,2013,21,0,19,24.363636363636363,11,5,3,3,533,Potential Loyalists,457,Non-profitable
2130,1982,Graduation,Partner,45203.0,2,0,2014-03-23,35,3,67,10,8,24,1,3,1,3,6,0,0,0,0,0,0,3,11,1,33,1,2,23,3,1,2014,9,0,4,21.0,7,5,2,2,522,Potential Loyalists,98,Non-profitable
8175,1992,Graduation,Partner,34935.0,0,0,2013-06-21,34,4,66,3,10,20,1,2,1,4,7,0,0,0,0,0,0,3,11,0,23,0,0,21,6,2,2013,18,0,71,19.571428571428573,7,2,2,2,222,Hibernating,373,Non-profitable
6257,1976,PostGraduation,Single,60482.0,0,1,2013-01-23,255,43,134,37,14,24,1,7,2,7,7,0,0,0,0,0,0,3,11,0,39,1,1,23,1,1,2013,23,2,81,31.6875,16,1,4,3,143,At risk,522,Non-profitable
3790,1956,Graduation,Partner,34633.0,2,1,2014-01-23,8,1,5,0,0,1,1,1,0,2,6,0,0,0,0,0,0,3,11,0,59,1,3,23,1,1,2014,11,0,31,5.0,3,4,1,1,411,Promising,157,Non-profitable
9952,1947,PostGraduation,Partner,78093.0,0,0,2013-12-11,368,32,639,13,43,10,1,4,7,5,1,0,0,0,0,0,0,3,11,0,68,0,0,11,12,4,2013,12,3,53,69.0625,16,3,4,5,345,Loyal Customers,200,Non-profitable
3503,1950,Graduation,Single,82460.0,0,0,2013-12-02,255,47,573,52,32,15,1,5,3,6,1,0,0,0,0,0,0,3,11,0,65,0,0,2,12,4,2013,13,3,78,69.57142857142857,14,2,3,5,235,At risk,209,Non-profitable
4608,1987,Graduation,Single,81361.0,0,0,2014-02-25,163,23,424,27,65,76,1,3,10,13,1,0,0,0,0,0,0,3,11,1,28,0,0,25,2,1,2014,10,2,18,29.923076923076923,26,5,5,3,553,Champions,124,Non-profitable
1626,1973,PhD,Single,35860.0,1,1,2014-05-19,15,0,8,4,2,20,2,1,1,2,5,1,0,0,0,0,0,3,11,1,42,1,2,19,5,2,2014,7,0,37,12.25,4,4,1,2,412,Promising,41,Non-profitable
4764,1952,PostGraduation,Partner,40442.0,1,1,2012-08-19,45,12,52,25,22,13,4,3,1,4,7,0,0,0,0,0,0,3,11,1,63,1,2,19,8,3,2012,28,0,52,21.125,8,3,2,2,322,About to sleep,679,Non-profitable
5892,1980,Graduation,Partner,34968.0,1,0,2013-04-10,158,6,45,8,2,2,7,3,2,5,7,0,0,0,0,0,0,3,11,0,35,1,1,10,4,2,2013,21,0,11,22.1,10,5,3,2,532,Potential Loyalists,445,Profitable
2612,1987,Graduation,Partner,75794.0,0,0,2013-12-24,754,160,625,63,32,48,1,7,5,12,3,0,0,0,1,0,0,3,11,0,28,0,0,24,12,4,2013,12,1,33,70.08333333333333,24,4,5,5,455,Loyal Customers,187,Non-profitable
4971,1962,PhD,Partner,31497.0,0,1,2012-12-06,108,1,28,13,1,4,2,3,1,4,8,0,0,0,0,0,0,3,11,0,53,1,1,6,12,4,2012,25,0,22,19.375,8,4,2,2,422,Potential Loyalists,570,Profitable
5185,1955,Graduation,Partner,74268.0,0,0,2013-02-14,199,66,315,97,174,41,1,4,3,5,2,0,0,0,0,0,0,3,11,0,60,0,0,14,2,1,2013,22,3,83,74.33333333333333,12,1,3,5,135,At risk,500,Non-profitable
10069,1988,UnderGraduation,Partner,13724.0,1,0,2012-08-31,2,7,5,2,15,27,1,2,0,2,9,1,0,0,0,0,0,3,11,0,27,1,1,31,8,3,2012,28,0,43,14.5,4,3,1,2,312,About to sleep,667,Profitable
2262,1965,PostGraduation,Partner,45143.0,0,1,2013-08-26,202,5,74,11,5,14,3,6,1,5,7,0,0,0,0,0,0,3,11,0,50,1,1,26,8,3,2013,16,0,74,25.916666666666668,12,2,3,3,233,At risk,307,Non-profitable
1131,1967,PhD,Single,52569.0,0,1,2014-04-05,85,0,3,0,0,7,1,2,0,4,3,0,0,0,0,0,0,3,11,0,48,1,1,5,4,2,2014,9,0,54,15.833333333333334,6,3,2,2,322,About to sleep,85,Non-profitable
1041,1973,PhD,Single,48432.0,0,1,2012-10-18,322,3,50,4,3,42,5,7,1,6,8,0,0,0,0,0,0,3,11,1,42,1,1,18,10,4,2012,26,2,3,30.285714285714285,14,5,3,3,533,Potential Loyalists,619,Non-profitable
24,1960,PostGraduation,Partner,17144.0,1,1,2014-02-15,18,2,19,0,2,6,5,3,0,4,7,0,0,0,0,0,0,3,11,0,55,1,2,15,2,1,2014,10,0,96,6.714285714285714,7,1,2,1,121,Hibernating,134,Non-profitable
3409,1984,Graduation,Single,36108.0,1,0,2013-10-15,141,8,129,3,11,47,3,7,1,4,9,1,0,0,0,0,0,3,11,0,31,1,1,15,10,4,2013,14,2,68,28.25,12,2,3,3,233,At risk,257,Non-profitable
7022,1971,Graduation,Partner,76445.0,1,0,2012-09-28,739,107,309,140,80,35,1,2,5,13,6,0,0,0,0,0,0,3,11,0,44,1,1,28,9,3,2012,27,3,2,70.5,20,5,4,5,545,Champions,639,Profitable
7943,1975,PhD,Partner,36663.0,1,0,2014-04-25,18,0,6,3,3,5,1,1,1,3,2,0,0,0,0,0,0,3,11,0,40,1,1,25,4,2,2014,8,0,40,7.0,5,3,1,1,311,About to sleep,65,Non-profitable
5272,1965,PostGraduation,Partner,53843.0,0,1,2013-06-27,378,0,88,19,4,73,4,8,5,3,7,0,0,0,0,0,0,3,11,0,50,1,1,27,6,2,2013,18,2,64,35.125,16,2,4,3,243,At risk,367,Non-profitable
5453,1956,PostGraduation,Partner,90226.0,0,0,2012-09-26,1083,108,649,253,151,108,1,4,7,12,2,0,0,0,1,0,0,3,11,0,59,0,0,26,9,3,2012,27,1,26,102.2608695652174,23,4,5,5,455,Loyal Customers,641,Non-profitable
2565,1955,PostGraduation,Single,70638.0,0,0,2013-06-01,1016,12,215,16,12,63,1,4,5,10,3,0,1,0,0,0,0,3,11,0,60,0,0,1,6,2,2013,19,3,69,70.21052631578948,19,2,4,5,245,At risk,393,Non-profitable
800,1960,Graduation,Partner,44512.0,1,1,2013-08-30,23,1,6,0,0,2,2,1,0,3,4,0,0,0,0,0,0,3,11,0,55,1,2,30,8,3,2013,16,0,57,8.0,4,3,1,1,311,About to sleep,303,Non-profitable
11092,1961,Graduation,Partner,27116.0,1,1,2014-03-02,12,1,21,2,2,3,2,2,0,3,7,0,0,0,0,0,0,3,11,0,54,1,2,2,3,1,2014,10,0,78,8.2,5,2,1,1,211,Hibernating,119,Profitable
5062,1963,PhD,Partner,54072.0,1,1,2013-07-27,35,0,4,0,0,0,1,2,0,2,8,0,0,0,0,0,0,3,11,0,52,1,2,27,7,3,2013,17,0,71,9.75,4,2,1,1,211,Hibernating,337,Non-profitable
8969,1977,Graduation,Partner,71855.0,0,1,2013-01-16,548,31,422,0,112,28,4,5,5,11,3,0,0,0,0,0,0,3,11,0,38,1,1,16,1,1,2013,23,3,59,54.333333333333336,21,2,5,4,254,Can't loose,529,Non-profitable
4656,1990,PostGraduation,Single,51250.0,1,0,2013-03-30,342,32,230,34,32,40,5,10,5,4,9,1,0,0,0,0,0,3,11,0,25,1,1,30,3,1,2013,21,2,28,37.36842105263158,19,4,4,4,444,Loyal Customers,456,Non-profitable
4480,1973,PostGraduation,Partner,60432.0,0,1,2014-03-09,365,3,15,4,3,11,5,7,2,5,6,0,0,0,0,0,0,3,11,0,42,1,1,9,3,1,2014,9,2,61,28.642857142857142,14,2,3,3,233,At risk,112,Non-profitable
9971,1964,PhD,Partner,65526.0,0,1,2014-04-11,397,19,69,12,0,9,1,4,4,8,2,0,0,0,0,0,0,3,11,0,51,1,1,11,4,2,2014,8,2,22,31.625,16,4,4,3,443,Loyal Customers,79,Non-profitable
6729,1988,Graduation,Single,68655.0,0,0,2012-08-10,456,19,832,75,118,38,1,4,5,11,3,0,0,0,0,0,0,3,11,0,27,0,0,10,8,3,2012,29,1,95,76.9,20,1,4,5,145,At risk,688,Non-profitable
1773,1978,PostGraduation,Partner,12393.0,0,0,2012-12-04,5,6,15,11,7,13,1,2,0,3,9,0,0,0,0,0,0,3,11,0,37,0,0,4,12,4,2012,25,0,38,11.4,5,4,1,2,412,Promising,572,Non-profitable
9242,1990,Graduation,Single,64509.0,0,0,2013-08-17,836,185,575,24,25,77,1,6,3,9,4,1,0,0,0,0,0,3,11,1,25,0,0,17,8,3,2013,16,1,19,95.66666666666669,18,5,4,5,545,Champions,316,Non-profitable
1764,1975,Graduation,Single,33955.0,1,0,2013-08-09,100,2,128,23,7,10,4,5,1,5,8,0,0,0,0,0,0,3,11,0,40,1,1,9,8,3,2013,17,0,92,24.545454545454547,11,1,3,3,133,At risk,324,Non-profitable
6215,1977,Graduation,Partner,31353.0,1,1,2013-12-29,10,0,10,3,1,7,2,1,1,2,8,0,0,0,0,0,0,3,11,1,38,1,2,29,12,4,2013,12,0,24,7.75,4,4,1,1,411,Promising,182,Non-profitable
10099,1984,Graduation,Partner,55434.0,1,0,2013-10-05,238,115,215,169,69,76,3,5,3,13,4,0,0,0,0,0,0,3,11,0,31,1,1,5,10,4,2013,15,3,21,42.0,21,4,5,4,454,Loyal Customers,267,Non-profitable
5423,1983,Graduation,Partner,28359.0,1,0,2013-10-27,6,0,5,2,1,2,1,1,0,2,7,0,0,0,0,0,0,3,11,0,32,1,1,27,10,4,2013,14,0,35,5.333333333333333,3,4,1,1,411,Promising,245,Non-profitable
940,1987,Graduation,Single,57100.0,1,0,2014-05-18,158,11,99,15,11,17,2,3,2,7,3,0,0,0,0,0,0,3,11,0,28,1,1,18,5,2,2014,7,0,9,25.916666666666668,12,5,3,3,533,Potential Loyalists,42,Profitable
3011,1965,Graduation,Partner,69139.0,0,1,2014-01-27,86,12,75,33,15,6,1,4,1,5,4,0,0,0,0,0,0,3,11,0,50,1,1,27,1,1,2014,11,0,23,22.7,10,4,3,2,432,Potential Loyalists,153,Non-profitable
3298,1956,PostGraduation,Partner,52973.0,0,1,2012-11-08,856,0,76,12,9,199,7,9,6,9,8,0,0,0,0,0,0,3,11,0,59,1,1,8,11,4,2012,26,3,92,48.0,24,1,5,4,154,Can't loose,598,Non-profitable
8286,1965,PhD,Partner,51717.0,0,1,2013-08-20,98,1,17,0,1,5,1,3,0,4,7,0,1,0,0,0,0,3,11,0,50,1,1,20,8,3,2013,16,0,55,17.428571428571427,7,3,2,2,322,About to sleep,313,Non-profitable
9668,1971,Graduation,Partner,18793.0,1,0,2013-01-12,4,16,20,0,17,20,3,2,0,4,8,0,0,0,0,0,0,3,11,0,44,1,1,12,1,1,2013,23,0,14,12.833333333333334,6,5,2,2,522,Potential Loyalists,533,Non-profitable
5120,1982,PostGraduation,Partner,66664.0,0,0,2012-09-25,398,96,447,220,96,32,1,5,7,6,3,0,0,0,0,0,0,3,11,0,33,0,0,25,9,3,2012,27,3,78,71.61111111111111,18,2,4,5,245,At risk,642,Non-profitable
6097,1959,Graduation,Single,50664.0,1,1,2013-01-16,313,8,104,6,4,126,9,8,1,6,9,0,0,0,0,0,0,3,11,0,56,1,2,16,1,1,2013,23,2,64,37.4,15,2,3,4,234,At risk,529,Non-profitable
7019,1963,Graduation,Partner,54414.0,1,1,2013-01-23,109,18,16,24,26,18,4,3,1,5,4,0,0,0,0,0,0,3,11,0,52,1,2,23,1,1,2013,23,0,49,23.444444444444443,9,3,2,3,323,About to sleep,522,Non-profitable
7408,1952,PhD,Partner,54549.0,0,1,2014-03-03,216,2,6,0,0,9,2,5,1,4,7,0,0,0,0,0,0,3,11,0,63,1,1,3,3,1,2014,10,0,8,23.3,10,5,3,3,533,Potential Loyalists,118,Non-profitable
8041,1971,PhD,Single,47111.0,0,1,2012-09-08,595,71,153,120,112,41,6,3,2,10,9,0,0,0,0,0,0,3,11,0,44,1,1,8,9,3,2012,28,3,35,72.8,15,4,3,5,435,Potential Loyalists,659,Non-profitable
252,1963,PhD,Single,41003.0,0,0,2013-03-17,123,133,142,71,44,88,1,6,2,8,6,0,0,0,0,0,0,3,11,0,52,0,0,17,3,1,2013,21,2,11,37.5625,16,5,4,4,544,Champions,469,Profitable
9986,1982,Graduation,Partner,19444.0,1,0,2014-02-22,16,0,23,3,2,10,3,4,1,2,7,0,0,0,0,0,0,3,11,1,33,1,1,22,2,1,2014,10,0,8,7.714285714285714,7,5,2,1,521,Potential Loyalists,127,Non-profitable
3276,1976,PostGraduation,Partner,36301.0,1,0,2013-10-25,11,12,35,3,5,12,1,3,0,3,7,0,0,0,0,0,0,3,11,0,39,1,1,25,10,4,2013,14,0,53,13.0,6,3,2,2,322,About to sleep,247,Non-profitable
3859,1947,PhD,Partner,73059.0,0,1,2013-08-31,410,112,420,0,82,71,1,9,3,13,4,0,0,0,0,0,0,3,11,0,68,1,1,31,8,3,2013,16,3,36,43.8,25,4,5,4,454,Loyal Customers,302,Non-profitable
3570,1969,PhD,Partner,42731.0,1,0,2013-10-21,159,2,51,6,2,24,3,4,1,5,5,0,0,0,0,0,0,3,11,0,46,1,1,21,10,4,2013,14,0,64,24.4,10,2,3,3,233,At risk,251,Non-profitable
3783,1959,PhD,Partner,52854.0,1,1,2014-03-24,105,0,10,0,1,0,2,2,1,4,5,0,0,0,0,0,0,3,11,0,56,1,2,24,3,1,2014,9,0,43,16.571428571428573,7,3,2,2,322,About to sleep,97,Non-profitable
10207,1978,Graduation,Partner,22775.0,1,0,2013-06-19,5,1,8,0,0,1,1,1,0,2,8,0,0,0,0,0,0,3,11,0,37,1,1,19,6,2,2013,18,0,40,5.0,3,3,1,1,311,About to sleep,375,Non-profitable
10906,1948,PhD,Partner,46681.0,0,2,2013-10-08,269,15,69,15,19,38,2,4,6,4,5,0,0,0,0,0,0,3,11,0,67,1,2,8,10,4,2013,15,2,52,30.357142857142858,14,3,3,3,333,Need Attention,264,Non-profitable
3427,1955,PhD,Partner,59821.0,0,1,2013-04-12,629,0,70,0,0,35,6,11,2,7,8,0,0,0,0,0,0,3,11,0,60,1,1,12,4,2,2013,20,2,11,36.7,20,5,4,4,544,Champions,443,Non-profitable
5209,1954,Graduation,Single,50002.0,0,1,2013-06-17,443,5,71,21,16,82,2,8,2,7,7,0,0,0,0,0,0,3,11,0,61,1,1,17,6,2,2013,18,2,21,37.52941176470589,17,4,4,4,444,Loyal Customers,377,Non-profitable
10711,1945,Graduation,Partner,69755.0,0,0,2013-10-02,217,77,373,111,23,93,1,3,6,12,1,0,0,0,0,0,0,3,11,0,70,0,0,2,10,4,2013,15,3,23,42.57142857142857,21,4,5,4,454,Loyal Customers,270,Non-profitable
2814,1976,PostGraduation,Partner,30560.0,1,0,2013-06-27,9,1,5,4,5,7,1,1,0,3,7,0,0,0,0,0,0,3,11,0,39,1,1,27,6,2,2013,18,0,6,7.75,4,5,1,1,511,New Customers,367,Non-profitable
6866,1969,PostGraduation,Partner,35924.0,1,1,2014-03-23,8,0,14,2,3,7,1,1,0,3,5,0,0,0,0,0,0,3,11,0,46,1,2,23,3,1,2014,9,0,56,8.5,4,3,1,1,311,About to sleep,98,Non-profitable
1665,1964,PhD,Single,64140.0,0,2,2013-09-23,1459,0,61,0,15,215,5,2,5,6,5,1,0,1,0,1,0,3,11,1,51,1,2,23,9,3,2013,15,1,71,134.6153846153846,13,2,3,5,235,At risk,279,Non-profitable
6575,1981,Graduation,Partner,56386.0,1,1,2012-10-27,230,48,214,13,32,75,8,9,1,7,9,0,0,0,0,0,0,3,11,0,34,1,2,27,10,4,2012,26,2,51,36.0,17,3,4,3,343,Loyal Customers,610,Non-profitable
3829,1979,UnderGraduation,Partner,24594.0,1,0,2013-12-10,1,3,6,10,0,9,1,1,0,3,5,0,0,0,0,0,0,3,11,0,36,1,1,10,12,4,2013,12,0,94,7.25,4,1,1,1,111,Hibernating,201,Non-profitable
3091,1981,PostGraduation,Partner,75774.0,1,0,2014-05-02,340,21,134,258,14,56,1,7,5,8,4,0,0,0,0,0,0,3,11,0,34,1,1,2,5,2,2014,8,2,27,41.15,20,4,4,4,444,Loyal Customers,58,Non-profitable
10141,1960,PostGraduation,Single,39228.0,0,0,2013-05-10,7,1,6,0,3,3,1,0,0,3,4,0,0,0,0,0,0,3,11,0,55,0,0,10,5,2,2013,20,0,1,6.666666666666667,3,5,1,1,511,New Customers,415,Non-profitable
5177,1974,PostGraduation,Partner,58494.0,0,1,2013-12-12,298,7,68,4,0,19,2,6,2,6,6,0,0,0,0,0,0,3,11,0,41,1,1,12,12,4,2013,12,2,56,28.285714285714285,14,3,3,3,333,Need Attention,199,Non-profitable
6409,1967,Graduation,Single,57136.0,0,0,2013-05-18,267,140,599,34,12,127,1,7,5,7,6,0,0,0,0,0,0,3,11,1,48,0,0,18,5,2,2013,19,3,18,62.05263157894737,19,5,4,4,544,Champions,407,Non-profitable
7485,1950,PhD,Single,56551.0,1,1,2014-05-07,67,4,32,17,2,16,3,2,1,4,4,0,0,0,0,0,0,3,11,0,65,1,2,7,5,2,2014,7,0,48,19.714285714285715,7,3,2,2,322,About to sleep,53,Non-profitable
8079,1982,Graduation,Partner,22448.0,1,0,2014-02-26,3,1,8,23,2,18,3,2,1,3,3,0,0,0,0,0,0,3,11,0,33,1,1,26,2,1,2014,10,0,86,9.166666666666666,6,1,2,1,121,Hibernating,123,Non-profitable
8395,1961,Graduation,Single,82014.0,0,0,2012-08-20,980,37,265,35,163,31,1,3,6,12,6,0,0,0,0,0,0,3,11,1,54,0,0,20,8,3,2012,28,1,48,71.95238095238095,21,3,5,5,355,Loyal Customers,678,Non-profitable
10352,1963,Graduation,Single,34213.0,1,1,2012-09-07,50,4,28,6,3,26,3,3,1,2,9,0,0,0,0,0,0,3,11,1,52,1,2,7,9,3,2012,28,0,2,19.5,6,5,2,2,522,Potential Loyalists,660,Non-profitable
4931,1977,Graduation,Partner,157146.0,0,0,2013-04-29,1,0,1725,2,1,1,0,0,28,0,1,0,0,0,0,0,0,3,11,0,38,0,0,29,4,2,2013,20,1,13,61.785714285714285,28,5,5,4,554,Champions,426,Non-profitable
13,1947,PhD,Single,25358.0,0,1,2013-07-22,19,0,5,0,0,8,2,1,0,3,6,0,0,0,0,0,0,3,11,0,68,1,1,22,7,3,2013,17,0,57,8.0,4,3,1,1,311,About to sleep,342,Non-profitable
1834,1978,PostGraduation,Single,35544.0,1,0,2014-03-08,30,5,23,4,1,4,1,2,0,3,7,0,0,0,0,0,0,3,11,0,37,1,1,8,3,1,2014,9,0,77,13.4,5,2,1,2,212,Hibernating,113,Non-profitable
2285,1954,PostGraduation,Partner,36634.0,0,1,2013-05-28,213,9,76,4,3,30,3,5,2,5,7,0,0,0,0,0,0,3,11,0,61,1,1,28,5,2,2013,19,0,0,27.916666666666668,12,5,3,3,533,Potential Loyalists,397,Profitable
2295,1954,PhD,Partner,62670.0,0,1,2014-02-02,539,30,92,80,46,38,1,5,3,13,3,0,0,0,0,0,0,3,11,0,61,1,1,2,2,1,2014,11,2,57,39.285714285714285,21,3,5,4,354,Loyal Customers,147,Non-profitable
1378,1972,PostGraduation,Partner,50334.0,0,1,2013-07-24,284,16,160,84,16,134,6,7,4,6,6,0,0,0,0,0,0,3,11,0,43,1,1,24,7,3,2013,17,2,24,40.8235294117647,17,4,4,4,444,Loyal Customers,340,Non-profitable
1165,1958,PhD,Single,50729.0,1,1,2013-05-02,239,13,143,45,4,52,9,6,2,7,6,0,0,0,0,0,0,3,11,0,57,1,2,2,5,2,2013,20,2,62,33.06666666666667,15,2,3,3,233,At risk,423,Non-profitable
1404,1968,Graduation,Partner,34916.0,2,0,2013-05-15,51,23,82,33,0,42,4,5,1,3,9,0,0,0,0,0,0,3,11,0,47,1,2,15,5,2,2013,19,0,89,25.666666666666668,9,1,2,3,123,Hibernating,410,Non-profitable
2639,1966,Graduation,Single,43602.0,1,1,2014-01-10,19,5,12,10,3,19,3,3,1,2,6,0,0,0,0,0,0,3,11,0,49,1,2,10,1,1,2014,11,0,45,11.333333333333334,6,3,2,1,321,About to sleep,170,Profitable
8299,1989,PhD,Single,33996.0,0,0,2013-09-11,40,2,15,8,0,6,1,1,1,3,4,0,0,0,0,0,0,3,11,0,26,0,0,11,9,3,2013,15,0,46,14.2,5,3,1,2,312,About to sleep,291,Non-profitable
6437,1985,PostGraduation,Single,41473.0,1,0,2013-06-19,21,8,20,15,3,9,1,2,0,3,7,0,0,0,0,0,0,3,11,0,30,1,1,19,6,2,2013,18,0,80,15.2,5,1,1,2,112,Hibernating,375,Non-profitable
6912,1967,PhD,Partner,63246.0,0,2,2013-08-20,593,30,91,29,22,7,1,6,3,12,4,0,0,0,0,0,0,3,11,0,48,1,2,20,8,3,2013,16,2,60,36.76190476190476,21,2,5,4,254,Can't loose,313,Non-profitable
7327,1959,PhD,Partner,36732.0,1,1,2013-12-29,21,5,3,10,1,7,3,1,1,4,2,0,0,0,0,0,0,3,11,0,56,1,2,29,12,4,2013,12,0,71,7.833333333333333,6,2,2,1,221,Hibernating,182,Non-profitable
5299,1970,PhD,Partner,69084.0,1,0,2013-11-19,1181,107,199,39,30,30,2,7,3,13,8,0,0,0,0,0,0,3,11,0,45,1,1,19,11,4,2013,13,1,43,68.95652173913044,23,3,5,5,355,Loyal Customers,222,Non-profitable
4127,1967,PhD,Partner,77766.0,0,1,2013-02-22,1004,59,265,115,59,27,2,11,10,11,6,1,0,0,0,0,0,3,11,1,48,1,1,22,2,1,2013,22,1,97,47.78125,32,1,5,4,154,Can't loose,492,Non-profitable
8143,1985,PhD,Single,37929.0,0,0,2013-07-30,202,2,46,3,2,10,2,4,2,5,7,0,1,0,1,0,0,3,11,1,30,0,0,30,7,3,2013,17,0,49,24.09090909090909,11,3,3,3,333,Need Attention,334,Non-profitable
1964,1951,Graduation,Partner,86610.0,0,0,2013-09-05,446,107,768,33,196,53,1,5,6,6,2,0,0,0,0,0,0,3,11,0,64,0,0,5,9,3,2013,16,1,66,94.29411764705884,17,2,4,5,245,At risk,297,Non-profitable
3690,1986,PostGraduation,Partner,80141.0,0,0,2013-01-11,1184,102,673,52,40,40,1,7,4,10,6,0,0,1,0,0,0,3,11,1,29,0,0,11,1,1,2013,24,1,20,99.57142857142856,21,4,5,5,455,Loyal Customers,534,Non-profitable
3433,1955,PostGraduation,Partner,72635.0,0,0,2013-06-03,390,22,323,104,35,107,1,6,8,6,3,0,0,0,1,0,0,3,11,0,60,0,0,3,6,2,2013,19,3,54,49.05,20,3,4,4,344,Loyal Customers,391,Profitable
3389,1970,Graduation,Partner,69016.0,0,1,2012-11-22,726,53,363,123,107,161,4,8,9,13,5,0,0,0,0,0,0,3,11,0,45,1,1,22,11,4,2012,25,1,61,51.1,30,2,5,4,254,Can't loose,584,Non-profitable
4712,1991,PostGraduation,Partner,20193.0,0,0,2012-11-28,8,8,22,24,11,9,1,1,1,4,4,0,0,0,0,0,0,3,11,0,24,0,0,28,11,4,2012,25,0,18,13.666666666666666,6,5,2,2,522,Potential Loyalists,578,Profitable
1170,1975,Graduation,Partner,27573.0,1,0,2013-03-25,50,15,110,39,15,15,4,5,1,4,8,0,0,0,0,0,0,3,11,0,40,1,1,25,3,1,2013,21,0,45,24.4,10,3,3,3,333,Need Attention,461,Non-profitable
6347,1979,UnderGraduation,Single,15862.0,1,0,2013-06-27,1,1,4,11,9,10,1,1,0,3,8,0,0,0,0,0,0,3,11,0,36,1,1,27,6,2,2013,18,0,26,9.0,4,4,1,1,411,Promising,367,Non-profitable
4065,1976,PhD,Partner,49544.0,1,0,2013-02-12,308,0,73,0,0,23,2,5,1,8,7,0,0,0,0,0,0,3,11,0,39,1,1,12,2,1,2013,22,2,0,28.857142857142858,14,5,3,3,533,Potential Loyalists,502,Non-profitable
8230,1980,Graduation,Partner,33228.0,1,0,2014-01-23,22,2,31,7,4,5,1,2,0,3,7,0,0,0,0,0,0,3,11,0,35,1,1,23,1,1,2014,11,0,28,14.2,5,4,1,2,412,Promising,157,Non-profitable
1215,1978,Graduation,Partner,70440.0,0,0,2013-10-08,690,117,499,76,102,88,1,5,10,7,3,0,0,0,1,0,0,3,11,0,37,0,0,8,10,4,2013,15,1,49,71.45454545454545,22,3,5,5,355,Loyal Customers,264,Non-profitable
5939,1971,Graduation,Partner,38232.0,1,1,2014-01-17,43,5,28,7,6,33,4,3,1,3,5,0,0,0,0,0,0,3,11,0,44,1,2,17,1,1,2014,11,0,84,17.428571428571427,7,1,2,2,122,Hibernating,163,Non-profitable
2156,1955,PhD,Partner,22554.0,1,1,2012-11-03,27,0,10,0,0,4,4,2,0,4,5,0,0,0,0,0,0,3,11,0,60,1,2,3,11,4,2012,26,0,38,6.833333333333333,6,4,2,1,421,Potential Loyalists,603,Non-profitable
10323,1952,Graduation,Partner,49413.0,0,1,2013-10-25,205,7,41,3,2,46,2,4,2,5,5,0,0,0,0,0,0,3,11,0,63,1,1,25,10,4,2013,14,0,88,27.63636363636364,11,1,3,3,133,At risk,247,Non-profitable
1891,1980,PostGraduation,Single,78789.0,0,0,2012-08-08,667,50,850,21,83,83,1,4,6,5,2,0,0,0,0,0,0,3,11,1,35,0,0,8,8,3,2012,29,1,12,116.93333333333334,15,5,3,5,535,Potential Loyalists,690,Non-profitable
2570,1968,Graduation,Partner,56534.0,0,1,2013-07-23,691,7,61,10,0,46,4,10,4,7,8,0,1,0,0,1,0,3,11,1,47,1,1,23,7,3,2013,17,2,35,38.80952380952381,21,4,5,4,454,Loyal Customers,341,Non-profitable
9256,1971,Graduation,Single,58350.0,0,1,2013-01-04,493,26,206,116,80,80,4,8,3,12,6,0,0,0,0,0,0,3,11,0,44,1,1,4,1,1,2013,24,3,5,43.52173913043478,23,5,5,4,554,Champions,541,Non-profitable
295,1989,Graduation,Single,81217.0,0,0,2013-07-19,493,70,324,146,40,84,1,3,7,11,1,0,0,0,0,0,0,3,11,0,26,0,0,19,7,3,2013,17,3,77,55.095238095238095,21,2,5,4,254,Can't loose,345,Non-profitable
7397,1951,Graduation,Single,49090.0,0,1,2013-07-19,494,5,82,7,0,100,3,7,2,9,7,0,0,0,0,0,0,3,11,0,64,1,1,19,7,3,2013,17,2,45,38.22222222222222,18,3,4,4,344,Loyal Customers,345,Non-profitable
6349,1987,PostGraduation,Single,61787.0,0,0,2013-07-06,621,73,414,78,48,85,1,8,4,6,5,0,0,0,0,0,0,3,11,0,28,0,0,6,7,3,2013,18,3,71,73.27777777777777,18,2,4,5,245,At risk,358,Non-profitable
10790,1985,PhD,Partner,18169.0,1,0,2013-02-19,9,0,5,0,0,7,1,1,0,2,8,0,0,0,0,0,0,3,11,0,30,1,1,19,2,1,2013,22,0,40,7.0,3,3,1,1,311,About to sleep,495,Non-profitable
10398,1981,PostGraduation,Single,24336.0,1,0,2012-08-27,1,6,2,8,2,12,1,1,0,2,7,0,0,0,0,0,0,3,11,0,34,1,1,27,8,3,2012,28,0,82,10.333333333333334,3,1,1,1,111,Hibernating,671,Non-profitable
2431,1990,Graduation,Partner,18222.0,0,0,2012-12-31,12,4,19,12,6,14,1,2,0,3,8,0,0,0,0,0,0,3,11,0,25,0,0,31,12,4,2012,24,0,70,13.4,5,2,1,2,212,Hibernating,545,Non-profitable
550,1952,Graduation,Single,62335.0,0,1,2013-05-23,243,131,217,85,6,26,2,3,3,13,2,0,0,0,0,0,0,3,11,0,63,1,1,23,5,2,2013,19,2,87,37.26315789473684,19,1,4,4,144,At risk,402,Non-profitable
1890,1971,PostGraduation,Partner,42033.0,1,1,2012-09-19,11,1,4,2,0,7,1,1,0,2,7,0,0,0,0,0,0,3,11,0,44,1,2,19,9,3,2012,27,0,95,8.333333333333334,3,1,1,1,111,Hibernating,648,Non-profitable
10742,1983,PhD,Partner,86580.0,0,0,2013-02-27,532,21,127,26,20,20,0,4,2,5,1,0,0,1,0,0,0,3,11,0,32,0,0,27,2,1,2013,22,2,72,67.81818181818181,11,2,3,4,234,At risk,487,Profitable
10356,1957,PhD,Single,41437.0,1,1,2012-09-22,29,0,2,0,0,1,1,1,0,3,7,0,0,0,0,0,0,3,11,0,58,1,2,22,9,3,2012,27,0,5,8.0,4,5,1,1,511,New Customers,645,Non-profitable
4676,1951,PostGraduation,Single,73705.0,0,2,2014-03-05,612,91,520,258,107,107,2,9,6,8,5,0,0,0,0,0,0,3,11,0,64,1,2,5,3,1,2014,10,1,86,73.69565217391305,23,1,5,5,155,Can't loose,116,Non-profitable
8852,1976,Graduation,Partner,61064.0,0,1,2012-08-31,387,126,342,0,45,180,5,8,4,11,6,0,0,0,0,0,0,3,11,0,39,1,1,31,8,3,2012,28,3,80,46.95652173913044,23,1,5,4,154,Can't loose,667,Non-profitable
3565,1955,PostGraduation,Partner,38452.0,1,1,2014-03-30,56,0,14,0,0,2,3,3,0,3,7,0,0,0,0,0,0,3,11,0,60,1,2,30,3,1,2014,9,0,62,12.0,6,2,2,2,222,Hibernating,91,Non-profitable
5294,1989,Graduation,Single,18358.0,1,0,2013-11-20,6,8,19,16,4,4,3,3,0,4,7,0,0,0,0,0,0,3,11,0,26,1,1,20,11,4,2013,13,0,49,8.142857142857142,7,3,2,1,321,About to sleep,221,Non-profitable
1958,1973,PhD,Partner,55012.0,0,1,2014-03-21,582,0,65,0,0,13,6,8,2,9,5,0,0,0,0,0,0,3,11,0,42,1,1,21,3,1,2014,9,2,85,34.73684210526316,19,1,4,3,143,At risk,100,Non-profitable
7349,1973,UnderGraduation,Partner,9722.0,1,0,2012-10-02,6,17,16,6,16,42,4,3,1,3,8,0,0,0,0,0,0,3,11,1,42,1,1,2,10,4,2012,27,0,7,14.714285714285714,7,5,2,2,522,Potential Loyalists,635,Non-profitable
8799,1984,PhD,Partner,38175.0,1,0,2013-09-23,70,6,69,2,3,3,3,3,1,4,7,0,0,0,0,0,0,3,11,0,31,1,1,23,9,3,2013,15,0,6,19.125,8,5,2,2,522,Potential Loyalists,279,Non-profitable
1351,1956,PostGraduation,Partner,58656.0,0,1,2012-09-20,962,12,194,16,24,12,4,7,8,13,6,0,0,1,0,0,0,3,11,0,59,1,1,20,9,3,2012,27,3,25,43.57142857142857,28,4,5,4,454,Loyal Customers,647,Non-profitable
1045,1965,Graduation,Partner,52117.0,0,1,2012-08-16,112,10,107,30,0,20,2,5,2,4,7,0,0,0,0,0,0,3,11,0,50,1,1,16,8,3,2012,28,0,55,25.363636363636363,11,3,3,3,333,Need Attention,682,Non-profitable
7732,1978,Graduation,Partner,64813.0,1,0,2014-01-02,293,0,124,179,97,52,1,7,2,10,5,0,0,0,0,0,0,3,11,0,37,1,1,2,1,1,2014,12,2,81,39.21052631578947,19,1,4,4,144,At risk,178,Non-profitable
8070,1973,PhD,Partner,54222.0,0,1,2014-03-01,199,12,31,3,12,7,1,3,3,5,3,0,0,0,0,0,0,3,11,0,42,1,1,1,3,1,2014,10,0,98,24.0,11,1,3,3,133,At risk,120,Non-profitable
7832,1959,PostGraduation,Partner,77520.0,0,1,2013-08-28,940,44,396,0,88,58,1,8,7,7,4,1,0,1,1,0,0,3,11,1,56,1,1,28,8,3,2013,16,1,30,69.36363636363636,22,4,5,5,455,Loyal Customers,305,Non-profitable
2202,1978,Graduation,Partner,41154.0,0,1,2013-04-09,44,2,11,2,3,7,1,1,0,4,5,0,0,0,0,0,0,3,11,0,37,1,1,9,4,2,2013,21,0,98,13.8,5,1,1,2,112,Hibernating,446,Non-profitable
7396,1966,Graduation,Partner,80398.0,0,0,2012-11-10,342,51,936,207,35,26,1,5,8,12,3,0,0,1,0,0,0,3,11,0,49,0,0,10,11,4,2012,26,1,92,63.88,25,1,5,4,154,Can't loose,596,Non-profitable
10340,1984,Graduation,Partner,35196.0,1,0,2012-11-13,75,12,141,43,39,187,6,6,1,5,8,0,0,0,0,0,0,3,11,0,31,1,1,13,11,4,2012,25,2,68,41.41666666666666,12,2,3,4,234,At risk,593,Non-profitable
10091,1956,Graduation,Single,60230.0,0,1,2013-05-20,520,20,367,39,81,40,2,6,3,6,5,0,0,0,0,0,0,3,11,0,59,1,1,20,5,2,2013,19,3,78,71.13333333333334,15,2,3,5,235,At risk,405,Non-profitable
7629,1977,Graduation,Partner,22108.0,1,1,2014-05-08,5,3,9,6,2,6,2,2,0,3,7,0,0,0,0,0,0,3,11,0,38,1,2,8,5,2,2014,7,0,46,6.2,5,3,1,1,311,About to sleep,52,Non-profitable
10640,1974,Graduation,Partner,44392.0,1,1,2013-09-05,87,5,71,7,12,29,5,4,1,4,7,0,0,0,0,0,0,3,11,0,41,1,2,5,9,3,2013,16,0,71,23.444444444444443,9,2,2,3,223,Hibernating,297,Non-profitable
3498,1976,PhD,Partner,55424.0,0,1,2012-11-25,462,61,184,10,53,107,4,7,5,9,6,1,0,0,0,0,0,3,11,1,39,1,1,25,11,4,2012,25,3,6,41.76190476190476,21,5,5,4,554,Champions,581,Non-profitable
6742,1979,Graduation,Partner,17688.0,1,0,2013-01-13,2,2,1,3,1,2,1,1,0,2,8,0,0,0,0,0,1,3,11,0,36,1,1,13,1,1,2013,23,0,82,3.6666666666666665,3,1,1,1,111,Hibernating,532,Non-profitable
1172,1983,PhD,Partner,92491.0,0,0,2013-05-01,979,44,935,29,25,22,1,7,5,12,3,0,1,1,1,0,0,3,11,1,32,0,0,1,5,2,2013,20,1,71,84.75,24,2,5,5,255,Can't loose,424,Non-profitable
569,1991,Graduation,Single,90273.0,0,0,2013-12-14,704,129,853,120,74,111,1,5,6,7,2,0,1,1,1,0,0,3,11,1,24,0,0,14,12,4,2013,12,1,32,110.61111111111111,18,4,4,5,445,Loyal Customers,197,Non-profitable
4686,1962,PhD,Single,82571.0,0,0,2014-04-02,861,31,558,62,95,79,0,6,5,13,2,0,0,1,0,0,0,3,11,0,53,0,0,2,4,2,2014,9,1,28,70.25,24,4,5,5,455,Loyal Customers,88,Non-profitable
1381,1982,PhD,Single,38513.0,1,0,2014-01-28,172,3,115,16,0,18,5,6,1,5,8,0,0,0,0,0,0,3,11,1,33,1,1,28,1,1,2014,11,0,20,27.0,12,4,3,3,433,Potential Loyalists,152,Profitable
2634,1979,PostGraduation,Single,16653.0,1,0,2014-04-18,5,7,31,15,4,7,3,2,1,3,6,0,0,0,0,0,0,3,11,1,36,1,1,18,4,2,2014,8,0,10,11.5,6,5,2,2,522,Potential Loyalists,72,Non-profitable
10905,1955,Graduation,Partner,42586.0,1,1,2012-10-29,194,2,56,0,0,0,5,4,1,6,8,0,0,0,0,0,0,3,11,1,60,1,2,29,10,4,2012,26,0,7,22.90909090909091,11,5,3,2,532,Potential Loyalists,608,Non-profitable
1744,1965,UnderGraduation,Single,23529.0,0,1,2013-01-07,9,7,13,3,2,20,1,1,1,2,6,0,0,0,0,0,0,3,11,0,50,1,1,7,1,1,2013,24,0,67,13.5,4,2,1,2,212,Hibernating,538,Non-profitable
1000,1961,PostGraduation,Partner,74881.0,1,1,2013-03-08,505,72,270,36,27,54,4,9,2,12,5,0,0,0,0,0,0,3,11,0,54,1,2,8,3,1,2013,22,3,48,41.91304347826087,23,3,5,4,354,Loyal Customers,478,Non-profitable
3828,1951,Graduation,Partner,71107.0,0,1,2013-02-17,533,10,217,198,174,195,2,7,6,13,4,0,0,0,0,0,0,3,11,0,64,1,1,17,2,1,2013,22,3,61,51.03846153846154,26,2,5,4,254,Can't loose,497,Non-profitable
8605,1964,PhD,Partner,46910.0,1,1,2014-03-23,48,0,14,0,0,6,2,2,0,3,6,0,0,0,0,0,0,3,11,0,51,1,2,23,3,1,2014,9,0,36,13.6,5,4,1,2,412,Promising,98,Non-profitable
10304,1959,Graduation,Partner,18690.0,0,0,2012-12-28,6,1,7,23,4,19,1,1,1,2,8,0,0,0,0,0,0,3,11,0,56,0,0,28,12,4,2012,24,0,77,15.0,4,2,1,2,212,Hibernating,548,Non-profitable
4351,1955,Graduation,Single,37244.0,1,1,2013-04-27,18,2,10,0,0,25,1,1,1,2,7,1,0,0,0,0,0,3,11,0,60,1,2,27,4,2,2013,20,0,90,13.75,4,1,1,2,112,Hibernating,428,Non-profitable
10129,1966,Graduation,Partner,82427.0,0,0,2014-03-12,482,147,509,104,107,107,1,3,5,12,1,0,0,1,0,0,0,3,11,0,49,0,0,12,3,1,2014,9,1,35,72.8,20,4,4,5,445,Loyal Customers,109,Non-profitable
2499,1958,PostGraduation,Single,75342.0,0,1,2013-05-06,204,97,97,21,118,26,1,5,2,10,4,0,0,0,0,0,0,3,11,0,57,1,1,6,5,2,2013,20,2,38,33.11764705882353,17,4,4,3,443,Loyal Customers,419,Non-profitable
10092,1954,Graduation,Single,70044.0,0,1,2013-02-18,1073,0,250,153,14,14,4,7,10,5,5,0,0,0,0,0,0,3,11,0,61,1,1,18,2,1,2013,22,1,46,68.36363636363636,22,3,5,4,354,Loyal Customers,496,Non-profitable
7500,1967,Graduation,Single,79146.0,1,1,2014-04-24,245,16,223,21,43,16,2,8,1,8,6,0,0,0,0,0,0,3,11,0,48,1,2,24,4,2,2014,8,2,33,33.1764705882353,17,4,4,3,443,Loyal Customers,66,Non-profitable
5796,1963,Graduation,Partner,77437.0,0,0,2013-11-26,560,21,442,29,44,29,1,4,5,13,1,0,0,1,0,0,0,3,11,0,52,0,0,26,11,4,2013,13,3,70,51.13636363636363,22,2,5,4,254,Can't loose,215,Non-profitable
1064,1971,PhD,Partner,42403.0,1,0,2013-12-11,22,1,11,0,5,3,1,1,0,3,8,0,0,0,0,0,0,3,11,0,44,1,1,11,12,4,2013,12,0,18,10.5,4,5,1,1,511,New Customers,200,Non-profitable
7610,1983,Graduation,Partner,37292.0,1,0,2013-04-18,275,0,86,10,23,66,5,6,3,5,8,0,0,0,0,0,0,3,11,0,32,1,1,18,4,2,2013,20,2,32,32.857142857142854,14,4,3,3,433,Potential Loyalists,437,Non-profitable
263,1945,PhD,Single,45576.0,0,0,2014-05-28,56,19,29,2,14,25,1,3,1,3,8,0,0,0,0,0,0,3,11,1,70,0,0,28,5,2,2014,7,0,9,20.714285714285715,7,5,2,2,522,Potential Loyalists,32,Non-profitable
10814,1947,Graduation,Partner,70321.0,0,0,2013-01-16,303,23,751,82,26,191,1,6,5,13,4,0,0,0,0,0,0,3,11,1,68,0,0,16,1,1,2013,23,3,6,57.333333333333336,24,5,5,4,554,Champions,529,Non-profitable
9710,1969,PhD,Single,58086.0,0,1,2013-01-20,708,7,62,0,0,15,2,11,3,7,8,0,0,0,0,0,0,3,11,0,46,1,1,20,1,1,2013,23,2,80,37.71428571428572,21,1,5,4,154,Can't loose,525,Profitable
9292,1952,Graduation,Partner,81795.0,0,0,2012-10-26,324,132,693,27,118,88,1,4,11,7,2,0,0,0,0,0,0,3,11,0,63,0,0,26,10,4,2012,26,3,74,62.81818181818182,22,2,5,4,254,Can't loose,611,Non-profitable
10250,1947,UnderGraduation,Partner,28389.0,0,0,2012-11-20,1,5,3,7,4,8,1,1,0,2,7,0,0,0,0,0,0,3,11,0,68,0,0,20,11,4,2012,25,0,49,9.333333333333334,3,3,1,1,311,About to sleep,586,Non-profitable
7881,1946,PostGraduation,Partner,66835.0,0,0,2013-09-28,620,26,195,34,17,141,1,6,4,13,2,0,0,0,0,0,0,3,11,0,69,0,0,28,9,3,2013,15,3,21,44.91304347826087,23,4,5,4,454,Loyal Customers,274,Profitable
5847,1969,Graduation,Single,69901.0,0,1,2013-05-29,312,21,206,102,92,149,3,7,3,10,5,0,0,0,0,0,0,3,11,0,46,1,1,29,5,2,2013,19,3,95,44.1,20,1,4,4,144,At risk,396,Non-profitable
737,1949,PhD,Partner,80360.0,0,0,2013-03-03,1493,86,454,112,43,43,2,4,4,5,2,0,1,1,1,0,0,3,11,0,66,0,0,3,3,1,2013,22,1,56,171.6153846153846,13,3,3,5,335,Need Attention,483,Non-profitable
3571,1961,PhD,Partner,63342.0,0,1,2012-10-16,918,21,118,13,10,21,3,8,3,5,6,0,1,0,0,0,0,3,11,1,54,1,1,16,10,4,2012,26,3,48,68.8125,16,3,4,5,345,Loyal Customers,621,Non-profitable
7807,1974,Graduation,Partner,44989.0,0,1,2012-09-12,98,0,106,49,10,106,5,5,1,5,6,0,0,0,0,0,0,3,11,0,41,1,1,12,9,3,2012,28,2,26,33.54545454545455,11,4,3,3,433,Potential Loyalists,655,Non-profitable
3878,1980,PostGraduation,Single,31859.0,1,0,2014-02-27,3,4,7,15,8,11,1,1,0,3,7,0,0,0,0,0,0,3,11,0,35,1,1,27,2,1,2014,10,0,3,12.0,4,5,1,2,512,New Customers,122,Non-profitable
5092,1949,PhD,Single,51569.0,0,1,2013-02-12,380,0,47,6,0,34,4,7,1,7,8,0,1,0,0,0,0,3,11,1,66,1,1,12,2,1,2013,22,2,39,31.133333333333333,15,4,3,3,433,Potential Loyalists,502,Non-profitable
2154,1971,Graduation,Single,30372.0,1,1,2012-12-25,15,0,12,7,3,7,3,2,0,3,7,0,0,0,0,0,0,3,11,0,44,1,2,25,12,4,2012,24,0,33,8.8,5,4,1,1,411,Promising,551,Profitable
5394,1979,UnderGraduation,Single,16014.0,1,1,2013-03-17,3,9,4,7,8,7,4,1,1,4,3,0,0,0,0,0,0,3,11,0,36,1,2,17,3,1,2013,21,0,42,6.333333333333333,6,3,2,1,321,About to sleep,469,Profitable
3798,1968,Graduation,Partner,41120.0,1,1,2013-11-06,24,2,23,0,8,24,3,2,1,3,6,0,0,0,0,0,0,3,11,0,47,1,2,6,11,4,2013,14,0,80,13.5,6,1,2,2,122,Hibernating,235,Non-profitable
3524,1971,PostGraduation,Single,39763.0,1,0,2013-08-04,80,1,60,4,6,16,2,5,1,2,9,0,0,0,0,0,0,3,11,1,44,1,1,4,8,3,2013,17,0,9,20.875,8,5,2,2,522,Potential Loyalists,329,Non-profitable
5883,1972,Graduation,Partner,77981.0,1,0,2013-05-26,138,120,204,16,126,60,3,7,4,7,5,0,0,0,0,0,0,3,11,0,43,1,1,26,5,2,2013,19,2,78,36.888888888888886,18,2,4,4,244,At risk,399,Non-profitable
2118,1964,PostGraduation,Partner,62905.0,0,1,2013-09-10,166,75,96,119,107,59,3,7,2,8,4,0,0,0,0,0,0,3,11,0,51,1,1,10,9,3,2013,15,2,68,36.588235294117645,17,2,4,3,243,At risk,292,Non-profitable
8812,1979,PostGraduation,Single,13533.0,1,0,2013-03-10,12,3,8,8,0,17,2,2,0,3,7,0,0,0,0,0,0,3,11,0,36,1,1,10,3,1,2013,22,0,45,9.6,5,3,1,1,311,About to sleep,476,Non-profitable
6616,1975,Graduation,Partner,59481.0,0,1,2013-10-23,178,3,85,71,66,58,2,3,3,8,2,0,0,0,0,0,0,3,11,0,40,1,1,23,10,4,2013,14,2,47,32.92857142857143,14,3,3,3,333,Need Attention,249,Non-profitable
2797,1977,Graduation,Partner,72117.0,0,1,2013-08-20,707,20,171,65,60,50,1,9,7,9,5,0,0,0,0,0,0,3,11,0,38,1,1,20,8,3,2013,16,3,34,42.92,25,4,5,4,454,Loyal Customers,313,Non-profitable
4328,1986,PostGraduation,Partner,21955.0,1,0,2013-09-07,5,1,7,17,14,11,2,2,1,3,6,0,0,0,0,0,0,3,11,0,29,1,1,7,9,3,2013,16,0,81,9.166666666666666,6,1,2,1,121,Hibernating,295,Profitable
9167,1956,Graduation,Partner,67131.0,0,1,2013-03-26,465,71,250,93,35,62,3,9,2,12,6,0,0,0,0,0,0,3,11,0,59,1,1,26,3,1,2013,21,3,72,42.43478260869565,23,2,5,4,254,Can't loose,460,Non-profitable
2631,1982,Graduation,Partner,71853.0,0,0,2013-05-08,358,108,413,141,97,32,1,2,8,6,1,0,0,0,0,0,0,3,11,0,33,0,0,8,5,2,2013,20,3,29,71.8125,16,4,4,5,445,Loyal Customers,417,Profitable
5534,1975,PostGraduation,Partner,47808.0,0,1,2013-10-20,123,1,26,2,0,72,2,3,2,3,7,1,0,0,0,0,0,3,11,0,40,1,1,20,10,4,2013,14,0,30,28.0,8,4,2,3,423,Potential Loyalists,252,Non-profitable
5093,1974,PhD,Single,25509.0,1,0,2012-09-18,40,3,30,10,7,11,3,3,0,3,9,0,0,0,0,0,0,3,11,1,41,1,1,18,9,3,2012,27,0,15,16.833333333333332,6,5,2,2,522,Potential Loyalists,649,Non-profitable
7592,1946,PhD,Partner,51012.0,0,0,2013-04-18,102,9,63,2,9,24,1,4,1,4,6,0,0,0,0,0,0,3,11,0,69,0,0,18,4,2,2013,20,0,86,23.22222222222222,9,1,2,2,122,Hibernating,437,Profitable
8895,1985,Graduation,Single,70596.0,0,0,2012-10-05,347,44,534,17,0,26,1,3,5,12,2,0,0,0,0,0,0,3,11,0,30,0,0,5,10,4,2012,27,3,68,48.4,20,2,4,4,244,At risk,632,Profitable
8584,1952,PhD,Partner,85431.0,0,0,2013-06-08,376,53,462,168,53,53,1,2,7,7,0,0,0,0,0,0,0,3,11,0,63,0,0,8,6,2,2013,19,3,54,72.8125,16,3,4,5,345,Loyal Customers,386,Non-profitable
2694,1967,Graduation,Partner,42664.0,0,1,2014-03-18,21,0,3,0,0,0,1,1,0,3,6,0,0,0,0,0,0,3,11,0,48,1,1,18,3,1,2014,9,0,44,6.0,4,3,1,1,311,About to sleep,103,Non-profitable
8910,1955,Graduation,Partner,42586.0,1,1,2012-10-29,194,2,56,0,0,0,5,4,1,6,8,0,0,0,0,0,0,3,11,1,60,1,2,29,10,4,2012,26,0,7,22.90909090909091,11,5,3,2,532,Potential Loyalists,608,Non-profitable
7433,1985,Graduation,Single,29760.0,1,0,2012-08-29,64,4,68,7,5,17,4,3,1,4,8,0,0,0,0,0,0,3,11,0,30,1,1,29,8,3,2012,28,0,87,20.625,8,1,2,2,122,Hibernating,669,Non-profitable
164,1977,PhD,Partner,28973.0,0,0,2012-10-13,206,0,46,3,2,12,2,5,1,5,8,0,0,0,0,0,0,3,11,0,38,0,0,13,10,4,2012,27,0,59,24.454545454545453,11,2,3,3,233,At risk,624,Profitable
10477,1973,PhD,Partner,39435.0,1,0,2013-08-06,71,0,18,0,0,13,1,3,1,2,7,0,0,0,0,0,0,3,11,0,42,1,1,6,8,3,2013,17,0,16,17.0,6,5,2,2,522,Potential Loyalists,327,Non-profitable
2681,1984,PostGraduation,Partner,65370.0,0,0,2013-08-01,71,22,112,138,89,29,1,2,3,13,1,0,0,0,0,0,0,3,11,0,31,0,0,1,8,3,2013,17,2,1,25.61111111111111,18,5,4,3,543,Champions,332,Non-profitable
5150,1979,UnderGraduation,Single,20194.0,1,0,2012-12-17,0,4,7,11,10,15,2,2,0,3,6,0,0,0,0,0,0,3,11,0,36,1,1,17,12,4,2012,24,0,64,9.4,5,2,1,1,211,Hibernating,559,Non-profitable
5283,1976,PhD,Single,42473.0,1,1,2014-02-17,93,1,21,0,4,25,3,2,1,4,5,0,0,0,0,0,0,3,11,0,39,1,2,17,2,1,2014,10,0,72,20.571428571428573,7,2,2,2,222,Hibernating,132,Non-profitable
9645,1968,Graduation,Partner,64590.0,0,0,2012-10-14,920,138,168,36,46,30,1,9,4,10,6,0,0,0,0,0,0,3,11,0,47,0,0,14,10,4,2012,26,3,98,58.17391304347826,23,1,5,4,154,Can't loose,623,Non-profitable
10678,1959,Graduation,Partner,71232.0,0,1,2013-11-28,653,17,170,34,26,17,2,11,2,10,7,0,0,0,0,0,0,3,11,0,56,1,1,28,11,4,2013,13,3,91,39.869565217391305,23,1,5,4,154,Can't loose,213,Non-profitable
7261,1971,Graduation,Partner,34600.0,1,1,2013-01-01,199,33,60,8,3,15,5,5,2,5,8,0,0,0,0,0,0,3,11,1,44,1,2,1,1,1,2013,24,0,8,26.5,12,5,3,3,533,Potential Loyalists,544,Non-profitable
9648,1967,Graduation,Single,46904.0,1,1,2012-11-03,153,4,56,0,9,31,4,5,1,4,8,0,0,0,0,0,0,3,11,0,48,1,2,3,11,4,2012,26,0,20,25.3,10,4,3,3,433,Potential Loyalists,603,Non-profitable
2870,1973,Graduation,Partner,49094.0,0,1,2012-09-21,376,0,38,11,8,69,5,6,3,6,6,0,0,0,0,0,0,3,11,0,42,1,1,21,9,3,2012,27,2,6,33.46666666666667,15,5,3,3,533,Potential Loyalists,646,Non-profitable
8008,1983,Graduation,Partner,36075.0,1,0,2013-12-09,46,0,30,12,1,30,1,2,0,4,6,0,0,0,0,0,0,3,11,0,32,1,1,9,12,4,2013,12,0,54,19.83333333333333,6,3,2,2,322,About to sleep,202,Non-profitable
1513,1979,PostGraduation,Partner,60839.0,1,1,2012-08-28,600,21,128,223,150,128,13,2,2,12,8,0,0,0,0,0,0,3,11,0,36,1,2,28,8,3,2012,28,3,72,78.125,16,2,4,5,245,At risk,670,Non-profitable
6173,1979,Graduation,Partner,77298.0,0,1,2013-11-02,425,115,292,23,35,79,1,6,6,11,3,0,0,0,0,0,0,3,11,0,36,1,1,2,11,4,2013,14,3,46,42.130434782608695,23,3,5,4,354,Loyal Customers,239,Non-profitable
1419,1950,Graduation,Partner,34026.0,1,1,2013-08-05,18,6,15,12,8,17,3,2,1,3,5,0,0,0,0,0,0,3,11,0,65,1,2,5,8,3,2013,17,0,11,12.666666666666666,6,5,2,2,522,Potential Loyalists,328,Profitable
9150,1963,PhD,Single,48918.0,1,1,2014-04-12,52,0,9,0,0,1,2,1,0,4,4,0,0,0,0,0,0,3,11,0,52,1,2,12,4,2,2014,8,0,21,12.4,5,4,1,2,412,Promising,78,Non-profitable
7960,1962,PostGraduation,Partner,82122.0,0,0,2013-08-15,734,22,350,151,25,100,1,3,9,13,1,0,0,1,0,0,0,3,11,0,53,0,0,15,8,3,2013,16,3,89,55.28,25,1,5,4,154,Can't loose,318,Non-profitable
1250,1976,Graduation,Single,37697.0,1,0,2014-02-07,34,6,21,11,4,8,1,2,1,3,6,0,0,0,0,0,0,3,11,0,39,1,1,7,2,1,2014,10,0,82,14.0,6,1,2,2,122,Hibernating,142,Non-profitable
9905,1952,Graduation,Partner,34074.0,1,1,2013-07-13,135,1,41,10,1,67,5,3,3,3,6,1,0,0,0,0,0,3,11,0,63,1,2,13,7,3,2013,17,0,69,28.33333333333333,9,2,2,3,223,Hibernating,351,Non-profitable
10691,1960,PostGraduation,Partner,28520.0,1,1,2013-06-14,11,0,10,0,2,20,1,1,1,2,6,0,0,0,0,0,0,3,11,0,55,1,2,14,6,2,2013,18,0,55,10.75,4,3,1,1,311,About to sleep,380,Non-profitable
7002,1955,Graduation,Single,62535.0,0,1,2013-10-03,163,48,90,0,45,52,1,3,2,8,3,0,0,0,0,0,0,3,11,0,60,1,1,3,10,4,2013,15,2,13,30.615384615384617,13,5,3,3,533,Potential Loyalists,269,Non-profitable
762,1981,PostGraduation,Partner,75774.0,1,0,2014-05-02,340,21,134,258,14,56,1,7,5,8,4,0,0,0,0,0,0,3,11,0,34,1,1,2,5,2,2014,8,2,27,41.15,20,4,4,4,444,Loyal Customers,58,Non-profitable
6977,1974,Graduation,Partner,75702.0,0,1,2012-10-14,1073,0,629,145,37,37,1,10,5,13,6,0,0,1,0,0,0,3,11,0,41,1,1,14,10,4,2012,26,1,87,68.60714285714286,28,1,5,5,155,Can't loose,623,Non-profitable
6289,1951,PostGraduation,Partner,59385.0,1,1,2013-04-28,135,0,10,0,4,36,2,3,1,4,5,0,0,0,0,0,0,3,11,0,64,1,2,28,4,2,2013,20,0,85,23.125,8,1,2,2,122,Hibernating,427,Non-profitable
4168,1966,Graduation,Single,37070.0,1,1,2013-03-20,231,7,137,4,15,39,9,5,1,8,7,0,0,0,0,0,0,3,11,1,49,1,2,20,3,1,2013,21,2,30,30.928571428571427,14,4,3,3,433,Potential Loyalists,466,Profitable
8397,1951,Graduation,Partner,44689.0,1,1,2014-01-10,18,0,5,0,0,11,2,1,1,2,7,1,0,0,0,0,0,3,11,0,64,1,2,10,1,1,2014,11,0,82,8.5,4,1,1,1,111,Hibernating,170,Non-profitable
9284,1958,Graduation,Partner,53977.0,0,1,2013-06-08,620,16,165,0,24,82,5,5,5,12,5,0,0,0,0,0,0,3,11,0,57,1,1,8,6,2,2013,19,3,21,41.22727272727273,22,4,5,4,454,Loyal Customers,386,Non-profitable
6237,1966,PhD,Single,7144.0,0,2,2013-12-07,81,4,33,5,2,291,0,23,1,1,0,0,0,0,0,0,0,3,11,0,49,1,2,7,12,4,2013,13,2,92,16.64,25,1,5,2,152,Can't loose,204,Non-profitable
3130,1964,Graduation,Single,18701.0,1,1,2013-06-04,12,4,2,10,6,10,4,2,0,4,5,0,0,0,0,0,0,3,11,0,51,1,2,4,6,2,2013,19,0,95,7.333333333333333,6,1,2,1,121,Hibernating,390,Non-profitable
1619,1956,Graduation,Partner,90369.0,0,0,2014-04-28,292,51,981,224,23,17,1,4,6,6,1,0,0,0,0,0,0,3,11,1,59,0,0,28,4,2,2014,8,1,2,99.25,16,5,4,5,545,Champions,62,Profitable
1990,1974,PhD,Single,63159.0,0,0,2012-11-05,965,34,586,89,86,37,1,3,5,8,3,1,0,0,0,0,0,3,11,0,41,0,0,5,11,4,2012,26,1,74,112.3125,16,2,4,5,245,At risk,601,Non-profitable
5513,1966,Graduation,Partner,37758.0,1,1,2012-10-04,27,2,10,0,0,1,2,1,0,3,8,0,0,0,0,0,0,3,11,0,49,1,2,4,10,4,2012,27,0,49,10.0,4,3,1,1,311,About to sleep,633,Non-profitable
269,1963,PhD,Single,46757.0,0,1,2012-11-16,777,30,163,0,51,122,6,4,4,7,9,0,0,0,0,0,0,3,11,0,52,1,1,16,11,4,2012,25,3,71,76.2,15,2,3,5,235,At risk,590,Non-profitable
10513,1992,Graduation,Partner,63207.0,0,0,2013-01-20,438,169,565,91,169,70,1,2,3,6,7,0,0,0,1,0,0,3,11,0,23,0,0,20,1,1,2013,23,1,68,136.54545454545453,11,2,3,5,235,At risk,525,Non-profitable
10177,1954,Graduation,Single,72071.0,0,1,2013-02-14,531,69,300,150,138,150,3,5,4,8,2,0,0,0,0,0,0,3,11,0,61,1,1,14,2,1,2013,22,3,4,78.70588235294117,17,5,4,5,545,Champions,500,Non-profitable
2549,1983,PhD,Partner,21840.0,1,0,2013-07-21,17,0,9,0,0,1,1,1,0,3,9,0,0,0,0,0,0,3,11,0,32,1,1,21,7,3,2013,17,0,80,6.75,4,1,1,1,111,Hibernating,343,Non-profitable
5782,1982,PostGraduation,Partner,58582.0,0,1,2013-09-28,402,35,106,101,77,42,2,9,2,9,5,0,1,0,0,0,0,3,11,0,33,1,1,28,9,3,2013,15,2,15,38.15,20,5,4,4,544,Champions,274,Non-profitable
10057,1951,Graduation,Single,72282.0,0,0,2013-07-19,503,27,419,90,139,153,1,5,7,9,7,0,0,0,0,0,0,3,11,1,64,0,0,19,7,3,2013,17,3,70,63.38095238095238,21,2,5,4,254,Can't loose,345,Non-profitable
10307,1956,Graduation,Partner,50387.0,0,2,2013-08-31,369,9,87,12,14,34,3,6,2,8,5,0,0,0,0,0,0,3,11,0,59,1,2,31,8,3,2013,16,2,91,32.8125,16,1,4,3,143,At risk,302,Non-profitable
8566,1961,PhD,Partner,32583.0,1,1,2014-06-15,5,0,3,0,0,1,1,1,0,2,7,0,0,0,0,0,0,3,11,0,54,1,2,15,6,2,2014,6,0,10,3.0,3,5,1,1,511,New Customers,14,Non-profitable
5684,1971,PostGraduation,Single,44635.0,1,1,2013-10-11,56,0,9,0,0,3,2,2,0,3,7,0,0,0,0,0,0,3,11,0,44,1,2,11,10,4,2013,14,0,25,13.6,5,4,1,2,412,Promising,261,Non-profitable
8334,1971,PostGraduation,Single,33316.0,1,1,2013-10-04,79,1,31,4,4,12,3,2,1,4,6,0,0,0,0,0,0,3,11,0,44,1,2,4,10,4,2013,15,0,34,18.714285714285715,7,4,2,2,422,Potential Loyalists,268,Profitable
9166,1968,Graduation,Partner,63967.0,0,1,2013-08-09,387,84,141,73,35,162,3,4,4,12,2,0,0,0,0,0,0,3,11,0,47,1,1,9,8,3,2013,17,3,57,44.1,20,3,4,4,344,Loyal Customers,324,Non-profitable
1440,1978,PostGraduation,Partner,52513.0,0,0,2012-09-04,367,17,241,104,188,232,2,9,5,9,7,0,0,0,0,0,0,3,11,0,37,0,0,4,9,3,2012,28,3,84,49.95652173913044,23,1,5,4,154,Can't loose,663,Non-profitable
78,1969,Graduation,Partner,25293.0,1,0,2013-09-15,15,0,11,0,2,9,1,1,1,2,8,0,0,0,0,0,0,3,11,0,46,1,1,15,9,3,2013,15,0,51,9.25,4,3,1,1,311,About to sleep,287,Non-profitable
5441,1965,PhD,Single,54111.0,0,1,2013-08-25,267,6,54,8,3,50,2,5,2,6,5,0,0,0,0,0,0,3,11,0,50,1,1,25,8,3,2013,16,2,97,29.846153846153847,13,1,3,3,133,At risk,308,Profitable
5302,1986,Graduation,Partner,78394.0,0,0,2013-02-15,298,27,697,216,24,166,1,4,6,5,2,0,0,0,0,0,0,3,11,1,29,0,0,15,2,1,2013,22,3,13,95.2,15,5,3,5,535,Potential Loyalists,499,Non-profitable
4687,1958,PostGraduation,Partner,80739.0,0,0,2013-05-23,674,92,736,39,0,92,1,3,11,9,1,0,0,0,0,0,0,3,11,0,57,0,0,23,5,2,2013,19,1,92,71.0,23,1,5,5,155,Can't loose,402,Non-profitable
1087,1975,PostGraduation,Partner,22669.0,1,0,2013-05-22,16,14,36,37,22,48,3,4,1,2,9,0,0,0,0,0,0,3,11,1,40,1,1,22,5,2,2013,19,0,30,24.714285714285715,7,4,2,3,423,Potential Loyalists,403,Non-profitable
6859,1987,Graduation,Single,29236.0,1,0,2013-10-08,37,4,24,16,9,9,2,4,0,3,9,0,0,0,0,0,0,3,11,0,28,1,1,8,10,4,2013,15,0,30,14.142857142857142,7,4,2,2,422,Potential Loyalists,264,Non-profitable
9860,1959,Graduation,Partner,44911.0,0,1,2013-03-15,159,0,22,2,1,31,3,4,1,4,7,0,0,0,0,0,0,3,11,0,56,1,1,15,3,1,2013,21,0,11,23.88888888888889,9,5,2,3,523,Potential Loyalists,471,Non-profitable
7129,1962,PhD,Partner,54693.0,0,1,2013-02-17,686,17,142,23,26,35,8,6,4,13,6,0,0,0,0,0,0,3,11,0,53,1,1,17,2,1,2013,22,3,72,40.391304347826086,23,2,5,4,254,Can't loose,497,Non-profitable
5866,1974,Graduation,Partner,48186.0,1,0,2014-03-20,97,3,66,12,7,34,3,4,1,4,7,0,0,0,0,0,0,3,11,0,41,1,1,20,3,1,2014,9,0,39,24.33333333333333,9,4,2,3,423,Potential Loyalists,101,Non-profitable
10521,1977,Graduation,Partner,54809.0,1,1,2013-09-11,63,6,57,13,13,22,4,2,1,5,4,0,0,0,0,0,0,3,11,1,38,1,2,11,9,3,2013,15,0,0,21.75,8,5,2,2,522,Potential Loyalists,291,Non-profitable
7393,1978,Graduation,Partner,41580.0,1,1,2012-12-10,56,5,24,4,0,3,3,2,1,3,5,0,0,0,0,0,0,3,11,0,37,1,2,10,12,4,2012,25,0,15,15.333333333333334,6,5,2,2,522,Potential Loyalists,566,Non-profitable
7849,1970,PhD,Partner,80336.0,0,0,2013-09-09,209,19,456,160,142,66,1,2,9,13,1,0,0,0,0,0,0,3,11,0,45,0,0,9,9,3,2013,15,3,12,43.833333333333336,24,5,5,4,554,Champions,293,Non-profitable
332,1957,Graduation,Partner,47743.0,0,1,2013-03-22,198,2,43,0,12,20,3,4,1,6,6,0,1,0,0,0,0,3,11,0,58,1,1,22,3,1,2013,21,0,56,25.0,11,3,3,3,333,Need Attention,464,Profitable
9847,1955,PostGraduation,Partner,62972.0,0,1,2012-08-03,313,15,47,20,0,192,2,7,4,3,6,0,0,0,0,0,0,3,11,0,60,1,1,3,8,3,2012,29,2,39,41.92857142857143,14,4,3,4,434,Potential Loyalists,695,Non-profitable
531,1954,PhD,Single,57333.0,0,1,2012-09-22,941,14,397,76,58,176,11,8,5,9,6,0,0,0,0,0,0,3,11,1,61,1,1,22,9,3,2012,27,1,55,75.54545454545455,22,3,5,5,355,Loyal Customers,645,Non-profitable
9576,1982,PhD,Partner,32313.0,1,0,2013-02-11,86,4,56,2,4,7,3,4,0,4,9,0,0,0,0,0,0,3,11,0,33,1,1,11,2,1,2013,22,0,60,19.875,8,2,2,2,222,Hibernating,503,Non-profitable
6906,1953,PostGraduation,Single,84953.0,0,0,2013-06-03,167,48,602,63,72,72,1,3,10,4,2,0,1,1,1,0,0,3,11,1,62,0,0,3,6,2,2013,19,3,73,60.23529411764706,17,2,4,4,244,At risk,391,Non-profitable
3170,1957,PostGraduation,Partner,68148.0,0,0,2013-08-31,389,66,408,37,57,85,1,4,4,6,2,0,0,0,0,0,0,3,11,0,58,0,0,31,8,3,2013,16,3,86,74.42857142857143,14,1,3,5,135,At risk,302,Non-profitable
8527,1965,PostGraduation,Partner,65735.0,1,1,2013-12-07,239,7,119,4,15,11,5,6,2,6,7,0,0,0,0,0,0,3,11,0,50,1,2,7,12,4,2013,13,2,37,28.214285714285715,14,4,3,3,433,Potential Loyalists,204,Non-profitable
7872,1975,PhD,Partner,86836.0,0,0,2012-09-12,179,21,273,0,21,63,1,6,10,6,5,1,0,1,1,0,0,3,11,1,40,0,0,12,9,3,2012,28,2,7,25.318181818181817,22,5,5,3,553,Champions,655,Non-profitable
10595,1990,Graduation,Partner,30093.0,0,0,2013-07-08,2,6,28,13,4,16,1,2,0,3,7,0,0,0,0,0,0,3,11,0,25,0,0,8,7,3,2013,18,0,19,13.8,5,5,1,2,512,New Customers,356,Non-profitable
4609,1966,PhD,Partner,57705.0,0,1,2014-01-11,383,0,53,6,4,40,3,8,1,6,6,0,0,0,0,0,0,3,11,0,49,1,1,11,1,1,2014,11,2,14,32.4,15,5,3,3,533,Potential Loyalists,169,Non-profitable
5010,1988,Graduation,Single,25008.0,1,0,2014-02-02,2,8,8,6,1,9,2,1,0,3,8,0,0,0,0,0,0,3,11,0,27,1,1,2,2,1,2014,11,0,72,8.5,4,2,1,1,211,Hibernating,147,Non-profitable
4427,1995,PostGraduation,Single,83257.0,0,0,2012-09-18,536,27,590,38,107,67,1,5,10,12,6,1,0,1,0,0,1,3,11,1,20,0,0,18,9,3,2012,27,3,56,50.55555555555556,27,3,5,4,354,Loyal Customers,649,Non-profitable
11148,1975,Graduation,Partner,22280.0,1,0,2013-05-19,2,1,4,3,1,2,1,1,0,2,8,0,0,0,0,0,0,3,11,0,40,1,1,19,5,2,2013,19,0,85,4.333333333333333,3,1,1,1,111,Hibernating,406,Non-profitable
1168,1978,PhD,Partner,72159.0,0,0,2012-10-29,322,53,899,34,40,53,1,4,6,10,2,0,0,0,0,0,0,3,11,0,37,0,0,29,10,4,2012,26,3,62,70.05,20,2,4,5,245,At risk,608,Non-profitable
9595,1961,Graduation,Partner,64260.0,0,0,2013-01-11,539,169,816,20,0,30,1,4,5,4,3,0,0,0,0,0,0,3,11,1,54,0,0,11,1,1,2013,24,1,1,121.07692307692308,13,5,3,5,535,Potential Loyalists,534,Non-profitable
10163,1984,PhD,Single,82733.0,0,0,2013-09-10,712,50,420,65,38,38,1,8,4,7,4,0,0,0,0,0,0,3,11,1,31,0,0,10,9,3,2013,15,3,28,69.63157894736842,19,4,4,5,445,Loyal Customers,292,Non-profitable
2886,1971,PostGraduation,Single,74290.0,0,1,2013-08-12,1121,0,72,0,12,12,4,10,8,10,6,0,1,0,1,0,0,3,11,0,44,1,1,12,8,3,2013,16,3,70,43.46428571428572,28,2,5,4,254,Can't loose,321,Profitable
6710,1951,PostGraduation,Single,58217.0,2,1,2012-11-17,68,1,13,3,5,13,1,2,0,4,6,0,0,0,0,0,0,3,11,0,64,1,3,17,11,4,2012,25,0,84,17.166666666666668,6,1,2,2,122,Hibernating,589,Non-profitable
5316,1976,PostGraduation,Partner,21024.0,0,0,2013-07-04,36,4,18,6,2,18,1,2,0,4,7,0,0,0,0,0,0,3,11,0,39,0,0,4,7,3,2013,18,0,89,14.0,6,1,2,2,122,Hibernating,360,Non-profitable
9029,1972,PhD,Partner,70116.0,0,0,2013-01-26,707,44,603,95,58,29,1,2,8,12,1,0,0,0,0,0,0,3,11,0,43,0,0,26,1,1,2013,23,1,73,69.81818181818181,22,2,5,5,255,Can't loose,519,Non-profitable
521,1985,Graduation,Partner,54006.0,1,0,2012-09-18,174,77,203,6,24,97,2,8,1,7,7,0,0,0,0,0,0,3,11,0,30,1,1,18,9,3,2012,27,2,42,36.3125,16,3,4,3,343,Loyal Customers,649,Profitable
1459,1966,PhD,Partner,69063.0,0,1,2012-11-07,666,35,124,69,8,26,1,5,3,5,3,0,0,0,0,0,0,3,11,0,49,1,1,7,11,4,2012,26,3,16,71.38461538461539,13,5,3,5,535,Potential Loyalists,599,Non-profitable
10241,1975,PostGraduation,Single,11448.0,0,0,2013-12-15,0,0,0,6,2,6,1,1,0,2,6,0,0,0,0,0,0,3,11,0,40,0,0,15,12,4,2013,12,0,16,4.666666666666667,3,5,1,1,511,New Customers,196,Non-profitable
1630,1979,Graduation,Single,61825.0,0,1,2013-08-07,162,50,100,55,30,27,1,4,2,8,4,0,0,0,0,0,0,3,11,0,36,1,1,7,8,3,2013,17,2,56,30.285714285714285,14,3,3,3,333,Need Attention,326,Non-profitable
3254,1971,Graduation,Partner,70886.0,1,0,2013-10-14,407,70,239,103,88,53,1,5,4,4,2,0,0,0,0,0,0,3,11,0,44,1,1,14,10,4,2013,14,3,65,73.84615384615384,13,2,3,5,235,At risk,258,Non-profitable
9064,1982,Graduation,Partner,69109.0,0,0,2012-11-09,823,25,459,124,29,95,1,6,6,7,4,0,0,1,0,0,0,3,11,1,33,0,0,9,11,4,2012,26,1,10,81.84210526315789,19,5,4,5,545,Champions,597,Non-profitable
3678,1973,Graduation,Single,60208.0,1,1,2012-10-07,488,23,71,15,0,59,11,8,3,7,7,0,1,0,0,0,0,3,11,1,42,1,2,7,10,4,2012,27,2,13,36.44444444444444,18,5,4,3,543,Champions,630,Non-profitable
4227,1968,PostGraduation,Partner,32889.0,1,1,2013-09-06,28,0,13,4,2,8,3,2,1,3,5,0,0,0,0,0,0,3,11,0,47,1,2,6,9,3,2013,16,0,78,9.166666666666666,6,2,2,1,221,Hibernating,296,Non-profitable
8486,1971,PostGraduation,Partner,30538.0,1,0,2012-10-01,284,0,52,8,3,20,4,9,0,4,10,0,0,0,0,0,0,3,11,0,44,1,1,1,10,4,2012,27,2,27,28.23076923076923,13,4,3,3,433,Potential Loyalists,636,Non-profitable
2186,1977,PostGraduation,Partner,82326.0,0,0,2014-03-10,938,142,754,159,81,183,1,5,10,6,2,0,1,1,1,0,0,3,11,1,38,0,0,10,3,1,2014,9,1,30,107.47619047619048,21,4,5,5,455,Loyal Customers,111,Non-profitable
3286,1967,PhD,Single,26642.0,1,0,2014-03-01,13,2,15,2,2,8,2,2,0,3,6,0,0,0,0,0,0,3,11,0,48,1,1,1,3,1,2014,10,0,71,8.4,5,2,1,1,211,Hibernating,120,Non-profitable
8602,1964,Graduation,Single,69932.0,0,1,2013-06-12,412,172,153,150,105,57,2,7,6,11,4,0,0,0,0,0,0,3,11,0,51,1,1,12,6,2,2013,18,3,97,43.708333333333336,24,1,5,4,154,Can't loose,382,Non-profitable
6715,1948,PhD,Single,60200.0,0,1,2013-01-02,502,19,132,0,6,26,6,6,2,11,6,0,0,0,0,0,0,3,11,0,67,1,1,2,1,1,2013,24,2,3,36.05263157894737,19,5,4,3,543,Champions,543,Non-profitable
4796,1952,Graduation,Single,49638.0,0,1,2014-04-19,18,10,3,3,5,0,1,1,0,3,2,0,0,0,0,0,0,3,11,0,63,1,1,19,4,2,2014,8,0,71,9.75,4,2,1,1,211,Hibernating,71,Profitable
9612,1987,PostGraduation,Single,23830.0,0,0,2014-02-07,1,8,6,4,8,16,1,1,0,3,7,0,0,0,0,0,0,3,11,0,28,0,0,7,2,1,2014,10,0,3,10.75,4,5,1,1,511,New Customers,142,Non-profitable
3766,1959,PostGraduation,Single,33051.0,0,0,2012-08-16,100,71,243,108,94,219,3,9,1,8,9,0,0,0,0,0,0,3,11,1,56,0,0,16,8,3,2012,28,2,15,46.388888888888886,18,5,4,4,544,Champions,682,Non-profitable
1399,1958,Graduation,Partner,72905.0,0,0,2014-01-21,407,114,445,181,165,203,1,3,7,9,1,0,0,0,1,0,0,3,11,0,57,0,0,21,1,1,2014,11,1,52,79.73684210526316,19,3,4,5,345,Loyal Customers,159,Non-profitable
1570,1951,PhD,Partner,69702.0,0,1,2013-02-19,664,9,240,50,19,57,2,7,7,10,4,0,0,0,0,0,0,3,11,0,64,1,1,19,2,1,2013,22,3,8,43.29166666666666,24,5,5,4,554,Champions,495,Non-profitable
3426,1975,Graduation,Single,70300.0,1,0,2013-07-15,1045,61,338,60,46,46,3,5,5,13,8,0,0,0,0,0,0,3,11,0,40,1,1,15,7,3,2013,17,1,89,69.3913043478261,23,1,5,5,155,Can't loose,349,Non-profitable
3074,1984,PhD,Partner,70643.0,0,0,2012-10-15,1218,107,304,23,143,33,1,5,8,4,6,0,0,0,0,0,0,3,11,1,31,0,0,15,10,4,2012,26,1,66,107.52941176470588,17,2,4,5,245,At risk,622,Non-profitable
8341,1969,PhD,Partner,30396.0,1,0,2014-04-30,15,0,6,0,1,12,2,1,1,2,7,1,0,0,0,0,0,3,11,1,46,1,1,30,4,2,2014,8,0,22,8.5,4,4,1,1,411,Promising,60,Non-profitable
5180,1968,PhD,Single,50616.0,0,1,2014-04-18,128,0,16,0,1,4,2,4,0,4,7,0,0,0,0,0,0,3,11,0,47,1,1,18,4,2,2014,8,0,56,18.625,8,3,2,2,322,About to sleep,72,Non-profitable
6461,1969,PostGraduation,Single,62772.0,0,1,2013-05-19,581,49,157,43,8,108,1,5,6,11,2,0,1,0,0,0,0,3,11,0,46,1,1,19,5,2,2013,19,3,74,43.0,22,2,5,4,254,Can't loose,406,Profitable
10702,1984,Graduation,Single,52413.0,1,0,2012-11-03,185,8,133,56,56,12,2,7,1,7,7,0,0,0,0,0,0,3,11,0,31,1,1,3,11,4,2012,26,2,67,30.0,15,2,3,3,233,At risk,603,Non-profitable
7505,1957,PhD,Partner,44155.0,1,1,2014-01-19,22,1,9,0,0,14,1,1,1,2,4,0,0,0,0,0,0,3,11,0,58,1,2,19,1,1,2014,11,0,24,11.5,4,4,1,2,412,Promising,161,Non-profitable
5113,1971,PhD,Single,86979.0,0,0,2013-11-07,584,100,835,65,83,35,1,5,5,5,2,1,0,0,0,0,0,3,11,1,44,0,0,7,11,4,2013,14,1,67,113.46666666666668,15,2,3,5,235,At risk,234,Non-profitable
10858,1975,Graduation,Partner,76532.0,1,1,2013-09-09,355,30,177,90,138,30,4,9,5,7,5,0,0,0,0,0,0,3,11,0,40,1,2,9,9,3,2013,15,2,38,39.04761904761905,21,4,5,4,454,Loyal Customers,293,Non-profitable
2961,1982,Graduation,Partner,42081.0,1,0,2013-02-26,175,10,110,54,6,27,2,6,3,4,6,1,0,0,0,0,0,3,11,0,33,1,1,26,2,1,2013,22,2,86,29.384615384615383,13,1,3,3,133,At risk,488,Non-profitable
2747,1988,PhD,Partner,67546.0,0,0,2012-08-31,864,134,768,150,38,172,1,4,10,5,3,0,0,0,0,0,0,3,11,0,27,0,0,31,8,3,2012,28,1,90,111.89473684210526,19,1,4,5,145,At risk,667,Non-profitable
5790,1985,Graduation,Partner,31158.0,1,0,2013-01-27,25,6,16,20,0,5,2,2,0,3,8,0,0,0,0,0,0,3,11,0,30,1,1,27,1,1,2013,23,0,62,14.4,5,2,1,2,212,Hibernating,518,Non-profitable
6892,1968,Graduation,Single,61671.0,0,1,2014-06-03,641,7,56,0,0,28,8,10,4,6,8,0,1,0,1,0,0,3,11,0,47,1,1,3,6,2,2014,7,2,23,36.6,20,4,4,4,444,Loyal Customers,26,Non-profitable
3578,1949,Graduation,Single,49160.0,0,1,2013-10-20,122,21,43,25,10,15,2,3,1,6,6,0,0,0,0,0,0,3,11,0,66,1,1,20,10,4,2013,14,0,29,23.6,10,4,3,3,433,Potential Loyalists,252,Non-profitable
8462,1978,UnderGraduation,Partner,24882.0,1,0,2012-09-09,1,4,10,29,0,36,1,1,1,2,6,1,0,0,0,0,0,3,11,0,37,1,1,9,9,3,2012,28,0,52,20.0,4,3,1,2,312,About to sleep,658,Non-profitable
5558,1954,PhD,Single,90933.0,0,0,2014-03-31,1020,31,430,62,63,79,1,4,6,4,1,0,0,1,0,0,0,3,11,0,61,0,0,31,3,1,2014,9,1,90,120.35714285714286,14,1,3,5,135,At risk,90,Non-profitable
4619,1945,PhD,Single,113734.0,0,0,2014-05-28,6,2,3,1,262,3,0,27,0,0,1,0,0,0,0,0,0,3,11,0,70,0,0,28,5,2,2014,7,0,9,10.25925925925926,27,5,5,1,551,Champions,32,Non-profitable
8780,1950,PhD,Partner,59292.0,0,1,2013-06-13,378,14,68,19,14,14,2,3,5,8,3,0,0,0,0,0,0,3,11,0,65,1,1,13,6,2,2013,18,2,71,31.6875,16,2,4,3,243,At risk,381,Non-profitable
10789,1964,PhD,Partner,45759.0,1,1,2013-02-23,42,1,18,3,0,4,2,2,0,3,7,0,0,0,0,0,0,3,11,0,51,1,2,23,2,1,2013,22,0,13,13.6,5,5,1,2,512,New Customers,491,Non-profitable
10779,1983,Graduation,Single,22148.0,0,0,2014-04-13,15,5,14,0,4,11,1,1,0,3,7,0,0,0,0,0,0,3,11,0,32,0,0,13,4,2,2014,8,0,16,12.25,4,5,1,2,512,New Customers,77,Non-profitable
5896,1987,PostGraduation,Partner,73395.0,0,0,2014-03-18,272,7,80,20,7,11,1,4,4,6,2,0,0,0,0,0,0,3,11,0,28,0,0,18,3,1,2014,9,2,94,28.357142857142858,14,1,3,3,133,At risk,103,Non-profitable
2337,1971,Graduation,Single,29819.0,1,0,2013-10-24,9,1,24,2,1,2,3,3,0,3,6,0,0,0,0,0,0,3,11,0,44,1,1,24,10,4,2013,14,0,77,6.5,6,2,2,1,221,Hibernating,248,Non-profitable
10951,1968,Graduation,Partner,45688.0,0,1,2014-01-25,279,0,18,0,0,9,2,3,1,8,4,0,1,0,0,0,0,3,11,0,47,1,1,25,1,1,2014,11,0,20,25.5,12,4,3,3,433,Potential Loyalists,155,Non-profitable
544,1954,Graduation,Partner,62820.0,0,0,2013-05-11,398,61,265,138,61,53,1,3,4,6,1,0,0,0,0,0,0,3,11,0,61,0,0,11,5,2,2013,20,3,51,75.07692307692308,13,3,3,5,335,Need Attention,414,Non-profitable
17,1971,PhD,Partner,60491.0,0,1,2013-09-06,637,47,237,12,19,76,4,6,11,7,5,0,0,0,0,0,0,3,11,0,44,1,1,6,9,3,2013,16,3,81,42.833333333333336,24,1,5,4,154,Can't loose,296,Non-profitable
10680,1986,Graduation,Partner,33235.0,1,0,2014-02-05,45,0,16,2,1,6,1,3,0,3,7,0,0,0,0,0,0,3,11,0,29,1,1,5,2,1,2014,11,0,71,11.666666666666666,6,2,2,2,222,Hibernating,144,Non-profitable
3265,1959,Graduation,Partner,35701.0,0,0,2013-03-19,21,1,9,7,3,5,1,1,0,3,6,0,0,0,0,0,0,3,11,0,56,0,0,19,3,1,2013,21,0,36,11.5,4,4,1,2,412,Promising,467,Non-profitable
5623,1980,PostGraduation,Partner,31535.0,1,0,2013-09-26,15,4,13,0,0,19,1,1,1,2,7,1,0,0,0,0,0,3,11,0,35,1,1,26,9,3,2013,15,0,95,12.75,4,1,1,2,112,Hibernating,276,Non-profitable
5832,1960,PostGraduation,Partner,92556.0,0,0,2014-04-20,493,183,352,184,23,28,0,3,5,13,0,0,0,0,0,0,0,3,11,0,55,0,0,20,4,2,2014,8,3,32,60.142857142857146,21,4,5,4,454,Loyal Customers,70,Non-profitable
5544,1970,Graduation,Single,67384.0,0,1,2012-11-10,957,40,175,158,53,107,2,7,8,5,5,0,1,0,0,0,0,3,11,0,45,1,1,10,11,4,2012,26,1,32,74.5,20,4,4,5,445,Loyal Customers,596,Non-profitable
6417,1971,PostGraduation,Partner,80573.0,0,0,2012-10-14,829,138,430,60,92,15,1,4,6,13,2,0,0,0,0,0,0,3,11,0,44,0,0,14,10,4,2012,26,1,85,68.0,23,1,5,4,154,Can't loose,623,Non-profitable
5831,1967,Graduation,Partner,77870.0,0,1,2012-08-22,1017,50,500,65,50,133,3,5,5,5,8,0,1,0,1,0,0,3,11,1,48,1,1,22,8,3,2012,28,1,93,121.0,15,1,3,5,135,At risk,676,Non-profitable
7101,1963,PhD,Single,52278.0,0,1,2013-01-25,953,0,71,0,0,174,6,10,5,10,8,0,0,0,0,0,0,3,11,0,52,1,1,25,1,1,2013,23,3,24,47.92,25,4,5,4,454,Loyal Customers,520,Non-profitable
10176,1968,Graduation,Single,57107.0,0,1,2012-08-24,159,0,120,0,0,137,7,4,4,8,8,0,1,0,0,1,0,3,11,1,47,1,1,24,8,3,2012,28,2,44,26.0,16,3,4,3,343,Loyal Customers,674,Non-profitable
2326,1990,Graduation,Partner,18929.0,0,0,2013-02-16,32,0,8,23,4,18,1,1,0,4,6,0,0,0,0,0,0,3,11,0,25,0,0,16,2,1,2013,22,0,15,17.0,5,5,1,2,512,New Customers,498,Non-profitable
4385,1981,PhD,Single,36038.0,1,0,2013-05-31,23,0,15,0,2,7,2,3,0,3,6,0,0,0,0,0,0,3,11,0,34,1,1,31,5,2,2013,19,0,82,7.833333333333333,6,1,2,1,121,Hibernating,394,Non-profitable
2929,1976,Graduation,Single,20180.0,0,0,2013-02-20,18,42,24,15,20,18,1,2,1,4,7,0,0,0,0,0,0,3,11,0,39,0,0,20,2,1,2013,22,0,27,19.571428571428573,7,4,2,2,422,Potential Loyalists,494,Non-profitable
10686,1965,PhD,Partner,34230.0,1,1,2012-12-26,15,0,4,0,0,2,1,1,0,2,7,0,0,0,0,0,0,3,11,0,50,1,2,26,12,4,2012,24,0,72,7.0,3,2,1,1,211,Hibernating,550,Non-profitable
2546,1977,PostGraduation,Single,31878.0,0,1,2014-06-22,23,4,5,10,5,23,1,1,0,4,3,0,0,0,0,0,0,3,11,0,38,1,1,22,6,2,2014,6,0,7,14.0,5,5,1,2,512,New Customers,7,Non-profitable
3283,1972,PostGraduation,Partner,70932.0,0,1,2014-01-19,200,193,100,46,185,185,2,6,2,12,3,0,0,0,0,0,0,3,11,0,43,1,1,19,1,1,2014,11,3,57,45.45,20,3,4,4,344,Loyal Customers,161,Non-profitable
3138,1956,Graduation,Single,91249.0,0,0,2012-10-20,1324,27,119,71,108,27,0,7,9,6,4,0,1,1,1,1,0,3,11,1,59,0,0,20,10,4,2012,26,1,84,76.18181818181819,22,1,5,5,155,Can't loose,617,Non-profitable
4994,1943,PostGraduation,Single,77598.0,0,0,2013-10-01,1193,33,281,129,66,33,1,7,5,13,3,0,0,1,0,0,0,3,11,0,72,0,0,1,10,4,2013,15,1,53,69.4,25,3,5,5,355,Loyal Customers,271,Non-profitable
7966,1959,Graduation,Single,80982.0,1,1,2013-01-08,505,137,401,104,22,22,3,11,5,11,5,0,0,0,0,0,1,3,11,0,56,1,2,8,1,1,2013,24,3,48,44.11111111111112,27,3,5,4,354,Loyal Customers,537,Non-profitable
3112,1977,PostGraduation,Partner,22701.0,1,0,2013-09-05,2,4,9,0,4,5,1,1,0,3,5,0,0,0,0,0,0,3,11,0,38,1,1,5,9,3,2013,16,0,2,6.0,4,5,1,1,511,New Customers,297,Non-profitable
10872,1969,PhD,Partner,55212.0,0,1,2012-11-23,1103,0,45,0,0,34,3,4,2,11,8,0,1,0,0,1,0,3,11,0,46,1,1,23,11,4,2012,25,3,65,69.52941176470588,17,2,4,5,245,At risk,583,Non-profitable
2181,1970,Graduation,Partner,70617.0,0,0,2013-06-23,353,61,753,40,46,27,1,3,3,7,2,0,0,0,0,0,0,3,11,0,45,0,0,23,6,2,2013,18,3,45,98.46153846153848,13,3,3,5,335,Need Attention,371,Non-profitable
1867,1957,Graduation,Single,64849.0,0,0,2012-11-13,652,48,350,94,84,108,1,9,3,6,5,0,0,0,0,0,0,3,11,1,58,0,0,13,11,4,2012,25,3,42,74.22222222222223,18,3,4,5,345,Loyal Customers,593,Non-profitable
1518,1965,PostGraduation,Partner,62694.0,1,1,2013-06-17,379,6,157,25,91,91,5,9,3,7,7,0,0,0,0,0,0,3,11,0,50,1,2,17,6,2,2013,18,2,29,39.42105263157895,19,4,4,4,444,Loyal Customers,377,Non-profitable
5734,1974,PhD,Partner,61917.0,1,1,2013-11-20,46,4,36,2,2,1,1,2,0,4,5,0,0,0,0,0,0,3,11,0,41,1,2,20,11,4,2013,13,0,83,15.166666666666666,6,1,2,2,122,Hibernating,221,Non-profitable
2878,1947,PhD,Partner,67472.0,0,1,2013-09-28,162,31,127,8,17,69,2,4,2,7,3,0,0,0,0,0,0,3,11,0,68,1,1,28,9,3,2013,15,2,93,31.846153846153847,13,1,3,3,133,At risk,274,Non-profitable
1458,1982,PostGraduation,Partner,21059.0,1,0,2014-01-07,8,3,19,3,3,8,3,3,0,3,6,0,0,0,0,0,0,3,11,0,33,1,1,7,1,1,2014,11,0,40,7.333333333333333,6,3,2,1,321,About to sleep,173,Non-profitable
7007,1968,PostGraduation,Partner,29543.0,2,0,2014-04-01,17,3,18,3,4,18,2,3,1,2,7,0,0,0,0,0,0,3,11,0,47,1,2,1,4,2,2014,9,0,47,10.5,6,3,2,1,321,About to sleep,89,Non-profitable
6200,1951,Graduation,Partner,75903.0,0,1,2013-04-08,340,108,185,130,38,100,2,6,6,9,3,0,0,0,0,0,0,3,11,0,64,1,1,8,4,2,2013,21,3,50,42.90476190476191,21,3,5,4,354,Loyal Customers,447,Non-profitable
1403,1975,PostGraduation,Partner,34984.0,1,1,2012-09-06,8,4,15,3,5,3,2,1,0,3,7,0,0,0,0,0,0,3,11,0,40,1,2,6,9,3,2012,28,0,40,9.5,4,3,1,1,311,About to sleep,661,Profitable
4827,1956,PhD,Single,54998.0,0,1,2013-03-10,154,22,202,39,30,8,5,4,2,9,4,0,0,0,0,0,0,3,11,1,59,1,1,10,3,1,2013,22,2,3,30.33333333333333,15,5,3,3,533,Potential Loyalists,476,Non-profitable
6250,1949,PhD,Single,54356.0,0,1,2012-11-19,710,15,30,20,0,0,3,11,2,8,8,0,0,0,0,0,0,3,11,1,66,1,1,19,11,4,2012,25,2,62,36.90476190476191,21,2,5,4,254,Can't loose,587,Non-profitable
9291,1959,PostGraduation,Partner,34242.0,0,1,2014-03-23,8,2,4,0,0,1,1,0,0,3,5,0,0,0,0,0,0,3,11,0,56,1,1,23,3,1,2014,9,0,25,5.0,3,4,1,1,411,Promising,98,Non-profitable
2478,1973,Graduation,Partner,25410.0,1,0,2013-08-31,2,2,4,13,13,4,1,1,0,4,4,0,0,0,0,0,0,3,11,0,42,1,1,31,8,3,2013,16,0,48,7.6,5,3,1,1,311,About to sleep,302,Non-profitable
1139,1984,PhD,Partner,73356.0,0,0,2014-02-06,1050,14,322,0,14,112,1,5,11,5,2,1,0,1,1,0,0,3,11,1,31,0,0,6,2,1,2014,10,1,56,72.0,21,3,5,5,355,Loyal Customers,143,Non-profitable
5138,1950,Graduation,Partner,28320.0,0,1,2013-01-14,19,1,14,3,2,4,1,1,0,3,8,0,0,0,0,0,0,3,11,0,65,1,1,14,1,1,2013,23,0,68,10.75,4,2,1,1,211,Hibernating,531,Non-profitable
5393,1977,Graduation,Single,23763.0,1,0,2012-08-07,22,0,6,6,2,6,1,1,0,3,7,0,0,0,0,0,0,3,11,0,38,1,1,7,8,3,2012,29,0,64,10.5,4,2,1,1,211,Hibernating,691,Non-profitable
5015,1976,PostGraduation,Partner,34529.0,1,0,2012-09-14,68,6,38,3,6,41,2,2,2,3,7,0,0,0,0,0,0,3,11,0,39,1,1,14,9,3,2012,27,0,94,23.142857142857142,7,1,2,2,122,Hibernating,653,Non-profitable
10868,1951,Graduation,Single,70792.0,0,0,2013-02-06,344,45,654,104,11,114,2,3,4,10,3,0,0,0,0,0,0,3,11,0,64,0,0,6,2,1,2013,23,3,82,74.82352941176471,17,1,4,5,145,At risk,508,Non-profitable
10676,1982,Graduation,Partner,63211.0,0,0,2012-11-02,145,193,459,205,26,145,2,3,8,7,2,0,0,0,0,0,0,3,11,1,33,0,0,2,11,4,2012,26,3,3,65.16666666666667,18,5,4,4,544,Champions,604,Profitable
7842,1968,Graduation,Single,36065.0,1,1,2013-03-31,18,7,34,10,2,3,3,3,0,3,8,0,0,0,0,0,0,3,11,0,47,1,2,31,3,1,2013,21,0,54,12.333333333333334,6,3,2,2,322,About to sleep,455,Non-profitable
9955,1954,Graduation,Partner,39898.0,0,1,2013-02-12,69,8,26,12,7,12,2,3,0,4,7,0,0,0,0,0,0,3,11,0,61,1,1,12,2,1,2013,22,0,20,19.142857142857142,7,4,2,2,422,Potential Loyalists,502,Non-profitable
6663,1940,PhD,Single,51141.0,0,0,2013-07-08,144,0,7,0,0,6,1,3,1,4,5,0,0,0,0,0,0,3,11,0,75,0,0,8,7,3,2013,18,0,96,19.625,8,1,2,2,122,Hibernating,356,Non-profitable
2162,1976,Graduation,Partner,56939.0,0,1,2013-09-18,256,34,103,90,29,49,2,3,3,10,3,0,0,0,0,0,0,3,11,0,39,1,1,18,9,3,2013,15,2,19,35.0625,16,5,4,3,543,Champions,284,Non-profitable
7919,1976,PhD,Partner,72335.0,0,0,2012-08-13,1285,105,653,28,21,0,1,10,4,8,8,0,0,0,0,0,0,3,11,1,39,0,0,13,8,3,2012,29,1,2,95.0909090909091,22,5,5,5,555,Champions,685,Non-profitable
5626,1964,PhD,Single,61798.0,0,0,2013-11-23,338,4,89,11,8,13,1,4,2,9,4,0,0,0,0,0,0,3,11,0,51,0,0,23,11,4,2013,13,2,13,30.866666666666667,15,5,3,3,533,Potential Loyalists,218,Profitable
6428,1950,PhD,Single,76842.0,0,0,2014-05-03,605,10,345,84,54,32,1,1,8,7,0,0,0,0,0,0,0,3,11,0,65,0,0,3,5,2,2014,8,3,37,70.625,16,4,4,5,445,Loyal Customers,57,Non-profitable
8514,1976,Graduation,Partner,29478.0,1,0,2014-01-17,8,0,7,3,1,1,1,1,0,3,6,0,0,0,0,0,0,3,11,0,39,1,1,17,1,1,2014,11,0,59,5.0,4,2,1,1,211,Hibernating,163,Profitable
10448,1956,Graduation,Single,46998.0,0,1,2012-10-22,172,41,86,45,6,27,5,5,3,5,7,1,0,0,0,0,0,3,11,0,59,1,1,22,10,4,2012,26,2,55,29.0,13,3,3,3,333,Need Attention,615,Non-profitable
2109,1990,Graduation,Single,96843.0,0,0,2013-04-23,448,71,951,40,17,17,1,6,11,10,2,0,0,1,0,0,0,3,11,1,25,0,0,23,4,2,2013,20,1,60,57.18518518518518,27,2,5,4,254,Can't loose,432,Non-profitable
7530,1950,PhD,Single,56551.0,1,1,2014-05-07,67,4,32,17,2,16,3,2,1,4,4,0,0,0,0,0,0,3,11,0,65,1,2,7,5,2,2014,7,0,48,19.714285714285715,7,3,2,2,322,About to sleep,53,Non-profitable
8925,1965,PostGraduation,Partner,70053.0,0,1,2013-07-03,512,53,98,81,179,89,3,8,5,10,5,0,0,0,0,0,0,3,11,0,50,1,1,3,7,3,2013,18,3,38,44.0,23,4,5,4,454,Loyal Customers,361,Non-profitable
3009,1962,PhD,Single,71670.0,0,0,2013-07-09,1462,16,128,0,0,160,1,5,3,6,6,0,1,1,0,1,0,3,11,1,53,0,0,9,7,3,2013,18,1,8,126.14285714285714,14,5,3,5,535,Potential Loyalists,355,Non-profitable
3517,1952,Graduation,Single,40887.0,1,1,2013-05-06,50,4,44,10,10,43,3,3,1,3,9,0,0,0,0,0,0,3,11,1,63,1,2,6,5,2,2013,20,0,32,23.0,7,4,2,2,422,Potential Loyalists,419,Non-profitable
1158,1966,Graduation,Single,48877.0,0,1,2014-01-05,102,1,15,2,0,24,1,3,0,4,7,0,0,0,0,0,0,3,11,0,49,1,1,5,1,1,2014,12,0,27,20.571428571428573,7,4,2,2,422,Potential Loyalists,175,Non-profitable
6203,1947,Graduation,Partner,74485.0,0,0,2013-08-24,499,149,815,173,49,49,1,6,7,12,3,0,0,0,0,0,0,3,11,0,68,0,0,24,8,3,2013,16,1,58,69.36,25,3,5,5,355,Loyal Customers,309,Non-profitable
7165,1972,Graduation,Partner,64474.0,0,1,2013-10-22,381,35,172,56,86,93,2,8,2,10,5,0,0,0,0,0,0,3,11,0,43,1,1,22,10,4,2013,14,2,59,41.15,20,2,4,4,244,At risk,250,Non-profitable
3595,1963,Graduation,Partner,77226.0,0,1,2014-02-28,631,43,239,128,76,21,2,6,8,12,3,0,0,0,0,0,0,3,11,0,52,1,1,28,2,1,2014,10,3,29,43.76923076923077,26,4,5,4,454,Loyal Customers,121,Non-profitable
8537,1949,Graduation,Single,72643.0,0,0,2013-02-27,526,80,553,123,94,53,1,3,10,7,2,0,0,0,1,0,0,3,11,1,66,0,0,27,2,1,2013,22,3,60,71.45,20,2,4,5,245,At risk,487,Non-profitable
4331,1978,PostGraduation,Partner,85738.0,0,0,2014-01-23,913,26,376,17,26,13,1,3,6,11,1,0,1,1,0,0,0,3,11,0,37,0,0,23,1,1,2014,11,3,41,68.55,20,3,4,5,345,Loyal Customers,157,Non-profitable
6281,1966,Graduation,Single,55686.0,0,1,2013-02-14,673,0,199,37,47,26,2,6,3,5,4,1,0,0,0,0,0,3,11,0,49,1,1,14,2,1,2013,22,3,27,70.14285714285714,14,4,3,5,435,Potential Loyalists,500,Non-profitable
4338,1983,Graduation,Single,39062.0,1,0,2014-03-25,23,0,9,0,0,12,1,1,0,3,4,1,0,0,0,0,0,3,11,0,32,1,1,25,3,1,2014,9,0,28,11.0,4,4,1,1,411,Promising,96,Non-profitable
2452,1971,Graduation,Partner,34600.0,1,1,2013-01-01,199,33,60,8,3,15,5,5,2,5,8,0,0,0,0,0,0,3,11,1,44,1,2,1,1,1,2013,24,0,8,26.5,12,5,3,3,533,Potential Loyalists,544,Non-profitable
9507,1975,Graduation,Partner,40794.0,0,1,2013-04-07,261,23,73,4,23,50,2,6,3,5,7,0,0,0,0,0,0,3,11,0,40,1,1,7,4,2,2013,21,2,18,31.0,14,5,3,3,533,Potential Loyalists,448,Non-profitable
8360,1971,PostGraduation,Partner,54690.0,1,1,2013-11-07,111,16,37,7,9,18,3,3,1,5,3,0,0,0,0,0,0,3,11,0,44,1,2,7,11,4,2013,14,0,76,22.0,9,2,2,2,222,Hibernating,234,Non-profitable
10311,1969,Graduation,Partner,4428.0,0,1,2013-10-05,16,4,12,2,4,321,0,25,0,0,1,0,0,0,0,0,0,3,11,0,46,1,1,5,10,4,2013,15,2,0,14.36,25,5,5,2,552,Champions,267,Non-profitable
5117,1963,PostGraduation,Partner,32632.0,0,0,2012-08-02,63,151,137,153,19,53,2,4,4,8,5,0,0,0,0,0,0,3,11,0,52,0,0,2,8,3,2012,29,2,32,36.0,16,4,4,3,443,Loyal Customers,696,Non-profitable
4867,1968,PhD,Single,38236.0,1,1,2013-09-20,58,0,18,2,0,10,4,3,0,4,7,0,0,0,0,0,0,3,11,0,47,1,2,20,9,3,2013,15,0,2,12.571428571428571,7,5,2,2,522,Potential Loyalists,282,Non-profitable
9289,1979,Graduation,Partner,36781.0,1,0,2014-04-10,29,1,17,0,3,13,1,2,1,2,8,0,0,0,0,0,0,3,11,1,36,1,1,10,4,2,2014,8,0,16,12.6,5,5,1,2,512,New Customers,80,Non-profitable
10913,1984,PostGraduation,Single,31385.0,1,0,2012-12-05,3,2,12,0,1,9,1,1,0,2,8,1,0,0,0,0,0,3,11,1,31,1,1,5,12,4,2012,25,0,56,9.0,3,3,1,1,311,About to sleep,571,Non-profitable
3032,1984,Graduation,Partner,24570.0,1,0,2013-02-27,28,34,62,11,14,44,3,4,0,4,9,0,0,0,0,0,0,3,11,0,31,1,1,27,2,1,2013,22,0,97,24.125,8,1,2,3,123,Hibernating,487,Non-profitable
8524,1974,PhD,Single,25509.0,1,0,2012-09-18,40,3,30,10,7,11,3,3,0,3,9,0,0,0,0,0,0,3,11,1,41,1,1,18,9,3,2012,27,0,15,16.833333333333332,6,5,2,2,522,Potential Loyalists,649,Non-profitable
3334,1951,Graduation,Partner,94642.0,0,0,2014-02-12,879,143,797,106,143,143,0,5,7,9,1,0,0,1,1,0,0,3,11,0,64,0,0,12,2,1,2014,10,1,35,105.28571428571428,21,4,5,5,455,Loyal Customers,137,Non-profitable
4470,1962,PostGraduation,Partner,58646.0,0,1,2013-06-10,62,1,44,6,5,22,1,2,1,4,4,0,0,0,0,0,0,3,11,0,53,1,1,10,6,2,2013,19,0,3,20.0,7,5,2,2,522,Potential Loyalists,384,Non-profitable
1406,1975,Graduation,Single,53201.0,1,1,2013-02-12,280,7,81,20,0,27,8,6,3,5,7,0,0,0,0,0,0,3,11,0,40,1,2,12,2,1,2013,22,2,49,29.642857142857142,14,3,3,3,333,Need Attention,502,Non-profitable
8619,1957,Graduation,Partner,21994.0,0,1,2012-12-24,9,0,6,3,1,3,1,0,0,3,5,0,0,0,0,0,0,3,11,0,58,1,1,24,12,4,2012,24,0,4,7.333333333333333,3,5,1,1,511,New Customers,552,Non-profitable
10821,1978,Graduation,Partner,57113.0,1,1,2013-02-06,182,4,33,0,2,42,6,4,1,5,7,0,0,0,0,0,0,3,11,0,37,1,2,6,2,1,2013,23,0,45,26.3,10,3,3,3,333,Need Attention,508,Non-profitable
4552,1991,Graduation,Partner,51373.0,0,0,2013-06-22,83,2,101,64,26,117,1,3,5,3,4,0,0,0,0,0,0,3,11,0,24,0,0,22,6,2,2013,18,2,37,35.72727272727273,11,4,3,3,433,Potential Loyalists,372,Profitable
898,1986,Graduation,Partner,23477.0,1,0,2013-10-21,38,15,54,3,8,29,3,3,0,4,8,0,0,0,0,0,0,3,11,0,29,1,1,21,10,4,2013,14,0,39,21.0,7,4,2,2,422,Potential Loyalists,251,Profitable
9797,1956,Graduation,Partner,58116.0,0,1,2014-04-13,228,19,130,4,11,51,2,3,3,8,2,0,0,0,0,0,0,3,11,0,59,1,1,13,4,2,2014,8,2,38,31.642857142857142,14,4,3,3,433,Potential Loyalists,77,Non-profitable
10949,1963,PhD,Single,72968.0,0,0,2013-12-16,1092,37,592,145,37,55,1,5,5,8,3,0,0,0,1,0,0,3,11,1,52,0,0,16,12,4,2013,12,1,8,108.77777777777776,18,5,4,5,545,Champions,195,Non-profitable
8212,1971,PostGraduation,Partner,39791.0,0,1,2013-03-28,85,15,27,13,13,21,2,3,1,4,7,0,0,0,0,0,0,3,11,0,44,1,1,28,3,1,2013,21,0,89,21.75,8,1,2,2,122,Hibernating,458,Non-profitable
6248,1947,PostGraduation,Single,91712.0,0,0,2013-10-17,1276,24,746,94,29,48,0,9,7,11,3,0,0,1,0,0,0,3,11,1,68,0,0,17,10,4,2013,14,1,47,82.11111111111111,27,3,5,5,355,Loyal Customers,255,Non-profitable
10164,1958,Graduation,Single,94472.0,0,1,2014-04-03,1017,33,417,108,100,16,1,5,5,5,5,0,1,1,0,0,0,3,11,0,57,1,1,3,4,2,2014,9,1,75,112.73333333333332,15,2,3,5,235,At risk,87,Non-profitable
4547,1960,Graduation,Partner,13672.0,1,1,2013-04-17,6,2,9,2,1,5,2,1,0,3,8,0,0,0,0,0,0,3,11,0,55,1,2,17,4,2,2013,20,0,86,6.25,4,1,1,1,111,Hibernating,438,Non-profitable
6815,1980,PostGraduation,Partner,96547.0,0,0,2014-05-23,448,21,125,52,101,62,0,7,6,8,2,1,0,1,1,0,0,3,11,1,35,0,0,23,5,2,2014,7,2,4,38.523809523809526,21,5,5,4,554,Champions,37,Non-profitable
4122,1975,Graduation,Partner,79205.0,0,0,2012-08-29,504,23,117,179,28,44,1,6,5,4,4,0,0,0,1,0,0,3,11,1,40,0,0,29,8,3,2012,28,3,73,59.66666666666666,15,2,3,4,234,At risk,669,Profitable
10841,1975,PhD,Partner,56559.0,0,1,2012-12-25,226,22,133,41,31,31,3,4,3,8,4,0,0,0,0,0,0,3,11,0,40,1,1,25,12,4,2012,24,2,46,32.266666666666666,15,3,3,3,333,Need Attention,551,Non-profitable
5370,1973,PhD,Partner,32644.0,1,0,2013-01-16,239,3,141,0,7,23,4,7,1,6,8,1,0,0,0,0,0,3,11,0,42,1,1,16,1,1,2013,23,2,38,29.5,14,4,3,3,433,Potential Loyalists,529,Non-profitable
176,1980,PostGraduation,Single,67506.0,0,1,2014-01-02,90,38,67,33,36,67,1,4,1,6,3,0,0,0,0,0,0,3,11,0,35,1,1,2,1,1,2014,12,0,73,30.09090909090909,11,2,3,3,233,At risk,178,Non-profitable
4860,1970,Graduation,Single,24206.0,1,0,2013-03-08,7,2,8,3,2,3,1,1,0,3,6,0,0,0,0,0,0,3,11,0,45,1,1,8,3,1,2013,22,0,66,6.25,4,2,1,1,211,Hibernating,478,Non-profitable
10757,1967,PhD,Single,28420.0,1,0,2013-12-24,4,2,5,2,0,0,1,1,0,2,6,0,0,0,0,0,0,3,11,0,48,1,1,24,12,4,2013,12,0,36,4.333333333333333,3,4,1,1,411,Promising,187,Non-profitable
4023,1970,Graduation,Partner,22979.0,1,0,2012-09-06,16,17,19,20,21,22,3,3,2,2,8,0,0,0,0,0,0,3,11,1,45,1,1,6,9,3,2012,28,0,29,16.428571428571427,7,4,2,2,422,Potential Loyalists,661,Profitable
9923,1972,PostGraduation,Single,46423.0,1,1,2013-09-18,68,0,16,0,0,8,3,2,0,4,7,0,0,0,0,0,0,3,11,0,43,1,2,18,9,3,2013,15,0,6,15.333333333333334,6,5,2,2,522,Potential Loyalists,284,Non-profitable
7181,1977,Graduation,Partner,30368.0,0,1,2013-11-07,35,0,13,2,0,2,2,2,0,3,8,0,0,0,0,0,0,3,11,0,38,1,1,7,11,4,2013,14,0,97,10.4,5,1,1,1,111,Hibernating,234,Profitable
3599,1970,Graduation,Partner,63684.0,0,1,2012-11-26,575,80,428,208,93,80,3,8,4,8,5,0,0,0,0,0,0,3,11,0,45,1,1,26,11,4,2012,25,1,61,73.2,20,2,4,5,245,At risk,580,Profitable
405,1964,Graduation,Single,41638.0,0,1,2013-02-13,315,0,31,4,0,91,4,5,5,3,8,1,0,0,0,0,0,3,11,0,51,1,1,13,2,1,2013,22,2,68,33.92307692307692,13,2,3,3,233,At risk,501,Non-profitable
6870,1959,PhD,Single,68805.0,0,1,2013-09-17,182,2,49,17,13,20,1,3,1,7,2,0,0,0,0,0,0,3,11,0,56,1,1,17,9,3,2013,15,0,73,25.727272727272727,11,2,3,3,233,At risk,285,Non-profitable
832,1966,PhD,Partner,65814.0,0,1,2014-03-02,561,14,113,10,14,35,3,8,2,10,5,0,0,0,0,0,0,3,11,0,49,1,1,2,3,1,2014,10,2,90,37.35,20,1,4,4,144,At risk,119,Non-profitable
2002,1958,Graduation,Single,71964.0,0,0,2013-05-20,587,51,932,180,34,86,1,5,6,5,3,0,0,0,0,0,0,3,11,0,57,0,0,20,5,2,2013,19,1,81,116.875,16,1,4,5,145,At risk,405,Non-profitable
3657,1986,Graduation,Single,39146.0,1,0,2013-02-14,94,1,33,13,12,12,3,4,0,4,8,0,0,0,0,0,0,3,11,0,29,1,1,14,2,1,2013,22,0,1,20.625,8,5,2,2,522,Potential Loyalists,500,Profitable
500,1977,Graduation,Partner,96876.0,0,0,2013-08-06,908,43,735,40,194,21,1,7,7,9,2,0,1,1,1,0,0,3,11,1,38,0,0,6,8,3,2013,17,1,79,84.3913043478261,23,2,5,5,255,Can't loose,327,Non-profitable
1951,1981,UnderGraduation,Partner,34445.0,0,0,2013-01-27,228,122,122,208,129,30,6,11,2,8,9,0,0,0,0,0,0,3,11,0,34,0,0,27,1,1,2013,23,2,92,39.95238095238095,21,1,5,4,154,Can't loose,518,Non-profitable
3262,1958,Graduation,Single,68281.0,0,0,2012-08-07,995,112,417,42,48,41,1,2,9,13,5,0,0,0,0,0,0,3,11,1,57,0,0,7,8,3,2012,29,1,31,68.95833333333333,24,4,5,5,455,Loyal Customers,691,Non-profitable
4102,1975,PostGraduation,Partner,37284.0,1,1,2013-03-29,11,1,2,2,1,6,1,0,0,3,6,0,0,0,0,0,0,3,11,0,40,1,2,29,3,1,2013,21,0,46,7.666666666666667,3,3,1,1,311,About to sleep,457,Non-profitable
7042,1983,Graduation,Partner,36790.0,0,0,2013-03-01,3,3,14,15,21,10,1,2,1,2,9,0,0,0,0,0,0,3,11,1,32,0,0,1,3,1,2013,22,0,14,13.2,5,5,1,2,512,New Customers,485,Non-profitable
10598,1967,Graduation,Partner,27943.0,1,1,2013-04-15,12,1,16,4,1,3,3,2,0,3,8,0,0,0,0,0,0,3,11,0,48,1,2,15,4,2,2013,20,0,89,7.4,5,1,1,1,111,Hibernating,440,Non-profitable
255,1951,Graduation,Single,22263.0,1,1,2014-03-30,17,0,2,0,0,2,2,1,0,3,6,0,0,0,0,0,1,3,11,0,64,1,2,30,3,1,2014,9,0,31,5.25,4,4,1,1,411,Promising,91,Non-profitable
2375,1972,Graduation,Partner,30261.0,1,2,2012-09-25,8,0,5,0,3,6,1,0,0,3,8,0,0,0,0,0,0,3,11,0,43,1,3,25,9,3,2012,27,0,75,7.333333333333333,3,2,1,1,211,Hibernating,642,Non-profitable
9829,1978,Graduation,Partner,28587.0,1,0,2014-02-12,22,4,17,12,10,13,3,2,0,4,6,0,0,0,0,0,0,3,11,0,37,1,1,12,2,1,2014,10,0,42,13.0,6,3,2,2,322,About to sleep,137,Non-profitable
6214,1982,PostGraduation,Partner,43815.0,1,0,2013-04-05,14,10,29,4,7,15,1,2,0,3,6,0,0,0,0,0,0,3,11,0,33,1,1,5,4,2,2013,21,0,53,15.8,5,3,1,2,312,About to sleep,450,Non-profitable
4954,1956,Graduation,Partner,48195.0,1,1,2014-01-21,106,27,68,52,7,5,6,4,2,5,6,0,0,0,0,0,0,3,11,0,59,1,2,21,1,1,2014,11,0,53,24.09090909090909,11,3,3,3,333,Need Attention,159,Non-profitable
7861,1952,PostGraduation,Partner,77027.0,0,1,2014-02-05,820,57,242,45,0,11,2,8,3,6,4,0,0,0,0,0,0,3,11,0,63,1,1,5,2,1,2014,11,3,23,69.11764705882354,17,4,4,5,445,Loyal Customers,144,Non-profitable
4837,1965,PhD,Partner,71322.0,0,1,2013-02-16,753,43,226,69,10,204,2,8,5,13,4,0,0,0,0,0,0,3,11,0,50,1,1,16,2,1,2013,22,3,57,50.19230769230769,26,3,5,4,354,Loyal Customers,498,Non-profitable
9423,1979,PostGraduation,Partner,32765.0,1,0,2014-02-23,13,3,17,7,3,3,2,2,0,4,5,0,0,0,0,0,0,3,11,0,36,1,1,23,2,1,2014,10,0,49,7.666666666666667,6,3,2,1,321,About to sleep,126,Non-profitable
4198,1965,Graduation,Partner,29672.0,1,1,2013-03-12,9,1,3,0,4,8,1,0,0,3,6,0,0,0,0,0,0,3,11,0,50,1,2,12,3,1,2013,22,0,6,8.333333333333334,3,5,1,1,511,New Customers,474,Non-profitable
153,1953,Graduation,Single,23272.0,0,0,2013-10-17,19,3,6,4,2,12,1,1,0,3,4,0,0,0,0,0,0,3,11,0,62,0,0,17,10,4,2013,14,0,29,11.5,4,4,1,2,412,Promising,255,Non-profitable
9323,1949,PostGraduation,Partner,49912.0,0,1,2012-09-07,520,8,223,32,49,42,4,10,5,7,8,1,0,0,0,0,0,3,11,1,66,1,1,7,9,3,2012,28,3,5,39.72727272727273,22,5,5,4,554,Champions,660,Non-profitable
10001,1985,PostGraduation,Partner,7500.0,1,0,2012-08-01,5,17,17,13,14,34,4,2,1,3,9,0,0,0,0,0,0,3,11,0,30,1,1,1,8,3,2012,29,0,98,16.666666666666668,6,1,2,2,122,Hibernating,697,Non-profitable
3945,1947,PhD,Single,68117.0,0,1,2013-03-10,618,44,215,0,17,36,2,11,8,4,6,1,0,0,0,0,0,3,11,1,68,1,1,10,3,1,2013,22,3,80,40.43478260869565,23,1,5,4,154,Can't loose,476,Non-profitable
3799,1955,Graduation,Partner,67225.0,0,1,2013-11-26,315,35,322,46,7,143,3,7,2,11,5,0,0,0,0,0,0,3,11,0,60,1,1,26,11,4,2013,13,3,4,43.4,20,5,4,4,544,Champions,215,Non-profitable
8625,1976,Graduation,Partner,17649.0,1,0,2013-11-12,15,1,23,0,5,1,3,3,0,3,8,0,0,0,0,0,0,3,11,0,39,1,1,12,11,4,2013,13,0,70,7.5,6,2,2,1,221,Hibernating,229,Non-profitable
3491,1975,Graduation,Partner,55914.0,0,1,2013-04-29,384,60,364,119,101,232,4,11,6,8,7,0,0,0,0,0,0,3,11,0,40,1,1,29,4,2,2013,20,3,32,50.4,25,4,5,4,454,Loyal Customers,426,Non-profitable
983,1984,Graduation,Partner,40059.0,1,0,2013-09-28,110,29,92,28,10,145,1,6,2,3,8,1,0,0,0,0,0,3,11,0,31,1,1,28,9,3,2013,15,2,82,37.63636363636363,11,1,3,4,134,At risk,274,Non-profitable
9119,1950,Graduation,Partner,60905.0,0,1,2013-12-05,208,17,76,36,17,38,2,3,3,7,2,0,0,0,0,0,0,3,11,0,65,1,1,5,12,4,2013,13,2,27,30.153846153846157,13,4,3,3,433,Potential Loyalists,206,Non-profitable
4786,1977,Graduation,Partner,75330.0,1,1,2012-10-04,555,82,257,93,61,61,4,10,3,12,6,0,0,0,0,0,0,3,11,0,38,1,2,4,10,4,2012,27,3,94,44.36,25,1,5,4,154,Can't loose,633,Non-profitable
5872,1951,Graduation,Single,60689.0,0,1,2013-06-01,240,90,216,63,6,24,4,4,4,10,3,0,0,0,0,0,0,3,11,0,64,1,1,1,6,2,2013,19,2,23,35.5,18,4,4,3,443,Loyal Customers,393,Profitable
6568,1984,Graduation,Partner,38680.0,1,0,2013-03-28,11,0,36,15,5,12,1,2,0,3,7,0,0,0,0,0,0,3,11,0,31,1,1,28,3,1,2013,21,0,97,15.8,5,1,1,2,112,Hibernating,458,Non-profitable
5628,1982,Graduation,Partner,61416.0,0,0,2013-02-08,848,154,323,201,61,78,1,10,3,10,6,1,0,0,0,0,0,3,11,0,33,0,0,8,2,1,2013,23,1,25,72.3913043478261,23,4,5,5,455,Loyal Customers,506,Non-profitable
5631,1991,Graduation,Single,49767.0,0,0,2013-05-02,202,47,197,55,42,149,1,5,4,8,4,0,0,0,0,0,0,3,11,0,24,0,0,2,5,2,2013,20,2,92,40.70588235294117,17,1,4,4,144,At risk,423,Non-profitable
4974,1970,Graduation,Single,83273.0,1,2,2012-09-25,433,89,650,16,102,102,10,4,6,9,7,0,0,0,0,0,0,3,11,0,45,1,3,25,9,3,2012,27,3,98,73.26315789473684,19,1,4,5,145,At risk,642,Non-profitable
8416,1981,Graduation,Partner,29009.0,1,0,2013-11-29,6,6,15,10,5,2,2,2,0,3,6,0,0,0,0,0,0,3,11,0,34,1,1,29,11,4,2013,13,0,19,8.8,5,5,1,1,511,New Customers,212,Non-profitable
5454,1979,PostGraduation,Partner,45057.0,1,0,2013-12-01,37,0,7,3,0,3,1,2,0,3,5,0,0,0,0,0,0,3,11,0,36,1,1,1,12,4,2013,13,0,80,10.0,5,1,1,1,111,Hibernating,210,Non-profitable
4095,1971,Graduation,Partner,37150.0,1,0,2012-09-11,167,37,64,49,34,116,8,4,3,6,7,0,0,0,0,0,0,3,11,0,44,1,1,11,9,3,2012,28,2,80,35.92307692307692,13,1,3,3,133,At risk,656,Profitable
5474,1970,Graduation,Single,43020.0,1,0,2013-11-30,45,7,99,4,25,43,3,4,1,4,6,0,0,0,0,0,0,3,11,0,45,1,1,30,11,4,2013,13,0,79,24.77777777777778,9,2,2,3,223,Hibernating,211,Non-profitable
10701,1973,Graduation,Partner,65308.0,0,0,2013-09-11,713,0,264,120,80,34,1,7,8,12,4,0,0,1,1,0,0,3,11,0,42,0,0,11,9,3,2013,15,3,60,44.851851851851855,27,2,5,4,254,Can't loose,291,Non-profitable
3507,1970,Graduation,Single,76467.0,1,0,2012-08-17,676,161,426,210,44,58,2,2,5,5,6,0,0,0,0,0,0,3,11,1,45,1,1,17,8,3,2012,28,1,44,131.25,12,3,3,5,335,Need Attention,681,Non-profitable
2079,1947,PostGraduation,Partner,81044.0,0,0,2013-12-27,450,26,535,73,98,26,1,5,6,10,1,0,0,0,0,0,0,3,11,0,68,0,0,27,12,4,2013,12,3,0,57.523809523809526,21,5,5,4,554,Champions,184,Non-profitable
626,1951,Graduation,Partner,32871.0,1,1,2013-03-09,22,2,12,0,2,5,1,1,0,3,4,0,0,0,0,0,0,3,11,0,64,1,2,9,3,1,2013,22,0,28,10.75,4,4,1,1,411,Promising,477,Non-profitable
4426,1975,Graduation,Single,55801.0,1,1,2013-09-22,367,4,51,6,4,95,6,7,2,6,7,0,0,0,1,0,0,3,11,0,40,1,2,22,9,3,2013,15,2,35,35.13333333333333,15,4,3,3,433,Potential Loyalists,280,Non-profitable
6673,1965,Graduation,Single,23478.0,0,0,2013-03-19,28,6,27,12,17,39,1,3,0,3,8,0,0,0,0,0,0,3,11,0,50,0,0,19,3,1,2013,21,0,51,21.5,6,3,2,2,322,About to sleep,467,Non-profitable
7441,1973,Graduation,Single,71128.0,1,0,2012-10-06,958,159,447,20,0,31,3,2,10,12,7,0,0,0,0,0,0,3,11,0,42,1,1,6,10,4,2012,27,1,80,67.29166666666667,24,1,5,4,154,Can't loose,631,Non-profitable
1071,1976,PhD,Single,70179.0,0,1,2013-07-21,532,88,168,69,44,133,3,7,3,13,5,0,0,0,0,0,0,3,11,0,39,1,1,21,7,3,2013,17,3,10,44.95652173913044,23,5,5,4,554,Champions,343,Non-profitable
10061,1950,Graduation,Partner,59462.0,0,1,2013-01-05,724,17,143,0,8,196,2,9,2,12,7,0,0,0,0,0,0,3,11,0,65,1,1,5,1,1,2013,24,3,29,47.30434782608695,23,4,5,4,454,Loyal Customers,540,Non-profitable
8775,1969,Graduation,Partner,38361.0,1,0,2013-12-27,39,0,56,20,8,14,3,3,1,3,7,0,0,0,0,0,0,3,11,0,46,1,1,27,12,4,2013,12,0,74,19.571428571428573,7,2,2,2,222,Hibernating,184,Profitable
2345,1982,PhD,Partner,70038.0,0,0,2013-10-25,587,54,348,71,54,130,1,4,4,8,2,0,0,0,0,0,0,3,11,0,33,0,0,25,10,4,2013,14,3,54,77.75,16,3,4,5,345,Loyal Customers,247,Non-profitable
322,1978,Graduation,Partner,42554.0,1,1,2013-01-12,29,1,11,0,0,0,2,2,0,3,4,0,0,0,0,0,0,3,11,0,37,1,2,12,1,1,2013,23,0,93,8.2,5,1,1,1,111,Hibernating,533,Non-profitable
10897,1974,Graduation,Partner,67445.0,0,1,2012-08-12,757,80,217,29,80,11,5,9,6,12,6,0,0,0,0,0,0,3,11,0,41,1,1,12,8,3,2012,29,3,63,43.48148148148148,27,2,5,4,254,Can't loose,686,Non-profitable
123,1951,Graduation,Single,67046.0,0,1,2013-01-06,544,35,133,23,151,107,2,4,5,4,2,0,0,0,0,0,0,3,11,0,64,1,1,6,1,1,2013,24,3,92,76.38461538461539,13,1,3,5,135,At risk,539,Non-profitable
6103,1948,Graduation,Partner,42192.0,0,0,2013-09-06,40,15,15,17,6,7,1,2,1,3,4,0,0,0,0,0,0,3,11,0,67,0,0,6,9,3,2013,16,0,40,16.666666666666668,6,3,2,2,322,About to sleep,296,Profitable
7899,1952,PhD,Partner,77610.0,0,1,2012-10-29,1245,33,332,21,33,16,2,4,7,4,7,0,0,0,0,0,0,3,11,0,63,1,1,29,10,4,2012,26,1,70,112.0,15,2,3,5,235,At risk,608,Non-profitable
1655,1979,Graduation,Partner,34350.0,1,0,2013-10-19,16,3,15,2,1,11,1,1,0,3,7,0,0,0,0,0,0,3,11,0,36,1,1,19,10,4,2013,14,0,81,12.0,4,1,1,2,112,Hibernating,253,Non-profitable
2406,1949,Graduation,Partner,54591.0,0,1,2013-08-05,376,4,94,12,9,24,3,6,2,8,5,0,0,0,0,0,0,3,11,0,66,1,1,5,8,3,2013,17,2,63,32.4375,16,2,4,3,243,At risk,328,Non-profitable
2712,1956,Graduation,Partner,71866.0,0,1,2013-12-25,184,178,178,103,39,33,1,6,3,10,3,0,0,0,0,0,0,3,11,0,59,1,1,25,12,4,2013,12,2,85,37.63157894736842,19,1,4,4,144,At risk,186,Non-profitable
5517,1969,Graduation,Partner,25293.0,1,0,2013-09-15,15,0,11,0,2,9,1,1,1,2,8,0,0,0,0,0,0,3,11,0,46,1,1,15,9,3,2013,15,0,51,9.25,4,3,1,1,311,About to sleep,287,Non-profitable
10643,1987,PhD,Single,42000.0,0,0,2013-01-10,124,83,267,85,59,35,2,5,2,11,5,0,0,0,0,0,0,3,11,1,28,0,0,10,1,1,2013,24,2,23,36.27777777777778,18,4,4,3,443,Loyal Customers,535,Non-profitable
2254,1983,Graduation,Partner,69520.0,0,0,2013-07-07,627,120,414,121,80,93,1,9,6,5,5,0,0,0,0,0,0,3,11,0,32,0,0,7,7,3,2013,18,1,95,72.75,20,1,4,5,145,At risk,357,Non-profitable
10281,1970,Graduation,Single,64713.0,1,0,2014-02-07,180,60,241,13,54,54,2,5,5,7,4,0,0,0,0,0,0,3,11,1,45,1,1,7,2,1,2014,10,2,11,35.411764705882355,17,5,4,3,543,Champions,142,Non-profitable
6958,1977,PostGraduation,Partner,27889.0,1,0,2013-07-05,14,0,4,0,0,8,1,1,1,2,6,0,0,0,0,0,0,3,11,0,38,1,1,5,7,3,2013,18,0,42,6.5,4,3,1,1,311,About to sleep,359,Profitable
954,1960,UnderGraduation,Single,22123.0,0,0,2014-03-27,3,3,24,34,7,31,1,2,1,3,5,0,0,0,0,0,0,3,11,0,55,0,0,27,3,1,2014,9,0,77,17.0,6,2,2,2,222,Hibernating,94,Non-profitable
4643,1973,Graduation,Partner,27803.0,1,0,2012-08-26,8,26,46,38,9,49,2,3,0,4,8,0,0,0,0,0,0,3,11,0,42,1,1,26,8,3,2012,28,0,40,25.142857142857142,7,3,2,3,323,About to sleep,672,Non-profitable
6497,1960,Graduation,Partner,51651.0,0,1,2012-11-07,293,6,23,13,6,92,4,6,2,5,8,0,0,0,0,0,0,3,11,0,55,1,1,7,11,4,2012,26,2,32,33.30769230769231,13,4,3,3,433,Potential Loyalists,599,Non-profitable
5396,1988,Graduation,Partner,68487.0,0,0,2013-01-13,758,12,385,33,89,89,1,9,7,13,4,0,0,0,0,0,0,3,11,0,27,0,0,13,1,1,2013,23,3,48,47.10344827586207,29,3,5,4,354,Loyal Customers,532,Non-profitable
1052,1969,Graduation,Partner,56796.0,0,1,2013-02-16,656,38,161,62,47,37,3,8,9,7,7,0,0,0,0,0,0,3,11,0,46,1,1,16,2,1,2013,22,3,24,41.708333333333336,24,4,5,4,454,Loyal Customers,498,Non-profitable
2802,1992,PostGraduation,Partner,87000.0,0,0,2012-12-15,196,25,607,67,17,49,1,4,6,7,2,0,0,0,0,0,0,3,11,0,23,0,0,15,12,4,2012,24,3,61,56.52941176470589,17,2,4,4,244,At risk,561,Non-profitable
6343,1959,Graduation,Partner,79823.0,0,1,2014-03-31,835,73,380,114,73,43,1,6,9,7,2,0,1,0,0,0,0,3,11,0,56,1,1,31,3,1,2014,9,1,6,69.0,22,5,5,5,555,Champions,90,Non-profitable
6507,1980,Graduation,Single,30828.0,1,0,2013-10-04,16,11,15,2,0,12,2,1,1,4,3,0,0,0,0,0,0,3,11,0,35,1,1,4,10,4,2013,15,0,16,9.333333333333334,6,5,2,1,521,Potential Loyalists,268,Non-profitable
7901,1971,PostGraduation,Partner,34109.0,0,1,2013-11-06,9,1,5,2,1,4,1,0,0,3,4,0,0,0,0,0,0,3,11,0,44,1,1,6,11,4,2013,14,0,39,7.333333333333333,3,4,1,1,411,Promising,235,
4865,1974,PostGraduation,Single,53367.0,1,1,2013-08-31,229,7,140,10,3,11,7,5,1,8,7,0,0,0,0,0,0,3,11,1,41,1,2,31,8,3,2013,16,2,2,28.571428571428573,14,5,3,3,533,Potential Loyalists,302,
2686,1969,UnderGraduation,Partner,22390.0,0,0,2013-10-21,0,1,4,15,1,5,1,1,0,2,7,0,0,0,0,0,0,3,11,0,46,0,0,21,10,4,2013,14,0,49,8.666666666666666,3,3,1,1,311,About to sleep,251,
3107,1976,Graduation,Partner,71322.0,0,1,2014-05-02,121,24,124,24,15,42,1,4,1,7,2,0,0,0,0,0,0,3,11,0,39,1,1,2,5,2,2014,8,2,31,29.166666666666668,12,4,3,3,433,Potential Loyalists,58,
7734,1993,Graduation,Single,79244.0,0,0,2012-12-19,471,102,125,212,61,245,1,4,10,7,1,0,0,1,1,0,0,3,11,1,22,0,0,19,12,4,2012,24,3,58,57.90476190476191,21,3,5,4,354,Loyal Customers,557,
1146,1949,PostGraduation,Partner,49912.0,0,1,2012-09-07,520,8,223,32,49,42,4,10,5,7,8,1,0,0,0,0,0,3,11,1,66,1,1,7,9,3,2012,28,3,5,39.72727272727273,22,5,5,4,554,Champions,660,
11031,1950,PhD,Partner,48699.0,1,1,2013-05-21,26,1,10,2,0,1,1,1,0,3,5,0,0,0,0,0,0,3,11,0,65,1,2,21,5,2,2013,19,0,90,10.0,4,1,1,1,111,Hibernating,404,
7428,1975,Graduation,Partner,80144.0,0,0,2013-09-30,240,132,445,250,192,108,1,3,7,8,1,0,0,0,0,0,0,3,11,0,40,0,0,30,9,3,2013,15,3,47,75.94444444444444,18,3,4,5,345,Loyal Customers,272,
975,1956,Graduation,Single,54252.0,1,1,2013-05-28,178,4,26,8,4,44,5,4,1,5,6,0,0,0,0,0,0,3,11,0,59,1,2,28,5,2,2013,19,0,25,26.4,10,4,3,3,433,Potential Loyalists,397,
1103,1976,PostGraduation,Partner,81929.0,1,0,2012-09-29,1486,55,278,49,0,185,2,4,4,10,6,1,0,1,0,0,0,3,11,1,39,1,1,29,9,3,2012,27,1,60,114.05555555555556,18,2,4,5,245,At risk,638,
3422,1975,Graduation,Partner,76068.0,0,1,2012-11-29,1115,12,128,33,12,76,1,2,3,4,6,0,1,0,0,1,0,3,11,0,40,1,1,29,11,4,2012,25,3,67,152.88888888888889,9,2,2,5,225,Hibernating,577,
1055,1976,PostGraduation,Partner,53204.0,1,1,2014-03-20,29,0,8,2,0,6,1,1,0,3,4,0,0,0,0,0,0,3,11,0,39,1,2,20,3,1,2014,9,0,40,11.25,4,3,1,1,311,About to sleep,101,
1241,1984,PostGraduation,Partner,14796.0,1,0,2012-09-17,13,3,8,7,4,16,2,1,0,3,9,0,0,0,0,0,0,3,11,1,31,1,1,17,9,3,2012,27,0,1,12.75,4,5,1,2,512,New Customers,650,
2909,1974,PhD,Partner,78128.0,0,1,2014-02-19,934,24,230,16,24,36,2,8,4,6,3,0,1,1,0,0,0,3,11,0,41,1,1,19,2,1,2014,10,3,89,70.22222222222223,18,1,4,5,145,At risk,130,
5802,1972,UnderGraduation,Partner,14188.0,0,0,2013-02-28,2,7,11,16,12,27,1,2,0,4,6,0,0,0,0,0,0,3,11,0,43,0,0,28,2,1,2013,22,0,40,12.5,6,3,2,2,322,About to sleep,486,
1407,1986,UnderGraduation,Partner,20425.0,1,0,2012-10-29,4,12,5,3,16,17,2,2,0,3,7,0,0,0,0,0,0,3,11,0,29,1,1,29,10,4,2012,26,0,5,11.4,5,5,1,2,512,New Customers,608,
6183,1962,PostGraduation,Partner,58646.0,0,1,2013-06-10,62,1,44,6,5,22,1,2,1,4,4,0,0,0,0,0,0,3,11,0,53,1,1,10,6,2,2013,19,0,3,20.0,7,5,2,2,522,Potential Loyalists,384,
340,1970,Graduation,Single,72967.0,0,1,2012-12-15,158,35,179,0,0,125,2,7,2,8,5,1,0,0,0,0,0,3,11,1,45,1,1,15,12,4,2012,24,2,1,29.235294117647054,17,5,4,3,543,Champions,561,
5991,1949,PostGraduation,Partner,48150.0,0,1,2013-06-08,173,2,39,3,2,47,3,5,1,4,7,0,0,0,0,0,0,3,11,0,66,1,1,8,6,2,2013,19,0,24,26.6,10,4,3,3,433,Potential Loyalists,386,
3104,1961,Graduation,Single,82332.0,0,0,2012-09-17,830,59,968,51,79,19,1,5,3,12,2,0,0,1,0,0,0,3,11,1,54,0,0,17,9,3,2012,27,1,89,100.3,20,1,4,5,145,At risk,650,
9729,1955,Graduation,Single,58275.0,1,1,2013-06-02,189,10,253,56,43,64,6,8,2,7,7,0,0,0,0,0,0,3,11,0,60,1,2,2,6,2,2013,19,2,48,36.1764705882353,17,3,4,3,343,Loyal Customers,392,
1008,1981,PhD,Partner,44953.0,0,0,2012-12-21,728,17,133,11,8,124,1,7,3,13,6,1,0,0,0,0,0,3,11,0,34,0,0,21,12,4,2012,24,3,31,44.391304347826086,23,4,5,4,454,Loyal Customers,555,
3969,1974,PostGraduation,Partner,43018.0,0,1,2013-11-01,35,4,17,7,6,64,1,2,2,2,5,0,0,0,0,0,0,3,11,0,41,1,1,1,11,4,2013,14,0,46,22.166666666666668,6,3,2,2,322,About to sleep,240,
1916,1954,PostGraduation,Partner,45736.0,0,1,2013-07-24,188,3,180,20,3,43,5,7,1,6,7,0,0,0,0,0,0,3,11,0,61,1,1,24,7,3,2013,17,2,92,31.214285714285715,14,1,3,3,133,At risk,340,
9907,1969,PostGraduation,Partner,66476.0,0,1,2013-12-04,742,28,152,25,9,57,2,6,8,10,4,0,0,0,0,0,0,3,11,0,46,1,1,4,12,4,2013,13,3,80,42.208333333333336,24,1,5,4,154,Can't loose,207,
87,1981,PostGraduation,Partner,27733.0,1,0,2013-08-26,0,7,5,26,2,17,2,2,0,3,7,0,0,0,0,0,0,3,11,0,34,1,1,26,8,3,2013,16,0,16,11.4,5,5,1,2,512,New Customers,307,
8659,1952,PhD,Partner,69805.0,0,1,2014-01-21,750,71,174,13,10,20,2,6,8,11,2,0,0,0,0,0,0,3,11,0,63,1,1,21,1,1,2014,11,3,50,41.52,25,3,5,4,354,Loyal Customers,159,
6262,1962,PostGraduation,Single,72217.0,0,0,2013-04-10,816,42,450,55,56,154,1,3,10,8,2,0,0,0,0,0,0,3,11,0,53,0,0,10,4,2,2013,21,1,93,74.9047619047619,21,1,5,5,155,Can't loose,445,
6147,1971,Graduation,Single,25818.0,1,0,2012-10-18,5,2,8,2,2,9,1,0,1,2,7,0,0,0,0,0,0,3,11,0,44,1,1,18,10,4,2012,26,0,51,9.333333333333334,3,3,1,1,311,About to sleep,619,
8832,1976,PostGraduation,Partner,37509.0,1,0,2012-09-12,37,5,56,12,8,5,2,3,0,4,7,0,0,0,0,0,0,3,11,0,39,1,1,12,9,3,2012,28,0,24,17.571428571428573,7,4,2,2,422,Potential Loyalists,655,
10067,1976,PostGraduation,Partner,25176.0,1,1,2013-08-10,4,0,4,0,0,5,1,1,0,2,7,0,0,0,0,0,0,3,11,0,39,1,2,10,8,3,2013,16,0,79,4.333333333333333,3,2,1,1,211,Hibernating,323,
7532,1980,Graduation,Partner,43586.0,0,1,2012-08-30,99,2,11,4,0,16,3,3,0,4,8,0,0,0,0,0,0,3,11,0,35,1,1,30,8,3,2012,28,0,26,18.857142857142858,7,4,2,2,422,Potential Loyalists,668,
4915,1956,PostGraduation,Partner,53230.0,0,1,2012-08-03,176,72,98,136,21,229,4,5,2,12,5,0,0,0,0,0,0,3,11,0,59,1,1,3,8,3,2012,29,2,86,38.526315789473685,19,1,4,4,144,At risk,695,
2088,1972,Graduation,Partner,84906.0,0,0,2013-10-04,997,15,414,99,30,76,1,5,6,12,2,0,1,1,0,1,0,3,11,0,43,0,0,4,10,4,2013,15,1,98,70.91304347826087,23,1,5,5,155,Can't loose,268,
2493,1966,Graduation,Partner,61286.0,0,1,2013-08-02,356,0,107,19,9,117,2,7,1,8,5,0,0,0,0,0,0,3,11,0,49,1,1,2,8,3,2013,17,2,34,38.0,16,4,4,4,444,Loyal Customers,331,
6292,1986,PhD,Partner,82333.0,0,0,2013-03-30,1311,0,359,46,89,17,1,4,3,10,2,0,0,1,0,0,0,3,11,1,29,0,0,30,3,1,2013,21,1,60,107.17647058823528,17,2,4,5,245,At risk,456,
1631,1965,PhD,Partner,65220.0,0,0,2012-09-03,890,63,292,0,25,12,4,8,4,7,6,0,0,0,0,0,0,3,11,1,50,0,0,3,9,3,2012,28,3,3,67.47368421052632,19,5,4,4,544,Champions,664,
10104,1974,Graduation,Partner,33590.0,2,1,2013-11-03,4,0,2,0,0,2,1,1,0,2,7,0,0,0,0,0,0,3,11,0,41,1,3,3,11,4,2013,14,0,65,2.6666666666666665,3,2,1,1,211,Hibernating,238,
3006,1976,Graduation,Single,30992.0,1,0,2013-04-22,17,0,14,7,3,2,1,1,0,3,7,0,0,0,0,0,0,3,11,0,39,1,1,22,4,2,2013,20,0,83,10.75,4,1,1,1,111,Hibernating,433,
3919,1976,PostGraduation,Single,72309.0,0,0,2013-03-11,960,0,883,50,38,0,1,5,6,8,3,0,0,0,1,0,0,3,11,1,39,0,0,11,3,1,2013,22,1,64,101.63157894736842,19,2,4,5,245,At risk,475,
642,1980,UnderGraduation,Partner,16005.0,1,0,2012-08-14,1,3,2,20,30,47,3,2,1,2,8,0,0,0,0,0,0,3,11,0,35,1,1,14,8,3,2012,29,0,69,20.6,5,2,1,2,212,Hibernating,684,
4369,1957,PostGraduation,Single,65487.0,0,0,2014-01-10,240,67,500,199,0,163,3,3,5,6,2,0,0,0,0,0,0,3,11,0,58,0,0,10,1,1,2014,11,3,48,83.5,14,3,3,5,335,Need Attention,170,
10127,1965,Graduation,Partner,58692.0,0,1,2014-04-06,301,11,61,4,7,11,1,8,2,4,7,0,0,0,0,0,0,3,11,0,50,1,1,6,4,2,2014,9,2,21,28.214285714285715,14,4,3,3,433,Potential Loyalists,84,
271,1969,Graduation,Single,40590.0,1,1,2013-10-02,154,0,50,6,11,37,5,3,4,3,6,1,0,0,0,0,0,3,11,0,46,1,2,2,10,4,2013,15,0,30,25.8,10,4,3,3,433,Potential Loyalists,270,
4973,1970,Graduation,Single,20587.0,1,0,2014-05-11,2,3,6,4,1,9,1,1,1,2,7,0,0,0,0,0,0,3,11,0,45,1,1,11,5,2,2014,7,0,39,6.25,4,4,1,1,411,Promising,49,
2948,1954,PostGraduation,Single,62637.0,0,1,2014-03-01,104,12,48,4,12,5,1,2,2,5,2,0,0,0,0,0,0,3,11,0,61,1,1,1,3,1,2014,10,0,76,20.55555555555556,9,2,2,2,222,Hibernating,120,
2715,1966,PostGraduation,Single,29435.0,1,1,2012-08-06,70,3,37,4,2,64,4,3,2,2,9,0,0,0,0,0,0,3,11,1,49,1,2,6,8,3,2012,29,0,11,25.714285714285715,7,5,2,3,523,Potential Loyalists,692,
10432,1974,Graduation,Single,19346.0,1,0,2014-01-30,2,0,9,3,6,2,1,1,0,3,8,0,0,0,0,0,0,3,11,0,41,1,1,30,1,1,2014,11,0,26,5.5,4,4,1,1,411,Promising,150,
9216,1971,Graduation,Partner,35788.0,1,1,2014-01-23,23,2,11,3,1,4,2,2,0,3,6,0,0,0,0,0,0,3,11,0,44,1,2,23,1,1,2014,11,0,34,8.8,5,4,1,1,411,Promising,157,
7124,1968,Graduation,Single,36997.0,1,1,2013-02-01,43,4,12,8,0,27,5,2,1,4,5,0,0,0,0,0,0,3,11,0,47,1,2,1,2,1,2013,23,0,72,13.428571428571429,7,2,2,2,222,Hibernating,513,
9727,1957,Graduation,Partner,23539.0,0,0,2014-02-28,4,24,11,16,1,25,1,2,0,4,6,0,0,0,0,0,0,3,11,0,58,0,0,28,2,1,2014,10,0,13,13.5,6,5,2,2,522,Potential Loyalists,121,
5136,1973,Graduation,Single,65333.0,0,1,2014-01-17,654,7,92,0,15,30,7,9,4,8,6,0,1,1,0,0,0,3,11,0,42,1,1,17,1,1,2014,11,2,58,38.0,21,3,5,4,354,Loyal Customers,163,
9790,1957,Graduation,Single,78499.0,0,0,2013-11-23,912,72,170,47,36,97,1,11,3,4,4,0,0,1,0,0,0,3,11,1,58,0,0,23,11,4,2013,13,3,12,74.11111111111111,18,5,4,5,545,Champions,218,
1818,1971,PhD,Partner,29732.0,1,0,2014-03-25,25,0,8,0,1,4,1,2,0,2,9,0,0,0,0,0,0,3,11,0,44,1,1,25,3,1,2014,9,0,23,9.5,4,4,1,1,411,Promising,96,
1100,1960,PostGraduation,Partner,41275.0,1,2,2014-03-24,24,4,22,0,2,9,4,3,1,3,5,0,0,0,0,0,0,3,11,0,55,1,3,24,3,1,2014,9,0,33,8.714285714285714,7,4,2,1,421,Potential Loyalists,97,
7873,1973,PhD,Partner,63516.0,1,1,2013-07-06,141,11,114,15,14,5,4,4,1,7,5,0,0,0,0,0,0,3,11,0,42,1,2,6,7,3,2013,18,0,30,25.0,12,4,3,3,433,Potential Loyalists,358,
10609,1962,PhD,Partner,42769.0,0,1,2013-10-12,71,0,13,3,1,0,2,1,1,4,4,0,0,0,0,0,0,3,11,0,53,1,1,12,10,4,2013,14,0,15,14.666666666666666,6,5,2,2,522,Potential Loyalists,260,
6950,1958,PostGraduation,Partner,49572.0,1,1,2013-12-15,35,1,16,0,1,1,2,2,0,3,7,0,0,0,0,0,0,3,11,0,57,1,2,15,12,4,2013,12,0,25,10.8,5,4,1,1,411,Promising,196,
7233,1972,Graduation,Partner,69209.0,0,0,2012-09-17,496,32,849,229,48,128,2,5,3,6,4,0,0,0,1,0,0,3,11,0,43,0,0,17,9,3,2012,27,1,4,127.28571428571428,14,5,3,5,535,Potential Loyalists,650,
9481,1976,Graduation,Partner,17148.0,1,0,2014-01-28,9,9,11,13,10,16,4,3,1,3,8,0,0,0,0,0,0,3,11,0,39,1,1,28,1,1,2014,11,0,80,9.714285714285714,7,1,2,1,121,Hibernating,152,
7699,1969,Graduation,Single,40590.0,1,1,2013-10-02,154,0,50,6,11,37,5,3,4,3,6,1,0,0,0,0,0,3,11,0,46,1,2,2,10,4,2013,15,0,30,25.8,10,4,3,3,433,Potential Loyalists,270,
2711,1976,PostGraduation,Partner,30560.0,1,0,2013-06-27,9,1,5,4,5,7,1,1,0,3,7,0,0,0,0,0,0,3,11,0,39,1,1,27,6,2,2013,18,0,6,7.75,4,5,1,1,511,New Customers,367,
8933,1983,PostGraduation,Partner,32146.0,1,0,2014-05-12,26,3,23,4,7,3,2,2,0,4,6,0,0,0,0,0,0,3,11,0,32,1,1,12,5,2,2014,7,0,16,11.0,6,5,2,1,521,Potential Loyalists,48,
8726,1964,PostGraduation,Single,41713.0,1,1,2014-04-29,77,8,44,10,10,25,5,3,1,4,6,0,0,0,0,0,0,3,11,0,51,1,2,29,4,2,2014,8,0,57,21.75,8,3,2,2,322,About to sleep,61,
1515,1975,PostGraduation,Partner,34176.0,0,1,2014-01-22,11,2,7,4,2,2,1,1,0,3,3,0,0,0,0,0,0,3,11,0,40,1,1,22,1,1,2014,11,0,9,7.0,4,5,1,1,511,New Customers,158,
5186,1955,PhD,Partner,58482.0,0,1,2014-03-12,576,7,115,19,7,7,2,7,4,9,6,0,1,0,0,0,0,3,11,0,60,1,1,12,3,1,2014,9,2,59,36.55,20,2,4,3,243,At risk,109,
10157,1965,Graduation,Single,59686.0,0,1,2014-01-25,89,15,89,34,42,5,1,4,1,6,4,0,0,0,0,0,0,3,11,0,50,1,1,25,1,1,2014,11,0,78,24.90909090909091,11,2,3,3,233,At risk,155,
5667,1964,PhD,Partner,60896.0,0,1,2012-10-11,1013,30,399,60,46,153,3,9,10,4,6,0,0,0,0,0,0,3,11,1,51,1,1,11,10,4,2012,27,1,90,73.95652173913044,23,1,5,5,155,Can't loose,626,
902,1980,Graduation,Partner,62994.0,1,0,2014-03-04,224,12,48,4,12,12,1,6,2,4,6,0,0,0,0,0,0,3,11,0,35,1,1,4,3,1,2014,10,0,74,26.0,12,2,3,3,233,At risk,117,
977,1957,Graduation,Partner,47320.0,0,1,2013-08-01,200,19,111,50,15,19,6,5,1,8,6,0,0,0,0,0,0,3,11,0,58,1,1,1,8,3,2013,17,2,10,29.571428571428573,14,5,3,3,533,Potential Loyalists,332,
7313,1949,PostGraduation,Single,74859.0,0,0,2013-06-03,570,73,614,133,102,73,1,6,5,11,3,0,0,0,1,0,0,3,11,0,66,0,0,3,6,2,2013,19,1,63,71.13636363636364,22,2,5,5,255,Can't loose,391,
7600,1992,UnderGraduation,Single,15253.0,1,0,2013-10-28,1,3,3,8,1,13,2,1,0,3,7,0,0,0,0,0,0,3,11,0,23,1,1,28,10,4,2013,14,0,13,7.25,4,5,1,1,511,New Customers,244,
9706,1974,PhD,Single,31560.0,1,0,2013-06-24,62,1,20,4,0,7,2,2,1,3,8,0,0,0,0,0,0,3,11,0,41,1,1,24,6,2,2013,18,0,98,15.666666666666666,6,1,2,2,122,Hibernating,370,
2429,1954,Graduation,Single,72071.0,0,1,2013-02-14,531,69,300,150,138,150,3,5,4,8,2,0,0,0,0,0,0,3,11,0,61,1,1,14,2,1,2013,22,3,4,78.70588235294117,17,5,4,5,545,Champions,500,
3520,1990,PostGraduation,Single,91172.0,0,0,2013-03-27,162,28,818,0,28,56,0,4,3,7,3,1,0,1,1,1,0,3,11,1,25,0,0,27,3,1,2013,21,3,94,78.0,14,1,3,5,135,At risk,459,
10394,1984,Graduation,Partner,90000.0,0,0,2013-12-23,675,144,133,94,192,241,1,4,8,5,1,1,0,1,1,0,0,3,11,0,31,0,0,23,12,4,2013,12,1,91,87.0,17,1,4,5,145,At risk,188,
4548,1981,Graduation,Single,41967.0,1,1,2013-11-23,23,4,10,0,2,15,1,1,0,3,4,0,0,0,0,0,0,3,11,0,34,1,2,23,11,4,2013,13,0,66,13.5,4,2,1,2,212,Hibernating,218,
9362,1965,Graduation,Single,69263.0,0,1,2014-03-05,492,5,32,13,5,21,1,9,1,7,6,0,1,0,0,0,0,3,11,0,50,1,1,5,3,1,2014,10,2,14,33.411764705882355,17,5,4,3,543,Champions,116,
3968,1970,PostGraduation,Single,65706.0,0,0,2013-06-28,918,10,129,13,0,129,1,11,3,12,7,0,1,1,0,1,0,3,11,1,45,0,0,28,6,2,2013,18,3,77,46.11538461538461,26,2,5,4,254,Can't loose,366,
4084,1975,Graduation,Partner,60934.0,0,1,2014-01-17,224,155,155,192,93,54,2,6,4,11,4,0,0,0,0,0,0,3,11,0,40,1,1,17,1,1,2014,11,3,41,41.57142857142857,21,3,5,4,354,Loyal Customers,163,
6721,1951,Graduation,Partner,71965.0,0,1,2013-07-29,572,19,286,50,38,248,3,6,3,5,3,0,0,0,0,0,0,3,11,0,64,1,1,29,7,3,2013,17,3,21,86.64285714285714,14,4,3,5,435,Potential Loyalists,335,
2829,1955,Graduation,Partner,65210.0,0,1,2014-03-10,626,0,70,0,7,28,2,9,3,8,6,0,1,0,1,0,0,3,11,0,60,1,1,10,3,1,2014,9,2,25,36.55,20,4,4,3,443,Loyal Customers,111,
1772,1975,PhD,Partner,79174.0,0,0,2013-01-11,1074,37,518,193,92,129,1,5,6,7,2,0,0,1,1,0,0,3,11,1,40,0,0,11,1,1,2013,24,1,2,113.5,18,5,4,5,545,Champions,534,
1544,1967,PostGraduation,Single,81380.0,0,0,2012-12-22,741,68,689,224,68,103,1,4,2,10,2,0,0,0,0,0,0,3,11,0,48,0,0,22,12,4,2012,24,1,51,118.3125,16,3,4,5,345,Loyal Customers,554,
492,1973,PhD,Single,48432.0,0,1,2012-10-18,322,3,50,4,3,42,5,7,1,6,8,0,0,0,0,0,0,3,11,0,42,1,1,18,10,4,2012,26,2,3,30.285714285714285,14,5,3,3,533,Potential Loyalists,619,
4377,1971,Graduation,Partner,52914.0,0,1,2013-01-07,254,10,44,30,10,227,2,7,3,3,7,1,0,0,0,0,0,3,11,0,44,1,1,7,1,1,2013,24,2,32,44.23076923076923,13,4,3,4,434,Potential Loyalists,538,
4541,1955,Graduation,Partner,38946.0,0,1,2013-10-24,116,6,82,6,6,41,2,3,1,6,5,0,0,0,0,0,0,3,11,0,60,1,1,24,10,4,2013,14,0,84,25.7,10,1,3,3,133,At risk,248,
1321,1974,Graduation,Partner,26067.0,1,0,2013-11-04,22,2,18,0,2,12,3,3,0,3,8,0,0,0,0,0,0,3,11,0,41,1,1,4,11,4,2013,14,0,49,9.333333333333334,6,3,2,1,321,About to sleep,237,
8858,1972,PhD,Partner,44325.0,0,1,2013-03-07,516,0,21,0,0,5,4,8,2,7,8,0,1,0,0,0,0,3,11,0,43,1,1,7,3,1,2013,22,2,69,31.88235294117647,17,2,4,3,243,At risk,479,
11187,1978,UnderGraduation,Single,26487.0,1,0,2013-05-20,2,8,10,12,14,23,3,2,1,3,5,0,0,0,0,0,0,3,11,0,37,1,1,20,5,2,2013,19,0,23,11.5,6,4,2,2,422,Potential Loyalists,405,
8207,1957,PostGraduation,Partner,53233.0,0,1,2014-03-18,28,0,9,3,0,0,1,1,0,3,4,0,0,0,0,0,0,3,11,0,58,1,1,18,3,1,2014,9,0,18,10.0,4,5,1,1,511,New Customers,103,
9723,1960,Graduation,Partner,67716.0,0,1,2013-01-10,530,142,217,62,9,56,4,7,4,13,5,0,1,0,0,0,0,3,11,0,55,1,1,10,1,1,2013,24,3,8,42.333333333333336,24,5,5,4,554,Champions,535,
2666,1972,PostGraduation,Partner,76234.0,0,1,2014-02-06,519,50,167,130,0,41,1,8,3,11,3,0,1,0,0,0,0,3,11,0,43,1,1,6,2,1,2014,10,3,21,41.22727272727273,22,4,5,4,454,Loyal Customers,143,
10652,1957,PostGraduation,Partner,65487.0,0,0,2014-01-10,240,67,500,199,0,163,3,3,5,6,2,0,0,0,0,0,0,3,11,0,58,0,0,10,1,1,2014,11,3,48,83.5,14,3,3,5,335,Need Attention,170,
1646,1972,UnderGraduation,Partner,25224.0,1,0,2014-03-16,4,9,12,11,2,8,2,1,1,3,3,0,0,0,0,0,0,3,11,0,43,1,1,16,3,1,2014,9,0,36,9.2,5,4,1,1,411,Promising,105,
4418,1983,PostGraduation,Single,89616.0,0,0,2013-02-25,671,47,655,145,111,15,1,7,5,12,2,0,0,0,0,0,0,3,11,1,32,0,0,25,2,1,2013,22,1,36,68.5,24,4,5,4,454,Loyal Customers,489,
2656,1971,Graduation,Single,40851.0,1,1,2013-02-21,23,1,7,0,4,24,1,1,1,2,7,0,0,0,0,0,0,3,11,0,44,1,2,21,2,1,2013,22,0,63,14.75,4,2,1,2,212,Hibernating,493,
7990,1947,Graduation,Partner,27469.0,0,0,2012-08-02,9,1,2,3,2,0,1,0,0,3,6,0,0,0,0,0,0,3,11,0,68,0,0,2,8,3,2012,29,0,2,5.666666666666667,3,5,1,1,511,New Customers,696,
8722,1957,PostGraduation,Partner,82347.0,0,0,2012-11-06,556,54,845,202,133,63,1,7,7,10,3,1,0,0,1,0,0,3,11,1,58,0,0,6,11,4,2012,26,1,38,77.20833333333333,24,4,5,5,455,Loyal Customers,600,
7118,1957,Graduation,Partner,73803.0,0,1,2012-08-01,833,80,363,52,26,174,2,9,5,6,6,1,0,0,0,0,0,3,11,1,58,1,1,1,8,3,2012,29,1,61,76.4,20,2,4,5,245,At risk,697,
2980,1952,PostGraduation,Single,8820.0,1,1,2013-03-22,12,0,13,4,2,4,4,3,0,3,8,0,0,0,0,0,0,3,11,0,63,1,2,22,3,1,2013,21,0,52,5.833333333333333,6,3,2,1,321,About to sleep,464,
1839,1974,Graduation,Single,43322.0,0,0,2014-04-21,56,7,48,10,2,18,1,3,0,4,7,0,0,0,0,0,0,3,11,0,41,0,0,21,4,2,2014,8,0,25,20.142857142857142,7,4,2,2,422,Potential Loyalists,69,
10722,1973,Graduation,Partner,55593.0,0,1,2013-08-21,293,8,124,11,4,106,2,6,6,3,6,1,0,0,0,0,0,3,11,0,42,1,1,21,8,3,2013,16,2,63,36.4,15,2,3,3,233,At risk,312,
2632,1954,Graduation,Partner,50501.0,1,1,2013-06-18,297,0,38,13,0,152,7,5,4,4,6,1,0,0,0,0,0,3,11,1,61,1,2,18,6,2,2013,18,2,10,38.46153846153846,13,5,3,4,534,Potential Loyalists,376,
7620,1990,UnderGraduation,Single,16185.0,1,0,2013-08-05,5,11,16,21,8,45,2,2,2,2,8,0,0,0,0,0,0,3,11,0,25,1,1,5,8,3,2013,17,0,71,17.666666666666668,6,2,2,2,222,Hibernating,328,
10968,1969,Graduation,Single,57731.0,0,1,2012-11-23,266,21,300,65,8,44,4,8,8,6,6,0,0,0,0,0,0,3,11,0,46,1,1,23,11,4,2012,25,2,0,32.0,22,5,5,3,553,Champions,583,
11133,1973,PhD,Single,48432.0,0,1,2012-10-18,322,3,50,4,3,42,5,7,1,6,8,0,0,0,0,0,0,3,11,1,42,1,1,18,10,4,2012,26,2,3,30.285714285714285,14,5,3,3,533,Potential Loyalists,619,
2736,1978,Graduation,Partner,73807.0,0,1,2013-01-02,366,124,156,71,78,54,2,5,5,11,2,0,0,0,0,0,0,3,11,0,37,1,1,2,1,1,2013,24,2,88,40.42857142857143,21,1,5,4,154,Can't loose,543,
1876,1990,Graduation,Partner,18929.0,0,0,2013-02-16,32,0,8,23,4,18,1,1,0,4,6,0,0,0,0,0,0,3,11,0,25,0,0,16,2,1,2013,22,0,15,17.0,5,5,1,2,512,New Customers,498,
5959,1968,Graduation,Single,35893.0,1,1,2012-10-15,158,0,23,0,0,18,6,3,1,5,8,0,0,0,0,0,0,3,11,0,47,1,2,15,10,4,2012,26,0,80,22.11111111111111,9,1,2,2,122,Hibernating,622,
1092,1980,Graduation,Partner,61014.0,0,1,2012-08-11,269,129,495,182,43,29,4,9,3,4,7,0,0,0,0,0,0,3,11,0,35,1,1,11,8,3,2012,29,3,17,71.6875,16,5,4,5,545,Champions,687,
4333,1954,Graduation,Partner,32144.0,1,1,2014-03-23,41,0,10,0,0,3,4,2,1,3,7,0,1,0,0,0,0,3,11,0,61,1,2,23,3,1,2014,9,0,76,9.0,6,2,2,1,221,Hibernating,98,
3850,1963,UnderGraduation,Partner,14918.0,0,1,2012-12-07,3,3,3,15,4,15,1,1,0,3,6,0,0,0,0,0,0,3,11,0,52,1,1,7,12,4,2012,25,0,52,10.75,4,3,1,1,311,About to sleep,569,
6168,1963,Graduation,Single,45146.0,1,1,2013-07-15,33,0,5,0,0,15,2,1,1,2,4,0,0,0,0,0,0,3,11,0,52,1,2,15,7,3,2013,17,0,28,13.25,4,4,1,2,412,Promising,349,
607,1955,PostGraduation,Single,41769.0,0,1,2013-02-13,302,29,131,32,0,27,6,8,1,7,8,0,0,0,0,0,0,3,11,0,60,1,1,13,2,1,2013,22,2,31,32.5625,16,4,4,3,443,Loyal Customers,501,
10469,1981,Graduation,Partner,88325.0,0,0,2014-02-05,519,71,860,93,27,53,1,6,2,9,2,0,0,0,0,0,0,3,11,0,34,0,0,5,2,1,2014,11,1,42,95.47058823529412,17,3,4,5,345,Loyal Customers,144,
6983,1950,PostGraduation,Single,38054.0,1,1,2014-05-01,23,2,17,2,1,0,2,2,0,3,7,0,0,0,0,0,0,3,11,0,65,1,2,1,5,2,2014,8,0,24,9.0,5,4,1,1,411,Promising,59,
3661,1995,PostGraduation,Single,80617.0,0,0,2012-10-12,594,51,631,72,55,32,1,4,6,8,2,0,0,0,0,0,0,3,11,0,20,0,0,12,10,4,2012,27,3,42,79.72222222222223,18,3,4,5,345,Loyal Customers,625,
9303,1976,Graduation,Partner,5305.0,0,1,2013-07-30,12,4,7,1,3,5,0,1,0,0,13,0,0,0,0,0,0,3,11,0,39,1,1,30,7,3,2013,17,0,12,32.0,1,5,1,3,513,New Customers,334,
692,1954,Graduation,Partner,36807.0,1,1,2012-12-20,4,2,5,0,0,5,1,1,0,2,6,0,0,0,0,0,0,3,11,0,61,1,2,20,12,4,2012,24,0,88,5.333333333333333,3,1,1,1,111,Hibernating,556,
736,1983,Graduation,Partner,28427.0,1,0,2013-03-21,18,3,19,3,3,6,2,2,0,3,8,0,0,0,0,0,0,3,11,0,32,1,1,21,3,1,2013,21,0,67,10.4,5,2,1,1,211,Hibernating,465,
9589,1948,PhD,Single,82032.0,0,0,2014-04-05,332,194,377,149,125,57,0,4,6,7,1,0,0,0,0,0,0,3,11,0,67,0,0,5,4,2,2014,9,3,54,72.58823529411765,17,3,4,5,345,Loyal Customers,85,
4838,1978,Graduation,Partner,22775.0,1,0,2013-06-19,5,1,8,0,0,1,1,1,0,2,8,0,0,0,0,0,0,3,11,0,37,1,1,19,6,2,2013,18,0,40,5.0,3,3,1,1,311,About to sleep,375,
9246,1985,PostGraduation,Partner,40101.0,1,0,2012-10-14,171,3,129,26,24,62,4,6,1,6,7,0,0,0,0,0,0,3,11,0,30,1,1,14,10,4,2012,26,2,73,31.923076923076923,13,2,3,3,233,At risk,623,
6261,1979,Graduation,Partner,58025.0,0,1,2013-11-26,270,31,88,11,48,22,3,3,2,10,4,0,0,0,0,0,0,3,11,0,36,1,1,26,11,4,2013,13,2,81,31.33333333333333,15,1,3,3,133,At risk,215,
7366,1982,PostGraduation,Single,75777.0,0,0,2013-07-04,712,26,538,69,13,80,1,3,6,11,1,0,1,1,0,0,0,3,11,1,33,0,0,4,7,3,2013,18,3,12,71.9,20,5,4,5,545,Champions,360,
10659,1979,PostGraduation,Partner,7500.0,1,0,2013-05-07,2,8,11,3,8,21,4,3,2,2,7,0,0,0,0,0,0,3,11,0,36,1,1,7,5,2,2013,20,0,7,7.571428571428571,7,5,2,1,521,Potential Loyalists,418,
4286,1970,PhD,Single,57642.0,0,1,2014-01-09,580,6,58,8,0,27,3,7,6,6,4,1,0,0,0,0,0,3,11,0,45,1,1,9,1,1,2014,11,2,24,35.73684210526316,19,4,4,3,443,Loyal Customers,171,
4749,1968,Graduation,Partner,58554.0,1,1,2012-09-26,368,24,68,38,0,88,6,8,2,6,7,0,0,0,0,0,0,3,11,0,47,1,2,26,9,3,2012,27,2,55,36.625,16,3,4,4,344,Loyal Customers,641,
4478,1979,Graduation,Partner,63777.0,1,1,2013-03-24,457,5,106,15,17,53,8,11,1,6,8,0,0,0,0,0,0,3,11,0,36,1,2,24,3,1,2013,21,2,87,36.27777777777778,18,1,4,3,143,At risk,462,
4201,1962,Graduation,Single,57967.0,0,1,2013-03-03,229,7,137,4,0,91,5,4,2,8,5,0,0,0,0,0,0,3,11,0,53,1,1,3,3,1,2013,22,2,39,33.42857142857143,14,4,3,3,433,Potential Loyalists,483,
10084,1972,Graduation,Partner,24434.0,2,0,2014-05-18,3,2,8,20,0,17,2,2,1,2,7,0,0,0,0,0,0,3,11,0,43,1,2,18,5,2,2014,7,0,9,10.0,5,5,1,1,511,New Customers,42,
7004,1984,Graduation,Single,11012.0,1,0,2013-03-16,24,3,26,7,1,23,3,3,1,2,9,1,0,0,0,0,0,3,11,0,31,1,1,16,3,1,2013,21,0,82,14.0,6,1,2,2,122,Hibernating,470,
9817,1970,PostGraduation,Single,44802.0,0,0,2012-08-21,853,10,143,13,10,20,2,9,4,12,8,0,0,0,0,0,0,3,11,0,45,0,0,21,8,3,2012,28,3,71,41.96,25,2,5,4,254,Can't loose,677,
8080,1986,Graduation,Single,26816.0,0,0,2012-08-17,5,1,6,3,4,3,1,0,0,3,4,0,0,0,0,0,0,3,11,0,29,0,0,17,8,3,2012,28,0,50,7.333333333333333,3,3,1,1,311,About to sleep,681,
8372,1974,Graduation,Partner,34421.0,1,0,2013-07-01,3,3,7,6,2,9,1,1,0,2,7,0,0,0,0,0,0,3,11,0,41,1,1,1,7,3,2013,18,0,81,10.0,3,1,1,1,111,Hibernating,363,
10870,1967,Graduation,Partner,61223.0,0,1,2013-06-13,709,43,182,42,118,247,2,9,3,4,5,0,0,0,0,0,0,3,11,0,48,1,1,13,6,2,2013,18,3,46,83.8125,16,3,4,5,345,Loyal Customers,381,
7270,1981,Graduation,Single,56981.0,0,0,2014-01-25,908,48,217,32,12,24,1,2,3,13,6,0,1,0,0,0,0,3,11,0,34,0,0,25,1,1,2014,11,3,91,68.94444444444444,18,1,4,5,145,At risk,155,
8235,1956,PostGraduation,Partner,69245.0,0,1,2014-01-24,428,30,214,80,30,61,2,6,5,10,3,0,0,0,0,0,0,3,11,0,59,1,1,24,1,1,2014,11,2,8,40.142857142857146,21,5,5,4,554,Champions,156,
9405,1954,PhD,Partner,52869.0,1,1,2012-10-15,84,3,61,2,1,21,3,3,1,4,7,0,0,0,0,0,0,3,11,1,61,1,2,15,10,4,2012,26,0,40,21.5,8,3,2,2,322,About to sleep,622,
