ID,Year_Birth,Education,Marital_Status,Income,Kidhome,Teenhome,Dt_Customer,MntWines,MntFruits,MntMeatProducts,MntFishProducts,MntSweetProducts,MntGoldProds,NumDealsPurchases,NumWebPurchases,NumCatalogPurchases,NumStorePurchases,NumWebVisitsMonth,AcceptedCmp3,AcceptedCmp4,AcceptedCmp5,AcceptedCmp1,AcceptedCmp2,Complain,Z_CostContact,Z_Revenue,Response,Age,Is_parent,Children,Day,Month,Quarter,Year,Tenure,Recency,Frequency,Monetary,Avg_spending,R,F,M,RFM_Score,RFM_score_segment
5524,1957,Graduation,Single,58138.0,0,0,2012-09-04,635,88,546,172,88,88,3,8,10,4,7,0,0,0,0,0,0,3,11,1,58,0,0,4,9,3,2012,28,58,22,1617,73.5,3,5,5,355,Loyal Customers
2174,1954,Graduation,Single,46344.0,1,1,2014-03-08,11,1,6,2,1,6,2,1,1,2,5,0,0,0,0,0,0,3,11,0,61,1,2,8,3,1,2014,9,38,4,27,6.75,4,1,1,411,Promising
4141,1965,Graduation,Partner,71613.0,0,0,2013-08-21,426,49,127,111,21,42,1,8,2,10,4,0,0,0,0,0,0,3,11,0,50,0,0,21,8,3,2013,16,26,20,776,38.8,4,4,4,444,Loyal Customers
6182,1984,Graduation,Partner,26646.0,1,0,2014-02-10,11,4,20,10,3,5,2,2,0,4,6,0,0,0,0,0,0,3,11,0,31,1,1,10,2,1,2014,10,26,6,53,8.833333333333334,4,2,1,421,Potential Loyalists
5324,1981,PhD,Partner,58293.0,1,0,2014-01-19,173,43,118,46,27,15,5,5,3,6,5,0,0,0,0,0,0,3,11,0,34,1,1,19,1,1,2014,11,94,14,422,30.142857142857142,1,3,3,133,At risk
7446,1967,PostGraduation,Partner,62513.0,0,1,2013-09-09,520,42,98,0,42,14,2,6,4,10,6,0,0,0,0,0,0,3,11,0,48,1,1,9,9,3,2013,15,16,20,716,35.8,5,4,4,544,Champions
965,1971,Graduation,Single,55635.0,0,1,2012-11-13,235,65,164,50,49,27,4,7,3,7,6,0,0,0,0,0,0,3,11,0,44,1,1,13,11,4,2012,25,34,17,590,34.705882352941174,4,4,3,443,Loyal Customers
6177,1985,PhD,Partner,33454.0,1,0,2013-05-08,76,10,56,3,1,23,2,4,0,4,8,0,0,0,0,0,0,3,11,0,30,1,1,8,5,2,2013,20,32,8,169,21.125,4,2,2,422,Potential Loyalists
4855,1974,PhD,Partner,30351.0,1,0,2013-06-06,14,0,24,3,3,2,1,3,0,2,9,0,0,0,0,0,0,3,11,1,41,1,1,6,6,2,2013,19,19,5,46,9.2,5,1,1,511,New Customers
5899,1950,PhD,Partner,5648.0,1,1,2014-03-13,28,0,6,1,1,13,1,1,0,0,20,1,0,0,0,0,0,3,11,0,65,1,2,13,3,1,2014,9,68,1,49,49.0,2,1,1,211,Hibernating
387,1976,UnderGraduation,Partner,7500.0,0,0,2012-11-13,6,16,11,11,1,16,1,2,0,3,8,0,0,0,0,0,0,3,11,0,39,0,0,13,11,4,2012,25,59,5,61,12.2,2,1,2,212,Hibernating
2125,1959,Graduation,Single,63033.0,0,0,2013-11-15,194,61,480,225,112,30,1,3,4,8,2,0,0,0,0,0,0,3,11,0,56,0,0,15,11,4,2013,13,82,15,1102,73.46666666666667,1,3,4,134,At risk
8180,1952,PostGraduation,Single,59354.0,1,1,2013-11-15,233,2,53,3,5,14,3,6,1,5,6,0,0,0,0,0,0,3,11,0,63,1,2,15,11,4,2013,13,53,12,310,25.833333333333332,3,3,3,333,Need Attention
2569,1987,Graduation,Partner,17323.0,0,0,2012-10-10,3,14,17,6,1,5,1,1,0,3,8,0,0,0,0,0,0,3,11,0,28,0,0,10,10,4,2012,27,38,4,46,11.5,4,1,1,411,Promising
2114,1946,PhD,Single,82800.0,0,0,2012-11-24,1006,22,115,59,68,45,1,7,6,12,3,0,0,1,1,0,0,3,11,1,69,0,0,24,11,4,2012,25,23,25,1315,52.6,4,5,5,455,Loyal Customers
9736,1980,Graduation,Partner,41850.0,1,1,2012-12-24,53,5,19,2,13,4,3,3,0,3,8,0,0,0,0,0,0,3,11,0,35,1,2,24,12,4,2012,24,51,6,96,16.0,3,2,2,322,About to sleep
4939,1946,Graduation,Partner,37760.0,0,0,2012-08-31,84,5,38,150,12,28,2,4,1,6,7,0,0,0,0,0,0,3,11,0,69,0,0,31,8,3,2012,28,20,11,317,28.818181818181817,4,3,3,433,Potential Loyalists
6565,1949,PostGraduation,Partner,76995.0,0,1,2013-03-28,1012,80,498,0,16,176,2,11,4,9,5,0,0,0,1,0,0,3,11,0,66,1,1,28,3,1,2013,21,91,24,1782,74.25,1,5,5,155,Can't loose
2278,1985,PostGraduation,Single,33812.0,1,0,2012-11-03,4,17,19,30,24,39,2,2,1,3,6,0,0,0,0,0,0,3,11,0,30,1,1,3,11,4,2012,26,86,6,133,22.166666666666668,1,2,2,122,Hibernating
9360,1982,Graduation,Partner,37040.0,0,0,2012-08-08,86,2,73,69,38,48,1,4,2,5,8,0,0,0,0,0,0,3,11,0,33,0,0,8,8,3,2012,29,41,11,316,28.727272727272727,3,3,3,333,Need Attention
5376,1979,Graduation,Partner,2447.0,1,0,2013-01-06,1,1,1725,1,1,1,15,0,28,0,1,0,0,0,0,0,0,3,11,0,36,1,1,6,1,1,2013,24,42,28,1730,61.785714285714285,3,5,5,355,Loyal Customers
1993,1949,PhD,Partner,58607.0,0,1,2012-12-23,867,0,86,0,0,19,3,2,3,9,8,0,1,0,0,0,0,3,11,0,66,1,1,23,12,4,2012,24,63,14,972,69.42857142857143,2,3,4,234,At risk
4047,1954,PhD,Partner,65324.0,0,1,2014-01-11,384,0,102,21,32,5,3,6,2,9,4,0,0,0,0,0,0,3,11,0,61,1,1,11,1,1,2014,11,0,17,544,32.0,5,4,3,543,Champions
1409,1951,Graduation,Partner,40689.0,0,1,2013-03-18,270,3,27,39,6,99,7,7,1,5,8,0,0,0,0,0,0,3,11,0,64,1,1,18,3,1,2013,21,69,13,444,34.15384615384615,2,3,3,233,At risk
7892,1969,Graduation,Single,18589.0,0,0,2013-01-02,6,4,25,15,12,13,2,2,1,3,7,0,0,0,0,0,0,3,11,0,46,0,0,2,1,1,2013,24,89,6,75,12.5,1,2,2,122,Hibernating
2404,1976,Graduation,Partner,53359.0,1,1,2013-05-27,173,4,30,3,6,41,4,5,1,4,7,0,0,0,0,0,0,3,11,0,39,1,2,27,5,2,2013,19,4,10,257,25.7,5,3,3,533,Potential Loyalists
9422,1989,Graduation,Partner,38360.0,1,0,2013-05-31,36,2,42,20,21,10,2,2,1,4,3,0,0,0,0,0,0,3,11,0,26,1,1,31,5,2,2013,19,26,7,131,18.714285714285715,4,2,2,422,Potential Loyalists
1966,1965,PhD,Partner,84618.0,0,0,2013-11-22,684,100,801,21,66,0,1,6,9,10,2,0,0,1,0,0,0,3,11,0,50,0,0,22,11,4,2013,13,96,25,1672,66.88,1,5,5,155,Can't loose
6864,1989,PostGraduation,Single,10979.0,0,0,2014-05-22,8,4,10,2,2,4,2,3,0,3,5,0,0,0,0,0,0,3,11,0,26,0,0,22,5,2,2014,7,34,6,30,5.0,4,2,1,421,Potential Loyalists
3033,1963,PostGraduation,Partner,38620.0,0,0,2013-05-11,112,17,44,34,22,89,1,2,5,3,3,0,0,0,0,0,0,3,11,0,52,0,0,11,5,2,2013,20,56,10,318,31.8,3,3,3,333,Need Attention
5710,1970,Graduation,Partner,40548.0,0,1,2012-10-10,110,0,5,2,0,3,2,2,1,4,5,0,1,0,0,0,0,3,11,0,45,1,1,10,10,4,2012,27,31,7,120,17.142857142857142,4,2,2,422,Potential Loyalists
7373,1952,PhD,Single,46610.0,0,2,2012-10-29,96,12,96,33,22,43,6,4,1,6,6,0,0,0,0,0,0,3,11,1,63,1,2,29,10,4,2012,26,8,11,302,27.454545454545453,5,3,3,533,Potential Loyalists
8755,1946,PostGraduation,Partner,68657.0,0,0,2013-02-20,482,34,471,119,68,22,1,3,5,9,7,0,0,0,0,0,0,3,11,0,69,0,0,20,2,1,2013,22,4,17,1196,70.3529411764706,5,4,5,545,Champions
10738,1951,PostGraduation,Single,49389.0,1,1,2013-08-29,40,0,19,2,1,3,1,2,0,3,7,0,0,0,0,0,0,3,11,0,64,1,2,29,8,3,2013,16,55,5,65,13.0,3,1,2,312,About to sleep
4339,1970,PhD,Partner,67353.0,0,1,2013-12-31,702,17,151,0,8,35,5,5,6,12,2,0,0,0,0,0,0,3,11,0,45,1,1,31,12,4,2013,12,37,23,913,39.69565217391305,4,5,4,454,Loyal Customers
10755,1976,PostGraduation,Partner,23718.0,1,0,2013-09-02,6,3,14,15,7,36,3,3,1,2,7,0,0,0,0,0,0,3,11,0,39,1,1,2,9,3,2013,16,76,6,81,13.5,2,2,2,222,Hibernating
8595,1973,Graduation,Single,42429.0,0,1,2014-02-11,55,0,6,2,0,4,2,1,1,3,5,0,0,0,0,0,0,3,11,0,42,1,1,11,2,1,2014,10,99,5,67,13.4,1,1,2,112,Hibernating
2968,1943,PhD,Single,48948.0,0,0,2013-02-01,437,8,206,160,49,42,2,7,10,5,6,1,0,0,0,0,0,3,11,1,72,0,0,1,2,1,2013,23,53,22,902,41.0,3,5,4,354,Loyal Customers
8601,1980,Graduation,Partner,80011.0,0,1,2013-04-29,421,76,536,82,178,102,2,8,6,5,4,0,0,0,0,0,0,3,11,0,35,1,1,29,4,2,2013,20,3,19,1395,73.42105263157895,5,4,5,545,Champions
503,1985,PostGraduation,Partner,20559.0,1,0,2013-03-12,13,1,29,3,0,7,2,2,0,3,8,0,0,0,0,0,0,3,11,0,30,1,1,12,3,1,2013,22,88,5,53,10.6,1,1,1,111,Hibernating
8430,1957,Graduation,Partner,21994.0,0,1,2012-12-24,9,0,6,3,1,3,1,0,0,3,5,0,0,0,0,0,0,3,11,0,58,1,1,24,12,4,2012,24,4,3,22,7.333333333333333,5,1,1,511,New Customers
2139,1975,PostGraduation,Partner,7500.0,1,0,2013-10-02,3,1,10,3,2,12,3,2,0,3,5,0,0,0,0,0,0,3,11,0,40,1,1,2,10,4,2013,15,19,5,31,6.2,5,1,1,511,New Customers
1371,1976,Graduation,Single,79941.0,0,0,2014-06-28,123,164,266,227,30,174,1,2,4,9,1,0,0,0,0,0,0,3,11,0,39,0,0,28,6,2,2014,6,72,15,984,65.6,2,3,4,234,At risk
9909,1996,PostGraduation,Partner,7500.0,0,0,2012-11-09,3,18,14,15,22,50,3,3,1,3,9,0,0,0,0,0,0,3,11,1,19,0,0,9,11,4,2012,26,24,7,122,17.428571428571427,4,2,2,422,Potential Loyalists
7286,1968,Graduation,Partner,41728.0,1,0,2013-05-24,13,6,15,3,5,13,1,2,0,2,10,0,0,0,0,0,0,3,11,0,47,1,1,24,5,2,2013,19,92,4,55,13.75,1,1,1,111,Hibernating
6566,1954,PhD,Partner,72550.0,1,1,2012-11-08,826,50,317,50,38,38,9,5,2,12,8,0,0,0,0,0,0,3,11,0,61,1,2,8,11,4,2012,26,39,19,1319,69.42105263157895,4,4,5,445,Loyal Customers
8614,1957,Graduation,Single,65486.0,0,1,2014-05-12,245,19,125,37,67,14,1,4,2,10,2,0,0,0,0,0,0,3,11,0,58,1,1,12,5,2,2014,7,29,16,507,31.6875,4,4,3,443,Loyal Customers
4114,1964,PostGraduation,Partner,79143.0,0,0,2012-08-11,650,37,780,27,167,32,1,6,9,13,3,0,0,0,0,0,0,3,11,0,51,0,0,11,8,3,2012,29,2,28,1693,60.464285714285715,5,5,5,555,Champions
1331,1977,Graduation,Single,35790.0,1,0,2013-01-02,12,6,20,30,1,3,2,2,0,3,7,0,0,0,0,0,0,3,11,0,38,1,1,2,1,1,2013,24,54,5,72,14.4,3,1,2,312,About to sleep
2225,1977,Graduation,Single,82582.0,0,0,2014-06-07,510,120,550,156,40,241,1,4,9,7,1,1,0,0,1,0,0,3,11,1,38,0,0,7,6,2,2014,6,54,20,1617,80.85,3,4,5,345,Loyal Customers
9381,1978,Graduation,Partner,66373.0,1,1,2013-06-12,328,9,124,12,24,109,7,4,2,10,3,0,0,0,0,0,0,3,11,0,37,1,2,12,6,2,2013,18,57,16,606,37.875,3,4,3,343,Loyal Customers
6260,1955,PostGraduation,Partner,82384.0,0,0,2012-11-19,984,51,432,180,120,190,1,3,10,13,1,0,0,1,0,0,0,3,11,1,60,0,0,19,11,4,2012,25,55,26,1957,75.26923076923077,3,5,5,355,Loyal Customers
10383,1966,Graduation,Single,70287.0,0,0,2013-04-02,295,35,482,121,120,40,1,5,5,10,3,0,0,0,0,0,0,3,11,1,49,0,0,2,4,2,2013,21,30,20,1093,54.65,4,4,4,444,Loyal Customers
7437,1988,Graduation,Single,27938.0,1,0,2014-04-28,13,0,8,2,1,5,1,1,0,4,3,0,0,0,0,0,0,3,11,0,27,1,1,28,4,2,2014,8,31,5,29,5.8,4,1,1,411,Promising
8375,1968,PhD,Partner,55954.0,0,1,2014-03-03,447,0,28,0,0,43,3,8,2,6,7,0,0,0,0,0,0,3,11,0,47,1,1,3,3,1,2014,10,63,16,518,32.375,2,4,3,243,At risk
6853,1982,PostGraduation,Single,75777.0,0,0,2013-07-04,712,26,538,69,13,80,1,3,6,11,1,0,1,1,0,0,0,3,11,1,33,0,0,4,7,3,2013,18,12,20,1438,71.9,5,4,5,545,Champions
3076,1975,Graduation,Partner,66653.0,1,1,2012-09-07,452,18,102,16,18,6,4,4,2,12,3,0,0,0,0,0,0,3,11,0,40,1,2,7,9,3,2012,28,18,18,612,34.0,5,4,3,543,Champions
1012,1952,Graduation,Single,61823.0,0,1,2013-02-18,523,7,134,37,14,169,4,8,2,10,7,0,0,0,0,0,0,3,11,0,63,1,1,18,2,1,2013,22,26,20,884,44.2,4,4,4,444,Loyal Customers
6518,1951,PhD,Single,67680.0,0,1,2013-06-11,546,0,48,0,6,6,1,7,3,8,5,0,0,0,0,0,0,3,11,0,64,1,1,11,6,2,2013,18,8,18,606,33.666666666666664,5,4,3,543,Champions
4137,1948,Graduation,Partner,70666.0,0,0,2013-12-06,398,40,367,119,122,30,1,7,4,4,4,0,0,0,0,0,0,3,11,0,67,0,0,6,12,4,2013,13,29,15,1076,71.73333333333333,4,3,4,434,Potential Loyalists
8082,1971,Graduation,Partner,25721.0,1,0,2013-05-21,1,3,6,3,6,15,1,1,1,2,7,0,0,0,0,0,0,3,11,1,44,1,1,21,5,2,2013,19,75,4,34,8.5,2,1,1,211,Hibernating
1386,1967,Graduation,Partner,32474.0,1,1,2014-05-11,10,0,1,0,0,0,1,1,0,2,7,0,0,0,0,0,0,3,11,0,48,1,2,11,5,2,2014,7,0,3,11,3.6666666666666665,5,1,1,511,New Customers
9369,1979,PostGraduation,Single,88194.0,0,1,2014-03-19,688,14,309,201,24,38,1,11,10,10,5,1,0,0,1,0,0,3,11,1,36,1,1,19,3,1,2014,9,19,31,1274,41.096774193548384,5,5,5,555,Champions
4477,1958,Graduation,Partner,69096.0,0,1,2013-09-27,247,49,159,7,82,109,1,5,2,10,4,0,0,0,0,0,0,3,11,0,57,1,1,27,9,3,2013,15,4,17,653,38.411764705882355,5,4,4,544,Champions
1357,1970,Graduation,Partner,74854.0,1,2,2013-04-08,856,59,487,58,29,73,7,2,5,5,5,0,0,0,0,0,0,3,11,0,45,1,3,8,4,2,2013,21,90,12,1562,130.16666666666666,1,3,5,135,At risk
1402,1954,PostGraduation,Partner,66991.0,0,0,2012-09-11,496,36,460,189,60,12,3,4,8,6,3,0,0,0,0,0,0,3,11,0,61,0,0,11,9,3,2012,28,1,18,1253,69.61111111111111,5,4,5,545,Champions
6312,1959,Graduation,Partner,65031.0,0,1,2013-03-17,258,107,291,84,37,86,4,10,3,13,7,0,0,0,0,0,0,3,11,0,56,1,1,17,3,1,2013,21,29,26,863,33.19230769230769,4,5,4,454,Loyal Customers
8132,1975,PhD,Partner,60631.0,1,1,2013-04-05,565,6,65,0,6,19,5,9,2,8,7,0,1,0,0,0,0,3,11,0,40,1,2,5,4,2,2013,21,88,19,661,34.78947368421053,1,4,4,144,At risk
1050,1952,Graduation,Partner,28332.0,0,0,2014-04-30,14,10,13,4,15,9,1,2,1,4,2,0,0,0,0,0,0,3,11,0,63,0,0,30,4,2,2014,8,58,7,65,9.285714285714286,3,2,2,322,About to sleep
5846,1977,Graduation,Single,40246.0,1,0,2012-12-19,2,1,6,2,1,1,1,1,0,2,6,0,0,0,0,0,0,3,11,0,38,1,1,19,12,4,2012,24,68,3,13,4.333333333333333,2,1,1,211,Hibernating
1859,1972,PostGraduation,Partner,75251.0,0,0,2012-08-27,721,111,925,97,18,18,1,7,6,5,5,0,0,0,0,0,0,3,11,1,43,0,0,27,8,3,2012,28,34,18,1890,105.0,4,4,5,445,Loyal Customers
7503,1976,Graduation,Single,75825.0,0,0,2012-10-12,1032,105,779,137,105,51,0,5,8,9,4,1,0,0,0,0,0,3,11,1,39,0,0,12,10,4,2012,27,40,22,2209,100.4090909090909,3,5,5,355,Loyal Customers
10401,1976,PostGraduation,Partner,26326.0,0,0,2013-09-04,1,0,5,0,3,9,1,0,0,3,3,0,0,0,0,0,1,3,11,0,39,0,0,4,9,3,2013,16,12,3,18,6.0,5,1,1,511,New Customers
1618,1965,Graduation,Partner,56046.0,0,0,2013-01-02,577,0,64,0,0,51,2,10,1,8,8,1,0,0,0,0,0,3,11,1,50,0,0,2,1,1,2013,24,9,19,692,36.421052631578945,5,4,4,544,Champions
3332,1985,Graduation,Single,29760.0,1,0,2012-08-29,64,4,68,7,5,17,4,3,1,4,8,0,0,0,0,0,0,3,11,0,30,1,1,29,8,3,2012,28,87,8,165,20.625,1,2,2,122,Hibernating
2261,1969,Graduation,Partner,26304.0,1,0,2013-06-23,4,1,5,2,0,4,1,1,0,2,7,0,0,0,0,0,0,3,11,0,46,1,1,23,6,2,2013,18,5,3,16,5.333333333333333,5,1,1,511,New Customers
5346,1973,PostGraduation,Partner,23559.0,1,0,2013-07-03,25,5,19,7,0,23,3,3,0,3,7,0,0,0,0,0,0,3,11,0,42,1,1,3,7,3,2013,18,87,6,79,13.166666666666666,1,2,2,122,Hibernating
4119,1963,PostGraduation,Partner,38620.0,0,0,2013-05-11,112,17,44,34,22,89,1,2,5,3,3,0,0,0,0,0,0,3,11,0,52,0,0,11,5,2,2013,20,56,10,318,31.8,3,3,3,333,Need Attention
535,1987,Graduation,Single,81361.0,0,0,2014-02-25,163,23,424,27,65,76,1,3,10,13,1,0,0,0,0,0,0,3,11,0,28,0,0,25,2,1,2014,10,18,26,778,29.923076923076923,5,5,4,554,Champions
5268,1960,Graduation,Partner,29440.0,1,1,2013-08-11,17,8,14,10,4,3,2,1,0,4,7,0,0,0,0,0,0,3,11,0,55,1,2,11,8,3,2013,16,95,5,56,11.2,1,1,2,112,Hibernating
273,1970,PostGraduation,Partner,36138.0,1,1,2013-07-16,130,0,16,0,0,5,5,3,1,4,7,0,1,0,0,0,0,3,11,0,45,1,2,16,7,3,2013,17,48,8,151,18.875,3,2,2,322,About to sleep
4452,1957,Graduation,Single,50388.0,0,1,2014-05-28,292,6,37,0,3,34,4,6,1,6,7,0,1,0,1,0,0,3,11,1,58,1,1,28,5,2,2014,7,3,13,372,28.615384615384617,5,3,3,533,Potential Loyalists
8504,1973,Graduation,Partner,79593.0,0,0,2014-05-12,350,60,568,110,133,145,1,5,6,7,2,0,0,1,0,0,0,3,11,0,42,0,0,12,5,2,2014,7,70,18,1366,75.88888888888889,2,4,5,245,At risk
771,1967,Graduation,Partner,54178.0,0,1,2014-01-21,135,9,39,4,0,7,1,2,2,5,2,0,0,0,0,0,0,3,11,0,48,1,1,21,1,1,2014,11,79,9,194,21.555555555555557,2,2,2,222,Hibernating
11178,1972,PostGraduation,Single,42394.0,1,0,2014-03-23,15,2,10,0,1,4,1,1,0,3,7,0,0,0,0,0,0,3,11,0,43,1,1,23,3,1,2014,9,69,4,32,8.0,2,1,1,211,Hibernating
2230,1970,PhD,Partner,23626.0,1,0,2014-05-24,27,2,14,0,0,0,3,3,1,3,5,0,0,0,0,0,0,3,11,0,45,1,1,24,5,2,2014,7,84,7,43,6.142857142857143,1,2,1,121,Hibernating
7516,1983,Graduation,Partner,30096.0,1,0,2014-05-22,5,3,11,12,5,9,1,2,0,3,6,0,0,0,0,0,0,3,11,0,32,1,1,22,5,2,2014,7,30,5,45,9.0,4,1,1,411,Promising
7247,1960,Graduation,Single,47916.0,0,1,2012-11-22,505,0,26,0,0,75,5,7,4,6,6,0,1,0,0,0,0,3,11,0,55,1,1,22,11,4,2012,25,72,17,606,35.64705882352941,2,4,3,243,At risk
11100,1972,Graduation,Single,51813.0,1,1,2013-04-11,51,2,7,0,1,2,2,2,0,3,7,0,0,0,0,0,0,3,11,0,43,1,2,11,4,2,2013,21,37,5,63,12.6,4,1,2,412,Promising
4646,1951,PostGraduation,Partner,78497.0,0,0,2013-12-01,207,26,447,75,0,223,1,5,7,12,2,0,0,0,1,0,0,3,11,0,64,0,0,1,12,4,2013,13,44,24,978,40.75,3,5,4,354,Loyal Customers
3037,1983,PhD,Partner,50150.0,0,0,2013-06-20,135,46,92,65,61,11,2,5,2,7,5,0,0,0,0,0,0,3,11,0,32,0,0,20,6,2,2013,18,32,14,410,29.285714285714285,4,3,3,433,Potential Loyalists
1473,1960,PostGraduation,Single,47823.0,0,1,2013-07-23,53,1,5,2,1,10,2,2,0,3,8,0,0,0,0,0,0,3,11,0,55,1,1,23,7,3,2013,17,0,5,72,14.4,5,1,2,512,New Customers
1016,1959,PhD,Single,34554.0,0,1,2014-03-30,41,1,6,2,0,5,2,2,0,3,6,0,0,0,0,0,0,3,11,0,56,1,1,30,3,1,2014,9,43,5,55,11.0,3,1,1,311,About to sleep
4518,1979,Graduation,Partner,85693.0,0,1,2013-04-20,386,172,183,185,132,111,2,9,5,11,5,0,0,0,0,0,0,3,11,0,36,1,1,20,4,2,2013,20,59,25,1169,46.76,2,5,4,254,Can't loose
9370,1945,PhD,Partner,65846.0,0,0,2013-05-17,562,81,276,80,40,81,1,6,3,6,4,0,0,0,0,0,0,3,11,0,70,0,0,17,5,2,2013,19,68,15,1120,74.66666666666667,2,3,4,234,At risk
8908,1959,Graduation,Partner,87195.0,0,0,2014-05-08,217,76,690,50,26,38,1,3,11,5,1,0,0,0,0,0,0,3,11,1,56,0,0,8,5,2,2014,7,35,19,1097,57.73684210526316,4,4,4,444,Loyal Customers
8373,1979,UnderGraduation,Partner,24594.0,1,0,2013-12-10,1,3,6,10,0,9,1,1,0,3,5,0,0,0,0,0,0,3,11,0,36,1,1,10,12,4,2013,12,94,4,29,7.25,1,1,1,111,Hibernating
7533,1964,Graduation,Partner,49096.0,1,1,2013-09-24,144,1,32,2,1,7,4,4,1,4,7,0,0,0,0,0,0,3,11,0,51,1,2,24,9,3,2013,15,15,9,187,20.77777777777778,5,2,2,522,Potential Loyalists
2683,1969,Graduation,Partner,52413.0,0,2,2013-02-02,295,106,271,75,98,65,4,6,4,12,6,0,0,0,0,0,0,3,11,0,46,1,2,2,2,1,2013,23,56,22,910,41.36363636363637,3,5,4,354,Loyal Customers
3629,1978,Graduation,Single,38557.0,1,0,2012-12-19,76,3,31,4,4,27,2,3,1,3,7,0,0,0,0,0,0,3,11,0,37,1,1,19,12,4,2012,24,17,7,145,20.714285714285715,5,2,2,522,Potential Loyalists
10991,1960,PostGraduation,Partner,89058.0,0,0,2012-12-07,454,194,106,31,22,43,1,5,4,4,2,0,0,0,0,0,0,3,11,0,55,0,0,7,12,4,2012,25,18,13,850,65.38461538461539,5,3,4,534,Potential Loyalists
5077,1979,Graduation,Partner,77298.0,0,1,2013-11-02,425,115,292,23,35,79,1,6,6,11,3,0,0,0,0,0,0,3,11,0,36,1,1,2,11,4,2013,14,46,23,969,42.130434782608695,3,5,4,354,Loyal Customers
7431,1991,PhD,Single,68126.0,0,0,2012-11-10,1332,17,311,23,51,86,1,7,4,5,9,0,1,0,0,0,0,3,11,1,24,0,0,10,11,4,2012,26,40,16,1820,113.75,3,4,5,345,Loyal Customers
3267,1963,PostGraduation,Partner,57288.0,0,1,2014-06-25,527,0,21,0,0,60,3,8,1,8,6,0,1,0,0,0,0,3,11,0,52,1,1,25,6,2,2014,6,27,17,608,35.76470588235294,4,4,3,443,Loyal Customers
999,1991,Graduation,Single,86037.0,0,0,2013-01-02,490,44,125,29,20,22,1,6,7,11,3,0,1,1,0,0,0,3,11,1,24,0,0,2,1,1,2013,24,95,24,730,30.416666666666668,1,5,4,154,Can't loose
9215,1980,PhD,Partner,43974.0,1,0,2012-12-12,378,0,101,0,0,72,5,6,4,6,7,0,0,0,0,0,0,3,11,0,35,1,1,12,12,4,2012,25,19,16,551,34.4375,5,4,3,543,Champions
2286,1962,Graduation,Single,50785.0,1,1,2013-09-10,64,1,21,0,1,27,2,2,1,3,6,0,0,0,0,0,0,3,11,0,53,1,2,10,9,3,2013,15,27,6,114,19.0,4,2,2,422,Potential Loyalists
1592,1970,Graduation,Partner,90765.0,0,0,2014-01-24,547,99,812,151,82,33,0,4,6,5,1,0,0,1,1,0,0,3,11,0,45,0,0,24,1,1,2014,11,25,15,1724,114.93333333333334,4,3,5,435,Potential Loyalists
367,1978,PostGraduation,Partner,36550.0,1,0,2013-02-19,47,90,94,123,103,120,5,9,1,5,9,0,0,0,0,0,0,3,11,0,37,1,1,19,2,1,2013,22,74,15,577,38.46666666666667,2,3,3,233,At risk
5234,1967,PostGraduation,Partner,30753.0,1,1,2013-07-11,12,5,25,0,9,30,2,1,1,3,5,0,0,0,0,0,0,3,11,0,48,1,2,11,7,3,2013,17,85,5,81,16.2,1,1,2,112,Hibernating
9862,1969,Graduation,Partner,21918.0,1,0,2013-11-14,1,6,7,11,5,3,2,2,0,3,6,0,0,0,0,0,0,3,11,0,46,1,1,14,11,4,2013,13,37,5,33,6.6,4,1,1,411,Promising
9805,1953,PostGraduation,Partner,56129.0,0,1,2013-06-20,320,48,133,39,72,48,4,6,2,10,4,0,0,0,0,0,0,3,11,0,62,1,1,20,6,2,2013,18,65,18,660,36.666666666666664,2,4,4,244,At risk
6205,1967,PostGraduation,Single,32557.0,1,0,2014-02-24,34,3,29,0,4,10,3,2,1,3,5,0,0,0,0,0,0,3,11,1,48,1,1,24,2,1,2014,10,13,6,80,13.333333333333334,5,2,2,522,Potential Loyalists
8442,1985,PostGraduation,Partner,19510.0,2,0,2013-09-04,9,0,7,3,4,7,2,1,0,3,7,0,0,0,0,0,0,3,11,0,30,1,2,4,9,3,2013,16,63,4,30,7.5,2,1,1,211,Hibernating
7386,1976,Graduation,Single,30992.0,1,0,2013-04-22,17,0,14,7,3,2,1,1,0,3,7,0,0,0,0,0,0,3,11,0,39,1,1,22,4,2,2013,20,83,4,43,10.75,1,1,1,111,Hibernating
7215,1983,Graduation,Single,101970.0,0,0,2013-03-12,722,27,102,44,72,168,0,6,8,13,2,0,1,1,1,0,0,3,11,1,32,0,0,12,3,1,2013,22,69,27,1135,42.03703703703704,2,5,4,254,Can't loose
1491,1965,PostGraduation,Partner,71488.0,0,0,2013-02-18,162,33,124,40,28,172,2,3,4,7,1,0,0,0,0,0,0,3,11,0,50,0,0,18,2,1,2013,22,87,14,559,39.92857142857143,1,3,3,133,At risk
11071,1984,Graduation,Single,79607.0,0,0,2013-04-21,450,133,951,173,0,216,1,3,6,6,1,0,0,0,0,0,0,3,11,1,31,0,0,21,4,2,2013,20,37,15,1923,128.2,4,3,5,435,Potential Loyalists
3381,1953,PostGraduation,Partner,54348.0,1,1,2014-06-08,70,0,16,0,0,4,2,2,0,4,6,0,0,0,0,0,0,3,11,0,62,1,2,8,6,2,2014,6,51,6,90,15.0,3,2,2,322,About to sleep
11051,1956,PhD,Partner,77376.0,1,1,2014-05-10,492,19,110,16,12,12,4,6,3,10,4,0,0,0,0,0,0,3,11,0,59,1,2,10,5,2,2014,7,72,19,661,34.78947368421053,2,4,4,244,At risk
8026,1952,Graduation,Partner,62998.0,0,1,2013-09-30,120,58,73,65,89,58,5,5,4,5,5,0,0,0,0,0,0,3,11,0,63,1,1,30,9,3,2013,15,10,14,463,33.07142857142857,5,3,3,533,Potential Loyalists
433,1958,PostGraduation,Single,61331.0,1,1,2013-03-10,534,5,47,0,5,41,5,11,1,6,8,0,0,0,0,0,0,3,11,0,57,1,2,10,3,1,2013,22,42,18,632,35.111111111111114,3,4,3,343,Loyal Customers
9597,1969,Graduation,Partner,73448.0,0,0,2014-02-10,236,106,189,23,41,130,1,7,2,9,4,0,0,0,0,0,0,3,11,0,46,0,0,10,2,1,2014,10,10,18,725,40.27777777777778,5,4,4,544,Champions
5290,1964,PhD,Partner,41551.0,1,1,2013-08-14,220,0,33,3,0,23,5,5,1,5,8,0,0,0,0,0,0,3,11,0,51,1,2,14,8,3,2013,16,51,11,279,25.363636363636363,3,3,3,333,Need Attention
1685,1967,PhD,Partner,62981.0,0,0,2013-03-17,796,14,590,38,44,0,1,4,5,13,3,0,1,0,0,0,0,3,11,0,48,0,0,17,3,1,2013,21,21,22,1482,67.36363636363636,4,5,5,455,Loyal Customers
5342,1976,UnderGraduation,Single,9548.0,1,0,2012-08-08,0,1,3,10,6,9,2,1,0,3,8,0,0,0,0,0,0,3,11,0,39,1,1,8,8,3,2012,29,31,4,29,7.25,4,1,1,411,Promising
9579,1959,PhD,Partner,33762.0,2,1,2013-07-07,53,1,34,2,0,16,3,2,2,2,8,0,0,0,0,0,0,3,11,0,56,1,3,7,7,3,2013,18,61,6,106,17.666666666666668,2,2,2,222,Hibernating
7660,1973,PhD,Single,35860.0,1,1,2014-05-19,15,0,8,4,2,20,2,1,1,2,5,1,0,0,0,0,0,3,11,1,42,1,2,19,5,2,2014,7,37,4,49,12.25,4,1,1,411,Promising
1461,1965,PhD,Single,36921.0,1,1,2013-07-28,17,1,12,3,1,4,2,2,0,3,7,0,0,0,0,0,0,3,11,0,50,1,2,28,7,3,2013,17,74,5,38,7.6,2,1,1,211,Hibernating
821,1992,PostGraduation,Single,92859.0,0,0,2012-10-19,962,61,921,52,61,20,1,5,4,12,2,0,0,0,0,0,0,3,11,0,23,0,0,19,10,4,2012,26,46,21,2077,98.9047619047619,3,5,5,355,Loyal Customers
11084,1976,PostGraduation,Partner,65104.0,0,1,2013-11-14,738,0,232,13,20,50,2,3,5,7,7,0,0,0,0,0,0,3,11,1,39,1,1,14,11,4,2013,13,4,15,1053,70.2,5,3,4,534,Potential Loyalists
8690,1962,Graduation,Partner,86111.0,0,0,2013-04-19,399,28,756,36,40,126,1,5,7,10,2,0,0,0,0,0,0,3,11,0,53,0,0,19,4,2,2013,20,73,22,1385,62.95454545454545,2,5,5,255,Can't loose
2937,1974,PhD,Single,68352.0,0,1,2013-08-28,614,16,132,43,33,33,3,8,5,9,6,0,0,0,0,0,0,3,11,0,41,1,1,28,8,3,2013,16,47,22,871,39.59090909090909,3,5,4,354,Loyal Customers
9701,1988,Graduation,Partner,41883.0,1,0,2013-03-19,32,34,41,73,16,116,3,4,2,3,7,0,0,0,0,0,0,3,11,0,27,1,1,19,3,1,2013,21,13,9,312,34.666666666666664,5,2,3,523,Potential Loyalists
9949,1976,Graduation,Partner,59809.0,0,2,2012-10-18,598,16,141,32,41,49,3,3,3,6,8,0,0,0,0,0,0,3,11,0,39,1,2,18,10,4,2012,26,36,12,877,73.08333333333333,4,3,4,434,Potential Loyalists
10837,1975,Graduation,Partner,23957.0,1,0,2012-10-28,2,1,18,20,11,16,1,2,0,3,6,0,0,0,0,0,0,3,11,1,40,1,1,28,10,4,2012,26,47,5,68,13.6,3,1,2,312,About to sleep
3120,1981,Graduation,Partner,38547.0,1,0,2013-08-28,6,1,10,0,1,4,1,1,0,2,8,0,0,0,0,0,1,3,11,0,34,1,1,28,8,3,2013,16,49,3,22,7.333333333333333,3,1,1,311,About to sleep
5885,1973,PostGraduation,Partner,35688.0,2,1,2012-08-22,73,3,90,12,1,32,7,4,1,4,8,0,0,0,0,0,0,3,11,0,42,1,3,22,8,3,2012,28,94,9,211,23.444444444444443,1,2,3,123,Hibernating
4050,1966,PostGraduation,Partner,49605.0,0,0,2014-06-21,42,16,29,12,20,8,1,2,1,4,3,0,0,0,0,0,0,3,11,0,49,0,0,21,6,2,2014,6,65,7,127,18.142857142857142,2,2,2,222,Hibernating
3830,1953,PostGraduation,Partner,59354.0,0,2,2014-04-24,295,21,78,39,13,13,1,4,4,7,3,0,0,0,0,0,0,3,11,0,62,1,2,24,4,2,2014,8,59,15,459,30.6,2,3,3,233,At risk
7987,1969,Graduation,Partner,65747.0,0,1,2014-03-07,346,17,48,23,13,13,4,8,1,6,6,0,1,0,0,0,0,3,11,0,46,1,1,7,3,1,2014,10,96,15,460,30.666666666666668,1,3,3,133,At risk
7798,1972,PostGraduation,Partner,46344.0,0,1,2012-12-14,233,20,57,8,20,91,4,7,1,5,7,0,0,0,0,0,0,3,11,0,43,1,1,14,12,4,2012,24,28,13,429,33.0,4,3,3,433,Potential Loyalists
92,1988,Graduation,Single,34176.0,1,0,2014-05-12,5,7,24,19,14,20,4,3,0,4,6,0,0,0,0,0,0,3,11,0,27,1,1,12,5,2,2014,7,12,7,89,12.714285714285714,5,2,2,522,Potential Loyalists
7055,1952,PhD,Partner,61010.0,0,1,2012-10-09,888,0,57,0,0,76,2,8,5,11,5,0,0,0,0,0,0,3,11,0,63,1,1,9,10,4,2012,27,57,24,1021,42.541666666666664,3,5,4,354,Loyal Customers
10240,1949,Graduation,Partner,69372.0,0,0,2013-02-19,997,26,269,34,13,42,1,10,4,6,4,0,1,1,0,0,0,3,11,1,66,0,0,19,2,1,2013,22,10,20,1381,69.05,5,4,5,545,Champions
3025,1958,Graduation,Single,49967.0,0,1,2013-07-08,212,6,69,4,12,3,3,6,1,5,7,0,0,0,0,0,0,3,11,0,57,1,1,8,7,3,2013,18,4,12,306,25.5,5,3,3,533,Potential Loyalists
9283,1978,Graduation,Single,60199.0,1,2,2013-09-12,8,1,7,2,0,0,1,0,0,3,4,0,0,0,0,0,0,3,11,0,37,1,3,12,9,3,2013,15,49,3,18,6.0,3,1,1,311,About to sleep
9970,1977,Graduation,Partner,55375.0,0,1,2013-10-17,42,11,57,10,28,14,1,1,1,6,2,0,0,0,0,0,0,3,11,0,38,1,1,17,10,4,2013,14,3,8,162,20.25,5,2,2,522,Potential Loyalists
2730,1955,Graduation,Single,80317.0,0,0,2013-08-20,536,11,387,149,91,57,1,3,4,10,1,0,0,0,0,0,0,3,11,0,60,0,0,20,8,3,2013,16,64,17,1231,72.41176470588235,2,4,5,245,At risk
2795,1958,PostGraduation,Single,30523.0,2,1,2013-07-01,5,0,3,0,0,5,1,1,0,2,7,0,0,0,0,0,0,3,11,0,57,1,3,1,7,3,2013,18,0,3,13,4.333333333333333,5,1,1,511,New Customers
9260,1945,PhD,Partner,70356.0,0,0,2012-11-05,1349,16,249,43,16,33,2,10,6,9,6,0,0,0,0,0,0,3,11,0,70,0,0,5,11,4,2012,26,20,25,1706,68.24,4,5,5,455,Loyal Customers
8182,1984,Graduation,Partner,23228.0,1,0,2014-01-05,53,3,49,7,4,5,4,3,0,4,8,0,0,0,0,0,0,3,11,0,31,1,1,5,1,1,2014,12,91,7,121,17.285714285714285,1,2,2,122,Hibernating
10095,1975,PhD,Single,74165.0,0,0,2013-05-01,1001,12,240,16,12,12,1,5,4,10,2,0,0,0,0,0,0,3,11,0,40,0,0,1,5,2,2013,20,9,19,1293,68.05263157894737,5,4,5,545,Champions
8475,1973,PhD,Partner,157243.0,0,1,2014-03-01,20,2,1582,1,2,1,15,0,22,0,0,0,0,0,0,0,0,3,11,0,42,1,1,1,3,1,2014,10,98,22,1608,73.0909090909091,1,5,5,155,Can't loose
4370,1966,Graduation,Partner,43482.0,2,1,2013-11-13,18,1,32,6,3,28,3,2,0,4,6,0,0,0,0,0,0,3,11,0,49,1,3,13,11,4,2013,13,83,6,88,14.666666666666666,1,2,2,122,Hibernating
10573,1953,Graduation,Single,62551.0,0,0,2013-11-18,125,16,98,134,21,27,1,6,7,4,3,1,0,0,0,0,0,3,11,0,62,0,0,18,11,4,2013,13,27,17,421,24.764705882352942,4,4,3,443,Loyal Customers
3712,1959,Graduation,Single,52332.0,0,0,2013-08-28,212,5,33,7,0,2,1,3,2,6,4,0,1,0,0,0,0,3,11,0,56,0,0,28,8,3,2013,16,63,11,259,23.545454545454547,2,3,3,233,At risk
6637,1988,Graduation,Single,66951.0,0,0,2013-11-02,277,162,305,173,76,124,1,3,4,7,1,0,0,0,0,0,0,3,11,0,27,0,0,2,11,4,2013,14,46,14,1117,79.78571428571429,3,3,4,334,Need Attention
3152,1957,Graduation,Partner,26091.0,1,1,2014-02-25,15,10,19,8,17,20,3,2,1,3,5,0,0,0,0,0,0,3,11,0,58,1,2,25,2,1,2014,10,84,6,89,14.833333333333334,1,2,2,122,Hibernating
5610,1965,Graduation,Partner,33456.0,1,1,2014-04-21,7,3,10,8,1,7,2,1,0,3,7,0,0,0,0,0,0,3,11,0,50,1,2,21,4,2,2014,8,58,4,36,9.0,3,1,1,311,About to sleep
6460,1982,Graduation,Partner,28718.0,1,0,2013-07-13,12,4,6,11,8,16,2,2,0,3,8,0,0,0,0,0,0,3,11,0,33,1,1,13,7,3,2013,17,78,5,57,11.4,2,1,2,212,Hibernating
1349,1970,Graduation,Partner,50447.0,2,0,2014-04-21,85,7,24,2,3,27,1,3,1,3,6,0,0,0,0,0,0,3,11,0,45,1,2,21,4,2,2014,8,4,7,148,21.142857142857142,5,2,2,522,Potential Loyalists
1880,1959,PhD,Partner,53537.0,1,1,2014-01-30,81,0,6,0,0,6,2,2,1,3,5,0,0,0,0,0,0,3,11,0,56,1,2,30,1,1,2014,11,17,6,93,15.5,5,2,2,522,Potential Loyalists
641,1967,Graduation,Single,52074.0,0,1,2014-04-04,59,0,12,0,0,48,1,2,2,2,4,1,0,0,0,0,0,3,11,0,48,1,1,4,4,2,2014,9,77,6,119,19.833333333333332,2,2,2,222,Hibernating
8717,1975,PhD,Partner,80427.0,0,1,2012-09-12,1149,71,449,69,71,26,1,11,8,8,5,0,0,0,0,0,0,3,11,0,40,1,1,12,9,3,2012,28,56,27,1835,67.96296296296296,3,5,5,355,Loyal Customers
10314,1948,PhD,Partner,83837.0,0,0,2012-12-16,847,66,119,86,89,111,1,9,10,5,4,0,1,0,1,0,0,3,11,1,67,0,0,16,12,4,2012,24,79,24,1318,54.916666666666664,2,5,5,255,Can't loose
10854,1970,PhD,Partner,38853.0,1,1,2014-05-23,29,0,14,0,0,2,2,2,0,3,7,0,0,0,0,0,0,3,11,0,45,1,2,23,5,2,2014,7,90,5,45,9.0,1,1,1,111,Hibernating
10492,1959,Graduation,Partner,38285.0,2,1,2014-06-24,2,0,5,2,0,1,1,0,0,3,2,0,0,0,0,0,0,3,11,0,56,1,3,24,6,2,2014,6,96,3,10,3.3333333333333335,1,1,1,111,Hibernating
6935,1951,PostGraduation,Partner,78497.0,0,0,2013-12-01,207,26,447,75,0,223,1,5,7,12,2,0,0,0,1,0,0,3,11,0,64,0,0,1,12,4,2013,13,44,24,978,40.75,3,5,4,354,Loyal Customers
7698,1976,PhD,Partner,51650.0,0,1,2014-05-11,152,3,22,2,5,7,1,4,1,4,5,0,0,0,0,0,0,3,11,0,39,1,1,11,5,2,2014,7,81,9,191,21.22222222222222,1,2,2,122,Hibernating
3559,1988,PostGraduation,Partner,16248.0,1,0,2014-05-10,12,11,10,3,12,9,3,2,1,3,6,0,0,0,0,0,0,3,11,0,27,1,1,10,5,2,2014,7,77,6,57,9.5,2,2,2,222,Hibernating
10562,1946,PostGraduation,Partner,66835.0,0,0,2013-09-28,620,26,195,34,17,141,1,6,4,13,2,0,0,0,0,0,0,3,11,0,69,0,0,28,9,3,2013,15,21,23,1033,44.91304347826087,4,5,4,454,Loyal Customers
10796,1984,PostGraduation,Partner,30477.0,1,0,2014-01-22,47,1,6,0,0,12,1,1,1,3,6,0,0,0,0,0,0,3,11,0,31,1,1,22,1,1,2014,11,16,5,66,13.2,5,1,2,512,New Customers
2563,1961,UnderGraduation,Partner,28249.0,0,0,2014-06-15,1,9,7,2,14,10,1,2,0,3,6,0,0,0,0,0,0,3,11,0,54,0,0,15,6,2,2014,6,80,5,43,8.6,1,1,1,111,Hibernating
3518,1983,Graduation,Partner,25271.0,1,0,2012-12-05,10,1,18,10,4,7,1,1,1,2,9,0,0,0,0,0,0,3,11,0,32,1,1,5,12,4,2012,25,45,4,50,12.5,3,1,1,311,About to sleep
5823,1970,PhD,Single,32303.0,0,1,2014-03-08,35,0,2,0,0,2,2,1,0,4,5,0,0,0,0,0,0,3,11,0,45,1,1,8,3,1,2014,9,63,5,39,7.8,2,1,1,211,Hibernating
3934,1966,Graduation,Partner,61286.0,0,1,2013-08-02,356,0,107,19,9,117,2,7,1,8,5,0,0,0,0,0,0,3,11,0,49,1,1,2,8,3,2013,17,34,16,608,38.0,4,4,3,443,Loyal Customers
6982,1976,Graduation,Partner,74068.0,0,0,2013-03-19,783,30,537,140,76,15,1,4,10,9,2,0,0,0,0,0,0,3,11,0,39,0,0,19,3,1,2013,21,14,23,1581,68.73913043478261,5,5,5,555,Champions
6431,1964,PhD,Partner,45759.0,1,1,2013-02-23,42,1,18,3,0,4,2,2,0,3,7,0,0,0,0,0,0,3,11,0,51,1,2,23,2,1,2013,22,13,5,68,13.6,5,1,2,512,New Customers
9733,1978,UnderGraduation,Partner,24882.0,1,0,2012-09-09,1,4,10,29,0,36,1,1,1,2,6,1,0,0,0,0,0,3,11,0,37,1,1,9,9,3,2012,28,52,4,80,20.0,3,1,2,312,About to sleep
5602,1989,PhD,Partner,66973.0,0,0,2013-05-17,466,22,432,147,113,102,1,8,7,12,3,0,0,0,0,0,0,3,11,0,26,0,0,17,5,2,2013,19,98,27,1282,47.48148148148148,1,5,5,155,Can't loose
7829,1900,PostGraduation,Single,36640.0,1,0,2013-09-26,15,6,8,7,4,25,1,2,1,2,5,0,0,0,0,0,1,3,11,0,115,1,1,26,9,3,2013,15,99,5,65,13.0,1,1,2,112,Hibernating
1324,1988,Graduation,Partner,38872.0,1,0,2013-05-30,23,3,21,3,19,22,2,3,0,3,8,0,0,0,0,0,0,3,11,0,27,1,1,30,5,2,2013,19,93,6,91,15.166666666666666,1,2,2,122,Hibernating
326,1973,Graduation,Partner,51148.0,1,1,2013-02-18,235,6,45,8,9,12,4,5,1,6,6,0,0,0,0,0,0,3,11,0,42,1,2,18,2,1,2013,22,38,12,315,26.25,4,3,3,433,Potential Loyalists
7224,1977,Graduation,Partner,31353.0,1,1,2013-12-29,10,0,10,3,1,7,2,1,1,2,8,0,0,0,0,0,0,3,11,0,38,1,2,29,12,4,2013,12,24,4,31,7.75,4,1,1,411,Promising
6999,1980,PostGraduation,Partner,69661.0,0,0,2014-05-13,656,16,106,32,16,8,1,7,3,12,3,0,0,0,0,0,0,3,11,0,35,0,0,13,5,2,2014,7,80,22,834,37.90909090909091,1,5,4,154,Can't loose
9938,1954,Graduation,Partner,80067.0,0,0,2013-09-19,519,17,813,27,173,51,1,4,6,6,2,0,0,1,0,0,0,3,11,0,61,0,0,19,9,3,2013,15,82,16,1600,100.0,1,4,5,145,At risk
6422,1954,Graduation,Partner,86718.0,0,0,2013-01-17,344,189,482,50,33,172,1,5,6,5,2,0,0,0,0,0,0,3,11,0,61,0,0,17,1,1,2013,23,20,16,1270,79.375,4,4,5,445,Loyal Customers
3182,1973,PhD,Single,46854.0,1,1,2014-03-31,96,1,79,7,1,79,6,5,1,3,8,1,0,0,0,0,0,3,11,1,42,1,2,31,3,1,2014,9,81,9,263,29.22222222222222,1,2,3,123,Hibernating
7300,1952,Graduation,Single,69142.0,0,1,2014-06-29,448,4,34,6,4,39,3,8,1,7,5,0,1,0,0,0,0,3,11,0,63,1,1,29,6,2,2014,6,50,16,535,33.4375,3,4,3,343,Loyal Customers
10424,1968,Graduation,Single,75922.0,0,0,2013-12-09,265,138,553,224,23,92,1,4,4,9,1,0,0,0,0,0,0,3,11,0,47,0,0,9,12,4,2013,12,60,17,1295,76.17647058823529,2,4,5,245,At risk
8727,1978,Graduation,Single,63693.0,0,1,2013-10-14,587,43,337,42,87,54,3,11,6,9,6,0,0,0,0,0,0,3,11,0,37,1,1,14,10,4,2013,14,63,26,1150,44.23076923076923,2,5,4,254,Can't loose
2798,1977,PhD,Partner,102160.0,0,0,2012-11-02,763,29,138,76,176,58,0,7,9,10,4,0,1,1,1,0,0,3,11,1,38,0,0,2,11,4,2012,26,54,26,1240,47.69230769230769,3,5,5,355,Loyal Customers
1030,1965,PhD,Single,40637.0,1,1,2013-07-17,22,0,13,0,0,3,2,1,0,3,7,0,0,0,0,0,0,3,11,0,50,1,2,17,7,3,2013,17,72,4,38,9.5,2,1,1,211,Hibernating
624,1984,PostGraduation,Single,18890.0,0,0,2012-11-10,6,4,1,7,2,15,1,0,1,2,6,1,0,0,0,0,0,3,11,1,31,0,0,10,11,4,2012,26,5,3,35,11.666666666666666,5,1,1,511,New Customers
5176,1988,Graduation,Partner,29604.0,1,0,2013-12-08,7,6,13,7,6,14,1,1,0,3,9,1,0,0,0,0,0,3,11,0,27,1,1,8,12,4,2013,12,88,4,53,13.25,1,1,1,111,Hibernating
5552,1963,PostGraduation,Single,48721.0,1,1,2013-05-13,81,18,113,47,13,21,6,4,2,5,6,0,0,0,0,0,0,3,11,0,52,1,2,13,5,2,2013,19,50,11,293,26.636363636363637,3,3,3,333,Need Attention
868,1966,Graduation,Partner,44794.0,0,1,2014-06-08,54,0,7,0,0,4,1,2,0,3,6,0,0,0,0,0,0,3,11,0,49,1,1,8,6,2,2014,6,99,5,65,13.0,1,1,2,112,Hibernating
380,1954,Graduation,Single,64497.0,0,1,2012-09-10,1170,48,320,42,32,192,5,11,4,9,8,1,0,0,0,0,0,3,11,1,61,1,1,10,9,3,2012,28,17,24,1804,75.16666666666667,5,5,5,555,Champions
2677,1956,Graduation,Partner,46097.0,0,1,2013-03-31,72,24,68,65,4,8,5,3,1,6,4,0,0,0,0,0,0,3,11,0,59,1,1,31,3,1,2013,21,11,10,241,24.1,5,3,3,533,Potential Loyalists
6521,1954,Graduation,Partner,77972.0,0,0,2014-03-18,613,22,319,33,102,12,1,4,6,9,1,0,0,0,0,0,0,3,11,0,61,0,0,18,3,1,2014,9,18,19,1101,57.94736842105263,5,4,4,544,Champions
6927,1968,PhD,Partner,44377.0,1,1,2012-10-05,224,0,30,0,0,10,8,5,1,5,8,0,0,0,0,0,0,3,11,0,47,1,2,5,10,4,2012,27,70,11,264,24.0,2,3,3,233,At risk
2877,1974,PostGraduation,Partner,46014.0,1,1,2013-01-21,410,0,59,19,9,44,10,7,1,8,7,0,0,0,0,0,0,3,11,0,41,1,2,21,1,1,2013,23,21,16,541,33.8125,4,4,3,443,Loyal Customers
0,1985,Graduation,Partner,70951.0,0,0,2013-05-04,239,10,554,254,87,54,1,3,4,9,1,0,0,0,0,0,0,3,11,0,30,0,0,4,5,2,2013,20,66,16,1198,74.875,2,4,5,245,At risk
1584,1977,Graduation,Partner,41443.0,1,0,2014-04-01,171,7,171,25,19,89,6,8,1,5,8,0,0,0,0,0,0,3,11,0,38,1,1,1,4,2,2014,9,79,14,482,34.42857142857143,2,3,3,233,At risk
7264,1978,PostGraduation,Single,52195.0,2,1,2014-05-12,12,0,4,0,0,1,1,1,0,2,8,0,0,0,0,0,0,3,11,0,37,1,3,12,5,2,2014,7,2,3,17,5.666666666666667,5,1,1,511,New Customers
6274,1948,PostGraduation,Partner,83790.0,0,0,2013-11-15,1076,16,417,42,48,16,1,8,10,6,3,0,1,1,0,0,0,3,11,0,67,0,0,15,11,4,2013,13,81,24,1615,67.29166666666667,1,5,5,155,Can't loose
1377,1954,PostGraduation,Single,44551.0,0,1,2013-08-31,182,4,33,0,0,66,2,4,1,5,7,0,0,0,0,0,0,3,11,0,61,1,1,31,8,3,2013,16,24,10,285,28.5,4,3,3,433,Potential Loyalists
454,1980,Graduation,Partner,69508.0,1,0,2012-11-14,824,32,162,42,32,43,2,11,4,11,6,0,0,0,0,0,0,3,11,0,35,1,1,14,11,4,2012,25,48,26,1135,43.65384615384615,3,5,4,354,Loyal Customers
1755,1988,PostGraduation,Partner,45204.0,1,0,2014-04-11,30,11,25,29,1,18,1,1,1,4,3,0,0,0,0,0,0,3,11,0,27,1,1,11,4,2,2014,8,93,6,114,19.0,1,2,2,122,Hibernating
2075,1969,Graduation,Partner,72460.0,0,0,2013-11-14,377,10,540,80,30,10,1,3,5,7,1,0,0,0,0,0,0,3,11,0,46,0,0,14,11,4,2013,13,56,15,1047,69.8,3,3,4,334,Need Attention
4785,1970,PhD,Partner,77622.0,0,2,2014-04-14,520,7,154,19,0,14,2,6,3,11,3,0,0,0,0,0,0,3,11,0,45,1,2,14,4,2,2014,8,3,20,714,35.7,5,4,4,544,Champions
9076,1980,PhD,Partner,30732.0,1,0,2013-01-05,155,1,25,0,1,3,4,4,1,4,8,0,0,0,0,0,0,3,11,0,35,1,1,5,1,1,2013,24,44,9,185,20.555555555555557,3,2,2,322,About to sleep
7079,1962,Graduation,Single,63887.0,0,1,2012-09-08,897,23,207,15,11,92,5,9,6,12,6,0,0,0,0,0,0,3,11,0,53,1,1,8,9,3,2012,28,38,27,1245,46.111111111111114,4,5,5,455,Loyal Customers
4653,1978,Graduation,Partner,42011.0,1,0,2013-03-26,131,0,16,2,1,39,4,3,1,4,8,0,0,0,0,0,0,3,11,0,37,1,1,26,3,1,2013,21,46,8,189,23.625,3,2,2,322,About to sleep
7375,1976,Graduation,Partner,51369.0,0,1,2012-10-25,297,7,79,0,11,182,2,8,2,4,8,0,0,0,0,0,0,3,11,0,39,1,1,25,10,4,2012,26,84,14,576,41.142857142857146,1,3,3,133,At risk
709,1952,Graduation,Single,51537.0,0,1,2012-12-09,787,20,204,0,0,92,3,2,2,11,8,0,0,0,0,0,0,3,11,0,63,1,1,9,12,4,2012,25,27,15,1103,73.53333333333333,4,3,4,434,Potential Loyalists
460,1972,PhD,Partner,79930.0,0,0,2012-08-08,792,86,740,67,51,17,1,3,5,8,2,0,0,0,0,0,0,3,11,0,43,0,0,8,8,3,2012,29,72,16,1753,109.5625,2,4,5,245,At risk
3726,1986,PhD,Partner,34320.0,1,0,2014-02-16,4,1,9,3,0,0,1,1,0,2,8,0,0,0,0,0,0,3,11,0,29,1,1,16,2,1,2014,10,66,3,17,5.666666666666667,2,1,1,211,Hibernating
6798,1966,Graduation,Single,37070.0,1,1,2013-03-20,231,7,137,4,15,39,9,5,1,8,7,0,0,0,0,0,0,3,11,1,49,1,2,20,3,1,2013,21,30,14,433,30.928571428571427,4,3,3,433,Potential Loyalists
5341,1962,PostGraduation,Single,81975.0,0,1,2013-01-05,983,76,184,180,138,27,1,6,3,4,7,0,0,1,0,0,0,3,11,0,53,1,1,5,1,1,2013,24,2,13,1588,122.15384615384616,5,3,5,535,Potential Loyalists
1606,1971,Graduation,Partner,38590.0,1,0,2013-05-15,3,1,8,4,3,3,1,1,0,2,8,0,0,0,0,0,0,3,11,0,44,1,1,15,5,2,2013,19,65,3,22,7.333333333333333,2,1,1,211,Hibernating
9617,1951,Graduation,Single,15033.0,0,0,2014-04-16,0,4,5,6,0,4,1,1,0,3,3,0,0,0,0,0,0,3,11,0,64,0,0,16,4,2,2014,8,37,4,19,4.75,4,1,1,411,Promising
3233,1965,PhD,Partner,62745.0,0,1,2013-03-23,562,21,464,28,10,32,3,7,8,11,5,0,0,0,0,0,0,3,11,0,50,1,1,23,3,1,2013,21,89,26,1117,42.96153846153846,1,5,4,154,Can't loose
89,1975,PostGraduation,Partner,22212.0,1,0,2013-12-09,5,9,20,6,8,21,2,2,0,4,6,0,0,0,0,0,0,3,11,0,40,1,1,9,12,4,2013,12,49,6,69,11.5,3,2,2,322,About to sleep
2936,1982,PostGraduation,Partner,23661.0,1,0,2013-12-04,18,0,4,0,0,1,1,1,0,3,7,0,0,0,0,0,0,3,11,0,33,1,1,4,12,4,2013,13,46,4,23,5.75,3,1,1,311,About to sleep
9449,1958,PhD,Single,79761.0,0,1,2013-10-04,415,5,124,15,35,11,1,5,2,11,3,0,0,0,0,0,0,3,11,0,57,1,1,4,10,4,2013,15,32,18,605,33.611111111111114,4,4,3,443,Loyal Customers
7297,1973,Graduation,Single,7500.0,1,0,2013-12-26,5,3,10,12,7,20,4,3,1,3,7,0,0,0,0,0,0,3,11,0,42,1,1,26,12,4,2013,12,54,7,57,8.142857142857142,3,2,2,322,About to sleep
11004,1893,PostGraduation,Single,60182.0,0,1,2014-05-17,8,0,5,7,0,2,1,1,0,2,4,0,0,0,0,0,0,3,11,0,122,1,1,17,5,2,2014,7,23,3,22,7.333333333333333,4,1,1,411,Promising
313,1968,Graduation,Single,73455.0,0,0,2013-10-28,901,61,757,186,163,20,1,6,5,10,3,0,1,0,0,0,0,3,11,0,47,0,0,28,10,4,2013,14,98,21,2088,99.42857142857143,1,5,5,155,Can't loose
9940,1958,Graduation,Partner,64961.0,0,1,2012-12-23,382,114,276,75,124,38,2,6,4,4,3,0,0,0,0,0,0,3,11,0,57,1,1,23,12,4,2012,24,97,14,1009,72.07142857142857,1,3,4,134,At risk
10735,1971,Graduation,Single,22804.0,1,0,2013-07-31,14,1,7,2,1,1,1,2,0,2,9,0,0,0,0,0,0,3,11,0,44,1,1,31,7,3,2013,17,75,4,26,6.5,2,1,1,211,Hibernating
9529,1990,Graduation,Partner,73687.0,0,0,2013-11-28,559,153,503,218,13,181,1,3,9,9,2,0,0,0,1,0,0,3,11,1,25,0,0,28,11,4,2013,13,8,21,1627,77.47619047619048,5,5,5,555,Champions
6439,1958,Graduation,Partner,61074.0,0,1,2012-08-17,789,0,133,0,28,152,7,11,5,8,7,0,0,0,0,0,0,3,11,0,57,1,1,17,8,3,2012,28,37,24,1102,45.916666666666664,4,5,4,454,Loyal Customers
7411,1964,PhD,Partner,31686.0,1,1,2014-06-05,11,0,5,0,0,1,2,1,0,3,6,0,0,0,0,0,0,3,11,0,51,1,2,5,6,2,2014,7,31,4,17,4.25,4,1,1,411,Promising
2176,1972,Graduation,Partner,80134.0,1,0,2013-05-20,1218,16,272,104,0,80,2,5,3,6,6,0,1,1,1,0,0,3,11,1,43,1,1,20,5,2,2013,19,40,14,1690,120.71428571428571,3,3,5,335,Need Attention
9265,1953,Graduation,Partner,75027.0,0,1,2013-01-09,925,64,179,133,12,77,2,9,4,6,5,0,0,0,0,0,0,3,11,0,62,1,1,9,1,1,2013,24,74,19,1390,73.15789473684211,2,4,5,245,At risk
8867,1988,PhD,Partner,67546.0,0,0,2012-08-31,864,134,768,150,38,172,1,4,10,5,3,0,0,0,0,0,0,3,11,0,27,0,0,31,8,3,2012,28,90,19,2126,111.89473684210526,1,4,5,145,At risk
8932,1969,PostGraduation,Partner,65176.0,0,1,2012-10-29,960,28,183,220,70,70,4,9,6,6,6,0,0,0,0,0,0,3,11,0,46,1,1,29,10,4,2012,26,57,21,1531,72.9047619047619,3,5,5,355,Loyal Customers
10236,1975,PostGraduation,Single,31160.0,1,0,2013-09-16,16,3,25,6,1,13,2,2,0,3,8,0,0,0,0,0,0,3,11,0,40,1,1,16,9,3,2013,15,59,5,64,12.8,2,1,2,212,Hibernating
6340,1985,Graduation,Single,29938.0,1,0,2013-10-27,3,3,7,0,2,11,2,1,0,3,6,0,0,0,0,0,0,3,11,0,30,1,1,27,10,4,2013,14,52,4,26,6.5,3,1,1,311,About to sleep
10089,1974,Graduation,Single,102692.0,0,0,2013-04-05,168,148,444,32,172,148,1,6,9,13,2,0,1,1,1,1,0,3,11,1,41,0,0,5,4,2,2013,21,5,28,1112,39.714285714285715,5,5,4,554,Champions
2227,1958,PostGraduation,Partner,26490.0,0,0,2012-09-22,45,47,52,21,20,25,2,3,1,5,6,0,0,0,0,0,0,3,11,0,57,0,0,22,9,3,2012,27,92,9,210,23.333333333333332,1,2,3,123,Hibernating
10992,1967,Graduation,Partner,75702.0,1,1,2012-08-29,650,28,353,45,42,30,5,4,6,11,8,0,0,0,0,0,0,3,11,0,48,1,2,29,8,3,2012,28,77,21,1148,54.666666666666664,2,5,4,254,Can't loose
5304,1974,PhD,Single,30899.0,1,0,2012-10-13,24,0,8,0,0,1,2,1,0,3,6,0,0,0,0,0,0,3,11,0,41,1,1,13,10,4,2012,27,35,4,33,8.25,4,1,1,411,Promising
309,1961,PhD,Partner,63342.0,0,1,2012-10-16,918,21,118,13,10,21,3,8,3,5,6,0,1,0,0,0,0,3,11,0,54,1,1,16,10,4,2012,26,48,16,1101,68.8125,3,4,4,344,Loyal Customers
3406,1964,Graduation,Single,45989.0,0,1,2012-10-22,138,33,87,28,24,12,4,3,2,7,3,0,0,0,0,0,0,3,11,0,51,1,1,22,10,4,2012,26,97,12,322,26.833333333333332,1,3,3,133,At risk
2661,1964,Graduation,Single,18701.0,1,1,2013-06-04,12,4,2,10,6,10,4,2,0,4,5,0,0,0,0,0,0,3,11,0,51,1,2,4,6,2,2013,19,95,6,44,7.333333333333333,1,2,1,121,Hibernating
3153,1957,PhD,Single,40737.0,2,1,2013-12-08,11,0,4,0,0,2,1,1,0,2,8,0,0,0,0,0,0,3,11,0,58,1,3,8,12,4,2013,12,24,3,17,5.666666666666667,4,1,1,411,Promising
10264,1979,Graduation,Single,15287.0,1,0,2012-10-10,1,2,8,4,3,13,2,1,1,2,7,1,0,0,0,0,0,3,11,1,36,1,1,10,10,4,2012,27,60,4,31,7.75,2,1,1,211,Hibernating
1184,1968,PhD,Single,69674.0,0,2,2013-05-22,554,41,215,11,0,24,3,10,2,10,5,0,0,0,0,0,0,3,11,0,47,1,2,22,5,2,2013,19,46,22,845,38.40909090909091,3,5,4,354,Loyal Customers
4200,1970,PostGraduation,Partner,44159.0,1,0,2014-06-17,167,2,62,24,13,7,4,4,1,6,5,0,0,0,0,0,0,3,11,0,45,1,1,17,6,2,2014,6,85,11,275,25.0,1,3,3,133,At risk
9396,1978,PhD,Partner,37717.0,1,0,2012-11-23,9,0,6,4,1,5,1,1,0,2,9,0,0,0,0,0,0,3,11,0,37,1,1,23,11,4,2012,25,31,3,25,8.333333333333334,4,1,1,411,Promising
2387,1952,PostGraduation,Partner,43776.0,1,1,2013-02-03,177,2,71,3,2,20,6,5,2,4,8,0,0,0,0,0,0,3,11,1,63,1,2,3,2,1,2013,23,9,11,275,25.0,5,3,3,533,Potential Loyalists
6690,1966,PostGraduation,Partner,38179.0,1,1,2013-03-14,38,4,22,4,2,20,4,3,1,3,7,0,0,0,0,0,0,3,11,0,49,1,2,14,3,1,2013,21,30,7,90,12.857142857142858,4,2,2,422,Potential Loyalists
1225,1963,Graduation,Partner,80124.0,0,0,2014-06-26,483,84,398,205,84,241,1,3,7,8,1,1,0,0,0,0,0,3,11,0,52,0,0,26,6,2,2014,6,47,18,1495,83.05555555555556,3,4,5,345,Loyal Customers
9703,1970,PhD,Partner,38097.0,1,1,2012-10-15,77,2,35,0,1,69,4,3,2,2,7,1,0,0,0,0,0,3,11,1,45,1,2,15,10,4,2012,26,70,7,184,26.285714285714285,2,2,2,222,Hibernating
291,1970,Graduation,Partner,72940.0,0,0,2013-06-19,182,74,298,162,149,116,1,3,3,6,1,0,0,0,0,0,0,3,11,0,45,0,0,19,6,2,2013,18,13,12,981,81.75,5,3,4,534,Potential Loyalists
4557,1970,Graduation,Partner,22070.0,1,0,2013-10-04,10,7,19,8,2,21,2,2,2,2,6,0,0,0,0,0,0,3,11,0,45,1,1,4,10,4,2013,15,11,6,67,11.166666666666666,5,2,2,522,Potential Loyalists
2379,1953,Graduation,Single,69267.0,0,0,2012-09-22,778,44,499,95,73,146,2,3,4,5,7,0,0,0,0,0,0,3,11,1,62,0,0,22,9,3,2012,27,31,12,1635,136.25,4,3,5,435,Potential Loyalists
5726,1983,PostGraduation,Single,31788.0,1,0,2014-03-20,16,7,23,0,8,6,3,3,0,4,5,0,0,0,0,0,1,3,11,0,32,1,1,20,3,1,2014,9,15,7,60,8.571428571428571,5,2,2,522,Potential Loyalists
3066,1975,PhD,Partner,61905.0,0,1,2014-02-04,167,0,43,6,2,13,2,4,2,4,5,0,0,0,0,0,0,3,11,0,40,1,1,4,2,1,2014,11,2,10,231,23.1,5,3,3,533,Potential Loyalists
6336,1960,Graduation,Partner,29315.0,1,1,2014-04-06,13,2,14,8,7,4,4,2,0,4,6,0,0,0,0,0,0,3,11,0,55,1,2,6,4,2,2014,9,55,6,48,8.0,3,2,1,321,About to sleep
10967,1963,Graduation,Single,33378.0,1,1,2013-02-06,33,6,40,3,7,10,3,2,0,4,7,0,0,0,0,0,0,3,11,0,52,1,2,6,2,1,2013,23,38,6,99,16.5,4,2,2,422,Potential Loyalists
2304,1963,PhD,Partner,66313.0,0,1,2013-09-16,625,7,99,10,22,7,2,6,3,12,4,0,0,0,0,0,0,3,11,0,52,1,1,16,9,3,2013,15,86,21,770,36.666666666666664,1,5,4,154,Can't loose
3445,1956,Graduation,Single,60714.0,0,0,2013-01-17,216,162,224,101,92,162,2,7,4,10,5,0,0,0,0,0,0,3,11,1,59,0,0,17,1,1,2013,23,56,21,957,45.57142857142857,3,5,4,354,Loyal Customers
7828,1981,PostGraduation,Partner,77882.0,0,0,2014-04-30,68,129,396,188,22,15,1,3,3,5,1,0,0,0,0,0,0,3,11,0,34,0,0,30,4,2,2014,8,29,11,818,74.36363636363636,4,3,4,434,Potential Loyalists
3762,1986,PhD,Single,69867.0,0,0,2013-04-02,196,0,512,33,130,54,1,3,5,8,1,0,0,0,1,0,0,3,11,1,29,0,0,2,4,2,2013,21,30,16,925,57.8125,4,4,4,444,Loyal Customers
4391,1968,PostGraduation,Single,63841.0,0,1,2013-04-21,635,15,100,20,7,131,1,9,3,9,6,0,0,0,0,0,0,3,11,0,47,1,1,21,4,2,2013,20,64,21,908,43.23809523809524,2,5,4,254,Can't loose
4669,1981,UnderGraduation,Partner,24480.0,1,0,2013-02-11,4,19,9,28,25,17,3,3,0,4,7,0,0,0,0,0,0,3,11,0,34,1,1,11,2,1,2013,22,46,7,102,14.571428571428571,3,2,2,322,About to sleep
10144,1976,Graduation,Partner,51369.0,0,1,2012-10-25,297,7,79,0,11,182,2,8,2,4,8,0,0,0,0,0,0,3,11,0,39,1,1,25,10,4,2012,26,84,14,576,41.142857142857146,1,3,3,133,At risk
8652,1946,Graduation,Partner,37760.0,0,0,2012-08-31,84,5,38,150,12,28,2,4,1,6,7,0,0,0,0,0,0,3,11,0,69,0,0,31,8,3,2012,28,20,11,317,28.818181818181817,4,3,3,433,Potential Loyalists
1672,1974,PhD,Partner,65640.0,0,1,2014-03-01,204,7,149,20,15,66,1,5,1,8,2,0,0,0,0,0,0,3,11,0,41,1,1,1,3,1,2014,10,74,14,461,32.92857142857143,2,3,3,233,At risk
8962,1975,PostGraduation,Partner,44319.0,1,1,2014-04-17,26,0,8,0,0,3,2,2,0,3,5,0,0,0,0,0,0,3,11,0,40,1,2,17,4,2,2014,8,18,5,37,7.4,5,1,1,511,New Customers
9974,1974,Graduation,Partner,30631.0,1,0,2013-07-12,15,6,20,4,5,20,1,3,1,2,7,0,0,0,0,0,0,3,11,0,41,1,1,12,7,3,2013,17,75,6,70,11.666666666666666,2,2,2,222,Hibernating
10983,1952,Graduation,Partner,75278.0,0,0,2013-01-29,304,98,230,150,74,74,1,6,3,13,3,0,0,0,0,0,0,3,11,0,63,0,0,29,1,1,2013,23,17,22,930,42.27272727272727,5,5,4,554,Champions
8148,1956,PostGraduation,Partner,50898.0,1,1,2013-01-08,285,28,242,55,114,135,13,6,2,12,5,0,0,0,0,0,0,3,11,0,59,1,2,8,1,1,2013,24,88,20,859,42.95,1,4,4,144,At risk
10102,1966,Graduation,Single,79946.0,0,0,2014-05-12,395,183,565,166,141,28,1,5,11,5,3,0,0,0,0,0,0,3,11,0,49,0,0,12,5,2,2014,7,19,21,1478,70.38095238095238,5,5,5,555,Champions
4697,1949,PostGraduation,Single,35416.0,0,0,2013-06-13,248,3,81,4,3,51,3,7,1,5,8,0,0,0,0,0,0,3,11,0,66,0,0,13,6,2,2013,18,62,13,390,30.0,2,3,3,233,At risk
9262,1984,PostGraduation,Partner,32414.0,0,0,2013-07-04,20,6,5,0,9,12,1,1,0,3,7,1,0,0,0,0,0,3,11,0,31,0,0,4,7,3,2013,18,11,4,52,13.0,5,1,1,511,New Customers
7254,1969,Graduation,Partner,38361.0,1,0,2013-12-27,39,0,56,20,8,14,3,3,1,3,7,0,0,0,0,0,0,3,11,0,46,1,1,27,12,4,2013,12,74,7,137,19.571428571428573,2,2,2,222,Hibernating
4543,1980,Graduation,Partner,82497.0,0,0,2012-10-31,777,129,573,216,21,203,1,2,7,9,4,0,0,1,0,0,0,3,11,0,35,0,0,31,10,4,2012,26,32,18,1919,106.61111111111111,4,4,5,445,Loyal Customers
4927,1971,Graduation,Partner,16626.0,2,0,2014-01-15,8,3,22,21,1,13,3,3,0,3,9,0,0,0,0,0,0,3,11,0,44,1,2,15,1,1,2014,11,76,6,68,11.333333333333334,2,2,2,222,Hibernating
10451,1965,Graduation,Partner,29672.0,1,1,2013-03-12,9,1,3,0,4,8,1,0,0,3,6,0,0,0,0,0,0,3,11,0,50,1,2,12,3,1,2013,22,6,3,25,8.333333333333334,5,1,1,511,New Customers
2926,1952,PostGraduation,Partner,55951.0,0,1,2012-08-23,1241,0,80,0,13,40,3,3,6,11,8,0,1,0,0,1,0,3,11,0,63,1,1,23,8,3,2012,28,62,20,1374,68.7,2,4,5,245,At risk
2874,1988,PostGraduation,Single,35388.0,1,0,2013-03-07,6,4,7,4,3,8,1,1,0,3,7,0,0,0,0,0,0,3,11,0,27,1,1,7,3,1,2013,22,20,4,32,8.0,4,1,1,411,Promising
9738,1986,PostGraduation,Partner,42386.0,1,0,2013-01-13,65,4,16,0,4,11,1,3,0,3,8,0,0,0,0,0,0,3,11,0,29,1,1,13,1,1,2013,23,43,6,100,16.666666666666668,3,2,2,322,About to sleep
7119,1982,Graduation,Single,68627.0,0,0,2013-01-12,395,15,263,60,54,38,1,2,3,6,1,0,0,0,0,0,0,3,11,0,33,0,0,12,1,1,2013,23,45,11,825,75.0,3,3,4,334,Need Attention
3924,1965,PhD,Single,57912.0,0,1,2014-03-17,801,0,80,0,0,35,5,8,3,12,5,0,1,0,0,0,0,3,11,0,50,1,1,17,3,1,2014,9,34,23,916,39.82608695652174,4,5,4,454,Loyal Customers
5827,1958,Graduation,Single,35246.0,1,1,2014-04-16,36,0,12,2,2,10,4,3,1,3,5,0,0,0,0,0,0,3,11,0,57,1,2,16,4,2,2014,8,53,7,62,8.857142857142858,3,2,2,322,About to sleep
5596,1956,PostGraduation,Partner,58821.0,0,1,2013-10-12,513,14,154,19,0,28,1,9,2,9,6,0,0,0,0,0,0,3,11,0,59,1,1,12,10,4,2013,14,44,20,728,36.4,3,4,4,344,Loyal Customers
10812,1978,PhD,Partner,46377.0,1,0,2014-03-01,37,0,46,4,3,0,1,2,1,3,4,0,0,0,0,0,0,3,11,0,37,1,1,1,3,1,2014,10,89,6,90,15.0,1,2,2,122,Hibernating
1717,1988,Graduation,Single,39747.0,1,0,2014-04-13,80,15,93,20,13,52,3,5,1,4,8,0,0,0,0,0,0,3,11,0,27,1,1,13,4,2,2014,8,43,10,273,27.3,3,3,3,333,Need Attention
9491,1984,Graduation,Partner,23976.0,1,0,2013-12-27,14,1,21,2,3,25,3,3,1,3,7,0,0,0,0,0,0,3,11,0,31,1,1,27,12,4,2013,12,68,7,66,9.428571428571429,2,2,2,222,Hibernating
9274,1961,PostGraduation,Partner,80950.0,0,0,2013-03-28,525,147,112,219,147,63,1,6,7,9,2,0,0,0,1,0,0,3,11,0,54,0,0,28,3,1,2013,21,44,22,1213,55.13636363636363,3,5,5,355,Loyal Customers
6609,1966,Graduation,Single,27038.0,0,0,2012-09-18,1,26,25,17,23,15,1,3,0,3,9,0,0,0,0,0,0,3,11,1,49,0,0,18,9,3,2012,27,64,6,107,17.833333333333332,2,2,2,222,Hibernating
6963,1947,Graduation,Single,77457.0,0,0,2014-03-05,675,11,400,15,45,11,1,2,5,10,1,0,0,1,0,0,0,3,11,0,68,0,0,5,3,1,2014,10,85,17,1157,68.05882352941177,1,4,4,144,At risk
4440,1964,PostGraduation,Partner,64100.0,0,1,2013-09-10,509,0,27,0,0,10,1,8,3,6,7,0,1,0,0,0,0,3,11,0,51,1,1,10,9,3,2013,15,93,17,546,32.11764705882353,1,4,3,143,At risk
1379,1992,PostGraduation,Partner,42670.0,0,0,2013-04-27,154,2,46,20,4,15,1,4,2,4,4,0,0,0,0,0,0,3,11,0,23,0,0,27,4,2,2013,20,12,10,241,24.1,5,3,3,533,Potential Loyalists
10032,1976,Graduation,Single,12571.0,1,0,2014-01-18,3,5,14,2,12,17,4,3,1,3,6,0,0,0,0,0,0,3,11,0,39,1,1,18,1,1,2014,11,86,7,53,7.571428571428571,1,2,1,121,Hibernating
2826,1967,Graduation,Partner,22574.0,2,1,2013-10-28,25,0,8,2,0,2,2,2,0,3,7,0,0,0,0,0,0,3,11,0,48,1,3,28,10,4,2013,14,28,5,37,7.4,4,1,1,411,Promising
6320,1976,PostGraduation,Single,70893.0,0,0,2013-02-06,768,44,561,77,44,14,1,6,6,10,3,0,0,0,0,0,0,3,11,0,39,0,0,6,2,1,2013,23,42,22,1508,68.54545454545455,3,5,5,355,Loyal Customers
3050,1966,Graduation,Partner,54198.0,1,1,2013-12-17,185,0,28,3,2,17,6,3,1,6,4,0,0,0,0,0,0,3,11,0,49,1,2,17,12,4,2013,12,13,10,235,23.5,5,3,3,533,Potential Loyalists
231,1956,PostGraduation,Partner,28839.0,1,1,2014-03-11,24,0,7,0,0,1,2,2,0,3,5,0,0,0,0,0,0,3,11,0,59,1,2,11,3,1,2014,9,86,5,32,6.4,1,1,1,111,Hibernating
2392,1972,Graduation,Partner,40321.0,1,1,2013-07-29,44,4,21,6,0,27,2,3,0,3,7,0,0,0,0,0,0,3,11,0,43,1,2,29,7,3,2013,17,59,6,102,17.0,2,2,2,222,Hibernating
9478,1985,Graduation,Single,66503.0,1,0,2012-08-14,91,64,128,65,3,50,2,4,3,6,3,0,0,0,0,0,0,3,11,0,30,1,1,14,8,3,2012,29,30,13,401,30.846153846153847,4,3,3,433,Potential Loyalists
113,1951,Graduation,Partner,30833.0,1,1,2013-07-16,11,0,7,3,1,6,2,1,0,3,5,0,0,0,0,0,0,3,11,0,64,1,2,16,7,3,2013,17,33,4,28,7.0,4,1,1,411,Promising
1802,1971,Graduation,Partner,64795.0,0,1,2013-01-17,412,5,119,38,29,77,3,3,3,12,2,0,0,0,0,0,0,3,11,0,44,1,1,17,1,1,2013,23,23,18,680,37.77777777777778,4,4,4,444,Loyal Customers
520,1974,Graduation,Partner,34421.0,1,0,2013-07-01,3,3,7,6,2,9,1,1,0,2,7,0,0,0,0,0,0,3,11,0,41,1,1,1,7,3,2013,18,81,3,30,10.0,1,1,1,111,Hibernating
8275,1965,PhD,Single,47025.0,1,1,2014-02-09,16,0,3,0,0,1,1,1,0,2,7,0,0,0,0,0,0,3,11,0,50,1,2,9,2,1,2014,10,6,3,20,6.666666666666667,5,1,1,511,New Customers
9750,1961,PhD,Single,64325.0,0,1,2013-02-07,731,60,353,78,12,73,5,10,3,5,7,0,0,0,0,0,0,3,11,0,54,1,1,7,2,1,2013,23,41,18,1307,72.61111111111111,3,4,5,345,Loyal Customers
2607,1953,Graduation,Single,40464.0,0,1,2013-01-11,424,17,118,7,23,41,6,8,2,8,8,0,0,0,0,0,0,3,11,0,62,1,1,11,1,1,2013,24,78,18,630,35.0,2,4,3,243,At risk
7214,1957,Graduation,Partner,62187.0,0,0,2013-07-05,792,0,275,45,45,126,1,4,8,5,3,0,0,0,0,0,0,3,11,0,58,0,0,5,7,3,2013,18,49,17,1283,75.47058823529412,3,4,5,345,Loyal Customers
5835,1976,PhD,Single,14849.0,1,0,2013-07-02,21,2,28,3,2,9,3,2,0,4,8,0,0,0,0,0,0,3,11,0,39,1,1,2,7,3,2013,18,39,6,65,10.833333333333334,4,2,2,422,Potential Loyalists
3896,1984,Graduation,Partner,27255.0,1,0,2013-11-07,22,1,11,0,1,2,1,1,0,3,7,0,0,0,0,0,0,3,11,0,31,1,1,7,11,4,2013,14,3,4,37,9.25,5,1,1,511,New Customers
10350,1950,PhD,Partner,54432.0,2,1,2013-05-09,33,0,5,0,0,0,1,1,0,3,4,0,0,0,0,0,0,3,11,0,65,1,3,9,5,2,2013,20,37,4,38,9.5,4,1,1,411,Promising
7786,1986,PhD,Single,29999.0,1,0,2013-02-13,68,7,59,10,5,11,4,3,1,4,8,0,0,0,0,0,0,3,11,0,29,1,1,13,2,1,2013,22,22,8,160,20.0,4,2,2,422,Potential Loyalists
2861,1983,Graduation,Single,24072.0,1,0,2013-04-16,9,1,6,3,0,4,1,1,0,2,8,0,0,0,0,0,0,3,11,0,32,1,1,16,4,2,2013,20,79,3,23,7.666666666666667,2,1,1,211,Hibernating
663,1989,PhD,Single,33996.0,0,0,2013-09-11,40,2,15,8,0,6,1,1,1,3,4,0,0,0,0,0,0,3,11,0,26,0,0,11,9,3,2013,15,46,5,71,14.2,3,1,2,312,About to sleep
10675,1956,PhD,Partner,66334.0,0,1,2013-04-03,909,11,218,0,0,23,2,9,3,5,5,0,0,0,0,0,0,3,11,1,59,1,1,3,4,2,2013,21,82,17,1161,68.29411764705883,1,4,4,144,At risk
2521,1971,PostGraduation,Partner,35178.0,1,0,2013-01-10,23,1,13,2,2,18,1,1,1,2,7,1,0,0,0,0,0,3,11,1,44,1,1,10,1,1,2013,24,10,4,59,14.75,5,1,2,512,New Customers
9592,1983,Graduation,Partner,22010.0,1,0,2013-06-30,11,2,9,3,0,8,2,2,0,3,8,0,0,0,0,0,0,3,11,0,32,1,1,30,6,2,2013,18,51,5,33,6.6,3,1,1,311,About to sleep
10151,1960,Graduation,Single,62204.0,0,2,2012-09-12,317,46,247,151,46,139,1,4,5,12,3,0,0,0,0,0,0,3,11,0,55,1,2,12,9,3,2012,28,38,21,946,45.04761904761905,4,5,4,454,Loyal Customers
7381,1968,Graduation,Single,75693.0,0,0,2012-12-06,797,153,293,72,97,30,1,11,4,6,4,0,1,1,1,0,0,3,11,1,47,0,0,6,12,4,2012,25,10,21,1442,68.66666666666667,5,5,5,555,Champions
4099,1972,Graduation,Partner,30675.0,1,0,2012-11-12,10,2,16,11,2,21,1,1,0,3,8,0,0,0,0,0,0,3,11,0,43,1,1,12,11,4,2012,26,14,4,62,15.5,5,1,2,512,New Customers
9560,1965,Graduation,Partner,83003.0,0,0,2013-03-03,856,61,570,40,25,122,1,7,6,8,3,0,0,1,0,0,0,3,11,1,50,0,0,3,3,1,2013,22,18,21,1674,79.71428571428571,5,5,5,555,Champions
1150,1899,PhD,Partner,83532.0,0,0,2013-09-26,755,144,562,104,64,224,1,4,6,4,1,0,0,1,0,0,0,3,11,0,116,0,0,26,9,3,2013,15,36,14,1853,132.35714285714286,4,3,5,435,Potential Loyalists
10172,1988,Graduation,Single,68655.0,0,0,2012-08-10,456,19,832,75,118,38,1,4,5,11,3,0,0,0,0,0,0,3,11,0,27,0,0,10,8,3,2012,29,95,20,1538,76.9,1,4,5,145,At risk
11191,1986,Graduation,Single,41411.0,0,0,2013-12-07,37,32,38,11,3,18,1,2,1,4,6,0,0,0,0,0,0,3,11,0,29,0,0,7,12,4,2013,13,11,7,139,19.857142857142858,5,2,2,522,Potential Loyalists
9707,1969,PhD,Partner,55212.0,0,1,2012-11-23,1103,0,45,0,0,34,3,4,2,11,8,0,1,0,0,1,0,3,11,0,46,1,1,23,11,4,2012,25,65,17,1182,69.52941176470588,2,4,5,245,At risk
6245,1950,PhD,Partner,59292.0,0,1,2013-06-13,378,14,68,19,14,14,2,3,5,8,3,0,0,0,0,0,0,3,11,0,65,1,1,13,6,2,2013,18,71,16,507,31.6875,2,4,3,243,At risk
8234,1973,UnderGraduation,Partner,27190.0,1,0,2013-08-15,1,6,7,0,1,3,1,1,0,2,8,1,0,0,0,0,0,3,11,1,42,1,1,15,8,3,2013,16,13,3,18,6.0,5,1,1,511,New Customers
1411,1952,Graduation,Single,82623.0,0,0,2013-11-10,204,34,204,172,153,173,1,2,9,4,1,0,0,0,0,0,0,3,11,0,63,0,0,10,11,4,2013,13,58,15,940,62.666666666666664,3,3,4,334,Need Attention
8553,1965,Graduation,Partner,44300.0,1,1,2013-06-23,30,0,9,0,0,3,2,1,0,3,6,0,0,0,0,0,0,3,11,0,50,1,2,23,6,2,2013,18,65,4,42,10.5,2,1,1,211,Hibernating
1826,1970,Graduation,Single,84835.0,0,0,2014-06-16,189,104,379,111,189,218,1,4,4,6,1,0,0,0,0,0,0,3,11,1,45,0,0,16,6,2,2014,6,0,14,1190,85.0,5,3,5,535,Potential Loyalists
8842,1971,Graduation,Single,30372.0,1,1,2012-12-25,15,0,12,7,3,7,3,2,0,3,7,0,0,0,0,0,0,3,11,0,44,1,2,25,12,4,2012,24,33,5,44,8.8,4,1,1,411,Promising
11030,1976,PostGraduation,Partner,33181.0,1,0,2014-01-03,9,0,3,0,0,4,1,1,0,2,6,1,0,0,0,0,0,3,11,0,39,1,1,3,1,1,2014,12,90,3,16,5.333333333333333,1,1,1,111,Hibernating
2579,1957,Graduation,Partner,71113.0,0,1,2013-12-17,495,33,255,11,33,8,4,6,7,9,4,0,0,0,0,0,0,3,11,0,58,1,1,17,12,4,2013,12,95,22,835,37.95454545454545,1,5,4,154,Can't loose
175,1986,Graduation,Partner,71952.0,1,0,2013-01-10,656,80,455,52,107,93,2,8,4,8,4,1,0,1,0,0,0,3,11,0,29,1,1,10,1,1,2013,24,93,20,1443,72.15,1,4,5,145,At risk
9185,1966,PhD,Single,69759.0,0,0,2013-10-28,452,20,514,13,30,0,3,4,6,5,3,0,0,0,0,0,0,3,11,1,49,0,0,28,10,4,2013,14,38,15,1029,68.6,4,3,4,434,Potential Loyalists
11056,1974,Graduation,Partner,72099.0,0,0,2012-10-27,546,91,410,119,0,22,1,3,4,10,1,0,0,0,0,0,0,3,11,0,41,0,0,27,10,4,2012,26,18,17,1188,69.88235294117646,5,4,5,545,Champions
9365,1976,PhD,Single,60000.0,0,1,2012-12-22,1048,0,217,0,0,12,5,11,3,5,6,0,0,0,0,0,0,3,11,0,39,1,1,22,12,4,2012,24,57,19,1277,67.21052631578948,3,4,5,345,Loyal Customers
6201,1978,Graduation,Single,38643.0,1,1,2013-11-29,22,2,14,0,1,10,2,2,0,3,7,0,0,0,0,0,1,3,11,0,37,1,2,29,11,4,2013,13,45,5,49,9.8,3,1,1,311,About to sleep
2061,1955,Graduation,Partner,50737.0,0,1,2013-05-11,78,0,11,0,0,10,1,2,0,4,6,0,1,0,0,0,0,3,11,0,60,1,1,11,5,2,2013,20,61,6,99,16.5,2,2,2,222,Hibernating
6184,1969,PhD,Partner,68462.0,0,0,2012-12-12,561,64,785,84,128,48,1,3,3,8,1,0,0,0,0,0,0,3,11,0,46,0,0,12,12,4,2012,25,6,14,1670,119.28571428571429,5,3,5,535,Potential Loyalists
6142,1943,PostGraduation,Partner,65073.0,0,0,2013-08-20,629,17,177,69,0,8,1,5,3,5,2,0,0,0,0,0,1,3,11,0,72,0,0,20,8,3,2013,16,65,13,900,69.23076923076923,2,3,4,234,At risk
4107,1948,PhD,Partner,46681.0,0,2,2013-10-08,269,15,69,15,19,38,2,4,6,4,5,0,0,0,0,0,0,3,11,0,67,1,2,8,10,4,2013,15,52,14,425,30.357142857142858,3,3,3,333,Need Attention
7274,1957,Graduation,Partner,78618.0,0,0,2012-09-28,736,163,818,212,163,61,1,4,7,10,2,0,1,0,0,0,0,3,11,0,58,0,0,28,9,3,2012,27,87,21,2153,102.52380952380952,1,5,5,155,Can't loose
9336,1969,PhD,Single,62187.0,0,1,2014-03-22,512,0,83,0,0,41,3,6,2,10,4,0,0,0,0,0,0,3,11,0,46,1,1,22,3,1,2014,9,38,18,636,35.333333333333336,4,4,3,443,Loyal Customers
2958,1978,Graduation,Partner,28442.0,2,0,2014-02-24,19,3,10,11,8,6,3,2,1,4,4,0,0,0,0,0,0,3,11,0,37,1,2,24,2,1,2014,10,53,7,57,8.142857142857142,3,2,2,322,About to sleep
933,1978,PhD,Partner,37717.0,1,0,2012-11-23,9,0,6,4,1,5,1,1,0,2,9,0,0,0,0,0,0,3,11,0,37,1,1,23,11,4,2012,25,31,3,25,8.333333333333334,4,1,1,411,Promising
5837,1967,Graduation,Partner,51479.0,1,1,2012-12-28,247,8,160,6,8,65,7,6,3,6,7,0,0,0,0,0,0,3,11,0,48,1,2,28,12,4,2012,24,67,15,494,32.93333333333333,2,3,3,233,At risk
10704,1969,Graduation,Single,54803.0,0,1,2012-08-21,404,0,92,28,27,142,2,6,2,9,4,0,0,0,0,0,0,3,11,0,46,1,1,21,8,3,2012,28,65,17,693,40.76470588235294,2,4,4,244,At risk
5125,1960,Graduation,Partner,79530.0,0,0,2013-05-17,333,0,815,129,42,29,1,4,10,11,2,0,0,0,0,0,0,3,11,0,55,0,0,17,5,2,2013,19,64,25,1348,53.92,2,5,5,255,Can't loose
4432,1976,Graduation,Single,31615.0,1,0,2013-03-16,2,3,20,6,11,9,2,2,0,3,7,0,0,0,0,0,0,3,11,0,39,1,1,16,3,1,2013,21,82,5,51,10.2,1,1,1,111,Hibernating
5955,1962,Graduation,Partner,72025.0,0,0,2012-11-17,833,33,549,151,133,233,1,4,3,8,3,0,0,0,0,0,0,3,11,0,53,0,0,17,11,4,2012,25,27,15,1932,128.8,4,3,5,435,Potential Loyalists
2928,1975,PhD,Single,52614.0,0,1,2012-12-01,789,0,142,12,9,38,2,2,4,8,8,0,0,0,0,0,0,3,11,0,40,1,1,1,12,4,2012,25,63,14,990,70.71428571428571,2,3,4,234,At risk
5680,1984,PostGraduation,Partner,35684.0,1,0,2014-04-22,10,4,7,0,6,3,1,1,0,3,6,0,0,0,0,0,0,3,11,0,31,1,1,22,4,2,2014,8,66,4,30,7.5,2,1,1,211,Hibernating
10313,1975,Graduation,Partner,48178.0,1,1,2012-10-28,159,4,45,6,2,38,6,5,1,4,8,0,0,0,0,0,0,3,11,0,40,1,2,28,10,4,2012,26,69,10,254,25.4,2,3,3,233,At risk
2557,1970,PostGraduation,Single,29548.0,1,0,2013-08-29,7,1,6,3,1,11,1,1,1,2,4,1,0,0,0,0,0,3,11,0,45,1,1,29,8,3,2013,16,52,4,29,7.25,3,1,1,311,About to sleep
1245,1966,Graduation,Single,63810.0,0,1,2012-11-11,977,12,253,16,12,101,4,4,3,12,8,0,1,0,0,0,0,3,11,0,49,1,1,11,11,4,2012,26,45,19,1371,72.15789473684211,3,4,5,345,Loyal Customers
1519,1972,PhD,Single,38578.0,1,1,2013-06-22,38,4,22,3,3,3,3,3,0,3,8,0,0,0,0,0,0,3,11,1,43,1,2,22,6,2,2013,18,2,6,73,12.166666666666666,5,2,2,522,Potential Loyalists
10703,1975,PostGraduation,Single,46098.0,1,1,2012-08-18,57,0,27,0,0,36,4,3,2,2,8,0,0,0,0,0,0,3,11,0,40,1,2,18,8,3,2012,28,86,7,120,17.142857142857142,1,2,2,122,Hibernating
1726,1970,Graduation,Single,22585.0,0,0,2013-03-18,3,9,15,13,2,39,1,1,1,2,9,1,0,0,0,0,0,3,11,1,45,0,0,18,3,1,2013,21,23,4,81,20.25,4,1,2,412,Promising
4459,1989,Graduation,Single,30279.0,1,0,2012-12-30,10,4,14,4,4,1,1,1,0,3,8,0,0,0,0,0,0,3,11,0,26,1,1,30,12,4,2012,24,13,4,37,9.25,5,1,1,511,New Customers
1729,1961,PhD,Partner,66426.0,0,1,2013-10-02,1043,24,97,32,24,157,2,3,5,10,6,0,0,0,0,0,0,3,11,0,54,1,1,2,10,4,2013,15,14,18,1377,76.5,5,4,5,545,Champions
1517,1969,Graduation,Single,30822.0,1,0,2013-06-14,3,9,13,2,12,12,1,1,0,3,7,0,0,0,0,0,0,3,11,0,46,1,1,14,6,2,2013,18,92,4,51,12.75,1,1,1,111,Hibernating
2098,1969,PhD,Partner,33581.0,2,0,2013-01-08,11,0,5,0,0,1,1,1,0,2,8,0,0,0,0,0,0,3,11,0,46,1,2,8,1,1,2013,24,38,3,17,5.666666666666667,4,1,1,411,Promising
9543,1985,Graduation,Partner,19986.0,1,0,2013-11-14,3,6,5,0,2,6,1,0,0,3,7,0,0,0,0,0,0,3,11,0,30,1,1,14,11,4,2013,13,74,3,22,7.333333333333333,2,1,1,211,Hibernating
6878,1954,Graduation,Single,27421.0,0,0,2012-12-12,43,12,96,78,40,55,3,4,1,6,7,0,0,0,0,0,0,3,11,0,61,0,0,12,12,4,2012,25,14,11,324,29.454545454545453,5,3,3,533,Potential Loyalists
3310,1973,PostGraduation,Partner,35688.0,2,1,2012-08-22,73,3,90,12,1,32,7,4,1,4,8,0,0,0,0,0,0,3,11,0,42,1,3,22,8,3,2012,28,94,9,211,23.444444444444443,1,2,3,123,Hibernating
2724,1981,PostGraduation,Single,36143.0,1,0,2014-03-30,12,0,1,0,0,6,1,0,1,2,3,0,0,0,0,0,0,3,11,0,34,1,1,30,3,1,2014,9,33,3,19,6.333333333333333,4,1,1,411,Promising
948,1971,Graduation,Single,10245.0,1,0,2013-05-15,4,7,7,6,4,13,3,1,2,2,5,0,0,0,0,0,0,3,11,0,44,1,1,15,5,2,2013,19,32,5,41,8.2,4,1,1,411,Promising
6720,1968,PostGraduation,Partner,43795.0,0,1,2013-10-16,314,11,53,4,3,107,3,7,3,4,7,0,1,0,0,0,0,3,11,1,47,1,1,16,10,4,2013,14,11,14,492,35.142857142857146,5,3,3,533,Potential Loyalists
6202,1960,Graduation,Partner,63381.0,0,1,2012-10-05,571,50,142,33,50,159,4,4,5,13,2,0,0,0,0,0,0,3,11,0,55,1,1,5,10,4,2012,27,78,22,1005,45.68181818181818,2,5,4,254,Can't loose
2066,1949,Graduation,Partner,38823.0,0,1,2012-08-30,70,0,11,2,8,23,1,2,1,3,6,0,0,0,0,0,0,3,11,0,66,1,1,30,8,3,2012,28,56,6,114,19.0,3,2,2,322,About to sleep
9799,1968,PhD,Single,83664.0,1,1,2013-05-08,866,21,151,28,21,86,3,2,2,12,5,0,0,0,0,0,0,3,11,0,47,1,2,8,5,2,2013,20,57,16,1173,73.3125,3,4,4,344,Loyal Customers
8318,1979,Graduation,Partner,90300.0,0,0,2014-01-03,594,134,786,33,134,57,0,5,6,8,1,0,0,1,0,0,0,3,11,0,36,0,0,3,1,1,2014,12,7,19,1738,91.47368421052632,5,4,5,545,Champions
5642,1979,PostGraduation,Partner,62499.0,1,0,2013-12-09,140,4,61,0,13,4,2,3,1,6,4,0,0,0,0,0,0,3,11,0,36,1,1,9,12,4,2013,12,0,10,222,22.2,5,3,3,533,Potential Loyalists
2669,1993,Graduation,Single,74293.0,0,0,2014-05-04,375,152,335,93,91,81,1,5,4,6,2,0,0,0,0,0,0,3,11,0,22,0,0,4,5,2,2014,8,66,15,1127,75.13333333333334,2,3,4,234,At risk
455,1946,PhD,Partner,51012.0,0,0,2013-04-18,102,9,63,2,9,24,1,4,1,4,6,0,0,0,0,0,0,3,11,0,69,0,0,18,4,2,2013,20,86,9,209,23.22222222222222,1,2,3,123,Hibernating
7683,1968,PostGraduation,Partner,70777.0,0,1,2014-02-25,554,35,113,0,7,78,3,5,3,12,3,0,0,0,0,0,0,3,11,0,47,1,1,25,2,1,2014,10,80,20,787,39.35,1,4,4,144,At risk
3428,1991,PhD,Partner,68682.0,0,0,2013-10-06,919,0,505,99,30,45,1,4,9,10,2,0,0,0,0,0,0,3,11,0,24,0,0,6,10,4,2013,15,56,23,1598,69.47826086956522,3,5,5,355,Loyal Customers
7414,1971,Graduation,Partner,43824.0,1,1,2012-09-15,96,1,42,12,3,32,4,3,1,4,8,0,0,0,0,0,0,3,11,0,44,1,2,15,9,3,2012,27,18,8,186,23.25,5,2,2,522,Potential Loyalists
6354,1984,Graduation,Partner,15345.0,1,0,2012-08-31,5,2,16,3,2,19,2,1,1,2,8,0,0,0,0,0,0,3,11,1,31,1,1,31,8,3,2012,28,51,4,47,11.75,3,1,1,311,About to sleep
798,1987,Graduation,Single,23442.0,1,0,2012-12-24,2,0,6,8,6,5,1,1,0,3,7,0,0,0,0,0,0,3,11,0,28,1,1,24,12,4,2012,24,71,4,27,6.75,2,1,1,211,Hibernating
8213,1980,PostGraduation,Partner,14515.0,1,0,2012-11-09,6,4,9,6,36,35,4,2,2,3,7,0,0,0,0,0,0,3,11,1,35,1,1,9,11,4,2012,26,71,7,96,13.714285714285714,2,2,2,222,Hibernating
2488,1956,PostGraduation,Single,31395.0,1,1,2013-03-23,23,1,25,0,8,7,4,2,1,3,6,0,0,0,0,0,0,3,11,0,59,1,2,23,3,1,2013,21,80,6,64,10.666666666666666,1,2,2,122,Hibernating
9999,1965,Graduation,Partner,75276.0,0,0,2012-09-27,610,105,125,137,42,21,1,9,4,9,5,0,0,0,0,0,0,3,11,0,50,0,0,27,9,3,2012,27,2,22,1040,47.27272727272727,5,5,4,554,Champions
7617,1974,Graduation,Single,42373.0,1,1,2013-08-15,67,5,61,3,8,19,5,2,1,5,5,0,0,0,0,0,0,3,11,0,41,1,2,15,8,3,2013,16,83,8,163,20.375,1,2,2,122,Hibernating
615,1960,Graduation,Partner,30507.0,0,0,2013-03-11,65,36,74,38,20,110,1,5,1,4,7,0,0,0,0,0,0,3,11,0,55,0,0,11,3,1,2013,22,29,10,343,34.3,4,3,3,433,Potential Loyalists
2552,1955,PhD,Single,55521.0,1,2,2013-10-22,416,0,26,0,0,4,9,6,3,6,7,0,1,0,0,0,0,3,11,1,60,1,3,22,10,4,2013,14,11,15,446,29.733333333333334,5,3,3,533,Potential Loyalists
194,1965,Graduation,Partner,48006.0,1,1,2014-06-09,23,0,11,3,2,2,1,1,0,3,6,0,0,0,0,0,0,3,11,0,50,1,2,9,6,2,2014,6,55,4,41,10.25,3,1,1,311,About to sleep
3645,1972,PhD,Single,27213.0,1,0,2012-08-30,19,3,26,10,9,3,3,2,0,4,8,0,0,0,0,0,0,3,11,1,43,1,1,30,8,3,2012,28,19,6,70,11.666666666666666,5,2,2,522,Potential Loyalists
8890,1971,PhD,Single,65808.0,1,1,2014-05-30,155,7,80,13,7,10,3,5,1,5,6,0,0,0,0,0,0,3,11,0,44,1,2,30,5,2,2014,7,1,11,272,24.727272727272727,5,3,3,533,Potential Loyalists
5049,1974,PhD,Partner,30351.0,1,0,2013-06-06,14,0,24,3,3,2,1,3,0,2,9,0,0,0,0,0,0,3,11,0,41,1,1,6,6,2,2013,19,19,5,46,9.2,5,1,1,511,New Customers
9973,1963,Graduation,Partner,50437.0,0,2,2012-10-17,370,9,92,6,9,4,3,7,1,8,7,0,0,0,0,0,0,3,11,0,52,1,2,17,10,4,2012,26,28,16,490,30.625,4,4,3,443,Loyal Customers
7301,1982,PostGraduation,Single,23616.0,1,0,2012-11-17,4,22,11,3,7,32,2,3,0,3,8,0,0,0,0,0,0,3,11,1,33,1,1,17,11,4,2012,25,76,6,79,13.166666666666666,2,2,2,222,Hibernating
10882,1976,Graduation,Partner,53858.0,0,1,2012-11-09,407,53,221,58,150,26,4,4,3,6,4,0,0,0,0,0,0,3,11,0,39,1,1,9,11,4,2012,26,50,13,915,70.38461538461539,3,3,4,334,Need Attention
7030,1955,PhD,Partner,66465.0,0,1,2013-03-30,1200,0,204,38,29,14,3,11,9,12,6,0,0,0,1,0,0,3,11,0,60,1,1,30,3,1,2013,21,1,32,1485,46.40625,5,5,5,555,Champions
7422,1987,Graduation,Single,46923.0,1,0,2012-08-22,85,44,54,102,78,6,3,5,1,7,7,0,0,0,0,0,0,3,11,0,28,1,1,22,8,3,2012,28,90,13,369,28.384615384615383,1,3,3,133,At risk
3523,1962,Graduation,Partner,75072.0,0,1,2013-01-23,583,34,309,0,22,125,2,5,4,8,3,0,0,0,0,0,0,3,11,0,53,1,1,23,1,1,2013,23,83,17,1073,63.11764705882353,1,4,4,144,At risk
7106,1943,PhD,Partner,75865.0,0,0,2014-03-31,483,0,591,156,0,12,1,3,5,10,1,0,0,0,0,0,0,3,11,0,72,0,0,31,3,1,2014,9,73,18,1242,69.0,2,4,5,245,At risk
6504,1975,PostGraduation,Partner,19789.0,1,0,2013-11-20,2,5,9,28,6,28,3,2,1,3,5,1,0,0,0,0,0,3,11,0,40,1,1,20,11,4,2013,13,24,6,78,13.0,4,2,2,422,Potential Loyalists
5067,1994,Graduation,Partner,80134.0,0,0,2014-02-14,966,26,282,52,26,26,1,2,7,11,5,0,1,1,1,1,0,3,11,0,21,0,0,14,2,1,2014,10,11,20,1378,68.9,5,4,5,545,Champions
4216,1981,Graduation,Single,91065.0,0,0,2013-02-22,822,114,108,179,137,114,1,7,9,9,3,0,0,1,1,0,0,3,11,1,34,0,0,22,2,1,2013,22,33,25,1474,58.96,4,5,5,455,Loyal Customers
8581,1971,PostGraduation,Partner,49505.0,1,1,2013-03-05,604,0,100,19,0,28,9,10,2,8,8,0,0,0,0,0,0,3,11,0,44,1,2,5,3,1,2013,22,4,20,751,37.55,5,4,4,544,Champions
5929,1973,PhD,Partner,37401.0,1,0,2014-05-06,19,3,19,3,1,3,2,2,0,3,7,0,0,0,0,0,0,3,11,0,42,1,1,6,5,2,2014,8,14,5,48,9.6,5,1,1,511,New Customers
3129,1983,Graduation,Partner,30096.0,1,0,2014-05-22,5,3,11,12,5,9,1,2,0,3,6,0,0,0,0,0,0,3,11,0,32,1,1,22,5,2,2014,7,30,5,45,9.0,4,1,1,411,Promising
6528,1982,PostGraduation,Partner,18492.0,1,0,2014-06-05,2,2,2,2,1,1,1,1,0,2,8,0,0,0,0,0,0,3,11,0,33,1,1,5,6,2,2014,7,75,3,10,3.3333333333333335,2,1,1,211,Hibernating
1361,1974,PostGraduation,Partner,82584.0,0,0,2013-06-04,1076,68,103,29,91,68,1,3,4,8,1,0,1,1,0,0,0,3,11,1,41,0,0,4,6,2,2013,19,26,15,1435,95.66666666666667,4,3,5,435,Potential Loyalists
6932,1941,PhD,Partner,93027.0,0,0,2013-04-13,1285,42,716,55,0,21,0,7,10,5,2,0,0,1,0,0,0,3,11,0,74,0,0,13,4,2,2013,20,77,22,2119,96.31818181818181,2,5,5,255,Can't loose
7284,1953,Graduation,Partner,48686.0,1,2,2013-12-04,10,0,7,2,0,1,1,1,0,2,8,0,0,0,0,0,0,3,11,0,62,1,3,4,12,4,2013,13,8,3,20,6.666666666666667,5,1,1,511,New Customers
1340,1986,Graduation,Partner,92910.0,0,0,2014-04-24,551,137,792,179,103,33,1,6,7,13,1,0,1,1,1,0,0,3,11,0,29,0,0,24,4,2,2014,8,42,26,1795,69.03846153846153,3,5,5,355,Loyal Customers
8746,1989,Graduation,Partner,75433.0,1,0,2014-04-05,800,0,297,0,34,57,2,2,5,10,6,0,1,0,1,0,0,3,11,0,26,1,1,5,4,2,2014,9,28,17,1188,69.88235294117646,4,4,5,445,Loyal Customers
5987,1989,PostGraduation,Partner,10404.0,1,0,2014-05-04,2,2,11,10,6,12,2,1,0,4,5,0,0,0,0,0,0,3,11,0,26,1,1,4,5,2,2014,8,52,5,43,8.6,3,1,1,311,About to sleep
3767,1968,Graduation,Partner,61314.0,0,1,2013-04-25,378,0,189,97,172,172,2,5,5,12,3,0,0,0,0,0,0,3,11,0,47,1,1,25,4,2,2013,20,1,22,1008,45.81818181818182,5,5,4,554,Champions
3725,1961,PhD,Single,84865.0,0,0,2013-05-09,1248,16,349,43,16,16,1,2,4,9,4,0,1,1,1,1,0,3,11,1,54,0,0,9,5,2,2013,20,1,15,1688,112.53333333333333,5,3,5,535,Potential Loyalists
4324,1989,Graduation,Partner,42387.0,1,0,2012-10-29,235,0,235,19,4,191,5,8,1,7,8,0,0,0,0,0,0,3,11,0,26,1,1,29,10,4,2012,26,42,16,684,42.75,3,4,4,344,Loyal Customers
238,1967,PostGraduation,Partner,67309.0,1,1,2013-01-23,515,47,181,149,95,95,15,9,6,9,7,0,0,0,0,0,0,3,11,0,48,1,2,23,1,1,2013,23,76,24,1082,45.083333333333336,2,5,4,254,Can't loose
6694,1964,Graduation,Partner,75236.0,0,1,2013-11-25,438,66,400,12,38,114,1,8,3,13,4,0,0,0,0,0,0,3,11,0,51,1,1,25,11,4,2013,13,27,24,1068,44.5,4,5,4,454,Loyal Customers
498,1970,Graduation,Single,30015.0,1,0,2014-02-02,25,0,22,2,3,5,2,1,0,4,5,0,0,0,0,0,0,3,11,0,45,1,1,2,2,1,2014,11,28,5,57,11.4,4,1,2,412,Promising
9347,1956,PostGraduation,Partner,50943.0,0,1,2013-06-21,31,0,7,2,0,6,1,1,0,3,5,0,0,0,0,0,0,3,11,0,59,1,1,21,6,2,2013,18,49,4,46,11.5,3,1,1,311,About to sleep
9699,1966,Graduation,Single,67272.0,0,1,2013-12-21,357,35,271,28,28,14,3,6,2,12,5,0,0,0,0,0,0,3,11,0,49,1,1,21,12,4,2013,12,12,20,733,36.65,5,4,4,544,Champions
10664,1949,PostGraduation,Single,51529.0,0,1,2013-09-07,400,4,35,6,0,22,2,9,1,5,8,0,0,0,0,0,0,3,11,0,66,1,1,7,9,3,2013,16,14,15,467,31.133333333333333,5,3,3,533,Potential Loyalists
5455,1971,PhD,Partner,32011.0,1,0,2013-08-22,99,0,15,2,1,5,3,2,1,4,7,0,0,0,0,0,0,3,11,0,44,1,1,22,8,3,2013,16,89,7,122,17.428571428571427,1,2,2,122,Hibernating
456,1986,PostGraduation,Partner,7500.0,1,0,2013-02-07,1,11,5,4,6,9,2,2,0,3,8,0,0,0,0,0,0,3,11,0,29,1,1,7,2,1,2013,23,96,5,36,7.2,1,1,1,111,Hibernating
5012,1989,Graduation,Partner,28691.0,1,0,2013-07-04,5,4,13,8,0,4,1,1,0,3,8,0,0,0,0,0,0,3,11,0,26,1,1,4,7,3,2013,18,56,4,34,8.5,3,1,1,311,About to sleep
7495,1948,PhD,Partner,56223.0,0,1,2013-12-20,77,28,31,16,0,4,2,2,1,5,4,0,0,0,0,0,0,3,11,0,67,1,1,20,12,4,2013,12,72,8,156,19.5,2,2,2,222,Hibernating
5029,1946,Graduation,Partner,18100.0,0,0,2013-08-06,3,1,2,4,3,1,1,0,0,3,5,0,0,0,0,0,0,3,11,0,69,0,0,6,8,3,2013,17,14,3,14,4.666666666666667,5,1,1,511,New Customers
10642,1989,Graduation,Single,30279.0,1,0,2012-12-30,10,4,14,4,4,1,1,1,0,3,8,0,0,0,0,0,0,3,11,0,26,1,1,30,12,4,2012,24,13,4,37,9.25,5,1,1,511,New Customers
2106,1974,PostGraduation,Partner,20130.0,0,0,2014-03-17,0,6,3,7,6,12,1,1,0,3,8,0,0,0,0,0,0,3,11,0,41,0,0,17,3,1,2014,9,99,4,34,8.5,1,1,1,111,Hibernating
10364,1959,Graduation,Single,23295.0,0,0,2013-07-13,0,0,1,2,12,5,1,1,0,2,8,0,0,0,0,0,0,3,11,0,56,0,0,13,7,3,2013,17,72,3,20,6.666666666666667,2,1,1,211,Hibernating
5954,1972,PostGraduation,Single,42618.0,1,0,2013-10-09,76,14,74,13,5,10,2,5,0,4,8,0,0,0,0,0,0,3,11,0,43,1,1,9,10,4,2013,14,92,9,192,21.333333333333332,1,2,2,122,Hibernating
1137,1964,Graduation,Single,81246.0,0,0,2013-12-29,398,190,537,61,156,37,1,4,5,7,1,1,0,0,1,0,0,3,11,0,51,0,0,29,12,4,2013,12,87,16,1379,86.1875,1,4,5,145,At risk
2541,1976,Graduation,Partner,24027.0,1,0,2013-06-09,14,7,11,11,0,5,2,2,0,3,8,0,0,0,0,0,0,3,11,0,39,1,1,9,6,2,2013,19,7,5,48,9.6,5,1,1,511,New Customers
1142,1953,PhD,Partner,55707.0,0,1,2013-12-22,208,7,82,30,66,35,2,3,2,9,3,0,0,0,0,0,0,3,11,0,62,1,1,22,12,4,2013,12,91,14,428,30.571428571428573,1,3,3,133,At risk
2276,1955,Graduation,Single,57959.0,0,1,2013-05-02,430,16,322,43,24,33,5,4,7,11,3,0,0,0,0,0,0,3,11,0,60,1,1,2,5,2,2013,20,71,22,868,39.45454545454545,2,5,4,254,Can't loose
2807,1969,Graduation,Partner,56796.0,0,1,2013-02-16,656,38,161,62,47,37,3,8,9,7,7,0,0,0,0,0,0,3,11,0,46,1,1,16,2,1,2013,22,24,24,1001,41.708333333333336,4,5,4,454,Loyal Customers
6471,1971,PostGraduation,Single,36230.0,1,0,2013-10-17,14,2,30,8,2,3,1,2,0,4,5,0,0,0,0,0,0,3,11,0,44,1,1,17,10,4,2013,14,17,6,59,9.833333333333334,5,2,2,522,Potential Loyalists
6131,1980,PostGraduation,Partner,70829.0,1,1,2013-12-01,141,70,106,72,19,23,2,4,2,8,3,0,0,0,0,0,0,3,11,0,35,1,2,1,12,4,2013,13,87,14,431,30.785714285714285,1,3,3,133,At risk
6233,1976,Graduation,Partner,65991.0,0,1,2012-09-07,507,19,364,25,47,9,3,9,5,10,7,0,0,0,0,0,0,3,11,0,39,1,1,7,9,3,2012,28,21,24,971,40.458333333333336,4,5,4,454,Loyal Customers
4148,1972,Graduation,Partner,38988.0,1,2,2012-08-20,164,24,103,12,3,42,7,5,1,6,8,0,0,0,0,0,0,3,11,0,43,1,3,20,8,3,2012,28,90,12,348,29.0,1,3,3,133,At risk
4947,1966,PostGraduation,Single,89572.0,0,0,2012-09-15,606,24,974,197,194,64,1,7,7,9,4,0,1,0,1,0,0,3,11,1,49,0,0,15,9,3,2012,27,44,23,2059,89.52173913043478,3,5,5,355,Loyal Customers
3225,1984,PostGraduation,Partner,42207.0,1,0,2013-04-01,116,11,72,3,17,46,4,4,1,5,6,1,0,0,0,0,0,3,11,1,31,1,1,1,4,2,2013,21,71,10,265,26.5,2,3,3,233,At risk
7540,1952,Graduation,Partner,50300.0,0,1,2014-05-25,143,15,60,24,23,5,2,2,1,8,2,0,0,0,0,0,0,3,11,0,63,1,1,25,5,2,2014,7,52,11,270,24.545454545454547,3,3,3,333,Need Attention
10648,1982,PostGraduation,Partner,66664.0,0,0,2012-09-25,398,96,447,220,96,32,1,5,7,6,3,0,0,0,0,0,0,3,11,0,33,0,0,25,9,3,2012,27,78,18,1289,71.61111111111111,2,4,5,245,At risk
1992,1964,Graduation,Partner,60597.0,0,1,2014-01-01,522,0,257,32,16,66,4,2,2,8,7,0,0,0,1,0,0,3,11,1,51,1,1,1,1,1,2014,12,2,12,893,74.41666666666667,5,3,4,534,Potential Loyalists
7851,1949,Graduation,Single,70165.0,0,0,2013-09-22,161,0,253,199,191,122,1,3,7,11,1,0,0,0,0,0,0,3,11,0,66,0,0,22,9,3,2013,15,60,21,926,44.095238095238095,2,5,4,254,Can't loose
8594,1958,PhD,Single,50520.0,0,1,2014-01-28,112,0,6,2,1,14,2,3,1,3,6,0,0,0,0,0,0,3,11,0,57,1,1,28,1,1,2014,11,25,7,135,19.285714285714285,4,2,2,422,Potential Loyalists
7059,1963,Graduation,Partner,80124.0,0,0,2014-06-26,483,84,398,205,84,241,1,3,7,8,1,1,0,0,0,0,0,3,11,0,52,0,0,26,6,2,2014,6,47,18,1495,83.05555555555556,3,4,5,345,Loyal Customers
2815,1975,Graduation,Partner,33183.0,1,0,2014-02-24,7,5,39,17,15,37,2,4,0,3,7,0,0,0,0,0,0,3,11,0,40,1,1,24,2,1,2014,10,46,7,120,17.142857142857142,3,2,2,322,About to sleep
2416,1969,PhD,Single,66582.0,0,0,2014-03-03,789,25,420,16,38,0,1,2,8,9,1,0,0,0,0,0,0,3,11,0,46,0,0,3,3,1,2014,10,83,19,1288,67.78947368421052,1,4,5,145,At risk
7999,1955,PhD,Partner,75261.0,0,0,2013-04-23,1239,17,413,23,34,17,1,5,6,5,2,0,1,1,0,0,0,3,11,1,60,0,0,23,4,2,2013,20,17,16,1743,108.9375,5,4,5,545,Champions
9213,1970,Graduation,Single,31880.0,1,0,2012-10-31,4,1,5,2,0,3,1,1,0,2,8,0,0,0,0,0,0,3,11,0,45,1,1,31,10,4,2012,26,13,3,15,5.0,5,1,1,511,New Customers
9697,1951,Graduation,Partner,53790.0,0,2,2014-03-06,335,42,127,28,5,5,3,7,2,8,6,0,0,0,0,0,0,3,11,0,64,1,2,6,3,1,2014,10,86,17,542,31.88235294117647,1,4,3,143,At risk
3916,1971,PhD,Partner,49269.0,1,0,2012-08-15,639,8,166,11,8,58,3,7,3,12,7,0,0,0,0,0,0,3,11,0,44,1,1,15,8,3,2012,28,92,22,890,40.45454545454545,1,5,4,154,Can't loose
2021,1975,Graduation,Partner,61456.0,0,1,2013-03-27,563,76,384,84,192,89,4,6,10,13,4,0,0,0,0,0,0,3,11,0,40,1,1,27,3,1,2013,21,47,29,1388,47.86206896551724,3,5,5,355,Loyal Customers
1581,1980,Graduation,Partner,37406.0,1,0,2013-10-10,2,0,8,2,2,3,1,1,0,2,8,0,0,0,0,0,0,3,11,1,35,1,1,10,10,4,2013,14,18,3,17,5.666666666666667,5,1,1,511,New Customers
564,1981,PhD,Partner,56937.0,1,0,2012-08-04,746,8,125,11,8,8,7,8,6,9,6,0,1,0,0,0,0,3,11,1,34,1,1,4,8,3,2012,29,81,23,906,39.391304347826086,1,5,4,154,Can't loose
6619,1978,Graduation,Partner,38415.0,1,1,2013-01-02,22,1,13,4,0,4,2,1,0,3,7,0,0,0,0,0,0,3,11,0,37,1,2,2,1,1,2013,24,91,4,44,11.0,1,1,1,111,Hibernating
9081,1988,Graduation,Single,20518.0,1,0,2014-05-18,4,1,6,4,1,9,1,1,1,2,5,0,0,0,0,0,0,3,11,0,27,1,1,18,5,2,2014,7,58,4,25,6.25,3,1,1,311,About to sleep
178,1956,Graduation,Partner,62503.0,0,1,2013-02-18,478,0,193,110,75,117,4,8,3,11,5,0,0,0,0,0,0,3,11,0,59,1,1,18,2,1,2013,22,40,22,973,44.22727272727273,3,5,4,354,Loyal Customers
916,1972,PhD,Single,41644.0,1,1,2014-05-09,20,3,4,2,0,2,2,1,0,3,3,0,0,0,0,0,0,3,11,0,43,1,2,9,5,2,2014,7,67,4,31,7.75,2,1,1,211,Hibernating
5512,1977,PostGraduation,Partner,55842.0,0,1,2014-05-23,451,0,39,0,4,24,1,7,1,8,5,0,0,0,0,0,0,3,11,0,38,1,1,23,5,2,2014,7,19,16,518,32.375,5,4,3,543,Champions
8970,1972,PhD,Partner,62010.0,0,1,2012-10-23,371,22,39,6,0,92,4,6,2,7,5,0,0,0,0,0,0,3,11,0,43,1,1,23,10,4,2012,26,93,15,530,35.333333333333336,1,3,3,133,At risk
10581,1977,Graduation,Partner,41124.0,1,0,2012-10-31,281,7,84,15,0,119,7,7,3,4,8,0,0,0,0,0,0,3,11,0,38,1,1,31,10,4,2012,26,41,14,506,36.142857142857146,3,3,3,333,Need Attention
5300,1973,PostGraduation,Partner,38961.0,1,0,2013-12-30,19,7,19,0,1,24,1,2,1,2,7,0,0,0,0,0,0,3,11,0,42,1,1,30,12,4,2013,12,60,5,70,14.0,2,1,2,212,Hibernating
5154,1972,PostGraduation,Single,37760.0,1,0,2013-08-11,26,3,13,2,10,0,1,2,0,3,6,0,0,0,0,0,0,3,11,0,43,1,1,11,8,3,2013,16,54,5,54,10.8,3,1,1,311,About to sleep
8346,1974,Graduation,Single,32233.0,1,0,2012-08-19,138,15,35,25,11,72,2,6,2,2,9,1,0,0,0,0,0,3,11,1,41,1,1,19,8,3,2012,28,26,10,296,29.6,4,3,3,433,Potential Loyalists
1676,1975,Graduation,Partner,43057.0,0,1,2013-10-30,213,2,44,0,2,5,4,4,2,5,5,0,0,0,0,0,0,3,11,0,40,1,1,30,10,4,2013,14,30,11,266,24.181818181818183,4,3,3,433,Potential Loyalists
9286,1960,PostGraduation,Partner,83151.0,0,0,2012-10-10,407,28,100,120,74,18,1,5,9,4,3,0,0,0,0,0,0,3,11,0,55,0,0,10,10,4,2012,27,93,18,747,41.5,1,4,4,144,At risk
2426,1964,PhD,Single,78825.0,0,0,2012-09-14,483,74,114,169,37,18,1,5,10,13,3,0,0,0,0,0,0,3,11,1,51,0,0,14,9,3,2012,27,35,28,895,31.964285714285715,4,5,4,454,Loyal Customers
5172,1976,PostGraduation,Partner,65104.0,0,1,2013-11-14,738,0,232,13,20,50,2,3,5,7,7,0,0,0,0,0,0,3,11,0,39,1,1,14,11,4,2013,13,4,15,1053,70.2,5,3,4,534,Potential Loyalists
5562,1974,Graduation,Partner,60093.0,0,1,2013-06-26,502,12,109,16,6,90,2,7,2,10,6,0,0,0,0,0,0,3,11,0,41,1,1,26,6,2,2013,18,92,19,735,38.68421052631579,1,4,4,144,At risk
3436,1969,Graduation,Partner,14045.0,1,0,2014-01-26,11,0,5,2,1,1,1,1,0,3,7,0,0,0,0,0,0,3,11,0,46,1,1,26,1,1,2014,11,24,4,20,5.0,4,1,1,411,Promising
3921,1952,PostGraduation,Single,28457.0,0,0,2012-10-28,24,1,108,29,29,14,1,4,1,4,8,0,0,0,0,0,0,3,11,0,63,0,0,28,10,4,2012,26,96,9,205,22.77777777777778,1,2,3,123,Hibernating
3403,1958,PhD,Partner,78952.0,0,1,2012-09-24,1170,19,594,99,76,134,2,2,5,12,6,0,0,0,0,0,0,3,11,0,57,1,1,24,9,3,2012,27,11,19,2092,110.10526315789474,5,4,5,545,Champions
22,1976,Graduation,Single,46310.0,1,0,2012-12-03,185,2,88,15,5,14,2,6,1,5,8,0,0,0,0,0,0,3,11,0,39,1,1,3,12,4,2012,25,99,12,309,25.75,1,3,3,133,At risk
10965,1955,Graduation,Partner,76005.0,0,0,2013-02-22,983,20,389,240,50,40,1,3,5,13,6,0,0,0,1,0,0,3,11,0,60,0,0,22,2,1,2013,22,72,21,1722,82.0,2,5,5,255,Can't loose
9426,1964,PostGraduation,Single,58308.0,0,1,2013-01-12,691,0,69,10,0,130,4,2,6,3,8,0,0,0,0,0,0,3,11,0,51,1,1,12,1,1,2013,23,77,11,900,81.81818181818181,2,3,4,234,At risk
6605,1944,PhD,Single,55614.0,0,0,2013-11-27,504,13,131,8,0,26,1,9,4,6,7,0,1,0,0,0,0,3,11,0,71,0,0,27,11,4,2013,13,85,19,682,35.89473684210526,1,4,4,144,At risk
3136,1962,PostGraduation,Single,59432.0,0,1,2013-04-13,317,25,265,25,19,12,3,5,3,11,5,0,0,0,0,0,0,3,11,0,53,1,1,13,4,2,2013,20,88,19,663,34.89473684210526,1,4,4,144,At risk
8737,1978,Graduation,Single,55563.0,0,1,2014-04-05,29,1,9,2,0,2,1,2,0,3,3,0,0,0,0,0,0,3,11,0,37,1,1,5,4,2,2014,9,22,5,43,8.6,4,1,1,411,Promising
11088,1971,PhD,Partner,78642.0,0,1,2013-04-21,1396,0,322,46,35,17,1,4,9,4,6,0,0,0,0,0,0,3,11,0,44,1,1,21,4,2,2013,20,83,17,1816,106.82352941176471,1,4,5,145,At risk
716,1949,PhD,Partner,67911.0,0,1,2014-05-22,529,0,356,63,28,0,3,6,7,11,3,0,0,0,0,0,0,3,11,0,66,1,1,22,5,2,2014,7,63,24,976,40.666666666666664,2,5,4,254,Can't loose
466,1944,Graduation,Partner,65275.0,0,0,2013-04-03,388,14,218,91,14,21,1,4,3,13,2,0,0,0,0,0,0,3,11,0,71,0,0,3,4,2,2013,21,9,20,746,37.3,5,4,4,544,Champions
9135,1950,Graduation,Partner,27203.0,1,1,2012-08-06,13,2,21,4,0,24,2,1,1,2,8,0,0,0,0,0,0,3,11,0,65,1,2,6,8,3,2012,29,92,4,64,16.0,1,1,2,112,Hibernating
10623,1961,PostGraduation,Partner,48330.0,0,1,2013-11-15,28,0,4,0,0,0,1,1,0,3,5,0,0,0,0,0,0,3,11,0,54,1,1,15,11,4,2013,13,2,4,32,8.0,5,1,1,511,New Customers
8151,1990,UnderGraduation,Partner,24279.0,0,0,2012-12-29,16,36,21,20,62,108,1,4,1,3,8,0,0,0,0,0,0,3,11,0,25,0,0,29,12,4,2012,24,6,8,263,32.875,5,2,3,523,Potential Loyalists
5140,1985,PhD,Partner,64355.0,1,0,2012-08-24,1047,0,140,67,38,153,2,4,3,12,8,0,0,0,0,0,0,3,11,0,30,1,1,24,8,3,2012,28,66,19,1445,76.05263157894737,2,4,5,245,At risk
10160,1956,PostGraduation,Partner,50943.0,0,1,2013-06-21,31,0,7,2,0,6,1,1,0,3,5,0,0,0,0,0,0,3,11,0,59,1,1,21,6,2,2013,18,49,4,46,11.5,3,1,1,311,About to sleep
4945,1953,Graduation,Single,53653.0,0,0,2012-11-07,815,10,239,28,10,108,2,10,4,12,6,0,0,0,0,0,0,3,11,0,62,0,0,7,11,4,2012,26,29,26,1210,46.53846153846154,4,5,5,455,Loyal Customers
10584,1976,Graduation,Partner,65665.0,0,1,2013-12-02,225,162,387,106,36,29,1,5,10,8,3,0,0,0,0,0,0,3,11,0,39,1,1,2,12,4,2013,13,77,23,945,41.08695652173913,2,5,4,254,Can't loose
6071,1989,Graduation,Single,81217.0,0,0,2013-07-19,493,70,324,146,40,84,1,3,7,11,1,0,0,0,0,0,0,3,11,0,26,0,0,19,7,3,2013,17,77,21,1157,55.095238095238095,2,5,4,254,Can't loose
3386,1992,Graduation,Partner,34935.0,0,0,2013-06-21,34,4,66,3,10,20,1,2,1,4,7,0,0,0,0,0,0,3,11,0,23,0,0,21,6,2,2013,18,71,7,137,19.571428571428573,2,2,2,222,Hibernating
8939,1959,Graduation,Single,61250.0,0,1,2012-12-16,382,138,65,60,26,59,6,5,2,12,5,0,0,0,0,0,0,3,11,0,56,1,1,16,12,4,2012,24,49,19,730,38.421052631578945,3,4,4,344,Loyal Customers
9925,1981,PhD,Partner,39665.0,1,0,2013-05-25,127,1,56,0,1,31,3,4,2,3,7,1,0,0,0,0,0,3,11,0,34,1,1,25,5,2,2013,19,97,9,216,24.0,1,2,3,123,Hibernating
4320,1979,Graduation,Single,60152.0,0,1,2013-03-28,325,83,300,86,58,91,1,6,4,12,3,0,0,0,0,0,0,3,11,0,36,1,1,28,3,1,2013,21,6,22,943,42.86363636363637,5,5,4,554,Champions
5389,1964,Graduation,Partner,48920.0,0,2,2013-10-20,238,17,68,8,10,6,3,6,2,5,7,0,1,0,0,0,0,3,11,0,51,1,2,20,10,4,2013,14,93,13,347,26.692307692307693,1,3,3,133,At risk
6036,1959,PostGraduation,Partner,89120.0,0,0,2014-03-17,1168,92,408,72,129,55,1,5,6,7,1,0,0,1,0,0,0,3,11,0,56,0,0,17,3,1,2014,9,78,18,1924,106.88888888888889,2,4,5,245,At risk
182,1946,PhD,Partner,44124.0,0,1,2013-05-11,284,0,55,0,6,52,4,6,2,5,8,0,0,0,0,0,0,3,11,0,69,1,1,11,5,2,2013,20,62,13,397,30.53846153846154,2,3,3,233,At risk
203,1975,PostGraduation,Single,81169.0,0,0,2013-04-14,1288,20,613,80,61,27,1,5,7,9,2,0,0,0,0,0,0,3,11,0,40,0,0,14,4,2,2013,20,47,21,2089,99.47619047619048,3,5,5,355,Loyal Customers
11025,1961,Graduation,Partner,36443.0,1,1,2013-02-03,65,0,46,4,3,20,4,3,1,3,8,0,0,0,0,0,0,3,11,0,54,1,2,3,2,1,2013,23,9,7,138,19.714285714285715,5,2,2,522,Potential Loyalists
10203,1990,Graduation,Single,26095.0,1,0,2013-06-30,11,7,9,3,1,11,1,1,0,3,7,0,0,0,0,0,0,3,11,0,25,1,1,30,6,2,2013,18,77,4,42,10.5,2,1,1,211,Hibernating
4607,1959,Graduation,Partner,71367.0,0,0,2013-08-23,227,23,389,42,21,75,1,4,5,7,2,0,0,0,0,0,0,3,11,0,56,0,0,23,8,3,2013,16,24,16,777,48.5625,4,4,4,444,Loyal Customers
3711,1944,PostGraduation,Partner,80184.0,0,0,2014-03-01,1035,134,670,25,38,0,1,6,3,10,3,0,0,1,1,0,0,3,11,0,71,0,0,1,3,1,2014,10,19,19,1902,100.10526315789474,5,4,5,545,Champions
3696,1965,Graduation,Single,30630.0,1,1,2014-01-27,27,1,12,2,0,10,2,2,0,3,7,0,0,0,0,0,0,3,11,0,50,1,2,27,1,1,2014,11,67,5,52,10.4,2,1,1,211,Hibernating
2532,1987,PostGraduation,Single,73454.0,0,0,2014-03-01,982,73,351,56,14,175,1,2,4,6,5,1,0,0,0,0,0,3,11,0,28,0,0,1,3,1,2014,10,95,12,1651,137.58333333333334,1,3,5,135,At risk
9214,1991,Graduation,Partner,42691.0,0,0,2013-08-16,179,2,64,38,17,58,1,5,1,6,5,0,0,0,0,0,0,3,11,0,24,0,0,16,8,3,2013,16,48,12,358,29.833333333333332,3,3,3,333,Need Attention
4943,1953,Graduation,Partner,70503.0,0,0,2012-09-30,1379,33,216,0,33,66,1,2,4,9,6,0,1,1,0,0,0,3,11,0,62,0,0,30,9,3,2012,27,73,15,1727,115.13333333333334,2,3,5,235,At risk
35,1987,Graduation,Partner,25545.0,1,0,2012-09-08,32,1,64,16,12,85,3,2,2,3,6,0,0,0,0,0,0,3,11,1,28,1,1,8,9,3,2012,28,35,7,210,30.0,4,2,3,423,Potential Loyalists
2258,1986,Graduation,Partner,32880.0,1,0,2012-12-04,8,4,15,7,6,2,1,1,0,3,8,0,0,0,0,0,0,3,11,0,29,1,1,4,12,4,2012,25,76,4,42,10.5,2,1,1,211,Hibernating
4322,1958,PhD,Partner,77863.0,0,0,2013-11-27,881,38,319,16,25,12,1,4,5,10,2,0,0,0,0,0,0,3,11,0,57,0,0,27,11,4,2013,13,20,19,1291,67.94736842105263,4,4,5,445,Loyal Customers
713,1977,PostGraduation,Partner,50353.0,0,0,2014-06-08,141,15,153,67,31,35,1,4,4,6,3,0,0,0,0,0,0,3,11,0,38,0,0,8,6,2,2014,6,72,14,442,31.571428571428573,2,3,3,233,At risk
4702,1964,Graduation,Single,61839.0,0,0,2012-08-12,1000,155,379,224,17,120,1,4,8,4,8,0,0,0,0,0,0,3,11,0,51,0,0,12,8,3,2012,29,20,16,1895,118.4375,4,4,5,445,Loyal Customers
3281,1960,PhD,Partner,49154.0,1,1,2013-11-03,206,10,67,30,27,71,6,4,1,8,6,0,0,0,0,0,0,3,11,0,55,1,2,3,11,4,2013,14,69,13,411,31.615384615384617,2,3,3,233,At risk
702,1975,PostGraduation,Single,47682.0,0,1,2013-02-15,162,61,83,97,57,61,4,4,3,8,5,0,0,0,0,0,0,3,11,0,40,1,1,15,2,1,2013,22,80,15,521,34.733333333333334,1,3,3,133,At risk
2004,1969,Graduation,Single,72679.0,0,1,2013-09-18,619,54,260,127,54,54,1,4,7,5,1,0,0,0,0,0,0,3,11,0,46,1,1,18,9,3,2013,15,65,16,1168,73.0,2,4,4,244,At risk
4769,1977,PostGraduation,Partner,57954.0,1,1,2014-06-18,456,4,24,0,0,9,7,8,2,6,7,0,1,0,0,0,0,3,11,0,38,1,2,18,6,2,2014,6,52,16,493,30.8125,3,4,3,343,Loyal Customers
4437,1962,Graduation,Partner,65316.0,1,1,2013-04-24,112,6,92,3,9,38,2,3,2,5,4,0,0,0,0,0,0,3,11,0,53,1,2,24,4,2,2013,20,65,10,260,26.0,2,3,3,233,At risk
8724,1982,Graduation,Single,28567.0,1,0,2013-06-17,11,3,22,2,2,6,2,2,0,3,6,0,0,0,0,0,0,3,11,0,33,1,1,17,6,2,2013,18,57,5,46,9.2,3,1,1,311,About to sleep
10741,1951,PostGraduation,Partner,47352.0,0,1,2013-04-11,172,12,112,8,0,15,4,6,1,5,7,0,0,0,0,0,0,3,11,0,64,1,1,11,4,2,2013,21,70,12,319,26.583333333333332,2,3,3,233,At risk
1991,1967,Graduation,Partner,44931.0,0,1,2014-01-18,78,0,11,0,0,7,1,2,1,3,5,0,0,0,0,0,0,3,11,0,48,1,1,18,1,1,2014,11,0,6,96,16.0,5,2,2,522,Potential Loyalists
6931,1967,Graduation,Single,76982.0,0,0,2014-02-15,464,151,292,65,60,30,1,8,3,4,4,0,0,1,0,0,0,3,11,1,48,0,0,15,2,1,2014,10,19,15,1062,70.8,5,3,4,534,Potential Loyalists
11096,1952,PostGraduation,Partner,57247.0,0,1,2013-08-08,99,4,32,37,54,6,2,2,1,7,2,0,0,0,0,0,0,3,11,0,63,1,1,8,8,3,2013,17,50,10,232,23.2,3,3,3,333,Need Attention
304,1981,PostGraduation,Single,22944.0,1,0,2013-12-23,19,3,19,4,5,26,3,3,0,3,7,0,0,0,0,0,0,3,11,0,34,1,1,23,12,4,2013,12,67,6,76,12.666666666666666,2,2,2,222,Hibernating
3665,1977,PostGraduation,Partner,25315.0,1,0,2013-11-07,1,9,8,11,3,22,3,3,0,3,8,0,0,0,0,0,0,3,11,0,38,1,1,7,11,4,2013,14,46,6,54,9.0,3,2,1,321,About to sleep
10591,1969,Graduation,Single,43638.0,0,1,2012-08-06,63,10,83,7,19,19,2,4,1,4,7,0,0,0,0,0,0,3,11,0,46,1,1,6,8,3,2012,29,37,9,201,22.333333333333332,4,2,3,423,Potential Loyalists
5036,1984,PhD,Single,42710.0,1,0,2012-11-28,252,3,42,4,3,102,2,4,5,3,6,0,0,0,0,0,0,3,11,0,31,1,1,28,11,4,2012,25,38,12,406,33.833333333333336,4,3,3,433,Potential Loyalists
5547,1982,PhD,Partner,84169.0,0,0,2013-08-07,1478,19,403,0,19,0,1,7,6,6,3,0,1,1,0,0,0,3,11,1,33,0,0,7,8,3,2013,17,9,19,1919,101.0,5,4,5,545,Champions
7822,1976,Graduation,Partner,54058.0,0,1,2013-06-04,198,18,252,32,108,54,2,4,6,8,3,0,0,0,0,0,0,3,11,0,39,1,1,4,6,2,2013,19,56,18,662,36.77777777777778,3,4,4,344,Loyal Customers
8541,1990,PostGraduation,Partner,24683.0,1,0,2014-03-08,8,4,10,6,7,6,2,2,0,4,5,0,0,0,0,0,0,3,11,0,25,1,1,8,3,1,2014,9,98,6,41,6.833333333333333,1,2,1,121,Hibernating
10955,1964,Graduation,Single,85620.0,0,0,2014-01-07,416,46,925,60,107,46,1,3,6,4,1,0,0,0,0,0,0,3,11,1,51,0,0,7,1,1,2014,11,68,13,1600,123.07692307692308,2,3,5,235,At risk
4368,1980,Graduation,Partner,47850.0,1,0,2013-12-03,42,7,43,20,12,10,1,3,0,4,6,0,0,0,0,0,0,3,11,0,35,1,1,3,12,4,2013,13,72,7,134,19.142857142857142,2,2,2,222,Hibernating
9671,1968,Graduation,Partner,19514.0,1,1,2014-01-26,14,3,21,2,1,28,4,3,1,2,8,1,0,0,0,0,0,3,11,1,47,1,2,26,1,1,2014,11,47,6,69,11.5,3,2,2,322,About to sleep
2256,1973,PostGraduation,Partner,27159.0,1,1,2014-03-29,17,0,3,0,0,1,2,1,0,3,6,0,0,0,0,0,0,3,11,0,42,1,2,29,3,1,2014,9,33,4,21,5.25,4,1,1,411,Promising
4279,1963,PostGraduation,Single,39548.0,1,1,2014-03-31,15,4,10,3,4,18,2,1,1,3,3,0,0,0,0,0,0,3,11,0,52,1,2,31,3,1,2014,9,87,5,54,10.8,1,1,1,111,Hibernating
5371,1989,Graduation,Single,21474.0,1,0,2014-04-08,6,16,24,11,0,34,2,3,1,2,7,1,0,0,0,0,0,3,11,1,26,1,1,8,4,2,2014,8,0,6,91,15.166666666666666,5,2,2,522,Potential Loyalists
9240,1971,PhD,Single,60504.0,0,1,2014-02-07,458,0,24,6,4,34,2,6,2,8,6,0,0,0,0,0,0,3,11,0,44,1,1,7,2,1,2014,10,73,16,526,32.875,2,4,3,243,At risk
9460,1963,Graduation,Partner,22419.0,0,0,2013-04-18,30,3,47,19,21,42,1,3,2,2,8,0,0,0,0,0,0,3,11,0,52,0,0,18,4,2,2013,20,74,7,162,23.142857142857142,2,2,2,222,Hibernating
9504,1949,PostGraduation,Partner,81698.0,0,0,2013-11-06,179,28,520,111,123,47,1,3,8,13,1,0,0,0,0,0,0,3,11,1,66,0,0,6,11,4,2013,14,4,24,1008,42.0,5,5,4,554,Champions
8692,1952,Graduation,Partner,43462.0,1,1,2012-09-12,90,17,97,15,6,15,6,4,1,5,8,0,0,0,0,0,0,3,11,0,63,1,2,12,9,3,2012,28,50,10,240,24.0,3,3,3,333,Need Attention
448,1978,PhD,Single,54880.0,1,0,2013-03-01,308,85,137,102,45,118,2,6,2,11,5,0,0,0,0,0,0,3,11,0,37,1,1,1,3,1,2013,22,57,19,795,41.8421052631579,3,4,4,344,Loyal Customers
8314,1982,Graduation,Partner,79908.0,0,0,2013-04-05,557,129,761,29,185,111,1,5,6,7,2,0,0,1,0,0,0,3,11,0,33,0,0,5,4,2,2013,21,30,18,1772,98.44444444444444,4,4,5,445,Loyal Customers
8420,1970,PostGraduation,Partner,15315.0,0,0,2013-08-03,7,4,13,15,8,17,2,2,0,4,5,0,0,0,0,0,0,3,11,0,45,0,0,3,8,3,2013,17,27,6,64,10.666666666666666,4,2,2,422,Potential Loyalists
3174,1959,Graduation,Partner,87771.0,0,1,2013-05-22,1492,38,287,50,57,33,1,5,10,4,6,0,1,1,1,1,0,3,11,1,56,1,1,22,5,2,2013,19,61,19,1957,103.0,2,4,5,245,At risk
7685,1978,Graduation,Partner,33039.0,1,0,2013-09-09,30,8,12,8,8,12,1,2,0,4,5,0,0,0,0,0,0,3,11,0,37,1,1,9,9,3,2013,15,4,6,78,13.0,5,2,2,522,Potential Loyalists
3179,1980,Graduation,Single,81741.0,0,0,2013-06-16,249,153,940,58,134,38,0,6,6,7,2,0,0,0,0,0,0,3,11,0,35,0,0,16,6,2,2013,18,75,19,1572,82.73684210526316,2,4,5,245,At risk
9780,1971,PostGraduation,Partner,71499.0,0,1,2013-06-25,465,25,132,136,0,37,2,8,3,13,4,0,0,0,0,0,0,3,11,0,44,1,1,25,6,2,2013,18,12,24,795,33.125,5,5,4,554,Champions
10681,1970,PostGraduation,Partner,62466.0,0,1,2014-01-15,129,129,259,168,121,83,5,6,3,12,4,0,0,0,0,0,0,3,11,0,45,1,1,15,1,1,2014,11,13,21,889,42.333333333333336,5,5,4,554,Champions
10232,1963,PhD,Single,48799.0,0,1,2013-11-05,174,18,81,28,6,24,3,3,2,7,3,0,0,0,0,0,0,3,11,0,52,1,1,5,11,4,2013,14,9,12,331,27.583333333333332,5,3,3,533,Potential Loyalists
4184,1950,PhD,Partner,52157.0,0,1,2014-06-07,189,2,29,3,2,40,2,3,2,5,4,0,0,0,0,0,0,3,11,0,65,1,1,7,6,2,2014,6,48,10,265,26.5,3,3,3,333,Need Attention
9120,1962,Graduation,Single,66565.0,0,1,2012-12-05,747,10,161,65,40,42,4,4,2,9,8,0,0,0,0,0,0,3,11,0,53,1,1,5,12,4,2012,25,80,15,1065,71.0,1,3,4,134,At risk
891,1951,PostGraduation,Partner,29298.0,1,1,2013-09-07,6,0,2,2,0,1,1,1,0,2,5,0,0,0,0,0,0,3,11,0,64,1,2,7,9,3,2013,16,60,3,11,3.6666666666666665,2,1,1,211,Hibernating
10381,1979,Graduation,Single,47691.0,0,1,2013-07-05,14,0,3,0,0,4,1,1,0,2,6,0,0,0,0,0,0,3,11,0,36,1,1,5,7,3,2013,18,43,3,21,7.0,3,1,1,311,About to sleep
3525,1970,Graduation,Partner,38200.0,1,1,2012-12-07,12,0,4,0,0,1,1,1,0,2,7,0,0,0,0,0,0,3,11,0,45,1,2,7,12,4,2012,25,19,3,17,5.666666666666667,5,1,1,511,New Customers
6818,1974,Graduation,Partner,44989.0,0,1,2012-09-12,98,0,106,49,10,106,5,5,1,5,6,0,0,0,0,0,0,3,11,0,41,1,1,12,9,3,2012,28,26,11,369,33.54545454545455,4,3,3,433,Potential Loyalists
3526,1968,PhD,Partner,38443.0,1,1,2014-01-27,32,0,5,0,0,1,2,1,0,3,7,0,0,0,0,0,0,3,11,0,47,1,2,27,1,1,2014,11,58,4,38,9.5,3,1,1,311,About to sleep
8181,1978,PostGraduation,Single,38593.0,1,0,2013-09-13,51,12,49,17,24,24,3,4,1,3,8,0,0,0,0,0,0,3,11,0,37,1,1,13,9,3,2013,15,42,8,177,22.125,3,2,2,322,About to sleep
1029,1970,PhD,Partner,64413.0,0,1,2013-08-01,200,5,44,0,10,20,1,5,1,5,5,0,0,0,0,0,0,3,11,0,45,1,1,1,8,3,2013,17,27,11,279,25.363636363636363,4,3,3,433,Potential Loyalists
7369,1981,PostGraduation,Partner,36959.0,1,0,2013-10-02,25,6,25,6,0,0,2,2,0,3,8,0,0,0,0,0,0,3,11,0,34,1,1,2,10,4,2013,15,56,5,62,12.4,3,1,2,312,About to sleep
2574,1977,PhD,Partner,61996.0,0,1,2013-01-31,1050,12,144,0,0,24,3,6,4,8,5,0,1,0,1,1,0,3,11,1,38,1,1,31,1,1,2013,23,27,18,1230,68.33333333333333,4,4,5,445,Loyal Customers
8159,1968,Graduation,Partner,51287.0,1,1,2014-04-01,117,0,22,13,0,30,3,4,1,3,7,0,0,0,0,0,0,3,11,0,47,1,2,1,4,2,2014,9,10,8,182,22.75,5,2,2,522,Potential Loyalists
1160,1970,Graduation,Partner,13260.0,1,1,2013-08-23,9,4,17,10,2,7,4,3,0,3,8,0,0,0,0,0,0,3,11,0,45,1,2,23,8,3,2013,16,48,6,49,8.166666666666666,3,2,1,321,About to sleep
10242,1966,PhD,Partner,47472.0,1,1,2013-09-16,56,0,11,0,0,8,2,2,0,4,5,0,0,0,0,0,0,3,11,0,49,1,2,16,9,3,2013,15,39,6,75,12.5,4,2,2,422,Potential Loyalists
5253,1956,PostGraduation,Partner,54603.0,1,1,2013-07-09,145,13,46,17,2,4,6,4,2,4,7,0,0,0,0,0,0,3,11,0,59,1,2,9,7,3,2013,18,85,10,227,22.7,1,3,3,133,At risk
5966,1974,PhD,Partner,45207.0,1,1,2012-11-10,203,0,10,0,0,2,5,3,1,6,6,0,1,0,0,0,0,3,11,0,41,1,2,10,11,4,2012,26,64,10,215,21.5,2,3,3,233,At risk
5314,1951,Graduation,Partner,40689.0,0,1,2013-03-18,270,3,27,39,6,99,7,7,1,5,8,0,0,0,0,0,0,3,11,0,64,1,1,18,3,1,2013,21,69,13,444,34.15384615384615,2,3,3,233,At risk
5081,1967,PostGraduation,Partner,47821.0,1,1,2013-10-20,9,0,16,6,6,10,1,1,0,3,8,0,0,0,0,0,0,3,11,0,48,1,2,20,10,4,2013,14,54,4,47,11.75,3,1,1,311,About to sleep
5123,1951,PostGraduation,Partner,27450.0,0,0,2013-04-15,37,12,23,8,11,52,1,2,1,3,7,0,0,0,0,0,0,3,11,0,64,0,0,15,4,2,2013,20,57,6,143,23.833333333333332,3,2,2,322,About to sleep
5756,1983,Graduation,Partner,39453.0,1,0,2014-04-03,46,0,7,0,0,2,2,2,0,3,6,0,0,0,0,0,0,3,11,0,32,1,1,3,4,2,2014,9,64,5,55,11.0,2,1,1,211,Hibernating
8036,1971,PostGraduation,Partner,26850.0,1,1,2014-04-18,31,1,13,7,2,9,4,2,1,4,4,0,0,0,0,0,0,3,11,0,44,1,2,18,4,2,2014,8,10,7,63,9.0,5,2,2,522,Potential Loyalists
9058,1955,Graduation,Single,79800.0,0,0,2012-09-23,1060,21,530,32,0,224,1,5,11,5,3,1,0,1,1,0,0,3,11,1,60,0,0,23,9,3,2012,27,65,21,1867,88.9047619047619,2,5,5,255,Can't loose
5057,1961,PostGraduation,Partner,61794.0,0,1,2013-09-14,264,47,188,54,47,11,2,4,4,10,2,0,0,0,0,0,0,3,11,0,54,1,1,14,9,3,2013,15,74,18,611,33.94444444444444,2,4,3,243,At risk
254,1955,Graduation,Partner,53863.0,0,1,2014-05-17,399,4,30,6,4,30,3,7,1,7,7,0,1,0,0,0,0,3,11,0,60,1,1,17,5,2,2014,7,4,15,473,31.533333333333335,5,3,3,533,Potential Loyalists
4179,1959,Graduation,Partner,24221.0,0,0,2013-08-20,8,9,9,2,5,22,1,1,1,3,4,0,0,0,0,0,0,3,11,0,56,0,0,20,8,3,2013,16,94,5,55,11.0,1,1,1,111,Hibernating
3710,1984,PhD,Single,39684.0,1,0,2012-10-12,19,0,35,6,4,17,2,2,1,2,7,0,0,0,0,0,1,3,11,1,31,1,1,12,10,4,2012,27,41,5,81,16.2,3,1,2,312,About to sleep
7627,1975,PostGraduation,Partner,92163.0,0,0,2012-12-12,817,183,797,106,163,20,0,5,11,5,2,0,0,1,1,0,0,3,11,1,40,0,0,12,12,4,2012,25,25,21,2086,99.33333333333333,4,5,5,455,Loyal Customers
4501,1965,PostGraduation,Single,69882.0,0,0,2013-11-10,292,127,635,132,127,165,1,3,7,9,1,0,0,0,0,0,0,3,11,0,50,0,0,10,11,4,2013,13,94,19,1478,77.78947368421052,1,4,5,145,At risk
6424,1977,Graduation,Partner,33178.0,1,0,2014-01-30,12,6,2,11,2,16,1,1,0,3,4,0,0,0,0,0,0,3,11,0,38,1,1,30,1,1,2014,11,9,4,49,12.25,5,1,1,511,New Customers
3075,1972,PhD,Partner,59973.0,0,0,2013-09-11,130,30,168,20,34,0,1,3,4,7,1,0,0,0,0,0,0,3,11,0,43,0,0,11,9,3,2013,15,47,14,382,27.285714285714285,3,3,3,333,Need Attention
4992,1975,PostGraduation,Partner,17459.0,1,0,2013-09-19,6,4,16,3,10,30,3,3,1,2,7,0,0,0,0,0,0,3,11,1,40,1,1,19,9,3,2013,15,12,6,69,11.5,5,2,2,522,Potential Loyalists
5252,1969,Graduation,Single,23910.0,1,0,2012-10-26,16,12,18,7,1,13,1,2,0,3,7,0,0,0,0,0,0,3,11,0,46,1,1,26,10,4,2012,26,80,5,67,13.4,1,1,2,112,Hibernating
7444,1969,PostGraduation,Partner,42169.0,1,1,2013-10-19,19,0,9,0,0,2,2,1,0,3,8,0,0,0,0,0,0,3,11,0,46,1,2,19,10,4,2013,14,20,4,30,7.5,4,1,1,411,Promising
6919,1978,PostGraduation,Partner,26224.0,1,0,2013-06-04,4,7,15,13,9,15,3,2,1,3,6,0,0,0,0,0,0,3,11,0,37,1,1,4,6,2,2013,19,39,6,63,10.5,4,2,2,422,Potential Loyalists
3537,1981,Graduation,Partner,31089.0,1,0,2012-08-17,31,3,31,2,8,4,3,3,0,4,8,0,0,0,0,0,0,3,11,0,34,1,1,17,8,3,2012,28,57,7,79,11.285714285714286,3,2,2,322,About to sleep
10277,1961,Graduation,Single,30081.0,0,1,2013-02-21,36,0,2,0,0,4,1,1,0,3,7,0,0,0,0,0,0,3,11,0,54,1,1,21,2,1,2013,22,27,4,42,10.5,4,1,1,411,Promising
2453,1960,Graduation,Partner,62807.0,0,1,2012-08-31,526,28,135,10,21,99,3,5,3,12,5,0,0,0,0,0,0,3,11,0,55,1,1,31,8,3,2012,28,83,20,819,40.95,1,4,4,144,At risk
7972,1955,Graduation,Single,72906.0,0,0,2013-09-17,400,32,519,71,75,54,1,3,4,9,1,0,0,0,0,0,0,3,11,0,60,0,0,17,9,3,2013,15,79,16,1151,71.9375,2,4,4,244,At risk
895,1948,PhD,Partner,61467.0,0,2,2012-12-09,410,16,114,0,5,49,3,5,2,10,5,0,0,0,0,0,0,3,11,0,67,1,2,9,12,4,2012,25,69,17,594,34.94117647058823,2,4,3,243,At risk
1177,1966,PostGraduation,Partner,49618.0,1,1,2013-01-26,80,3,26,4,2,14,4,3,1,3,7,0,0,0,0,0,0,3,11,0,49,1,2,26,1,1,2013,23,77,7,129,18.428571428571427,2,2,2,222,Hibernating
7141,1986,PostGraduation,Single,21888.0,1,0,2012-12-29,88,10,46,2,3,64,4,5,1,2,10,0,0,0,0,0,0,3,11,1,29,1,1,29,12,4,2012,24,15,8,213,26.625,5,2,3,523,Potential Loyalists
7232,1973,Graduation,Single,42429.0,0,1,2014-02-11,55,0,6,2,0,4,2,1,1,3,5,0,0,0,0,0,0,3,11,0,42,1,1,11,2,1,2014,10,99,5,67,13.4,1,1,2,112,Hibernating
8477,1956,Graduation,Single,26150.0,2,1,2013-03-11,5,1,13,3,5,1,1,1,0,3,7,0,0,0,0,0,0,3,11,0,59,1,3,11,3,1,2013,22,61,4,28,7.0,2,1,1,211,Hibernating
2457,1975,UnderGraduation,Partner,30801.0,0,1,2012-10-26,8,4,5,15,2,11,2,1,0,3,7,0,0,0,0,0,0,3,11,0,40,1,1,26,10,4,2012,26,23,4,45,11.25,4,1,1,411,Promising
988,1965,Graduation,Partner,81168.0,0,0,2014-05-07,410,0,592,147,22,22,1,6,4,7,3,0,0,0,1,0,0,3,11,0,50,0,0,7,5,2,2014,7,84,17,1193,70.17647058823529,1,4,5,145,At risk
7930,1969,PostGraduation,Single,26877.0,0,0,2013-08-19,101,13,76,20,18,40,2,3,1,6,6,0,0,0,0,0,0,3,11,0,46,0,0,19,8,3,2013,16,74,10,268,26.8,2,3,3,233,At risk
4587,1944,PostGraduation,Single,45006.0,0,0,2013-07-18,162,25,53,16,0,10,1,3,1,7,3,0,0,0,0,0,0,3,11,0,71,0,0,18,7,3,2013,17,90,11,266,24.181818181818183,1,3,3,133,At risk
6682,1973,UnderGraduation,Partner,18978.0,1,0,2012-12-11,2,8,1,4,7,15,1,1,0,3,8,0,0,0,0,0,0,3,11,0,42,1,1,11,12,4,2012,25,41,4,37,9.25,3,1,1,311,About to sleep
6222,1967,Graduation,Partner,22574.0,2,1,2013-10-28,25,0,8,2,0,2,2,2,0,3,7,0,0,0,0,0,0,3,11,0,48,1,3,28,10,4,2013,14,28,5,37,7.4,4,1,1,411,Promising
10299,1969,PhD,Single,48240.0,0,0,2012-11-09,389,91,248,64,49,41,3,6,3,13,5,0,0,0,0,0,0,3,11,1,46,0,0,9,11,4,2012,26,73,22,882,40.09090909090909,2,5,4,254,Can't loose
3083,1974,Graduation,Partner,45837.0,1,1,2013-07-26,215,13,87,17,17,24,5,6,2,5,7,0,0,0,0,0,0,3,11,0,41,1,2,26,7,3,2013,17,88,13,373,28.692307692307693,1,3,3,133,At risk
8953,1965,PostGraduation,Single,35791.0,2,1,2013-05-06,27,0,5,0,0,3,2,1,0,3,8,0,0,0,0,0,0,3,11,0,50,1,3,6,5,2,2013,20,94,4,35,8.75,1,1,1,111,Hibernating
8650,1978,Graduation,Single,54162.0,1,1,2013-03-18,5,6,10,6,5,10,1,1,0,3,4,0,0,0,0,0,0,3,11,0,37,1,2,18,3,1,2013,21,31,4,42,10.5,4,1,1,411,Promising
10862,1960,PostGraduation,Partner,30522.0,0,1,2012-08-17,179,8,83,19,11,26,5,1,2,9,2,0,0,0,0,0,0,3,11,0,55,1,1,17,8,3,2012,28,6,12,326,27.166666666666668,5,3,3,533,Potential Loyalists
2782,1961,PhD,Partner,54456.0,0,1,2013-07-11,352,0,27,10,0,15,3,6,1,7,6,0,0,0,0,0,0,3,11,0,54,1,1,11,7,3,2013,17,23,14,404,28.857142857142858,4,3,3,433,Potential Loyalists
6941,1971,Graduation,Single,31632.0,0,0,2013-07-14,17,8,12,11,15,32,1,2,1,2,7,0,0,0,0,0,0,3,11,0,44,0,0,14,7,3,2013,17,92,5,95,19.0,1,1,2,112,Hibernating
10972,1949,Graduation,Single,72298.0,0,0,2014-03-10,625,35,169,58,17,35,1,4,3,6,1,0,1,1,0,0,0,3,11,0,66,0,0,10,3,1,2014,9,52,13,939,72.23076923076923,3,3,4,334,Need Attention
10708,1978,PostGraduation,Single,36975.0,1,0,2013-12-28,10,6,11,0,4,2,1,1,0,3,7,0,0,0,0,0,0,3,11,0,37,1,1,28,12,4,2013,12,50,4,33,8.25,3,1,1,311,About to sleep
6583,1955,PostGraduation,Partner,72635.0,0,0,2013-06-03,390,22,323,104,35,107,1,6,8,6,3,0,0,0,1,0,0,3,11,0,60,0,0,3,6,2,2013,19,54,20,981,49.05,3,4,4,344,Loyal Customers
3641,1976,Graduation,Partner,13624.0,1,0,2013-01-20,10,2,15,2,1,6,2,2,0,3,6,0,0,0,0,0,0,3,11,0,39,1,1,20,1,1,2013,23,93,5,36,7.2,1,1,1,111,Hibernating
10156,1975,Graduation,Single,84196.0,0,1,2013-06-03,215,63,507,231,31,190,1,8,4,7,3,0,0,0,0,0,0,3,11,0,40,1,1,3,6,2,2013,19,56,19,1237,65.10526315789474,3,4,5,345,Loyal Customers
4299,1960,Graduation,Partner,70971.0,0,1,2012-09-21,1001,17,572,93,125,17,7,11,11,5,7,0,0,0,0,0,0,3,11,1,55,1,1,21,9,3,2012,27,28,27,1825,67.5925925925926,4,5,5,455,Loyal Customers
3469,1977,PhD,Single,34487.0,1,1,2012-09-06,19,18,33,24,1,8,3,3,0,3,9,0,0,0,0,0,0,3,11,0,38,1,2,6,9,3,2012,28,94,6,103,17.166666666666668,1,2,2,122,Hibernating
5063,1977,Graduation,Single,28769.0,1,0,2012-12-18,41,5,129,10,3,3,3,4,1,4,9,0,0,0,0,0,0,3,11,0,38,1,1,18,12,4,2012,24,76,9,191,21.22222222222222,2,2,2,222,Hibernating
10727,1970,PhD,Partner,69084.0,1,0,2013-11-19,1181,107,199,39,30,30,2,7,3,13,8,0,0,0,0,0,0,3,11,0,45,1,1,19,11,4,2013,13,43,23,1586,68.95652173913044,3,5,5,355,Loyal Customers
9624,1958,PhD,Partner,65488.0,0,0,2014-06-13,603,45,207,36,18,54,1,3,4,6,1,0,0,0,0,0,0,3,11,0,57,0,0,13,6,2,2014,6,46,13,963,74.07692307692308,3,3,4,334,Need Attention
5156,1970,PostGraduation,Partner,62466.0,0,1,2014-01-15,129,129,259,168,121,83,5,6,3,12,4,0,0,0,0,0,0,3,11,0,45,1,1,15,1,1,2014,11,13,21,889,42.333333333333336,5,5,4,554,Champions
4376,1960,PostGraduation,Single,32218.0,0,0,2014-02-15,10,24,15,13,1,30,1,2,1,3,7,1,0,0,0,0,0,3,11,1,55,0,0,15,2,1,2014,10,27,6,93,15.5,4,2,2,422,Potential Loyalists
8923,1973,Graduation,Single,83917.0,0,0,2013-04-18,514,22,732,42,198,79,1,6,7,7,3,0,0,0,0,0,0,3,11,1,42,0,0,18,4,2,2013,20,12,20,1587,79.35,5,4,5,545,Champions
8461,1962,Graduation,Single,46102.0,2,1,2014-03-10,14,0,1,0,0,1,1,1,0,2,7,0,0,0,0,0,0,3,11,0,53,1,3,10,3,1,2014,9,3,3,16,5.333333333333333,5,1,1,511,New Customers
6945,1952,Graduation,Single,84574.0,0,0,2013-06-04,387,20,713,38,54,163,1,9,11,11,5,0,0,0,0,0,0,3,11,0,63,0,0,4,6,2,2013,19,72,31,1375,44.354838709677416,2,5,5,255,Can't loose
944,1962,Graduation,Partner,56181.0,0,1,2013-01-08,121,103,69,8,44,48,1,4,2,7,4,0,0,0,0,0,0,3,11,0,53,1,1,8,1,1,2013,24,6,13,393,30.23076923076923,5,3,3,533,Potential Loyalists
1907,1950,PostGraduation,Single,63120.0,0,1,2012-09-28,965,69,279,54,41,69,5,8,4,9,7,0,0,0,0,0,0,3,11,1,65,1,1,28,9,3,2012,27,53,21,1477,70.33333333333333,3,5,5,355,Loyal Customers
701,1971,Graduation,Partner,73691.0,0,1,2013-11-06,707,21,250,85,43,73,2,6,2,8,2,1,0,0,0,0,0,3,11,0,44,1,1,6,11,4,2013,14,58,16,1179,73.6875,3,4,5,345,Loyal Customers
3856,1960,Graduation,Partner,63381.0,0,1,2012-10-05,571,50,142,33,50,159,4,4,5,13,2,0,0,0,0,0,0,3,11,0,55,1,1,5,10,4,2012,27,78,22,1005,45.68181818181818,2,5,4,254,Can't loose
4149,1948,PhD,Partner,76140.0,0,0,2014-05-13,586,66,653,17,0,26,1,5,9,6,2,0,0,0,0,0,0,3,11,0,67,0,0,13,5,2,2014,7,57,20,1348,67.4,3,4,5,345,Loyal Customers
2131,1959,PhD,Single,62859.0,0,1,2012-12-30,1063,89,102,16,12,25,4,9,4,6,6,0,0,0,0,0,0,3,11,0,56,1,1,30,12,4,2012,24,37,19,1307,68.78947368421052,4,4,5,445,Loyal Customers
2942,1964,Graduation,Single,45906.0,0,1,2013-05-07,305,3,27,4,3,144,2,5,4,4,5,1,0,0,0,0,0,3,11,0,51,1,1,7,5,2,2013,20,20,13,486,37.38461538461539,4,3,3,433,Potential Loyalists
1173,1947,PostGraduation,Partner,77632.0,0,0,2013-03-10,1200,105,758,0,42,147,1,4,2,6,2,0,1,1,0,0,0,3,11,1,68,0,0,10,3,1,2013,22,73,12,2252,187.66666666666666,2,3,5,235,At risk
4381,1971,PhD,Partner,46463.0,1,1,2013-08-18,163,2,40,8,11,11,7,3,1,6,6,0,0,0,0,0,0,3,11,0,44,1,2,18,8,3,2013,16,56,10,235,23.5,3,3,3,333,Need Attention
4611,1970,Graduation,Partner,105471.0,0,0,2013-01-21,1009,181,104,202,21,207,0,9,8,13,3,0,0,1,1,0,0,3,11,1,45,0,0,21,1,1,2013,23,36,30,1724,57.46666666666667,4,5,5,455,Loyal Customers
3376,1970,PostGraduation,Single,55282.0,1,0,2013-12-13,125,6,73,8,4,19,1,3,1,6,4,0,0,0,0,0,0,3,11,0,45,1,1,13,12,4,2013,12,9,10,235,23.5,5,3,3,533,Potential Loyalists
4679,1977,PostGraduation,Partner,78710.0,0,1,2014-05-23,721,0,152,119,50,50,3,7,6,12,4,0,0,0,0,0,0,3,11,0,38,1,1,23,5,2,2014,7,42,25,1092,43.68,3,5,4,354,Loyal Customers
10928,1958,Graduation,Partner,66886.0,0,1,2013-09-16,315,4,62,41,31,146,2,7,1,7,5,0,0,0,0,0,0,3,11,0,57,1,1,16,9,3,2013,15,28,15,599,39.93333333333333,4,3,3,433,Potential Loyalists
4248,1960,PostGraduation,Single,98777.0,0,0,2014-02-17,1000,19,711,125,115,38,0,4,6,9,1,0,1,0,0,0,0,3,11,0,55,0,0,17,2,1,2014,10,23,19,2008,105.6842105263158,4,4,5,445,Loyal Customers
6728,1985,Graduation,Partner,29103.0,1,0,2012-08-27,16,0,17,6,3,6,2,1,0,3,9,0,0,0,0,0,0,3,11,0,30,1,1,27,8,3,2012,28,38,4,48,12.0,4,1,1,411,Promising
6661,1974,Graduation,Partner,67445.0,0,1,2012-08-12,757,80,217,29,80,11,5,9,6,12,6,0,0,0,0,0,0,3,11,0,41,1,1,12,8,3,2012,29,63,27,1174,43.48148148148148,2,5,4,254,Can't loose
4725,1950,PhD,Partner,50616.0,0,1,2014-04-13,30,2,25,0,1,9,1,1,1,4,2,0,0,0,0,0,0,3,11,0,65,1,1,13,4,2,2014,8,71,6,67,11.166666666666666,2,2,2,222,Hibernating
3277,1955,Graduation,Single,49431.0,0,1,2012-08-03,219,3,100,26,0,17,2,7,1,5,8,0,0,0,0,0,0,3,11,0,60,1,1,3,8,3,2012,29,9,13,365,28.076923076923077,5,3,3,533,Potential Loyalists
5555,1975,Graduation,Single,153924.0,0,0,2014-02-07,1,1,1,1,1,1,0,0,0,0,0,0,0,0,0,0,0,3,11,0,40,0,0,7,2,1,2014,10,81,0,6,inf,1,1,1,111,Hibernating
2564,1953,Graduation,Partner,61278.0,0,1,2014-01-04,111,3,28,2,6,15,2,3,1,4,6,0,0,0,0,0,0,3,11,0,62,1,1,4,1,1,2014,12,87,8,165,20.625,1,2,2,122,Hibernating
946,1958,PostGraduation,Partner,26490.0,0,0,2012-09-22,45,47,52,21,20,25,2,3,1,5,6,0,0,0,0,0,0,3,11,0,57,0,0,22,9,3,2012,27,92,9,210,23.333333333333332,1,2,3,123,Hibernating
3867,1947,PhD,Partner,73059.0,0,1,2013-08-31,410,112,420,0,82,71,1,9,3,13,4,0,0,0,0,0,0,3,11,0,68,1,1,31,8,3,2013,16,36,25,1095,43.8,4,5,4,454,Loyal Customers
6940,1966,PhD,Single,46734.0,1,2,2013-10-21,100,1,39,6,1,76,4,3,2,3,6,1,0,0,0,0,0,3,11,0,49,1,3,21,10,4,2013,14,86,8,223,27.875,1,2,3,123,Hibernating
55,1963,Graduation,Partner,56253.0,0,1,2012-12-07,509,0,65,7,11,5,4,7,2,9,6,0,0,0,0,0,0,3,11,0,52,1,1,7,12,4,2012,25,83,18,597,33.166666666666664,1,4,3,143,At risk
7093,1985,Graduation,Partner,19986.0,1,0,2013-11-14,3,6,5,0,2,6,1,0,0,3,7,0,0,0,0,0,0,3,11,0,30,1,1,14,11,4,2013,13,74,3,22,7.333333333333333,2,1,1,211,Hibernating
5084,1975,Graduation,Single,58330.0,0,1,2013-12-25,445,53,213,104,98,151,1,6,4,13,4,0,0,0,0,0,0,3,11,0,40,1,1,25,12,4,2013,12,87,23,1064,46.26086956521739,1,5,4,154,Can't loose
1777,1980,UnderGraduation,Partner,25965.0,0,0,2012-09-07,2,2,11,41,7,11,1,2,0,3,8,0,0,0,0,0,0,3,11,0,35,0,0,7,9,3,2012,28,29,5,74,14.8,4,1,2,412,Promising
8162,1956,PostGraduation,Partner,14661.0,0,0,2013-01-01,4,1,11,6,2,2,1,1,0,3,6,0,0,0,0,0,0,3,11,0,59,0,0,1,1,1,2013,24,88,4,26,6.5,1,1,1,111,Hibernating
10826,1959,Graduation,Partner,18690.0,0,0,2012-12-28,6,1,7,23,4,19,1,1,1,2,8,0,0,0,0,0,0,3,11,0,56,0,0,28,12,4,2012,24,77,4,60,15.0,2,1,2,212,Hibernating
8754,1974,PhD,Partner,45068.0,0,1,2013-05-16,14,0,3,0,0,3,1,1,0,2,7,0,0,0,0,0,0,3,11,0,41,1,1,16,5,2,2013,19,25,3,20,6.666666666666667,4,1,1,411,Promising
1987,1987,UnderGraduation,Single,21063.0,1,0,2013-09-25,1,10,11,19,3,15,2,2,0,3,6,0,0,0,0,0,0,3,11,0,28,1,1,25,9,3,2013,15,34,5,59,11.8,4,1,2,412,Promising
11007,1968,PhD,Partner,29187.0,1,0,2013-05-09,26,0,6,0,0,2,1,1,0,3,8,0,0,0,0,0,0,3,11,0,47,1,1,9,5,2,2013,20,43,4,34,8.5,3,1,1,311,About to sleep
7426,1971,PostGraduation,Partner,54690.0,1,1,2013-11-07,111,16,37,7,9,18,3,3,1,5,3,0,0,0,0,0,0,3,11,0,44,1,2,7,11,4,2013,14,76,9,198,22.0,2,2,2,222,Hibernating
9153,1964,PhD,Partner,59304.0,0,1,2013-07-29,418,61,428,80,51,10,3,7,8,10,5,0,0,0,0,0,0,3,11,0,51,1,1,29,7,3,2013,17,81,25,1048,41.92,1,5,4,154,Can't loose
10379,1962,PostGraduation,Single,59247.0,0,2,2013-11-08,327,9,122,19,14,83,5,5,2,9,6,0,0,0,0,0,0,3,11,0,53,1,2,8,11,4,2013,13,87,16,574,35.875,1,4,3,143,At risk
9204,1970,Graduation,Single,66731.0,0,1,2012-09-12,371,159,194,58,106,141,4,4,3,6,3,0,0,0,0,0,0,3,11,0,45,1,1,12,9,3,2012,28,33,13,1029,79.15384615384616,4,3,4,434,Potential Loyalists
3197,1980,Graduation,Partner,77353.0,0,1,2013-12-16,275,59,107,69,101,59,2,6,4,8,4,0,0,0,0,0,0,3,11,0,35,1,1,16,12,4,2013,12,38,18,670,37.22222222222222,4,4,4,444,Loyal Customers
2920,1975,PhD,Single,52614.0,0,1,2012-12-01,789,0,142,12,9,38,2,2,4,8,8,0,0,0,0,0,0,3,11,0,40,1,1,1,12,4,2012,25,63,14,990,70.71428571428571,2,3,4,234,At risk
6961,1974,Graduation,Partner,26751.0,2,0,2014-05-22,1,1,5,0,3,1,1,1,0,2,8,0,0,0,0,0,0,3,11,0,41,1,2,22,5,2,2014,7,26,3,11,3.6666666666666665,4,1,1,411,Promising
4673,1963,PhD,Partner,81300.0,0,1,2012-10-30,1004,12,145,32,12,36,3,10,3,5,5,0,0,0,1,0,0,3,11,1,52,1,1,30,10,4,2012,26,17,18,1241,68.94444444444444,5,4,5,545,Champions
9937,1979,Graduation,Single,70337.0,0,0,2014-01-02,187,81,149,25,43,91,1,2,2,12,1,0,0,0,0,0,0,3,11,0,36,0,0,2,1,1,2014,12,75,16,576,36.0,2,4,3,243,At risk
8779,1985,PostGraduation,Partner,36145.0,1,0,2013-06-16,56,4,76,17,1,18,4,4,1,3,9,1,0,0,0,0,0,3,11,1,30,1,1,16,6,2,2013,18,13,8,172,21.5,5,2,2,522,Potential Loyalists
9596,1980,PhD,Single,65295.0,0,0,2013-12-23,365,32,117,34,110,6,1,3,3,13,2,0,0,0,0,0,0,3,11,0,35,0,0,23,12,4,2013,12,19,19,664,34.94736842105263,5,4,4,544,Champions
2891,1963,Graduation,Single,68118.0,0,1,2013-10-18,595,23,123,10,23,154,2,8,9,4,6,0,0,0,0,0,0,3,11,0,52,1,1,18,10,4,2013,14,51,21,928,44.19047619047619,3,5,4,354,Loyal Customers
4910,1967,Graduation,Single,68743.0,0,0,2012-08-30,1132,134,384,175,134,115,1,11,5,13,7,0,0,0,0,0,0,3,11,0,48,0,0,30,8,3,2012,28,81,29,2074,71.51724137931035,1,5,5,155,Can't loose
75,1982,PostGraduation,Partner,41039.0,0,0,2013-07-25,34,11,137,179,61,45,1,8,1,5,8,0,0,0,0,0,0,3,11,0,33,0,0,25,7,3,2013,17,32,14,467,33.357142857142854,4,3,3,433,Potential Loyalists
10120,1955,Graduation,Partner,38946.0,0,1,2013-10-24,116,6,82,6,6,41,2,3,1,6,5,0,0,0,0,0,0,3,11,0,60,1,1,24,10,4,2013,14,84,10,257,25.7,1,3,3,133,At risk
6327,1967,Graduation,Partner,65777.0,0,0,2013-12-19,565,32,435,28,32,54,1,2,8,6,1,0,0,0,0,0,0,3,11,0,48,0,0,19,12,4,2013,12,87,16,1146,71.625,1,4,4,144,At risk
10142,1976,PhD,Single,66476.0,0,1,2013-03-07,372,18,126,47,48,78,2,5,2,11,4,0,0,0,0,0,0,3,11,0,39,1,1,7,3,1,2013,22,99,18,689,38.27777777777778,1,4,4,144,At risk
9826,1972,PhD,Single,86857.0,0,0,2012-09-12,899,102,838,133,102,40,1,5,6,10,2,0,0,0,0,0,0,3,11,1,43,0,0,12,9,3,2012,28,96,21,2114,100.66666666666667,1,5,5,155,Can't loose
1501,1982,PhD,Partner,160803.0,0,0,2012-08-04,55,16,1622,17,3,4,15,0,28,1,0,0,0,0,0,0,0,3,11,0,33,0,0,4,8,3,2012,29,21,29,1717,59.206896551724135,4,5,5,455,Loyal Customers
10767,1989,PhD,Partner,77845.0,0,0,2014-05-16,760,40,480,0,40,26,1,3,5,12,1,0,0,1,1,0,0,3,11,0,26,0,0,16,5,2,2014,7,40,20,1346,67.3,3,4,5,345,Loyal Customers
7279,1969,PhD,Partner,69476.0,0,0,2013-09-30,260,86,559,63,9,67,1,4,6,4,2,0,0,0,0,0,0,3,11,0,46,0,0,30,9,3,2013,15,3,14,1044,74.57142857142857,5,3,4,534,Potential Loyalists
7230,1960,PhD,Single,50611.0,0,1,2012-10-04,459,0,24,6,0,4,6,4,5,7,6,0,1,0,0,0,0,3,11,1,55,1,1,4,10,4,2012,27,98,16,493,30.8125,1,4,3,143,At risk
143,1970,Graduation,Single,61209.0,0,0,2013-08-25,466,0,224,119,49,99,1,5,3,4,2,0,0,0,0,0,0,3,11,0,45,0,0,25,8,3,2013,16,73,12,957,79.75,2,3,4,234,At risk
450,1958,PostGraduation,Partner,42315.0,0,1,2013-07-12,67,15,80,17,11,80,3,1,4,4,3,0,0,0,0,0,0,3,11,0,57,1,1,12,7,3,2013,17,90,9,270,30.0,1,2,3,123,Hibernating
9316,1952,UnderGraduation,Partner,13084.0,0,0,2013-11-02,2,0,7,3,7,10,1,1,0,3,6,0,0,0,0,0,0,3,11,0,63,0,0,2,11,4,2013,14,29,4,29,7.25,4,1,1,411,Promising
6379,1949,PostGraduation,Single,47570.0,1,1,2013-05-29,67,1,20,0,2,31,3,2,2,2,7,0,0,0,0,0,0,3,11,1,66,1,2,29,5,2,2013,19,3,6,121,20.166666666666668,5,2,2,522,Potential Loyalists
9239,1961,PostGraduation,Partner,61923.0,0,2,2013-07-26,92,4,18,3,3,6,1,2,1,4,3,0,0,0,0,0,0,3,11,0,54,1,2,26,7,3,2013,17,94,7,126,18.0,1,2,2,122,Hibernating
8315,1995,Graduation,Single,34824.0,0,0,2014-03-26,4,2,11,2,0,4,1,1,0,2,6,0,0,0,0,0,0,3,11,0,20,0,0,26,3,1,2014,9,65,3,23,7.666666666666667,2,1,1,211,Hibernating
2868,1949,PhD,Single,26518.0,1,1,2013-04-08,20,1,28,3,3,2,3,2,0,3,8,0,0,0,0,0,0,3,11,1,66,1,2,8,4,2,2013,21,33,5,57,11.4,4,1,2,412,Promising
10888,1961,Graduation,Single,45938.0,0,0,2013-11-03,273,11,178,62,83,29,2,8,4,6,6,0,0,0,0,0,0,3,11,0,54,0,0,3,11,4,2013,14,46,18,636,35.333333333333336,3,4,3,343,Loyal Customers
1277,1960,Graduation,Partner,78468.0,0,0,2014-04-09,434,22,388,104,22,34,1,10,7,10,4,0,0,0,1,0,0,3,11,0,55,0,0,9,4,2,2014,8,29,27,1004,37.18518518518518,4,5,4,454,Loyal Customers
9977,1973,Graduation,Single,78901.0,0,1,2013-09-17,321,11,309,33,26,34,3,9,3,5,4,0,0,0,0,0,0,3,11,0,42,1,1,17,9,3,2013,15,99,17,734,43.1764705882353,1,4,4,144,At risk
10196,1978,Graduation,Partner,71427.0,2,0,2014-03-12,212,123,177,15,64,23,2,8,2,8,4,0,0,0,0,0,0,3,11,0,37,1,2,12,3,1,2014,9,26,18,614,34.111111111111114,4,4,3,443,Loyal Customers
6384,1978,Graduation,Single,71022.0,0,1,2014-02-11,909,12,278,0,12,242,3,5,2,11,8,1,0,0,0,0,0,3,11,0,37,1,1,11,2,1,2014,10,30,18,1453,80.72222222222223,4,4,5,445,Loyal Customers
8029,1988,PostGraduation,Single,90247.0,0,0,2014-04-29,1184,32,352,21,16,16,1,3,4,7,1,0,1,1,1,0,0,3,11,1,27,0,0,29,4,2,2014,8,27,14,1621,115.78571428571429,4,3,5,435,Potential Loyalists
968,1968,PostGraduation,Single,41335.0,1,0,2013-12-26,112,19,21,16,14,5,3,4,1,4,7,0,0,0,0,0,0,3,11,0,47,1,1,26,12,4,2013,12,24,9,187,20.77777777777778,4,2,2,422,Potential Loyalists
6988,1986,Graduation,Partner,71952.0,1,0,2013-01-10,656,80,455,52,107,93,2,8,4,8,4,1,0,1,0,0,0,3,11,0,29,1,1,10,1,1,2013,24,93,20,1443,72.15,1,4,5,145,At risk
4472,1970,PhD,Single,35682.0,1,0,2014-06-27,23,0,8,6,2,18,1,1,1,3,2,0,0,0,0,0,0,3,11,0,45,1,1,27,6,2,2014,6,34,5,57,11.4,4,1,2,412,Promising
6991,1951,Graduation,Single,43185.0,0,1,2013-04-10,537,6,42,16,6,30,2,9,3,6,8,0,0,0,0,0,0,3,11,0,64,1,1,10,4,2,2013,21,88,18,637,35.388888888888886,1,4,4,144,At risk
3336,1948,PhD,Partner,66375.0,0,1,2013-11-21,712,0,45,0,0,191,3,2,4,5,7,1,0,0,0,0,0,3,11,0,67,1,1,21,11,4,2013,13,96,11,948,86.18181818181819,1,3,4,134,At risk
4301,1971,PostGraduation,Partner,35178.0,1,0,2013-01-10,23,1,13,2,2,18,1,1,1,2,7,1,0,0,0,0,0,3,11,1,44,1,1,10,1,1,2013,24,10,4,59,14.75,5,1,2,512,New Customers
1940,1986,Graduation,Partner,25252.0,1,0,2013-07-12,1,3,4,2,2,6,1,1,0,2,8,0,0,0,0,0,0,3,11,0,29,1,1,12,7,3,2013,17,26,3,18,6.0,4,1,1,411,Promising
1272,1965,PostGraduation,Single,55250.0,0,1,2012-10-21,664,58,83,32,0,66,4,7,5,10,5,0,0,0,0,0,0,3,11,0,50,1,1,21,10,4,2012,26,49,22,903,41.04545454545455,3,5,4,354,Loyal Customers
1388,1975,Graduation,Single,33249.0,1,0,2013-02-20,6,10,21,19,14,42,2,2,1,3,6,0,0,0,0,0,0,3,11,0,40,1,1,20,2,1,2013,22,11,6,112,18.666666666666668,5,2,2,522,Potential Loyalists
1044,1953,Graduation,Partner,58398.0,0,0,2013-05-14,299,5,201,21,21,49,3,5,4,8,4,0,0,0,0,0,0,3,11,0,62,0,0,14,5,2,2013,19,44,17,596,35.05882352941177,3,4,3,343,Loyal Customers
6969,1982,Graduation,Partner,50272.0,1,0,2013-08-07,99,13,66,43,8,4,3,4,1,5,7,0,0,0,0,0,0,3,11,0,33,1,1,7,8,3,2013,17,75,10,233,23.3,2,3,3,233,At risk
10479,1975,PhD,Partner,76618.0,0,0,2012-12-07,749,40,294,121,160,147,1,3,2,5,1,0,0,0,0,0,0,3,11,0,40,0,0,7,12,4,2012,25,64,10,1511,151.1,2,3,5,235,At risk
3619,1960,PostGraduation,Single,87305.0,0,0,2012-09-23,345,25,501,63,138,80,1,5,3,8,2,0,0,1,0,0,0,3,11,1,55,0,0,23,9,3,2012,27,19,16,1152,72.0,5,4,4,544,Champions
1715,1978,Graduation,Partner,25851.0,1,0,2013-02-11,9,4,18,7,5,5,2,2,0,3,7,0,0,0,0,0,0,3,11,0,37,1,1,11,2,1,2013,22,45,5,48,9.6,3,1,1,311,About to sleep
10159,1970,Graduation,Single,58710.0,0,1,2013-03-31,440,81,368,0,122,174,6,11,5,9,6,0,0,0,0,0,0,3,11,0,45,1,1,31,3,1,2013,21,77,25,1185,47.4,2,5,5,255,Can't loose
1463,1958,Graduation,Single,45160.0,1,1,2014-03-29,8,2,5,3,0,3,1,1,0,2,7,0,0,0,0,0,0,3,11,0,57,1,2,29,3,1,2014,9,9,3,21,7.0,5,1,1,511,New Customers
5114,1965,PostGraduation,Partner,74806.0,0,1,2012-12-19,670,9,249,0,28,9,2,5,4,5,4,0,0,0,0,0,0,3,11,0,50,1,1,19,12,4,2012,24,1,14,965,68.92857142857143,5,3,4,534,Potential Loyalists
4990,1954,Graduation,Partner,59111.0,0,0,2013-05-02,524,0,134,28,28,155,1,11,1,8,7,0,0,0,0,0,0,3,11,0,61,0,0,2,5,2,2013,20,90,20,869,43.45,1,4,4,144,At risk
4329,1984,PhD,Partner,18988.0,1,0,2014-05-23,6,0,6,2,1,1,2,1,0,3,7,0,0,0,0,0,0,3,11,0,31,1,1,23,5,2,2014,7,43,4,16,4.0,3,1,1,311,About to sleep
10936,1965,Graduation,Partner,72190.0,0,0,2013-02-13,597,166,597,172,166,249,1,5,6,4,3,0,0,0,0,0,0,3,11,0,50,0,0,13,2,1,2013,22,79,15,1947,129.8,2,3,5,235,At risk
4692,1976,Graduation,Partner,7500.0,1,0,2012-08-01,7,0,12,13,7,32,5,4,1,2,9,1,0,0,0,0,0,3,11,1,39,1,1,1,8,3,2012,29,19,7,71,10.142857142857142,5,2,2,522,Potential Loyalists
7212,1966,Graduation,Partner,44794.0,0,1,2014-06-08,54,0,7,0,0,4,1,2,0,3,6,0,0,0,0,0,0,3,11,0,49,1,1,8,6,2,2014,6,99,5,65,13.0,1,1,2,112,Hibernating
6086,1955,Graduation,Partner,80395.0,0,0,2013-11-23,445,25,706,80,76,48,1,6,5,12,2,0,0,0,1,0,0,3,11,0,60,0,0,23,11,4,2013,13,62,23,1380,60.0,2,5,5,255,Can't loose
437,1976,PostGraduation,Single,75012.0,0,0,2014-01-25,294,142,218,164,58,151,1,3,8,11,1,0,0,0,0,0,0,3,11,0,39,0,0,25,1,1,2014,11,41,22,1027,46.68181818181818,3,5,4,354,Loyal Customers
11171,1965,PostGraduation,Partner,56962.0,2,1,2013-10-11,292,3,77,10,3,26,7,6,3,5,7,0,0,0,0,0,0,3,11,0,50,1,3,11,10,4,2013,14,60,14,411,29.357142857142858,2,3,3,233,At risk
11101,1991,Graduation,Partner,89891.0,0,0,2013-04-15,412,22,132,59,28,183,1,11,6,8,4,0,0,1,0,0,0,3,11,0,24,0,0,15,4,2,2013,20,17,25,836,33.44,5,5,4,554,Champions
5329,1949,PhD,Single,35946.0,1,1,2013-09-27,8,0,3,0,0,0,1,0,0,3,5,0,0,0,0,0,0,3,11,0,66,1,2,27,9,3,2013,15,24,3,11,3.6666666666666665,4,1,1,411,Promising
610,1953,PhD,Partner,53593.0,1,1,2012-08-07,349,4,78,6,0,43,8,7,2,6,8,0,0,0,0,0,0,3,11,0,62,1,2,7,8,3,2012,29,60,15,480,32.0,2,3,3,233,At risk
9384,1978,Graduation,Partner,66373.0,1,1,2013-06-12,328,9,124,12,24,109,7,4,2,10,3,0,0,0,0,0,0,3,11,0,37,1,2,12,6,2,2013,18,57,16,606,37.875,3,4,3,343,Loyal Customers
5956,1948,PhD,Single,45072.0,1,2,2013-10-16,144,2,99,7,2,30,5,6,1,4,8,0,0,0,0,0,0,3,11,0,67,1,3,16,10,4,2013,14,74,11,284,25.818181818181817,2,3,3,233,At risk
10430,1973,Graduation,Single,89694.0,1,1,2013-10-09,1126,28,211,37,28,42,3,4,3,4,5,0,1,1,1,0,0,3,11,0,42,1,2,9,10,4,2013,14,22,11,1472,133.8181818181818,4,3,5,435,Potential Loyalists
7875,1949,Graduation,Partner,72025.0,0,0,2014-04-29,967,0,617,43,50,0,1,4,8,13,2,0,1,1,1,0,0,3,11,1,66,0,0,29,4,2,2014,8,46,25,1677,67.08,3,5,5,355,Loyal Customers
7072,1973,Graduation,Partner,67432.0,0,1,2013-03-29,432,79,341,177,136,170,2,8,5,4,4,0,0,0,0,0,0,3,11,0,42,1,1,29,3,1,2013,21,69,17,1335,78.52941176470588,2,4,5,245,At risk
6255,1952,PostGraduation,Partner,70545.0,0,1,2014-06-03,138,39,63,55,18,21,1,4,1,7,2,0,0,0,0,0,0,3,11,0,63,1,1,3,6,2,2014,7,29,12,334,27.833333333333332,4,3,3,433,Potential Loyalists
6516,1989,UnderGraduation,Partner,17487.0,1,0,2013-03-18,0,0,1,7,4,6,1,1,0,2,7,0,0,0,0,0,0,3,11,0,26,1,1,18,3,1,2013,21,37,3,18,6.0,4,1,1,411,Promising
5564,1969,Graduation,Partner,62882.0,0,1,2012-08-09,509,133,497,78,24,97,2,7,5,6,4,0,0,0,0,0,0,3,11,0,46,1,1,9,8,3,2012,29,26,18,1338,74.33333333333333,4,4,5,445,Loyal Customers
5682,1953,PhD,Single,64108.0,0,1,2013-03-23,948,10,86,13,21,21,4,6,9,11,5,0,0,0,0,0,0,3,11,0,62,1,1,23,3,1,2013,21,8,26,1099,42.26923076923077,5,5,4,554,Champions
7458,1956,PostGraduation,Partner,34941.0,1,1,2013-03-06,39,2,25,4,3,24,2,3,0,3,8,0,0,0,0,0,0,3,11,0,59,1,2,6,3,1,2013,22,26,6,97,16.166666666666668,4,2,2,422,Potential Loyalists
5237,1950,PhD,Single,48767.0,1,2,2014-01-01,28,1,21,3,0,10,3,2,1,3,5,0,0,0,0,0,0,3,11,0,65,1,3,1,1,1,2014,12,79,6,63,10.5,2,2,2,222,Hibernating
7761,1978,PostGraduation,Partner,38702.0,1,0,2013-08-01,13,11,24,13,8,40,2,3,0,4,6,0,0,0,0,0,0,3,11,0,37,1,1,1,8,3,2013,17,71,7,109,15.571428571428571,2,2,2,222,Hibernating
5278,1964,Graduation,Partner,82224.0,0,0,2014-01-25,307,26,360,138,31,40,1,6,9,5,3,0,0,0,1,0,0,3,11,0,51,0,0,25,1,1,2014,11,83,20,902,45.1,1,4,4,144,At risk
3560,1952,Graduation,Partner,83844.0,0,0,2013-05-12,901,31,345,75,31,191,1,4,4,11,1,0,0,1,0,0,0,3,11,0,63,0,0,12,5,2,2013,19,57,19,1574,82.84210526315789,3,4,5,345,Loyal Customers
7235,1975,PostGraduation,Partner,17003.0,1,0,2013-12-09,2,5,12,4,8,7,3,2,0,4,5,0,0,0,0,0,0,3,11,0,40,1,1,9,12,4,2013,12,37,6,38,6.333333333333333,4,2,1,421,Potential Loyalists
10548,1995,Graduation,Single,71163.0,0,0,2014-03-09,283,17,372,138,106,44,1,3,8,12,1,0,0,0,0,0,0,3,11,0,20,0,0,9,3,1,2014,9,30,23,960,41.73913043478261,4,5,4,454,Loyal Customers
2281,1970,Graduation,Single,33697.0,1,0,2013-09-15,4,3,7,0,3,11,1,1,0,2,7,1,0,0,0,0,0,3,11,0,45,1,1,15,9,3,2013,15,34,3,28,9.333333333333334,4,1,1,411,Promising
4073,1954,PostGraduation,Partner,63564.0,0,0,2014-01-29,769,80,252,15,34,65,1,10,10,7,6,1,0,0,0,0,0,3,11,1,61,0,0,29,1,1,2014,11,0,27,1215,45.0,5,5,5,555,Champions
6974,1972,PhD,Partner,83443.0,0,0,2013-12-31,518,42,742,55,56,84,1,6,10,5,2,0,0,0,0,0,0,3,11,0,43,0,0,31,12,4,2013,12,89,21,1497,71.28571428571429,1,5,5,155,Can't loose
7938,1958,PhD,Partner,51518.0,0,1,2013-10-03,350,8,66,17,4,4,2,3,2,10,3,0,0,0,0,0,0,3,11,0,57,1,1,3,10,4,2013,15,92,15,449,29.933333333333334,1,3,3,133,At risk
7094,1975,Graduation,Single,58330.0,0,1,2013-12-25,445,53,213,104,98,151,1,6,4,13,4,0,0,0,0,0,0,3,11,0,40,1,1,25,12,4,2013,12,87,23,1064,46.26086956521739,1,5,4,154,Can't loose
3667,1969,Graduation,Partner,80952.0,0,0,2013-02-28,778,178,689,41,27,44,1,8,5,11,8,0,1,1,1,0,0,3,11,1,46,0,0,28,2,1,2013,22,20,24,1757,73.20833333333333,4,5,5,455,Loyal Customers
7723,1979,Graduation,Partner,75507.0,0,0,2014-05-02,709,93,374,104,80,80,1,8,6,6,3,0,0,0,0,0,0,3,11,0,36,0,0,2,5,2,2014,8,56,20,1440,72.0,3,4,5,345,Loyal Customers
3870,1978,PostGraduation,Partner,63855.0,0,0,2013-02-09,359,35,314,93,116,89,1,7,3,13,4,0,0,0,0,0,0,3,11,0,37,0,0,9,2,1,2013,23,28,23,1006,43.73913043478261,4,5,4,454,Loyal Customers
4012,1972,PhD,Partner,62220.0,0,1,2012-08-11,799,12,375,16,12,12,5,7,6,5,6,0,0,0,0,0,0,3,11,1,43,1,1,11,8,3,2012,29,55,18,1226,68.11111111111111,3,4,5,345,Loyal Customers
5909,1964,Graduation,Partner,58512.0,0,1,2013-09-19,895,10,101,13,0,152,5,3,4,8,8,0,0,0,0,0,0,3,11,0,51,1,1,19,9,3,2013,15,25,15,1171,78.06666666666666,4,3,4,434,Potential Loyalists
10470,1979,PostGraduation,Partner,40662.0,1,0,2013-03-15,40,2,23,0,4,23,2,2,1,3,4,0,0,0,0,0,0,3,11,0,36,1,1,15,3,1,2013,21,0,6,92,15.333333333333334,5,2,2,522,Potential Loyalists
6488,1959,PhD,Partner,38829.0,0,1,2014-04-06,76,0,7,0,0,16,1,3,2,2,5,0,0,0,0,0,0,3,11,0,56,1,1,6,4,2,2014,9,86,7,99,14.142857142857142,1,2,2,122,Hibernating
10270,1981,PostGraduation,Partner,35523.0,1,0,2013-10-03,11,5,22,12,5,11,2,3,0,3,7,0,0,0,0,0,0,3,11,0,34,1,1,3,10,4,2013,15,8,6,66,11.0,5,2,2,522,Potential Loyalists
6887,1967,Graduation,Single,79146.0,1,1,2014-04-24,245,16,223,21,43,16,2,8,1,8,6,0,0,0,0,0,0,3,11,0,48,1,2,24,4,2,2014,8,33,17,564,33.1764705882353,4,4,3,443,Loyal Customers
6406,1988,PostGraduation,Partner,78285.0,0,0,2013-10-28,647,107,391,175,67,40,1,6,4,10,3,0,0,0,0,0,0,3,11,0,27,0,0,28,10,4,2013,14,13,20,1427,71.35,5,4,5,545,Champions
7573,1978,PhD,Single,31626.0,1,0,2013-05-10,39,1,9,2,1,34,1,2,1,2,7,1,0,0,0,0,0,3,11,1,37,1,1,10,5,2,2013,20,12,5,86,17.2,5,1,2,512,New Customers
4508,1952,Graduation,Single,75127.0,0,0,2014-05-22,203,35,305,46,17,227,1,2,11,5,1,0,0,0,0,0,0,3,11,0,63,0,0,22,5,2,2014,7,92,18,833,46.27777777777778,1,4,4,144,At risk
221,1955,Graduation,Partner,48726.0,0,1,2013-04-27,138,3,38,4,0,59,3,3,2,4,6,0,0,0,0,0,0,3,11,0,60,1,1,27,4,2,2013,20,90,9,242,26.88888888888889,1,2,3,123,Hibernating
5331,1977,Graduation,Partner,74985.0,0,0,2012-09-11,587,51,898,247,0,86,1,3,6,7,2,0,0,0,0,0,0,3,11,0,38,0,0,11,9,3,2012,28,8,16,1869,116.8125,5,4,5,545,Champions
1911,1987,Graduation,Partner,67430.0,0,0,2012-09-05,595,97,291,127,133,121,1,11,5,12,6,0,0,0,0,0,0,3,11,0,28,0,0,5,9,3,2012,28,6,28,1364,48.714285714285715,5,5,5,555,Champions
20,1965,PostGraduation,Partner,46891.0,0,1,2013-09-01,43,12,23,29,15,61,1,2,1,4,4,0,0,0,0,0,0,3,11,0,50,1,1,1,9,3,2013,16,91,7,183,26.142857142857142,1,2,2,122,Hibernating
8786,1956,PostGraduation,Partner,62058.0,0,1,2013-05-26,301,7,74,10,0,58,4,6,1,7,6,0,0,0,0,0,0,3,11,0,59,1,1,26,5,2,2013,19,52,14,450,32.142857142857146,3,3,3,333,Need Attention
10582,1979,Graduation,Partner,72063.0,0,1,2013-07-03,180,32,348,76,32,90,2,5,2,12,2,0,0,0,0,0,0,3,11,0,36,1,1,3,7,3,2013,18,3,19,758,39.89473684210526,5,4,4,544,Champions
1915,1951,PhD,Partner,78939.0,0,0,2013-12-12,794,115,243,150,0,205,1,8,5,6,3,0,0,0,0,0,0,3,11,0,64,0,0,12,12,4,2013,12,57,19,1507,79.3157894736842,3,4,5,345,Loyal Customers
8897,1965,Graduation,Single,42720.0,1,1,2013-04-24,392,5,91,28,26,112,8,7,3,7,8,0,0,0,0,0,0,3,11,1,50,1,2,24,4,2,2013,20,9,17,654,38.470588235294116,5,4,4,544,Champions
2371,1972,Graduation,Partner,33622.0,1,1,2013-04-13,39,1,22,3,4,12,3,2,0,4,7,0,0,0,0,0,0,3,11,0,43,1,2,13,4,2,2013,20,22,6,81,13.5,4,2,2,422,Potential Loyalists
4303,1957,PhD,Partner,6835.0,0,1,2012-12-08,107,2,12,2,2,12,0,0,0,1,20,0,0,0,0,0,0,3,11,0,58,1,1,8,12,4,2012,25,76,1,137,137.0,2,1,2,212,Hibernating
6825,1953,Graduation,Partner,41452.0,1,1,2013-03-06,13,0,3,0,0,0,1,1,0,2,7,0,0,0,0,0,0,3,11,0,62,1,2,6,3,1,2013,22,86,3,16,5.333333333333333,1,1,1,111,Hibernating
1072,1965,PhD,Single,40760.0,0,1,2013-08-30,70,0,17,0,0,6,2,2,1,3,6,0,0,0,0,0,0,3,11,0,50,1,1,30,8,3,2013,16,64,6,93,15.5,2,2,2,222,Hibernating
4964,1958,PhD,Partner,74250.0,0,0,2014-01-26,680,11,392,75,0,0,1,2,11,4,1,0,0,0,0,0,0,3,11,0,57,0,0,26,1,1,2014,11,90,17,1158,68.11764705882354,1,4,4,144,At risk
2461,1955,PostGraduation,Single,51124.0,1,1,2013-12-18,26,1,11,0,1,4,2,1,0,3,3,0,0,0,0,0,0,3,11,0,60,1,2,18,12,4,2013,12,79,4,43,10.75,2,1,1,211,Hibernating
10736,1971,Graduation,Single,72258.0,0,1,2013-09-12,522,0,522,227,120,134,2,6,9,5,2,0,0,0,0,0,0,3,11,0,44,1,1,12,9,3,2013,15,28,20,1525,76.25,4,4,5,445,Loyal Customers
3194,1974,PhD,Single,71466.0,0,0,2014-04-05,412,12,546,78,182,0,1,4,4,10,1,0,0,0,0,0,0,3,11,0,41,0,0,5,4,2,2014,9,86,18,1230,68.33333333333333,1,4,5,145,At risk
10839,1976,Graduation,Partner,36283.0,1,1,2014-04-14,6,5,5,8,0,5,2,1,0,3,4,0,0,0,0,0,0,3,11,0,39,1,2,14,4,2,2014,8,42,4,29,7.25,3,1,1,311,About to sleep
49,1970,Graduation,Single,20587.0,1,0,2014-05-11,2,3,6,4,1,9,1,1,1,2,7,0,0,0,0,0,0,3,11,0,45,1,1,11,5,2,2014,7,39,4,25,6.25,4,1,1,411,Promising
4290,1972,Graduation,Partner,30467.0,1,0,2014-03-19,1,3,8,2,5,5,1,1,0,2,7,0,0,0,0,0,0,3,11,0,43,1,1,19,3,1,2014,9,8,3,24,8.0,5,1,1,511,New Customers
10219,1972,Graduation,Partner,31590.0,1,0,2013-06-18,6,2,15,6,6,3,1,1,0,3,8,0,0,0,0,0,0,3,11,0,43,1,1,18,6,2,2013,18,40,4,38,9.5,3,1,1,311,About to sleep
4211,1986,UnderGraduation,Partner,20425.0,1,0,2012-10-29,4,12,5,3,16,17,2,2,0,3,7,0,0,0,0,0,0,3,11,0,29,1,1,29,10,4,2012,26,5,5,57,11.4,5,1,2,512,New Customers
1135,1960,PostGraduation,Partner,17144.0,1,1,2014-02-15,18,2,19,0,2,6,5,3,0,4,7,0,0,0,0,0,0,3,11,0,55,1,2,15,2,1,2014,10,96,7,47,6.714285714285714,1,2,1,121,Hibernating
6299,1968,PhD,Single,42564.0,0,1,2013-01-02,324,48,186,39,18,198,6,6,8,4,7,1,0,0,0,0,0,3,11,1,47,1,1,2,1,1,2013,24,28,18,813,45.166666666666664,4,4,4,444,Loyal Customers
10846,1978,PostGraduation,Partner,43783.0,1,0,2014-05-29,327,9,125,25,4,139,6,7,1,8,7,1,0,0,0,0,0,3,11,0,37,1,1,29,5,2,2014,7,22,16,629,39.3125,4,4,3,443,Loyal Customers
347,1976,Graduation,Single,40780.0,0,1,2012-09-08,229,27,71,13,3,34,4,7,1,5,9,0,0,0,0,0,0,3,11,0,39,1,1,8,9,3,2012,28,30,13,377,29.0,4,3,3,433,Potential Loyalists
6543,1945,PostGraduation,Partner,62847.0,0,0,2013-01-15,521,168,706,80,76,61,1,3,6,4,2,0,0,0,0,0,0,3,11,0,70,0,0,15,1,1,2013,23,45,13,1612,124.0,3,3,5,335,Need Attention
10446,1957,PhD,Partner,82017.0,0,0,2012-11-07,184,23,446,30,23,23,1,5,4,7,2,0,1,1,1,0,0,3,11,1,58,0,0,7,11,4,2012,26,58,16,729,45.5625,3,4,4,344,Loyal Customers
3479,1950,Graduation,Single,16813.0,0,0,2013-07-19,4,8,11,12,2,13,1,2,0,3,7,1,0,0,0,0,0,3,11,0,65,0,0,19,7,3,2013,17,49,5,50,10.0,3,1,1,311,About to sleep
11075,1978,Graduation,Partner,51267.0,1,1,2013-10-29,183,2,64,7,2,12,4,3,3,5,4,0,0,0,0,0,0,3,11,0,37,1,2,29,10,4,2013,14,37,11,270,24.545454545454547,4,3,3,433,Potential Loyalists
4442,1961,Graduation,Single,46524.0,0,1,2013-04-05,31,19,35,26,14,52,2,1,1,5,3,0,0,0,0,0,0,3,11,0,54,1,1,5,4,2,2013,21,70,7,177,25.285714285714285,2,2,2,222,Hibernating
199,1962,PostGraduation,Single,45183.0,0,0,2013-01-20,219,3,60,12,9,12,1,4,1,7,7,0,1,0,0,0,0,3,11,0,53,0,0,20,1,1,2013,23,33,12,315,26.25,4,3,3,433,Potential Loyalists
6722,1954,PhD,Partner,70421.0,0,1,2014-06-28,479,28,136,75,14,35,3,10,3,7,6,0,0,0,0,0,0,3,11,0,61,1,1,28,6,2,2014,6,98,20,767,38.35,1,4,4,144,At risk
796,1965,PostGraduation,Single,60161.0,0,1,2012-10-23,584,44,212,46,8,177,3,11,4,8,8,0,0,0,0,0,0,3,11,0,50,1,1,23,10,4,2012,26,17,23,1071,46.56521739130435,5,5,4,554,Champions
3749,1973,Graduation,Partner,73926.0,0,0,2013-03-02,627,91,597,159,91,15,1,6,5,12,3,0,0,0,0,0,0,3,11,0,42,0,0,2,3,1,2013,22,54,23,1580,68.69565217391305,3,5,5,355,Loyal Customers
8523,1968,Graduation,Partner,19329.0,1,0,2013-12-14,24,1,16,12,2,5,3,4,0,3,8,0,0,0,0,0,0,3,11,0,47,1,1,14,12,4,2013,12,39,7,60,8.571428571428571,4,2,2,422,Potential Loyalists
310,1970,PostGraduation,Partner,61872.0,0,1,2013-12-13,330,5,159,36,27,16,4,4,4,9,4,0,0,0,0,0,0,3,11,0,45,1,1,13,12,4,2013,12,81,17,573,33.705882352941174,1,4,3,143,At risk
8629,1956,Graduation,Single,46984.0,1,1,2013-03-26,19,1,10,2,1,8,1,1,0,3,5,0,0,0,0,0,0,3,11,0,59,1,2,26,3,1,2013,21,71,4,41,10.25,2,1,1,211,Hibernating
236,1951,Graduation,Partner,34838.0,1,1,2013-01-19,28,23,29,29,14,47,3,2,1,4,6,0,0,0,0,0,0,3,11,0,64,1,2,19,1,1,2013,23,62,7,170,24.285714285714285,2,2,2,222,Hibernating
9930,1944,PhD,Single,82716.0,0,0,2013-11-05,606,148,228,15,148,22,1,6,8,13,2,0,0,0,0,0,0,3,11,0,71,0,0,5,11,4,2013,14,8,27,1167,43.22222222222222,5,5,4,554,Champions
3483,1958,Graduation,Partner,48192.0,0,0,2013-04-06,1039,43,204,153,58,29,3,2,8,12,8,0,1,0,1,1,0,3,11,1,57,0,0,6,4,2,2013,21,76,22,1526,69.36363636363636,2,5,5,255,Can't loose
4599,1976,PostGraduation,Partner,49681.0,0,2,2013-11-04,411,0,26,0,0,21,6,7,1,7,7,0,0,0,0,0,0,3,11,0,39,1,2,4,11,4,2013,14,66,15,458,30.533333333333335,2,3,3,233,At risk
7326,1971,PostGraduation,Partner,56850.0,0,1,2014-03-23,34,1,19,2,7,0,1,1,1,3,2,0,0,0,0,0,0,3,11,0,44,1,1,23,3,1,2014,9,83,5,63,12.6,1,1,2,112,Hibernating
7352,1957,Graduation,Partner,55267.0,0,1,2013-10-21,161,28,136,32,3,45,4,3,4,6,3,0,0,0,0,0,0,3,11,0,58,1,1,21,10,4,2013,14,28,13,405,31.153846153846153,4,3,3,433,Potential Loyalists
2350,1972,Graduation,Partner,59666.0,1,1,2013-03-22,623,53,178,23,17,133,7,3,2,8,8,0,1,0,0,0,0,3,11,0,43,1,2,22,3,1,2013,21,87,13,1027,79.0,1,3,4,134,At risk
9145,1972,Graduation,Single,72504.0,0,1,2013-04-06,604,26,470,123,161,94,2,5,9,6,2,0,0,0,0,0,0,3,11,0,43,1,1,6,4,2,2013,21,43,20,1478,73.9,3,4,5,345,Loyal Customers
2964,1981,Graduation,Partner,26872.0,0,0,2013-10-16,3,10,8,3,16,32,1,1,1,2,6,0,0,0,0,0,0,3,11,0,34,0,0,16,10,4,2013,14,0,4,72,18.0,5,1,2,512,New Customers
5585,1972,Graduation,Single,21359.0,1,0,2013-04-20,12,2,17,6,1,10,2,2,0,3,8,0,0,0,0,0,0,3,11,1,43,1,1,20,4,2,2013,20,1,5,48,9.6,5,1,1,511,New Customers
9687,1975,Graduation,Single,73170.0,0,0,2014-05-31,184,174,256,50,30,32,1,5,4,6,2,0,0,0,0,0,0,3,11,0,40,0,0,31,5,2,2014,7,1,15,726,48.4,5,3,4,534,Potential Loyalists
3732,1955,PostGraduation,Partner,52750.0,0,1,2013-02-04,393,0,239,90,69,69,6,5,7,9,4,0,0,0,0,0,0,3,11,0,60,1,1,4,2,1,2013,23,72,21,860,40.95238095238095,2,5,4,254,Can't loose
6303,1986,PhD,Partner,91820.0,0,0,2013-11-23,410,73,747,76,161,30,0,5,5,12,1,0,0,0,0,0,0,3,11,0,29,0,0,23,11,4,2013,13,72,22,1497,68.04545454545455,2,5,5,255,Can't loose
11176,1970,PhD,Partner,65968.0,0,1,2014-05-12,376,9,83,19,4,4,2,5,4,7,3,0,0,0,0,0,0,3,11,0,45,1,1,12,5,2,2014,7,12,16,495,30.9375,5,4,3,543,Champions
2986,1976,Graduation,Partner,30772.0,1,1,2014-03-12,7,2,4,2,1,4,1,1,0,2,6,0,0,0,0,0,0,3,11,0,39,1,2,12,3,1,2014,9,89,3,20,6.666666666666667,1,1,1,111,Hibernating
7462,1954,Graduation,Single,22507.0,0,0,2012-11-24,68,0,226,51,157,68,3,10,2,4,9,0,0,0,0,0,0,3,11,0,61,0,0,24,11,4,2012,25,67,16,570,35.625,2,4,3,243,At risk
3900,1972,Graduation,Partner,65685.0,0,1,2014-03-29,642,14,49,0,7,57,1,9,2,9,5,0,0,0,0,0,0,3,11,0,43,1,1,29,3,1,2014,9,54,20,769,38.45,3,4,4,344,Loyal Customers
7034,1978,PostGraduation,Partner,25804.0,1,0,2013-09-01,8,7,9,13,6,12,2,2,0,3,8,0,0,0,0,0,0,3,11,0,37,1,1,1,9,3,2013,16,34,5,55,11.0,4,1,1,411,Promising
9493,1980,PhD,Single,76412.0,0,0,2013-05-05,840,53,804,23,71,17,1,5,4,8,3,0,0,1,1,0,0,3,11,1,35,0,0,5,5,2,2013,20,15,17,1808,106.3529411764706,5,4,5,545,Champions
1143,1972,Graduation,Partner,22063.0,1,0,2013-08-08,7,10,13,3,11,11,2,2,0,3,7,0,0,0,0,0,0,3,11,0,43,1,1,8,8,3,2013,17,43,5,55,11.0,3,1,1,311,About to sleep
1,1961,Graduation,Single,57091.0,0,0,2014-06-15,464,5,64,7,0,37,1,7,3,7,5,0,0,0,0,1,0,3,11,1,54,0,0,15,6,2,2014,6,0,17,577,33.94117647058823,5,4,3,543,Champions
3855,1963,Graduation,Partner,22419.0,0,0,2013-04-18,30,3,47,19,21,42,1,3,2,2,8,0,0,0,0,0,0,3,11,0,52,0,0,18,4,2,2013,20,74,7,162,23.142857142857142,2,2,2,222,Hibernating
5536,1959,Graduation,Partner,87771.0,0,1,2013-05-22,1492,38,287,50,57,33,1,5,10,4,6,0,1,1,1,1,0,3,11,1,56,1,1,22,5,2,2013,19,61,19,1957,103.0,2,4,5,245,At risk
5989,1959,PostGraduation,Single,78353.0,0,1,2013-04-16,752,122,476,39,153,34,1,10,2,11,8,0,0,0,0,0,0,3,11,0,56,1,1,16,4,2,2013,20,51,23,1576,68.52173913043478,3,5,5,355,Loyal Customers
9499,1954,Graduation,Partner,93404.0,1,2,2013-05-07,1279,15,287,20,0,15,3,3,4,7,5,0,1,1,0,0,0,3,11,0,61,1,3,7,5,2,2013,20,97,14,1616,115.42857142857143,1,3,5,135,At risk
6768,1962,Graduation,Single,37859.0,1,2,2013-01-12,22,1,8,2,1,2,2,1,0,3,8,0,0,0,0,0,0,3,11,0,53,1,3,12,1,1,2013,23,75,4,36,9.0,2,1,1,211,Hibernating
2150,1958,PhD,Single,80995.0,0,1,2013-05-11,860,28,409,73,56,56,1,8,9,4,4,0,0,0,0,0,0,3,11,0,57,1,1,11,5,2,2013,20,83,21,1482,70.57142857142857,1,5,5,155,Can't loose
6646,1984,Graduation,Partner,16529.0,1,0,2014-03-01,3,0,5,13,0,1,1,1,0,3,6,0,0,0,0,0,0,3,11,0,31,1,1,1,3,1,2014,10,23,4,22,5.5,4,1,1,411,Promising
4887,1976,PhD,Single,55412.0,1,1,2013-11-22,10,5,28,11,1,8,1,2,0,3,5,0,0,0,0,0,0,3,11,0,39,1,2,22,11,4,2013,13,65,5,63,12.6,2,1,2,212,Hibernating
8560,1992,Graduation,Single,48789.0,0,0,2012-09-10,351,16,156,7,5,145,1,6,4,7,6,0,0,0,0,0,0,3,11,0,23,0,0,10,9,3,2012,28,94,17,680,40.0,1,4,4,144,At risk
3321,1967,PhD,Partner,56575.0,0,2,2013-05-05,421,5,90,0,16,10,3,7,3,7,5,0,0,0,0,0,0,3,11,0,48,1,2,5,5,2,2013,20,42,17,542,31.88235294117647,3,4,3,343,Loyal Customers
11003,1980,PostGraduation,Partner,25130.0,1,0,2013-10-02,2,5,7,0,18,18,2,2,0,3,7,0,0,0,0,0,0,3,11,0,35,1,1,2,10,4,2013,15,10,5,50,10.0,5,1,1,511,New Customers
10402,1967,Graduation,Partner,35441.0,1,1,2013-02-14,25,1,9,2,1,1,2,1,0,3,8,0,0,0,0,0,0,3,11,0,48,1,2,14,2,1,2013,22,94,4,39,9.75,1,1,1,111,Hibernating
9904,1956,Graduation,Partner,71391.0,0,1,2013-03-29,336,123,274,46,123,141,5,6,5,12,3,0,0,0,0,0,0,3,11,0,59,1,1,29,3,1,2013,21,50,23,1043,45.34782608695652,3,5,4,354,Loyal Customers
6141,1972,PostGraduation,Single,49494.0,1,0,2013-04-25,191,9,97,0,6,82,2,6,1,5,7,0,0,0,0,0,0,3,11,0,43,1,1,25,4,2,2013,20,46,12,385,32.083333333333336,3,3,3,333,Need Attention
5687,1980,Graduation,Single,81702.0,0,0,2012-09-23,563,50,774,28,31,187,1,7,7,12,3,0,0,0,0,0,0,3,11,0,35,0,0,23,9,3,2012,27,98,26,1633,62.80769230769231,1,5,5,155,Can't loose
10856,1980,PostGraduation,Single,45889.0,0,1,2013-07-02,31,0,6,0,1,8,1,1,0,3,6,0,0,0,0,0,0,3,11,0,35,1,1,2,7,3,2013,18,42,4,46,11.5,3,1,1,311,About to sleep
5121,1977,Graduation,Single,56628.0,0,1,2014-03-21,479,5,82,7,17,171,2,7,6,5,5,1,0,0,0,0,0,3,11,0,38,1,1,21,3,1,2014,9,30,18,761,42.27777777777778,4,4,4,444,Loyal Customers
4186,1950,Graduation,Partner,34026.0,1,1,2013-08-05,18,6,15,12,8,17,3,2,1,3,5,0,0,0,0,0,0,3,11,0,65,1,2,5,8,3,2013,17,11,6,76,12.666666666666666,5,2,2,522,Potential Loyalists
368,1974,Graduation,Partner,40049.0,0,1,2012-11-29,91,65,52,10,44,28,3,3,2,6,5,0,0,0,0,0,0,3,11,0,41,1,1,29,11,4,2012,25,61,11,290,26.363636363636363,2,3,3,233,At risk
3312,1988,Graduation,Single,34176.0,1,0,2014-05-12,5,7,24,19,14,20,4,3,0,4,6,0,0,0,0,0,0,3,11,0,27,1,1,12,5,2,2014,7,12,7,89,12.714285714285714,5,2,2,522,Potential Loyalists
11121,1981,Graduation,Partner,19419.0,1,0,2012-11-10,2,14,28,16,3,7,4,4,0,3,9,0,0,0,0,0,0,3,11,0,34,1,1,10,11,4,2012,26,76,7,70,10.0,2,2,2,222,Hibernating
5332,1960,PostGraduation,Partner,82504.0,0,0,2013-07-27,362,50,431,134,35,54,1,3,6,7,1,0,0,0,0,0,0,3,11,0,55,0,0,27,7,3,2013,17,2,16,1066,66.625,5,4,4,544,Champions
5848,1970,Graduation,Partner,81205.0,0,0,2014-01-13,724,74,929,97,55,130,1,5,6,7,2,1,0,1,0,1,0,3,11,1,45,0,0,13,1,1,2014,11,43,18,2009,111.61111111111111,3,4,5,345,Loyal Customers
10343,1991,PostGraduation,Single,61618.0,0,0,2012-09-29,605,91,399,0,45,205,2,3,6,8,3,0,0,0,0,0,0,3,11,0,24,0,0,29,9,3,2012,27,27,17,1345,79.11764705882354,4,4,5,445,Loyal Customers
5935,1956,PostGraduation,Single,55284.0,0,1,2012-12-24,547,7,140,0,7,63,3,7,5,8,5,0,0,0,0,0,0,3,11,0,59,1,1,24,12,4,2012,24,60,20,764,38.2,2,4,4,244,At risk
2895,1963,Graduation,Single,49980.0,0,1,2013-10-23,104,1,54,13,9,14,2,3,1,5,5,0,0,0,0,0,0,3,11,0,52,1,1,23,10,4,2013,14,79,9,195,21.666666666666668,2,2,2,222,Hibernating
10262,1980,Graduation,Partner,15072.0,2,0,2013-05-10,8,2,15,0,10,18,4,3,1,3,5,0,0,0,0,0,0,3,11,0,35,1,2,10,5,2,2013,20,96,7,53,7.571428571428571,1,2,1,121,Hibernating
7848,1974,Graduation,Single,49166.0,0,1,2013-06-13,224,2,25,7,0,110,2,5,3,3,6,0,0,0,0,0,0,3,11,0,41,1,1,13,6,2,2013,18,17,11,368,33.45454545454545,5,3,3,533,Potential Loyalists
9477,1954,PhD,Partner,65324.0,0,1,2014-01-11,384,0,102,21,32,5,3,6,2,9,4,0,0,0,0,0,0,3,11,0,61,1,1,11,1,1,2014,11,0,17,544,32.0,5,4,3,543,Champions
4856,1957,PostGraduation,Partner,82347.0,0,0,2012-11-06,556,54,845,202,133,63,1,7,7,10,3,1,0,0,1,0,0,3,11,0,58,0,0,6,11,4,2012,26,38,24,1853,77.20833333333333,4,5,5,455,Loyal Customers
7186,1966,PhD,Partner,30843.0,1,1,2014-05-26,24,0,2,0,0,9,2,1,1,2,5,1,0,0,0,0,0,3,11,0,49,1,2,26,5,2,2014,7,43,4,35,8.75,3,1,1,311,About to sleep
5794,1974,PhD,Partner,46374.0,0,1,2014-03-17,408,0,21,0,0,17,3,7,1,7,8,0,1,0,1,0,0,3,11,1,41,1,1,17,3,1,2014,9,1,15,446,29.733333333333334,5,3,3,533,Potential Loyalists
1456,1979,Graduation,Single,60474.0,0,1,2013-04-01,265,199,303,234,9,170,7,10,2,12,7,0,0,0,0,0,0,3,11,0,36,1,1,1,4,2,2013,21,25,24,1180,49.166666666666664,4,5,5,455,Loyal Customers
4877,1973,PostGraduation,Partner,38576.0,0,1,2014-03-04,34,0,7,0,0,0,1,1,0,3,7,0,0,0,0,0,0,3,11,0,42,1,1,4,3,1,2014,10,2,4,41,10.25,5,1,1,511,New Customers
425,1985,Graduation,Partner,55357.0,2,0,2013-02-19,374,64,116,84,25,64,3,6,2,11,5,0,0,0,0,0,0,3,11,0,30,1,2,19,2,1,2013,22,66,19,727,38.26315789473684,2,4,4,244,At risk
3007,1966,Graduation,Partner,37758.0,1,1,2012-10-04,27,2,10,0,0,1,2,1,0,3,8,0,0,0,0,0,0,3,11,0,49,1,2,4,10,4,2012,27,49,4,40,10.0,3,1,1,311,About to sleep
1031,1989,PostGraduation,Partner,85710.0,0,0,2013-05-05,600,20,350,29,30,33,1,6,9,10,2,0,0,1,0,0,0,3,11,0,26,0,0,5,5,2,2013,20,5,25,1062,42.48,5,5,4,554,Champions
4297,1969,Graduation,Partner,23228.0,1,0,2014-01-26,13,2,18,6,1,0,2,2,0,3,8,0,0,0,0,0,0,3,11,0,46,1,1,26,1,1,2014,11,71,5,40,8.0,2,1,1,211,Hibernating
807,1969,PostGraduation,Partner,44602.0,1,1,2014-02-15,167,2,89,0,0,34,6,6,1,4,8,0,0,0,0,0,0,3,11,0,46,1,2,15,2,1,2014,10,35,11,292,26.545454545454547,4,3,3,433,Potential Loyalists
9553,1987,Graduation,Partner,7500.0,0,0,2013-01-09,0,2,3,4,1,5,1,0,0,3,6,0,0,0,0,0,0,3,11,0,28,0,0,9,1,1,2013,24,94,3,15,5.0,1,1,1,111,Hibernating
4271,1989,PostGraduation,Partner,38683.0,1,0,2012-10-04,46,35,69,84,41,66,6,4,1,6,7,0,0,0,0,0,0,3,11,0,26,1,1,4,10,4,2012,27,80,11,341,31.0,1,3,3,133,At risk
4120,1975,PostGraduation,Single,49514.0,1,0,2013-12-17,88,39,78,58,13,93,2,6,1,4,7,0,0,0,0,0,0,3,11,0,40,1,1,17,12,4,2013,12,61,11,369,33.54545454545455,2,3,3,233,At risk
2036,1973,PhD,Partner,57906.0,0,1,2013-06-11,243,11,119,10,3,15,3,4,2,8,4,0,0,0,0,0,0,3,11,0,42,1,1,11,6,2,2013,18,29,14,401,28.642857142857142,4,3,3,433,Potential Loyalists
115,1966,PostGraduation,Single,43456.0,0,1,2013-03-26,275,11,68,25,7,7,3,5,1,8,5,0,0,0,0,0,0,3,11,0,49,1,1,26,3,1,2013,21,0,14,393,28.071428571428573,5,3,3,533,Potential Loyalists
4259,1986,PostGraduation,Single,19485.0,2,0,2013-09-24,6,0,4,0,0,0,1,1,0,2,7,0,0,0,0,0,0,3,11,0,29,1,2,24,9,3,2013,15,80,3,10,3.3333333333333335,1,1,1,111,Hibernating
8687,1978,Graduation,Partner,53172.0,0,1,2013-05-06,121,62,90,68,20,125,3,2,3,8,3,0,0,0,0,0,0,3,11,0,37,1,1,6,5,2,2013,20,54,13,486,37.38461538461539,3,3,3,333,Need Attention
2447,1979,Graduation,Partner,30545.0,1,0,2012-10-17,4,12,15,19,7,12,2,2,0,3,7,0,0,0,0,0,0,3,11,0,36,1,1,17,10,4,2012,26,71,5,69,13.8,2,1,2,212,Hibernating
10140,1983,PhD,Partner,70123.0,0,0,2013-09-28,1308,0,396,23,0,0,1,5,7,4,3,0,1,0,0,1,0,3,11,0,32,0,0,28,9,3,2013,15,27,16,1727,107.9375,4,4,5,445,Loyal Customers
9353,1959,Graduation,Single,62450.0,0,1,2014-01-06,515,47,267,62,66,38,2,5,5,4,3,0,1,0,0,0,0,3,11,0,56,1,1,6,1,1,2014,12,61,14,995,71.07142857142857,2,3,4,234,At risk
3623,1976,Graduation,Partner,21675.0,1,0,2014-06-11,4,0,16,17,4,4,3,4,0,3,7,0,0,0,0,0,0,3,11,0,39,1,1,11,6,2,2014,6,55,7,45,6.428571428571429,3,2,1,321,About to sleep
738,1981,PostGraduation,Single,42395.0,1,1,2014-04-04,48,13,57,24,15,25,4,3,1,4,7,0,0,0,0,0,0,3,11,0,34,1,2,4,4,2,2014,9,35,8,182,22.75,4,2,2,422,Potential Loyalists
7631,1978,PostGraduation,Partner,61346.0,1,0,2013-10-06,562,58,168,43,16,142,1,5,7,10,3,0,0,0,0,0,0,3,11,0,37,1,1,6,10,4,2013,15,34,22,989,44.95454545454545,4,5,4,454,Loyal Customers
4789,1953,Graduation,Partner,80812.0,0,0,2013-09-17,769,22,500,210,143,33,1,4,8,5,2,1,0,1,1,0,0,3,11,0,62,0,0,17,9,3,2013,15,95,17,1677,98.6470588235294,1,4,5,145,At risk
773,1971,PostGraduation,Single,42835.0,1,1,2013-06-30,379,4,93,12,9,98,7,6,6,4,6,0,0,0,0,0,0,3,11,0,44,1,2,30,6,2,2013,18,64,16,595,37.1875,2,4,3,243,At risk
10602,1983,Graduation,Partner,39922.0,1,0,2013-02-14,29,12,59,19,1,36,2,3,0,4,8,0,0,0,0,0,0,3,11,0,32,1,1,14,2,1,2013,22,30,7,156,22.285714285714285,4,2,2,422,Potential Loyalists
1446,1956,PostGraduation,Single,86424.0,0,0,2014-04-05,387,68,569,89,45,68,1,6,9,12,1,0,0,0,0,0,0,3,11,0,59,0,0,5,4,2,2014,9,12,27,1226,45.407407407407405,5,5,5,555,Champions
3270,1978,PostGraduation,Partner,17117.0,1,0,2013-01-17,12,23,38,30,18,7,4,3,1,3,9,0,0,0,0,0,0,3,11,0,37,1,1,17,1,1,2013,23,96,7,128,18.285714285714285,1,2,2,122,Hibernating
8443,1972,Graduation,Single,24762.0,1,0,2014-02-10,6,10,12,3,15,40,3,3,1,2,8,1,0,0,0,0,0,3,11,1,43,1,1,10,2,1,2014,10,16,6,86,14.333333333333334,5,2,2,522,Potential Loyalists
9653,1975,Graduation,Partner,35797.0,0,1,2012-10-16,27,1,14,4,1,21,2,2,0,3,8,0,0,0,0,0,0,3,11,0,40,1,1,16,10,4,2012,26,16,5,68,13.6,5,1,2,512,New Customers
8916,1975,Graduation,Single,36627.0,2,0,2013-07-23,9,1,5,0,0,1,1,0,0,3,5,0,0,0,0,0,0,3,11,0,40,1,2,23,7,3,2013,17,78,3,16,5.333333333333333,2,1,1,211,Hibernating
8017,1981,PostGraduation,Partner,51111.0,1,1,2014-06-19,22,0,19,6,5,3,2,2,0,3,6,0,0,0,0,0,0,3,11,0,34,1,2,19,6,2,2014,6,83,5,55,11.0,1,1,1,111,Hibernating
5830,1972,PhD,Single,86857.0,0,0,2012-09-12,899,102,838,133,102,40,1,5,6,10,2,0,0,0,0,0,0,3,11,1,43,0,0,12,9,3,2012,28,96,21,2114,100.66666666666667,1,5,5,155,Can't loose
4597,1970,PhD,Partner,82072.0,0,0,2013-07-02,889,55,685,168,92,129,1,3,2,13,1,0,0,0,0,0,0,3,11,0,45,0,0,2,7,3,2013,18,67,18,2018,112.11111111111111,2,4,5,245,At risk
7023,1953,PhD,Single,46231.0,2,1,2012-11-26,189,2,55,0,5,12,4,6,1,4,9,0,0,0,0,0,0,3,11,0,62,1,3,26,11,4,2012,25,87,11,263,23.90909090909091,1,3,3,133,At risk
8086,1959,Graduation,Partner,42243.0,1,1,2013-12-11,48,0,2,0,0,5,2,2,0,3,7,0,0,0,0,0,0,3,11,0,56,1,2,11,12,4,2013,12,34,5,55,11.0,4,1,1,411,Promising
8825,1962,Graduation,Partner,51195.0,1,1,2013-04-01,230,14,156,82,24,58,8,9,2,5,8,0,0,0,0,0,0,3,11,0,53,1,2,1,4,2,2013,21,46,16,564,35.25,3,4,3,343,Loyal Customers
2930,1978,PostGraduation,Single,68092.0,0,0,2013-12-16,852,60,207,78,36,48,2,2,6,10,5,0,0,0,0,0,0,3,11,0,37,0,0,16,12,4,2013,12,7,18,1281,71.16666666666667,5,4,5,545,Champions
1928,1973,Graduation,Partner,31814.0,1,0,2013-02-09,35,3,20,4,1,20,2,2,0,3,9,1,0,0,0,0,0,3,11,0,42,1,1,9,2,1,2013,23,73,5,83,16.6,2,1,2,212,Hibernating
7108,1965,PostGraduation,Single,51390.0,1,1,2012-09-08,205,20,47,23,2,56,6,5,2,5,5,0,0,0,0,0,0,3,11,0,50,1,2,8,9,3,2012,28,54,12,353,29.416666666666668,3,3,3,333,Need Attention
10925,1983,Graduation,Partner,76630.0,0,0,2014-01-14,255,31,446,40,56,175,1,3,10,11,1,0,0,0,0,0,0,3,11,0,32,0,0,14,1,1,2014,11,93,24,1003,41.791666666666664,1,5,4,154,Can't loose
9960,1991,UnderGraduation,Single,26868.0,1,0,2014-04-30,0,0,1,8,3,2,1,1,0,2,7,0,0,0,0,0,0,3,11,0,24,1,1,30,4,2,2014,8,52,3,14,4.666666666666667,3,1,1,311,About to sleep
8800,1943,PhD,Single,48948.0,0,0,2013-02-01,437,8,206,160,49,42,2,7,10,5,6,1,0,0,0,0,0,3,11,1,72,0,0,1,2,1,2013,23,53,22,902,41.0,3,5,4,354,Loyal Customers
9224,1972,PhD,Single,55260.0,0,1,2012-12-12,825,8,53,11,0,242,2,8,10,5,6,0,0,0,0,0,0,3,11,0,43,1,1,12,12,4,2012,25,81,23,1139,49.52173913043478,1,5,4,154,Can't loose
5519,1956,Graduation,Partner,64090.0,0,1,2013-08-07,316,58,161,76,51,135,1,6,9,4,5,0,0,0,0,0,0,3,11,1,59,1,1,7,8,3,2013,17,8,19,797,41.94736842105263,5,4,4,544,Champions
5046,1958,Graduation,Single,78331.0,0,1,2014-01-23,756,138,354,160,169,61,2,10,6,7,4,0,0,0,0,0,0,3,11,0,57,1,1,23,1,1,2014,11,97,23,1638,71.21739130434783,1,5,5,155,Can't loose
7037,1974,PhD,Partner,37087.0,1,0,2013-08-11,194,55,134,15,0,3,3,4,2,8,6,0,0,0,0,0,0,3,11,0,41,1,1,11,8,3,2013,16,50,14,401,28.642857142857142,3,3,3,333,Need Attention
905,1986,Graduation,Single,21846.0,1,0,2013-10-22,7,17,18,6,10,26,4,4,0,3,8,0,0,0,0,0,0,3,11,0,29,1,1,22,10,4,2013,14,38,7,84,12.0,4,2,2,422,Potential Loyalists
8624,1958,Graduation,Partner,81320.0,0,0,2013-02-06,183,33,493,59,103,57,1,4,3,10,2,0,0,0,0,0,0,3,11,0,57,0,0,6,2,1,2013,23,61,17,928,54.588235294117645,2,4,4,244,At risk
8945,1970,Graduation,Single,54137.0,0,1,2013-08-16,171,0,11,0,1,20,2,4,1,4,6,0,0,0,0,0,0,3,11,0,45,1,1,16,8,3,2013,16,46,9,203,22.555555555555557,3,2,3,323,About to sleep
6445,1967,Graduation,Partner,66825.0,0,0,2013-07-14,243,101,405,29,40,40,1,4,5,6,2,0,0,0,0,0,0,3,11,0,48,0,0,14,7,3,2013,17,73,15,858,57.2,2,3,4,234,At risk
2727,1973,Graduation,Partner,57100.0,0,0,2013-12-04,181,21,69,39,3,96,1,3,3,6,3,0,0,0,0,0,0,3,11,0,42,0,0,4,12,4,2013,13,19,12,409,34.083333333333336,5,3,3,533,Potential Loyalists
6404,1969,Graduation,Partner,58917.0,1,2,2013-03-24,151,7,89,0,7,28,5,4,1,6,5,0,0,0,0,0,0,3,11,0,46,1,3,24,3,1,2013,21,10,11,282,25.636363636363637,5,3,3,533,Potential Loyalists
11074,1977,Graduation,Single,85072.0,0,0,2014-04-09,494,92,391,194,11,241,1,3,4,10,0,0,0,0,0,0,0,3,11,0,38,0,0,9,4,2,2014,8,94,17,1423,83.70588235294117,1,4,5,145,At risk
10150,1961,Graduation,Single,86429.0,0,0,2013-11-21,464,28,873,29,18,37,0,7,4,7,2,0,0,0,1,0,0,3,11,1,54,0,0,21,11,4,2013,13,10,18,1449,80.5,5,4,5,545,Champions
1968,1971,Graduation,Single,45684.0,1,0,2013-12-02,5,1,5,10,0,7,1,1,0,2,7,0,0,0,0,0,0,3,11,0,44,1,1,2,12,4,2013,13,37,3,28,9.333333333333334,4,1,1,411,Promising
6534,1974,Graduation,Partner,47889.0,1,0,2014-01-04,29,0,29,0,5,4,1,2,0,3,5,0,0,0,0,0,0,3,11,0,41,1,1,4,1,1,2014,12,94,5,67,13.4,1,1,2,112,Hibernating
9485,1986,PhD,Partner,45921.0,0,0,2014-03-10,102,9,49,24,3,12,1,2,1,6,4,0,0,0,0,0,0,3,11,0,29,0,0,10,3,1,2014,9,23,9,199,22.11111111111111,4,2,3,423,Potential Loyalists
7053,1966,PhD,Single,78420.0,0,0,2013-06-29,604,28,674,91,28,28,1,3,10,8,1,0,0,0,0,0,0,3,11,0,49,0,0,29,6,2,2013,18,75,21,1453,69.19047619047619,2,5,5,255,Can't loose
4654,1992,Graduation,Partner,75114.0,0,0,2013-11-07,571,12,523,63,60,24,1,3,10,5,2,0,0,0,0,0,0,3,11,0,23,0,0,7,11,4,2013,14,40,18,1253,69.61111111111111,3,4,5,345,Loyal Customers
9760,1963,PhD,Single,52278.0,0,1,2013-01-25,953,0,71,0,0,174,6,10,5,10,8,0,0,0,0,0,0,3,11,1,52,1,1,25,1,1,2013,23,24,25,1198,47.92,4,5,5,455,Loyal Customers
1048,1972,PostGraduation,Partner,35641.0,1,0,2013-07-14,63,3,67,8,9,28,2,3,1,4,7,0,0,0,0,0,0,3,11,1,43,1,1,14,7,3,2013,17,11,8,178,22.25,5,2,2,522,Potential Loyalists
10619,1994,Graduation,Single,95529.0,0,0,2012-12-03,770,29,890,250,27,24,1,7,3,7,3,0,0,1,0,0,0,3,11,1,21,0,0,3,12,4,2012,25,29,17,1990,117.05882352941177,4,4,5,445,Loyal Customers
9308,1954,Graduation,Partner,62820.0,0,0,2013-05-11,398,61,265,138,61,53,1,3,4,6,1,0,0,0,0,0,0,3,11,0,61,0,0,11,5,2,2013,20,51,13,976,75.07692307692308,3,3,4,334,Need Attention
10505,1960,PostGraduation,Partner,73113.0,0,0,2013-12-26,741,19,154,50,9,28,1,3,4,7,2,0,0,0,0,0,0,3,11,0,55,0,0,26,12,4,2013,12,86,14,1001,71.5,1,3,4,134,At risk
8362,1982,PhD,Partner,84169.0,0,0,2013-08-07,1478,19,403,0,19,0,1,7,6,6,3,0,1,1,0,0,0,3,11,1,33,0,0,7,8,3,2013,17,9,19,1919,101.0,5,4,5,545,Champions
2625,1954,PostGraduation,Single,42607.0,0,1,2013-11-17,156,29,56,30,32,47,2,3,2,7,3,0,0,0,0,0,0,3,11,0,61,1,1,17,11,4,2013,13,30,12,350,29.166666666666668,4,3,3,433,Potential Loyalists
4637,1954,PhD,Single,74637.0,0,0,2013-05-18,960,64,464,146,0,16,1,6,9,9,3,0,0,0,1,0,0,3,11,0,61,0,0,18,5,2,2013,19,73,24,1650,68.75,2,5,5,255,Can't loose
9972,1955,PhD,Partner,46015.0,1,1,2014-04-13,38,0,2,0,0,6,1,1,0,3,7,1,0,0,0,1,0,3,11,0,60,1,2,13,4,2,2014,8,25,4,46,11.5,4,1,1,411,Promising
4483,1993,Graduation,Single,72354.0,0,0,2013-04-17,315,26,473,220,12,182,1,2,10,6,1,0,0,0,0,0,0,3,11,0,22,0,0,17,4,2,2013,20,67,18,1228,68.22222222222223,2,4,5,245,At risk
4487,1969,PostGraduation,Single,39858.0,1,0,2013-01-24,15,20,25,2,7,26,1,2,0,4,6,0,0,0,0,0,0,3,11,1,46,1,1,24,1,1,2013,23,67,6,95,15.833333333333334,2,2,2,222,Hibernating
4988,1948,PhD,Partner,34469.0,1,1,2014-05-04,19,6,20,0,5,12,3,1,1,4,4,0,0,0,0,0,0,3,11,0,67,1,2,4,5,2,2014,8,58,6,62,10.333333333333334,3,2,2,322,About to sleep
8931,1986,Graduation,Partner,83033.0,1,0,2014-05-18,812,99,431,237,149,33,1,11,4,10,5,0,0,0,1,0,0,3,11,0,29,1,1,18,5,2,2014,7,82,25,1761,70.44,1,5,5,155,Can't loose
5871,1979,PostGraduation,Partner,24401.0,0,0,2012-08-31,73,28,217,10,24,115,3,6,1,6,8,0,0,0,0,0,0,3,11,0,36,0,0,31,8,3,2012,28,98,13,467,35.92307692307692,1,3,3,133,At risk
2008,1978,Graduation,Partner,77583.0,0,0,2014-02-10,372,23,384,250,12,108,1,4,5,9,2,0,0,0,1,0,0,3,11,0,37,0,0,10,2,1,2014,10,93,18,1149,63.833333333333336,1,4,4,144,At risk
3139,1982,PostGraduation,Single,74116.0,0,0,2013-12-30,871,111,704,145,55,166,1,4,4,10,2,0,1,0,0,0,0,3,11,0,33,0,0,30,12,4,2013,12,53,18,2052,114.0,3,4,5,345,Loyal Customers
10037,1993,Graduation,Single,74293.0,0,0,2014-05-04,375,152,335,93,91,81,1,5,4,6,2,0,0,0,0,0,0,3,11,0,22,0,0,4,5,2,2014,8,66,15,1127,75.13333333333334,2,3,4,234,At risk
10673,1976,PhD,Partner,68397.0,0,1,2013-11-17,760,80,466,17,13,80,1,6,9,5,3,0,0,0,0,0,0,3,11,0,39,1,1,17,11,4,2013,13,6,20,1416,70.8,5,4,5,545,Champions
5303,1974,PhD,Partner,79632.0,0,0,2014-04-08,471,0,510,99,21,12,1,6,4,9,2,0,0,0,0,0,0,3,11,0,41,0,0,8,4,2,2014,8,42,19,1113,58.578947368421055,3,4,4,344,Loyal Customers
538,1989,Graduation,Single,46107.0,1,0,2014-02-10,31,9,27,16,9,33,1,1,1,4,3,0,0,0,0,0,0,3,11,0,26,1,1,10,2,1,2014,10,78,6,125,20.833333333333332,2,2,2,222,Hibernating
7922,1951,PhD,Single,64950.0,0,1,2012-08-12,819,0,72,12,0,63,2,11,2,10,7,0,1,0,0,0,0,3,11,0,64,1,1,12,8,3,2012,29,29,23,966,42.0,4,5,4,454,Loyal Customers
5692,1989,UnderGraduation,Partner,25443.0,1,0,2012-12-22,1,4,3,8,9,7,1,1,0,3,8,0,0,0,0,0,0,3,11,0,26,1,1,22,12,4,2012,24,82,4,32,8.0,1,1,1,111,Hibernating
4843,1952,Graduation,Single,75127.0,0,0,2014-05-22,203,35,305,46,17,227,1,2,11,5,1,0,0,0,0,0,0,3,11,0,63,0,0,22,5,2,2014,7,92,18,833,46.27777777777778,1,4,4,144,At risk
6383,1971,PhD,Partner,32892.0,1,0,2014-05-25,26,0,15,2,1,2,2,3,0,3,8,0,0,0,0,0,0,3,11,0,44,1,1,25,5,2,2014,7,78,6,46,7.666666666666667,2,2,1,221,Hibernating
1628,1971,Graduation,Partner,71796.0,0,0,2013-10-24,354,21,311,167,75,32,1,9,3,4,4,0,0,0,0,0,0,3,11,0,44,0,0,24,10,4,2013,14,54,16,960,60.0,3,4,4,344,Loyal Customers
1204,1970,PhD,Partner,67536.0,0,1,2013-05-22,1253,0,447,23,71,35,3,11,5,11,8,0,0,0,1,0,0,3,11,0,45,1,1,22,5,2,2013,19,45,27,1829,67.74074074074075,3,5,5,355,Loyal Customers
3673,1971,Graduation,Single,55239.0,0,1,2013-07-14,371,17,238,23,24,106,3,7,5,11,5,0,0,0,0,0,0,3,11,0,44,1,1,14,7,3,2013,17,59,23,779,33.869565217391305,2,5,4,254,Can't loose
760,1975,PhD,Single,60554.0,1,0,2013-08-09,588,7,76,110,15,15,2,8,4,9,6,0,0,0,0,0,0,3,11,0,40,1,1,9,8,3,2013,17,8,21,811,38.61904761904762,5,5,4,554,Champions
8957,1952,PostGraduation,Single,64831.0,1,1,2013-06-10,480,86,249,75,86,144,8,6,3,5,6,0,0,0,0,0,0,3,11,0,63,1,2,10,6,2,2013,19,51,14,1120,80.0,3,3,4,334,Need Attention
4128,1962,PhD,Partner,56067.0,0,1,2013-07-20,517,12,54,16,6,120,2,7,4,7,5,0,0,0,0,0,0,3,11,0,53,1,1,20,7,3,2013,17,51,18,725,40.27777777777778,3,4,4,344,Loyal Customers
6810,1983,Graduation,Single,82025.0,0,0,2013-05-28,267,98,606,48,70,98,1,3,2,6,1,0,0,1,0,0,0,3,11,1,32,0,0,28,5,2,2013,19,76,11,1187,107.9090909090909,2,3,5,235,At risk
5386,1953,Graduation,Partner,94384.0,0,0,2013-03-04,1111,24,790,160,45,172,0,5,8,5,2,0,1,1,1,0,0,3,11,1,62,0,0,4,3,1,2013,22,62,18,2302,127.88888888888889,2,4,5,245,At risk
8700,1986,UnderGraduation,Single,14906.0,0,0,2012-12-22,7,7,14,7,16,15,3,2,1,3,7,0,0,0,0,0,0,3,11,0,29,0,0,22,12,4,2012,24,86,6,66,11.0,1,2,2,122,Hibernating
3202,1987,PhD,Partner,51563.0,0,0,2012-10-01,1166,0,48,0,0,36,1,4,4,10,8,0,1,1,0,0,0,3,11,0,28,0,0,1,10,4,2012,27,60,18,1250,69.44444444444444,2,4,5,245,At risk
1328,1982,PostGraduation,Partner,57937.0,0,1,2014-02-16,261,42,144,55,48,133,3,4,4,9,3,0,0,0,0,0,0,3,11,0,33,1,1,16,2,1,2014,10,56,17,683,40.1764705882353,3,4,4,344,Loyal Customers
8405,1979,Graduation,Single,68274.0,1,1,2013-09-30,135,25,51,23,25,46,2,4,2,5,3,0,0,0,0,0,0,3,11,0,36,1,2,30,9,3,2013,15,83,11,305,27.727272727272727,1,3,3,133,At risk
6515,1977,Graduation,Partner,39771.0,1,0,2013-12-06,6,2,18,2,8,14,1,2,0,3,4,0,0,0,0,0,0,3,11,0,38,1,1,6,12,4,2013,13,92,5,50,10.0,1,1,1,111,Hibernating
2882,1975,PostGraduation,Single,67893.0,0,1,2012-10-01,711,28,142,49,18,47,2,3,2,9,8,0,0,0,0,0,0,3,11,0,40,1,1,1,10,4,2012,27,31,14,995,71.07142857142857,4,3,4,434,Potential Loyalists
7574,1979,PhD,Partner,27922.0,1,0,2014-05-10,11,0,13,2,4,11,1,2,0,3,4,0,0,0,0,0,0,3,11,0,36,1,1,10,5,2,2014,7,80,5,41,8.2,1,1,1,111,Hibernating
6387,1976,PhD,Partner,52190.0,1,1,2014-05-08,42,0,17,0,0,18,3,2,1,3,5,1,0,0,0,0,0,3,11,0,39,1,2,8,5,2,2014,7,39,6,77,12.833333333333334,4,2,2,422,Potential Loyalists
5320,1973,PostGraduation,Single,44051.0,1,1,2013-01-29,79,7,58,6,3,18,4,3,1,4,6,0,0,0,0,0,0,3,11,1,42,1,2,29,1,1,2013,23,20,8,171,21.375,4,2,2,422,Potential Loyalists
5048,1971,PhD,Single,42767.0,2,0,2013-05-11,20,6,43,19,5,38,1,3,1,2,8,0,0,0,0,0,0,3,11,0,44,1,2,11,5,2,2013,20,53,6,131,21.833333333333332,3,2,2,322,About to sleep
8146,1976,PostGraduation,Partner,46106.0,1,1,2014-05-11,30,0,8,2,0,14,1,1,1,2,6,0,0,0,0,0,0,3,11,0,39,1,2,11,5,2,2014,7,84,4,54,13.5,1,1,1,111,Hibernating
10031,1976,PhD,Partner,16927.0,1,1,2013-02-10,20,2,23,3,1,4,5,3,0,4,8,0,0,0,0,0,0,3,11,0,39,1,2,10,2,1,2013,23,50,7,53,7.571428571428571,3,2,1,321,About to sleep
5748,1965,Graduation,Partner,59754.0,0,1,2012-12-01,115,27,44,4,146,139,3,5,2,6,5,0,0,0,0,0,0,3,11,1,50,1,1,1,12,4,2012,25,96,13,475,36.53846153846154,1,3,3,133,At risk
2134,1952,Graduation,Single,53700.0,0,1,2012-08-17,263,5,233,69,41,83,4,5,5,8,5,0,0,0,0,0,0,3,11,0,63,1,1,17,8,3,2012,28,94,18,694,38.55555555555556,1,4,4,144,At risk
1523,1973,Graduation,Partner,59041.0,1,1,2014-05-07,69,2,15,2,2,6,2,2,0,4,5,0,0,0,0,0,0,3,11,0,42,1,2,7,5,2,2014,7,25,6,96,16.0,4,2,2,422,Potential Loyalists
9665,1957,PhD,Single,54237.0,0,1,2013-04-27,267,3,30,4,0,57,4,5,2,5,6,0,0,0,0,0,0,3,11,0,58,1,1,27,4,2,2013,20,48,12,361,30.083333333333332,3,3,3,333,Need Attention
4640,1967,Graduation,Single,70647.0,0,1,2012-09-21,561,85,171,25,123,114,2,4,7,13,2,0,0,0,0,0,0,3,11,0,48,1,1,21,9,3,2012,27,65,24,1079,44.958333333333336,2,5,4,254,Can't loose
3635,1962,PhD,Single,52597.0,0,1,2014-05-07,492,0,37,7,0,42,3,6,3,8,5,0,0,0,0,0,0,3,11,0,53,1,1,7,5,2,2014,7,69,17,578,34.0,2,4,3,243,At risk
3547,1969,PostGraduation,Partner,41021.0,1,0,2012-12-30,14,7,9,6,16,12,2,2,0,3,6,0,0,0,0,0,0,3,11,1,46,1,1,30,12,4,2012,24,12,5,64,12.8,5,1,2,512,New Customers
2456,1975,PhD,Partner,40233.0,0,1,2013-10-14,80,4,46,0,17,2,5,2,1,5,6,0,0,0,0,0,0,3,11,0,40,1,1,14,10,4,2013,14,84,8,149,18.625,1,2,2,122,Hibernating
5633,1980,Graduation,Partner,50183.0,1,1,2014-06-25,97,12,84,13,10,15,7,3,1,6,5,0,0,0,0,0,0,3,11,0,35,1,2,25,6,2,2014,6,47,10,231,23.1,3,3,3,333,Need Attention
7801,1959,Graduation,Partner,54753.0,0,1,2013-09-12,197,107,227,7,59,131,3,5,2,11,4,0,0,0,0,0,0,3,11,0,56,1,1,12,9,3,2013,15,87,18,728,40.44444444444444,1,4,4,144,At risk
10489,1973,Graduation,Partner,92955.0,0,0,2013-08-19,693,21,925,31,24,84,1,6,7,9,2,0,0,1,1,0,0,3,11,1,42,0,0,19,8,3,2013,16,35,22,1778,80.81818181818181,4,5,5,455,Loyal Customers
7011,1973,Graduation,Partner,33471.0,1,0,2012-10-12,43,2,27,0,9,12,3,3,0,4,7,0,0,0,0,0,0,3,11,0,42,1,1,12,10,4,2012,27,47,7,93,13.285714285714286,3,2,2,322,About to sleep
2620,1974,PhD,Partner,34596.0,1,0,2013-04-13,14,0,2,0,0,7,1,1,0,2,8,0,0,0,0,0,0,3,11,1,41,1,1,13,4,2,2013,20,48,3,23,7.666666666666667,3,1,1,311,About to sleep
3933,1980,Graduation,Partner,44010.0,1,0,2012-10-13,186,36,234,86,72,48,6,10,2,6,9,0,0,0,0,0,0,3,11,0,35,1,1,13,10,4,2012,27,46,18,662,36.77777777777778,3,4,4,344,Loyal Customers
10981,1988,Graduation,Partner,84219.0,0,0,2014-02-02,434,137,400,45,137,45,1,3,4,10,1,0,0,0,0,0,0,3,11,0,27,0,0,2,2,1,2014,11,27,17,1198,70.47058823529412,4,4,5,445,Loyal Customers
1734,1968,PhD,Partner,40706.0,2,1,2013-01-17,59,0,11,4,2,5,4,3,0,4,7,0,0,0,0,0,0,3,11,0,47,1,3,17,1,1,2013,23,37,7,81,11.571428571428571,4,2,2,422,Potential Loyalists
10995,1988,PostGraduation,Partner,15716.0,1,0,2012-11-12,16,5,30,8,7,26,3,3,0,4,8,0,0,0,0,0,1,3,11,0,27,1,1,12,11,4,2012,26,8,7,92,13.142857142857142,5,2,2,522,Potential Loyalists
6357,1959,PostGraduation,Single,59052.0,0,1,2013-11-17,230,35,75,63,57,31,3,7,1,7,5,0,0,0,0,0,0,3,11,0,56,1,1,17,11,4,2013,13,29,15,491,32.733333333333334,4,3,3,433,Potential Loyalists
9209,1971,PostGraduation,Partner,80573.0,0,0,2012-10-14,829,138,430,60,92,15,1,4,6,13,2,0,0,0,0,0,0,3,11,0,44,0,0,14,10,4,2012,26,85,23,1564,68.0,1,5,5,155,Can't loose
10286,1962,Graduation,Partner,83715.0,0,0,2014-02-03,318,8,407,150,35,8,1,2,8,13,0,0,0,0,0,0,0,3,11,0,53,0,0,3,2,1,2014,11,2,23,926,40.26086956521739,5,5,4,554,Champions
2611,1959,PostGraduation,Partner,82576.0,0,0,2012-08-01,1206,55,445,168,18,18,1,2,4,12,1,0,0,1,0,0,0,3,11,0,56,0,0,1,8,3,2012,29,66,18,1910,106.11111111111111,2,4,5,245,At risk
1600,1965,PostGraduation,Partner,56962.0,2,1,2013-10-11,292,3,77,10,3,26,7,6,3,5,7,0,0,0,0,0,0,3,11,0,50,1,3,11,10,4,2013,14,60,14,411,29.357142857142858,2,3,3,233,At risk
3308,1952,Graduation,Partner,35704.0,1,1,2014-01-03,30,9,12,2,11,30,3,2,0,4,4,0,0,0,0,0,0,3,11,0,63,1,2,3,1,1,2014,12,54,6,94,15.666666666666666,3,2,2,322,About to sleep
5407,1954,Graduation,Partner,53103.0,0,1,2013-09-12,729,17,133,11,0,195,5,10,6,7,7,1,0,0,0,0,0,3,11,0,61,1,1,12,9,3,2013,15,70,23,1085,47.17391304347826,2,5,4,254,Can't loose
2166,1960,PostGraduation,Single,46779.0,1,1,2013-07-12,12,1,3,0,0,7,1,0,1,2,4,0,0,0,0,0,0,3,11,0,55,1,2,12,7,3,2013,17,55,3,23,7.666666666666667,3,1,1,311,About to sleep
3955,1965,Graduation,Single,4861.0,0,0,2014-06-22,2,1,1,1,0,1,0,0,0,0,14,0,0,0,0,0,0,3,11,0,50,0,0,22,6,2,2014,6,20,0,6,inf,4,1,1,411,Promising
6634,1979,PostGraduation,Single,33462.0,1,0,2013-08-07,22,3,18,0,0,11,1,2,0,3,7,0,0,0,0,0,0,3,11,0,36,1,1,7,8,3,2013,17,78,5,54,10.8,2,1,1,211,Hibernating
3056,1978,Graduation,Single,63693.0,0,1,2013-10-14,587,43,337,42,87,54,3,11,6,9,6,0,0,0,0,0,0,3,11,0,37,1,1,14,10,4,2013,14,63,26,1150,44.23076923076923,2,5,4,254,Can't loose
5718,1950,Graduation,Partner,80763.0,0,0,2013-08-15,674,168,108,192,42,231,1,5,11,6,3,0,0,1,1,0,0,3,11,1,65,0,0,15,8,3,2013,16,17,22,1415,64.31818181818181,5,5,5,555,Champions
6872,1974,PhD,Partner,65352.0,0,1,2013-08-21,284,3,84,4,7,23,2,4,2,8,4,0,0,0,0,0,0,3,11,0,41,1,1,21,8,3,2013,16,43,14,405,28.928571428571427,3,3,3,333,Need Attention
8164,1978,PhD,Partner,82170.0,0,0,2013-11-25,1023,93,651,49,55,37,1,5,6,7,2,0,0,0,0,0,0,3,11,0,37,0,0,25,11,4,2013,13,13,18,1908,106.0,5,4,5,545,Champions
4580,1969,Graduation,Partner,75759.0,0,0,2013-10-25,1394,22,708,89,91,182,1,9,7,9,5,1,0,1,1,0,0,3,11,1,46,0,0,25,10,4,2013,14,46,25,2486,99.44,3,5,5,355,Loyal Customers
9305,1976,PostGraduation,Single,79689.0,0,0,2013-05-12,311,26,640,180,37,121,1,4,9,13,2,0,0,0,0,0,0,3,11,0,39,0,0,12,5,2,2013,19,65,26,1315,50.57692307692308,2,5,5,255,Can't loose
453,1956,PhD,Single,35340.0,1,1,2014-06-29,27,0,12,0,1,5,2,2,0,3,5,0,0,0,0,0,0,3,11,0,59,1,2,29,6,2,2014,6,1,5,45,9.0,5,1,1,511,New Customers
8545,1954,Graduation,Single,85683.0,0,0,2014-03-21,1296,17,311,45,69,51,1,2,4,10,1,0,1,1,1,1,0,3,11,1,61,0,0,21,3,1,2014,9,6,16,1789,111.8125,5,4,5,545,Champions
9850,1972,PostGraduation,Partner,24884.0,1,0,2012-11-29,3,6,7,0,0,3,1,0,0,3,7,0,0,0,0,0,0,3,11,0,43,1,1,29,11,4,2012,25,32,3,19,6.333333333333333,4,1,1,411,Promising
7378,1981,PostGraduation,Partner,42021.0,1,0,2012-08-31,393,5,136,7,5,27,5,10,1,6,9,1,0,0,0,0,0,3,11,0,34,1,1,31,8,3,2012,28,34,17,573,33.705882352941174,4,4,3,443,Loyal Customers
7646,1989,Graduation,Single,64449.0,1,0,2014-02-18,218,63,282,137,35,70,4,5,3,12,4,0,0,0,0,0,0,3,11,0,26,1,1,18,2,1,2014,10,70,20,805,40.25,2,4,4,244,At risk
1640,1954,Graduation,Single,64587.0,1,1,2014-06-22,66,0,16,0,6,20,2,1,1,4,3,0,0,0,0,0,0,3,11,0,61,1,2,22,6,2,2014,6,49,6,108,18.0,3,2,2,322,About to sleep
5184,1995,Graduation,Single,34824.0,0,0,2014-03-26,4,2,11,2,0,4,1,1,0,2,6,0,0,0,0,0,0,3,11,0,20,0,0,26,3,1,2014,9,65,3,23,7.666666666666667,2,1,1,211,Hibernating
8492,1978,Graduation,Partner,75437.0,0,0,2013-11-09,795,0,545,95,58,0,1,8,4,10,6,0,0,0,1,0,0,3,11,0,37,0,0,9,11,4,2013,13,25,22,1493,67.86363636363636,4,5,5,455,Loyal Customers
11188,1957,Graduation,Partner,26091.0,1,1,2014-02-25,15,10,19,8,17,20,3,2,1,3,5,0,0,0,0,0,0,3,11,0,58,1,2,25,2,1,2014,10,84,6,89,14.833333333333334,1,2,2,122,Hibernating
1212,1973,Graduation,Partner,52845.0,1,0,2013-08-13,384,25,292,130,41,64,3,8,8,6,6,1,0,0,0,0,0,3,11,0,42,1,1,13,8,3,2013,16,7,22,936,42.54545454545455,5,5,4,554,Champions
9097,1956,Graduation,Single,46086.0,0,1,2013-11-03,244,8,32,7,2,50,4,3,1,8,4,0,0,0,0,0,0,3,11,0,59,1,1,3,11,4,2013,14,34,12,343,28.583333333333332,4,3,3,433,Potential Loyalists
10473,1956,PhD,Single,78028.0,0,1,2012-09-10,158,19,288,25,0,38,1,6,4,9,7,0,1,1,0,0,0,3,11,1,59,1,1,10,9,3,2012,28,38,19,528,27.789473684210527,4,4,3,443,Loyal Customers
7962,1987,PhD,Single,95169.0,0,0,2013-10-09,1285,21,449,106,20,20,1,4,3,4,1,0,0,1,1,0,0,3,11,1,28,0,0,9,10,4,2013,14,1,11,1901,172.8181818181818,5,3,5,535,Potential Loyalists
9984,1981,PostGraduation,Partner,56337.0,1,1,2013-03-27,349,16,144,28,5,182,5,8,5,4,8,1,0,0,1,0,0,3,11,1,34,1,2,27,3,1,2013,21,25,17,724,42.588235294117645,4,4,4,444,Loyal Customers
5527,1987,Graduation,Partner,22434.0,1,0,2013-02-13,4,12,11,3,13,15,2,2,0,3,8,0,0,0,0,0,0,3,11,0,28,1,1,13,2,1,2013,22,25,5,58,11.6,4,1,2,412,Promising
6374,1954,PhD,Partner,36930.0,0,1,2013-05-17,223,2,31,0,2,39,5,5,2,4,8,0,0,0,0,0,0,3,11,0,61,1,1,17,5,2,2013,19,50,11,297,27.0,3,3,3,333,Need Attention
7453,1954,Graduation,Single,36130.0,0,1,2013-02-02,157,43,127,68,56,37,6,3,8,4,4,1,0,0,0,0,0,3,11,1,61,1,1,2,2,1,2013,23,46,15,488,32.53333333333333,3,3,3,333,Need Attention
8952,1953,PostGraduation,Partner,65569.0,0,1,2012-11-05,397,46,288,20,38,70,2,6,5,10,3,0,0,0,0,0,0,3,11,0,62,1,1,5,11,4,2012,26,96,21,859,40.904761904761905,1,5,4,154,Can't loose
241,1952,Graduation,Partner,83844.0,0,0,2013-05-12,901,31,345,75,31,191,1,4,4,11,1,0,0,1,0,0,0,3,11,0,63,0,0,12,5,2,2013,19,57,19,1574,82.84210526315789,3,4,5,345,Loyal Customers
8975,1968,Graduation,Partner,19514.0,1,1,2014-01-26,14,3,21,2,1,28,4,3,1,2,8,1,0,0,0,0,0,3,11,0,47,1,2,26,1,1,2014,11,47,6,69,11.5,3,2,2,322,About to sleep
6119,1963,PhD,Single,36736.0,1,1,2013-05-10,10,0,3,0,0,4,1,1,0,2,6,0,0,0,0,0,0,3,11,0,52,1,2,10,5,2,2013,20,52,3,17,5.666666666666667,3,1,1,311,About to sleep
5236,1979,Graduation,Partner,77568.0,0,1,2012-08-25,1230,0,396,232,178,158,1,10,2,8,5,0,1,1,1,0,0,3,11,0,36,1,1,25,8,3,2012,28,30,20,2194,109.7,4,4,5,445,Loyal Customers
5723,1976,PhD,Partner,49187.0,0,1,2014-01-11,81,1,31,2,1,0,1,1,1,5,2,0,0,0,0,0,0,3,11,0,39,1,1,11,1,1,2014,11,63,7,116,16.571428571428573,2,2,2,222,Hibernating
1710,1978,Graduation,Single,30168.0,1,0,2013-03-07,154,20,66,0,12,27,7,6,1,4,9,0,0,0,0,0,0,3,11,0,37,1,1,7,3,1,2013,22,51,11,279,25.363636363636363,3,3,3,333,Need Attention
1970,1968,PostGraduation,Partner,34053.0,0,1,2012-09-10,63,0,21,7,0,12,1,3,0,3,8,0,0,0,0,0,0,3,11,0,47,1,1,10,9,3,2012,28,14,6,103,17.166666666666668,5,2,2,522,Potential Loyalists
5313,1971,PostGraduation,Partner,38196.0,1,1,2014-04-18,30,0,11,0,0,3,3,2,0,4,5,0,0,0,0,0,0,3,11,0,44,1,2,18,4,2,2014,8,20,6,44,7.333333333333333,4,2,1,421,Potential Loyalists
10634,1951,PostGraduation,Partner,59412.0,0,0,2014-04-19,90,67,165,30,43,11,1,4,2,8,3,0,0,0,0,0,0,3,11,0,64,0,0,19,4,2,2014,8,56,14,406,29.0,3,3,3,333,Need Attention
7010,1965,PostGraduation,Partner,70924.0,0,0,2014-04-07,635,114,254,132,152,76,1,6,6,7,3,0,0,1,0,0,0,3,11,0,50,0,0,7,4,2,2014,8,41,19,1363,71.73684210526316,3,4,5,345,Loyal Customers
8562,1969,Graduation,Partner,54165.0,0,0,2013-05-28,127,4,73,15,6,11,1,2,1,7,2,0,0,0,0,0,0,3,11,0,46,0,0,28,5,2,2013,19,72,10,236,23.6,2,3,3,233,At risk
3158,1973,Graduation,Partner,32300.0,1,0,2013-01-03,13,3,6,6,5,6,1,1,0,3,8,0,0,0,0,0,0,3,11,0,42,1,1,3,1,1,2013,24,1,4,39,9.75,5,1,1,511,New Customers
4436,1976,Graduation,Single,20180.0,0,0,2013-02-20,18,42,24,15,20,18,1,2,1,4,7,0,0,0,0,0,0,3,11,0,39,0,0,20,2,1,2013,22,27,7,137,19.571428571428573,4,2,2,422,Potential Loyalists
5287,1973,Graduation,Partner,34961.0,1,0,2014-06-19,45,2,26,4,1,1,3,3,1,3,7,0,0,0,0,0,0,3,11,0,42,1,1,19,6,2,2014,6,77,7,79,11.285714285714286,2,2,2,222,Hibernating
2445,1974,PhD,Partner,28440.0,1,0,2013-07-07,38,1,24,0,0,0,1,2,0,3,8,0,0,0,0,0,0,3,11,0,41,1,1,7,7,3,2013,18,87,5,63,12.6,1,1,2,112,Hibernating
6059,1953,PhD,Partner,64504.0,1,2,2013-03-04,986,36,168,16,0,108,7,11,3,4,7,0,0,0,0,0,0,3,11,1,62,1,3,4,3,1,2013,22,81,18,1314,73.0,1,4,5,145,At risk
4550,1966,PostGraduation,Partner,33564.0,0,1,2014-06-24,61,0,3,0,0,7,1,1,1,3,5,0,0,0,0,0,0,3,11,0,49,1,1,24,6,2,2014,6,51,5,71,14.2,3,1,2,312,About to sleep
4240,1978,Graduation,Partner,17345.0,1,0,2012-11-03,4,9,16,17,0,12,2,2,1,2,8,0,0,0,0,0,0,3,11,0,37,1,1,3,11,4,2012,26,79,5,58,11.6,2,1,2,212,Hibernating
8911,1967,PhD,Partner,56320.0,0,1,2013-04-08,201,53,172,116,77,83,3,5,4,9,4,0,0,0,0,0,0,3,11,0,48,1,1,8,4,2,2013,21,11,18,702,39.0,5,4,4,544,Champions
3706,1978,Graduation,Single,28647.0,1,0,2013-08-21,19,8,29,0,12,26,1,2,2,2,7,1,0,0,0,0,0,3,11,1,37,1,1,21,8,3,2013,16,54,6,94,15.666666666666666,3,2,2,322,About to sleep
3628,1987,UnderGraduation,Single,15038.0,1,0,2013-01-29,4,8,11,19,12,26,2,2,1,2,9,0,0,0,0,0,0,3,11,0,28,1,1,29,1,1,2013,23,93,5,80,16.0,1,1,2,112,Hibernating
10175,1958,PhD,Single,32173.0,0,1,2013-08-01,18,0,2,0,0,2,1,1,0,3,4,0,0,0,0,0,0,3,11,0,57,1,1,1,8,3,2013,17,0,4,22,5.5,5,1,1,511,New Customers
8985,1964,PostGraduation,Partner,68316.0,0,1,2012-11-04,806,80,161,120,11,33,5,10,7,10,6,0,0,0,0,0,0,3,11,0,51,1,1,4,11,4,2012,26,54,27,1211,44.851851851851855,3,5,5,355,Loyal Customers
5204,1971,Graduation,Partner,74538.0,0,0,2013-06-29,380,98,733,110,112,28,1,8,8,5,3,0,0,1,0,0,0,3,11,1,44,0,0,29,6,2,2013,18,21,21,1461,69.57142857142857,4,5,5,455,Loyal Customers
9220,1971,Graduation,Single,91700.0,0,0,2013-01-17,576,172,961,125,115,19,1,8,6,5,3,0,0,0,0,0,0,3,11,1,44,0,0,17,1,1,2013,23,58,19,1968,103.57894736842105,3,4,5,345,Loyal Customers
9888,1969,Graduation,Partner,68695.0,0,0,2014-06-25,458,81,356,106,50,40,1,4,4,7,2,0,0,0,0,0,0,3,11,0,46,0,0,25,6,2,2014,6,3,15,1091,72.73333333333333,5,3,4,534,Potential Loyalists
5263,1977,PostGraduation,Partner,31056.0,1,0,2013-01-22,5,10,13,3,8,16,1,1,0,3,8,0,0,0,0,0,0,3,11,0,38,1,1,22,1,1,2013,23,99,4,55,13.75,1,1,1,111,Hibernating
1020,1973,Graduation,Partner,79593.0,0,0,2014-05-12,350,60,568,110,133,145,1,5,6,7,2,0,0,1,0,0,0,3,11,0,42,0,0,12,5,2,2014,7,70,18,1366,75.88888888888889,2,4,5,245,At risk
9503,1980,Graduation,Single,28071.0,0,0,2012-08-29,39,33,130,41,26,44,2,5,1,5,8,0,0,0,0,0,0,3,11,0,35,0,0,29,8,3,2012,28,65,11,313,28.454545454545453,2,3,3,233,At risk
10613,1958,PhD,Partner,37334.0,1,1,2014-02-26,26,1,16,2,2,15,4,3,0,4,4,0,0,0,0,0,0,3,11,0,57,1,2,26,2,1,2014,10,44,7,62,8.857142857142858,3,2,2,322,About to sleep
67,1972,PostGraduation,Single,46423.0,1,1,2013-09-18,68,0,16,0,0,8,3,2,0,4,7,0,0,0,0,0,0,3,11,0,43,1,2,18,9,3,2013,15,6,6,92,15.333333333333334,5,2,2,522,Potential Loyalists
6019,1971,PhD,Partner,37126.0,1,0,2014-03-30,45,3,9,4,4,7,1,1,2,2,6,1,0,0,0,0,0,3,11,1,44,1,1,30,3,1,2014,9,9,5,72,14.4,5,1,2,512,New Customers
5863,1953,Graduation,Partner,47703.0,0,1,2013-05-29,359,0,134,13,26,123,4,6,3,8,5,0,0,0,0,0,0,3,11,0,62,1,1,29,5,2,2013,19,95,17,655,38.529411764705884,1,4,4,144,At risk
3717,1959,Graduation,Partner,61180.0,0,1,2014-04-23,403,24,29,6,24,218,2,5,5,6,3,1,0,0,0,0,0,3,11,0,56,1,1,23,4,2,2014,8,70,16,704,44.0,2,4,4,244,At risk
6730,1954,Graduation,Partner,38998.0,1,1,2012-11-03,34,1,14,0,0,5,3,2,0,3,8,0,0,0,0,0,1,3,11,0,61,1,2,3,11,4,2012,26,92,5,54,10.8,1,1,1,111,Hibernating
10749,1991,Graduation,Single,8028.0,0,0,2012-09-18,73,18,66,7,12,2,15,0,1,0,19,0,0,0,0,0,0,3,11,0,24,0,0,18,9,3,2012,27,62,1,178,178.0,2,1,2,212,Hibernating
4998,1962,Graduation,Partner,76081.0,0,0,2014-05-23,292,30,415,63,33,200,1,4,5,4,2,0,0,0,1,0,0,3,11,0,53,0,0,23,5,2,2014,7,85,13,1033,79.46153846153847,1,3,4,134,At risk
6287,1986,Graduation,Partner,34728.0,1,0,2013-07-30,14,0,16,0,0,6,1,1,1,2,6,0,0,0,0,0,0,3,11,1,29,1,1,30,7,3,2013,17,2,4,36,9.0,5,1,1,511,New Customers
5985,1965,PostGraduation,Single,33168.0,0,1,2012-10-13,80,1,37,0,1,3,3,2,1,4,7,0,0,0,0,0,0,3,11,0,50,1,1,13,10,4,2012,27,0,7,122,17.428571428571427,5,2,2,522,Potential Loyalists
4754,1966,PostGraduation,Partner,33585.0,0,1,2013-09-25,30,11,33,13,6,29,1,2,0,4,4,0,0,0,0,0,0,3,11,0,49,1,1,25,9,3,2013,15,91,6,122,20.333333333333332,1,2,2,122,Hibernating
4002,1960,PhD,Partner,77037.0,0,1,2013-10-13,463,96,333,168,53,10,1,7,7,12,3,0,0,0,0,0,0,3,11,0,55,1,1,13,10,4,2013,14,3,26,1123,43.19230769230769,5,5,4,554,Champions
8870,1984,Graduation,Partner,35196.0,1,0,2012-11-13,75,12,141,43,39,187,6,6,1,5,8,0,0,0,0,0,0,3,11,1,31,1,1,13,11,4,2012,25,68,12,497,41.416666666666664,2,3,3,233,At risk
966,1966,Graduation,Partner,44529.0,0,1,2013-07-05,538,13,91,17,6,26,6,6,2,11,5,0,1,0,0,0,0,3,11,0,49,1,1,5,7,3,2013,18,98,19,691,36.36842105263158,1,4,4,144,At risk
4767,1965,PostGraduation,Partner,70924.0,0,0,2014-04-07,635,114,254,132,152,76,1,6,6,7,3,0,0,1,0,0,0,3,11,0,50,0,0,7,4,2,2014,8,41,19,1363,71.73684210526316,3,4,5,345,Loyal Customers
9725,1966,PhD,Partner,28764.0,1,1,2014-06-05,8,0,3,0,0,1,1,1,0,2,8,1,0,0,0,0,0,3,11,0,49,1,2,5,6,2,2014,7,16,3,12,4.0,5,1,1,511,New Customers
4475,1949,PhD,Partner,69098.0,0,0,2013-02-16,1315,22,780,145,0,178,1,7,8,9,5,0,0,0,0,0,0,3,11,0,66,0,0,16,2,1,2013,22,82,24,2440,101.66666666666667,1,5,5,155,Can't loose
5740,1970,PostGraduation,Single,25959.0,1,1,2013-02-14,4,2,12,7,5,26,2,1,2,2,6,0,0,0,0,0,0,3,11,1,45,1,2,14,2,1,2013,22,1,5,56,11.2,5,1,2,512,New Customers
5731,1983,PostGraduation,Partner,27100.0,1,0,2013-04-05,12,0,13,2,0,10,1,1,0,3,7,0,0,0,0,0,0,3,11,0,32,1,1,5,4,2,2013,21,64,4,37,9.25,2,1,1,211,Hibernating
7290,1985,Graduation,Single,70596.0,0,0,2012-10-05,347,44,534,17,0,26,1,3,5,12,2,0,0,0,0,0,0,3,11,0,30,0,0,5,10,4,2012,27,68,20,968,48.4,2,4,4,244,At risk
3846,1974,Graduation,Partner,42557.0,0,1,2012-08-29,192,5,53,0,5,15,4,6,1,4,8,0,0,0,0,0,0,3,11,0,41,1,1,29,8,3,2012,28,98,11,270,24.545454545454547,1,3,3,133,At risk
8104,1951,PhD,Partner,53312.0,0,0,2013-08-09,241,0,12,0,0,25,1,5,1,5,7,0,0,0,0,0,0,3,11,0,64,0,0,9,8,3,2013,17,32,11,278,25.272727272727273,4,3,3,433,Potential Loyalists
4507,1952,Graduation,Single,72228.0,0,0,2012-11-27,631,28,491,30,14,56,1,6,7,8,3,0,0,0,0,0,0,3,11,0,63,0,0,27,11,4,2012,25,87,21,1250,59.523809523809526,1,5,5,155,Can't loose
11013,1987,Graduation,Partner,67605.0,0,0,2013-03-31,336,28,282,184,54,54,1,2,8,6,1,0,0,0,0,0,0,3,11,0,28,0,0,31,3,1,2013,21,84,16,938,58.625,1,4,4,144,At risk
4491,1949,PostGraduation,Partner,62845.0,1,1,2012-10-01,1099,0,45,0,0,34,11,3,4,10,8,0,1,0,0,0,0,3,11,0,66,1,2,1,10,4,2012,27,3,17,1178,69.29411764705883,5,4,5,545,Champions
3759,1958,Graduation,Partner,65196.0,0,2,2013-07-25,743,19,181,12,0,200,2,7,6,11,5,1,0,0,0,0,0,3,11,0,57,1,2,25,7,3,2013,17,34,24,1155,48.125,4,5,4,454,Loyal Customers
1162,1987,PhD,Single,42000.0,0,0,2013-01-10,124,83,267,85,59,35,2,5,2,11,5,0,0,0,0,0,0,3,11,1,28,0,0,10,1,1,2013,24,23,18,653,36.27777777777778,4,4,4,444,Loyal Customers
2055,1973,PhD,Single,35860.0,1,1,2014-05-19,15,0,8,4,2,20,2,1,1,2,5,1,0,0,0,0,0,3,11,0,42,1,2,19,5,2,2014,7,37,4,49,12.25,4,1,1,411,Promising
10766,1964,PhD,Partner,65526.0,0,1,2014-04-11,397,19,69,12,0,9,1,4,4,8,2,0,0,0,0,0,0,3,11,0,51,1,1,11,4,2,2014,8,22,16,506,31.625,4,4,3,443,Loyal Customers
4415,1961,Graduation,Partner,16860.0,1,1,2012-09-12,10,4,4,3,3,14,3,1,1,3,7,0,0,0,0,0,0,3,11,0,54,1,2,12,9,3,2012,28,19,5,38,7.6,5,1,1,511,New Customers
3005,1992,Graduation,Single,83528.0,0,0,2014-05-01,530,117,678,134,44,147,1,4,10,8,1,1,0,0,1,0,0,3,11,1,23,0,0,1,5,2,2014,8,7,22,1650,75.0,5,5,5,555,Champions
2223,1965,PostGraduation,Single,64176.0,0,1,2012-08-03,1215,33,249,64,116,149,8,8,9,8,6,0,0,0,0,0,0,3,11,0,50,1,1,3,8,3,2012,29,52,25,1826,73.04,3,5,5,355,Loyal Customers
4817,1956,Graduation,Single,22304.0,0,0,2012-08-04,3,2,7,0,4,2,1,1,0,2,8,0,0,0,0,0,0,3,11,0,59,0,0,4,8,3,2012,29,91,3,18,6.0,1,1,1,111,Hibernating
2875,1978,Graduation,Partner,67023.0,0,0,2014-03-04,444,44,382,11,8,17,1,3,7,13,2,0,0,0,0,0,1,3,11,0,37,0,0,4,3,1,2014,10,93,23,906,39.391304347826086,1,5,4,154,Can't loose
10536,1971,PhD,Partner,32892.0,1,0,2014-05-25,26,0,15,2,1,2,2,3,0,3,8,0,0,0,0,0,0,3,11,0,44,1,1,25,5,2,2014,7,78,6,46,7.666666666666667,2,2,1,221,Hibernating
11112,1966,Graduation,Partner,70713.0,0,1,2012-12-03,736,114,279,82,76,190,6,5,6,8,3,0,0,0,0,0,0,3,11,0,49,1,1,3,12,4,2012,25,23,19,1477,77.73684210526316,4,4,5,445,Loyal Customers
3807,1955,Graduation,Partner,59925.0,0,1,2012-11-30,473,21,176,19,21,56,3,9,2,9,6,0,0,0,0,0,0,3,11,0,60,1,1,30,11,4,2012,25,83,20,766,38.3,1,4,4,144,At risk
9197,1953,Graduation,Partner,39722.0,0,1,2014-02-24,32,0,5,2,0,8,2,2,0,3,5,0,0,0,0,0,0,3,11,0,62,1,1,24,2,1,2014,10,92,5,47,9.4,1,1,1,111,Hibernating
10832,1958,Graduation,Partner,46610.0,0,0,2013-07-18,288,10,30,4,10,125,1,6,1,6,6,0,0,0,0,0,0,3,11,0,57,0,0,18,7,3,2013,17,4,13,467,35.92307692307692,5,3,3,533,Potential Loyalists
6421,1961,Graduation,Partner,88347.0,0,0,2013-07-03,1050,178,555,77,138,118,1,4,7,9,1,0,0,0,1,0,0,3,11,0,54,0,0,3,7,3,2013,18,32,20,2116,105.8,4,4,5,445,Loyal Customers
4207,1981,PhD,Partner,87171.0,0,0,2013-05-01,1001,44,107,58,44,44,1,6,7,11,2,1,0,1,0,0,0,3,11,0,34,0,0,1,5,2,2013,20,27,24,1298,54.083333333333336,4,5,5,455,Loyal Customers
577,1976,PostGraduation,Partner,26907.0,1,1,2013-08-20,9,1,7,0,3,2,2,1,0,3,7,0,0,0,0,0,0,3,11,0,39,1,2,20,8,3,2013,16,10,4,22,5.5,5,1,1,511,New Customers
10855,1968,PostGraduation,Single,50014.0,1,0,2014-01-22,234,14,77,19,10,42,2,4,1,8,5,0,0,0,0,0,0,3,11,0,47,1,1,22,1,1,2014,11,9,13,396,30.46153846153846,5,3,3,533,Potential Loyalists
3081,1978,PhD,Partner,41014.0,1,0,2013-04-22,7,2,6,2,0,3,1,1,0,2,7,0,0,0,0,0,0,3,11,0,37,1,1,22,4,2,2013,20,65,3,20,6.666666666666667,2,1,1,211,Hibernating
3535,1965,Graduation,Single,66294.0,0,0,2014-03-17,251,108,334,65,92,117,1,4,3,5,2,0,0,0,0,0,0,3,11,0,50,0,0,17,3,1,2014,9,68,12,967,80.58333333333333,2,3,4,234,At risk
247,1971,Graduation,Partner,36715.0,1,0,2012-11-17,172,10,125,21,13,16,6,7,2,4,9,0,0,0,0,0,0,3,11,1,44,1,1,17,11,4,2012,25,16,13,357,27.46153846153846,5,3,3,533,Potential Loyalists
8707,1956,Graduation,Partner,79456.0,0,0,2012-08-22,565,42,548,64,83,99,1,5,6,4,3,0,0,0,0,0,0,3,11,1,59,0,0,22,8,3,2012,28,12,15,1401,93.4,5,3,5,535,Potential Loyalists
9523,1982,Graduation,Partner,40479.0,1,0,2013-08-17,5,0,8,2,0,0,1,0,0,3,4,0,0,0,0,0,0,3,11,0,33,1,1,17,8,3,2013,16,95,3,15,5.0,1,1,1,111,Hibernating
6072,1970,PostGraduation,Single,75345.0,0,0,2013-02-02,918,57,842,99,38,133,1,5,8,6,3,0,0,0,1,0,0,3,11,1,45,0,0,2,2,1,2013,23,16,19,2087,109.84210526315789,5,4,5,545,Champions
6295,1977,Graduation,Partner,54233.0,0,1,2013-02-04,652,8,158,21,0,142,4,11,6,5,8,0,0,0,0,0,0,3,11,0,38,1,1,4,2,1,2013,23,46,22,981,44.59090909090909,3,5,4,354,Loyal Customers
10914,1970,Graduation,Single,24163.0,1,1,2013-10-12,4,1,7,2,1,2,2,1,0,3,4,0,0,0,0,0,0,3,11,0,45,1,2,12,10,4,2013,14,3,4,17,4.25,5,1,1,511,New Customers
1509,1958,PhD,Partner,84460.0,0,0,2013-01-04,152,27,103,106,54,81,0,9,9,4,5,0,1,1,1,1,0,3,11,1,57,0,0,4,1,1,2013,24,80,22,523,23.772727272727273,1,5,3,153,Can't loose
5577,1983,Graduation,Partner,43776.0,1,0,2014-05-03,8,0,9,2,1,3,1,1,0,2,6,0,0,0,0,0,0,3,11,0,32,1,1,3,5,2,2014,8,77,3,23,7.666666666666667,2,1,1,211,Hibernating
7348,1958,PhD,Single,71691.0,0,0,2014-03-17,336,130,411,240,32,43,1,4,7,5,2,0,0,0,0,0,0,3,11,1,57,0,0,17,3,1,2014,9,0,16,1192,74.5,5,4,5,545,Champions
1127,1973,PhD,Partner,85844.0,0,0,2014-05-29,938,19,843,25,95,38,1,6,6,7,2,0,0,1,0,0,0,3,11,0,42,0,0,29,5,2,2014,7,62,19,1958,103.05263157894737,2,4,5,245,At risk
1833,1974,PhD,Single,39190.0,1,0,2014-04-26,68,8,18,19,8,12,2,2,1,4,5,0,0,0,0,0,0,3,11,0,41,1,1,26,4,2,2014,8,91,7,133,19.0,1,2,2,122,Hibernating
4944,1959,Graduation,Partner,71367.0,0,0,2013-08-23,227,23,389,42,21,75,1,4,5,7,2,0,0,0,0,0,0,3,11,0,56,0,0,23,8,3,2013,16,24,16,777,48.5625,4,4,4,444,Loyal Customers
9080,1972,PhD,Single,38578.0,1,1,2013-06-22,38,4,22,3,3,3,3,3,0,3,8,0,0,0,0,0,0,3,11,0,43,1,2,22,6,2,2013,18,2,6,73,12.166666666666666,5,2,2,522,Potential Loyalists
6466,1965,PhD,Partner,57236.0,1,1,2014-03-12,105,0,9,2,1,4,3,2,1,4,3,0,0,0,0,0,0,3,11,0,50,1,2,12,3,1,2014,9,22,7,121,17.285714285714285,4,2,2,422,Potential Loyalists
9964,1979,Graduation,Single,61825.0,0,1,2013-08-07,162,50,100,55,30,27,1,4,2,8,4,0,0,0,0,0,0,3,11,0,36,1,1,7,8,3,2013,17,56,14,424,30.285714285714285,3,3,3,333,Need Attention
4790,1958,Graduation,Single,79803.0,0,1,2014-06-02,574,8,216,21,16,33,1,4,3,5,1,0,0,0,0,0,0,3,11,0,57,1,1,2,6,2,2014,7,54,12,868,72.33333333333333,3,3,4,334,Need Attention
10245,1986,PostGraduation,Single,80910.0,0,0,2012-10-31,160,80,369,67,39,41,1,3,3,8,1,0,0,0,0,0,0,3,11,0,29,0,0,31,10,4,2012,26,71,14,756,54.0,2,3,4,234,At risk
1109,1982,PostGraduation,Partner,27590.0,1,0,2013-04-23,6,0,5,0,0,1,1,1,0,2,7,0,0,0,0,0,0,3,11,0,33,1,1,23,4,2,2013,20,38,3,12,4.0,4,1,1,411,Promising
6001,1979,Graduation,Partner,56775.0,0,1,2013-01-02,614,35,160,58,35,35,2,5,8,10,5,0,0,0,0,0,0,3,11,0,36,1,1,2,1,1,2013,24,62,23,937,40.73913043478261,2,5,4,254,Can't loose
5538,1975,Graduation,Single,83829.0,0,0,2013-10-08,897,161,430,186,161,27,0,4,7,6,1,1,0,1,1,0,0,3,11,1,40,0,0,8,10,4,2013,15,78,17,1862,109.52941176470588,2,4,5,245,At risk
10552,1979,PostGraduation,Partner,54210.0,0,1,2013-05-20,70,54,109,80,9,45,2,4,1,7,5,0,0,0,0,0,0,3,11,0,36,1,1,20,5,2,2013,19,18,12,367,30.583333333333332,5,3,3,533,Potential Loyalists
1545,1986,Graduation,Partner,38508.0,1,0,2013-08-02,120,19,206,25,19,54,6,7,2,5,8,0,0,0,0,0,0,3,11,0,29,1,1,2,8,3,2013,17,95,14,443,31.642857142857142,1,3,3,133,At risk
7409,1970,Graduation,Partner,53187.0,1,0,2013-10-26,211,2,30,7,7,10,2,4,1,6,5,0,0,0,0,0,0,3,11,0,45,1,1,26,10,4,2013,14,66,11,267,24.272727272727273,2,3,3,233,At risk
4444,1972,Graduation,Partner,30023.0,1,0,2014-03-24,11,0,16,7,6,21,1,2,0,3,8,0,0,0,0,0,0,3,11,0,43,1,1,24,3,1,2014,9,28,5,61,12.2,4,1,2,412,Promising
146,1960,PhD,Single,76045.0,0,0,2013-11-15,760,53,400,17,93,0,1,4,5,11,2,0,0,0,1,0,0,3,11,0,55,0,0,15,11,4,2013,13,78,20,1323,66.15,2,4,5,245,At risk
6271,1952,PhD,Partner,50870.0,0,1,2014-06-19,53,0,8,0,0,2,1,2,0,3,5,0,0,0,0,0,0,3,11,0,63,1,1,19,6,2,2014,6,13,5,63,12.6,5,1,2,512,New Customers
10065,1970,PostGraduation,Partner,15315.0,0,0,2013-08-03,7,4,13,15,8,17,2,2,0,4,5,0,0,0,0,0,0,3,11,0,45,0,0,3,8,3,2013,17,27,6,64,10.666666666666666,4,2,2,422,Potential Loyalists
4741,1974,PostGraduation,Partner,65463.0,1,0,2014-01-30,391,32,70,21,32,16,2,6,2,9,5,0,1,0,0,0,0,3,11,0,41,1,1,30,1,1,2014,11,17,17,562,33.05882352941177,5,4,3,543,Champions
246,1965,Graduation,Partner,66480.0,1,1,2014-05-31,199,9,57,20,21,6,7,4,1,7,4,0,0,0,0,0,0,3,11,0,50,1,2,31,5,2,2014,7,71,12,312,26.0,2,3,3,233,At risk
375,1954,Graduation,Single,76773.0,0,0,2013-02-25,516,56,449,86,33,16,1,2,2,11,1,0,0,0,0,0,0,3,11,0,61,0,0,25,2,1,2013,22,79,15,1156,77.06666666666666,2,3,4,234,At risk
1524,1983,PostGraduation,Single,81698.0,0,0,2013-03-01,709,45,115,30,160,45,1,8,2,5,5,0,0,0,1,0,0,3,11,1,32,0,0,1,3,1,2013,22,1,15,1104,73.6,5,3,4,534,Potential Loyalists
10022,1973,PhD,Single,54466.0,1,1,2014-02-09,12,0,4,0,0,0,1,1,0,2,5,0,0,0,0,0,0,3,11,0,42,1,2,9,2,1,2014,10,78,3,16,5.333333333333333,2,1,1,211,Hibernating
7451,1960,PostGraduation,Single,98777.0,0,0,2014-02-17,1000,19,711,125,115,38,0,4,6,9,1,0,1,0,0,0,0,3,11,0,55,0,0,17,2,1,2014,10,23,19,2008,105.6842105263158,4,4,5,445,Loyal Customers
11010,1984,PhD,Single,16269.0,1,0,2013-08-30,19,3,18,3,1,0,3,3,0,3,8,0,0,0,0,0,0,3,11,0,31,1,1,30,8,3,2013,16,75,6,44,7.333333333333333,2,2,1,221,Hibernating
4356,1971,Graduation,Partner,71819.0,0,1,2013-08-28,1224,28,140,0,14,168,3,3,3,5,6,0,1,1,0,0,0,3,11,0,44,1,1,28,8,3,2013,16,70,11,1574,143.0909090909091,2,3,5,235,At risk
3885,1983,PhD,Partner,33569.0,1,0,2013-10-16,16,2,18,3,0,24,1,1,1,2,8,1,0,0,0,0,0,3,11,1,32,1,1,16,10,4,2013,14,10,4,63,15.75,5,1,2,512,New Customers
1175,1983,PostGraduation,Partner,36262.0,0,0,2013-09-20,88,39,54,64,28,153,1,3,5,3,6,1,0,0,0,0,0,3,11,1,32,0,0,20,9,3,2013,15,24,11,426,38.72727272727273,4,3,3,433,Potential Loyalists
880,1966,UnderGraduation,Partner,22634.0,0,0,2013-01-16,2,23,11,8,6,46,1,2,1,2,8,0,0,0,0,0,0,3,11,0,49,0,0,16,1,1,2013,23,47,5,96,19.2,3,1,2,312,About to sleep
2320,1978,PostGraduation,Partner,47025.0,0,1,2013-09-12,508,11,59,23,5,29,5,11,1,6,9,0,0,0,0,0,0,3,11,0,37,1,1,12,9,3,2013,15,98,18,635,35.27777777777778,1,4,3,143,At risk
850,1968,Graduation,Single,70566.0,0,1,2013-10-06,381,28,215,84,28,21,2,6,5,9,3,0,0,0,0,0,0,3,11,0,47,1,1,6,10,4,2013,15,4,20,757,37.85,5,4,4,544,Champions
4713,1979,PhD,Partner,31605.0,1,0,2012-11-22,74,0,42,2,1,6,2,2,1,4,7,0,0,0,0,0,0,3,11,0,36,1,1,22,11,4,2012,25,15,7,125,17.857142857142858,5,2,2,522,Potential Loyalists
675,1973,PostGraduation,Single,52034.0,1,1,2013-05-17,146,0,93,7,13,73,5,4,2,5,7,0,0,0,0,0,0,3,11,0,42,1,2,17,5,2,2013,19,67,11,332,30.181818181818183,2,3,3,233,At risk
5025,1979,Graduation,Single,48526.0,1,0,2013-12-24,23,17,23,43,20,9,1,2,1,4,3,0,0,0,0,0,0,3,11,0,36,1,1,24,12,4,2013,12,32,7,135,19.285714285714285,4,2,2,422,Potential Loyalists
2308,1954,Graduation,Partner,46734.0,0,1,2012-11-18,110,5,137,26,23,29,2,6,1,5,7,0,0,0,0,0,0,3,11,0,61,1,1,18,11,4,2012,25,40,12,330,27.5,3,3,3,333,Need Attention
5995,1962,Graduation,Single,39552.0,1,1,2012-12-18,165,3,147,4,24,41,7,6,2,5,8,0,0,0,0,0,0,3,11,1,53,1,2,18,12,4,2012,24,54,13,384,29.53846153846154,3,3,3,333,Need Attention
6749,1966,Graduation,Single,86358.0,1,1,2012-08-08,957,47,494,82,47,95,4,5,3,6,8,0,0,0,0,0,0,3,11,0,49,1,2,8,8,3,2012,29,78,14,1722,123.0,2,3,5,235,At risk
1010,1977,Graduation,Partner,46931.0,2,1,2014-04-24,41,0,17,3,1,16,2,1,1,3,3,0,0,0,0,0,0,3,11,0,38,1,3,24,4,2,2014,8,94,5,78,15.6,1,1,2,112,Hibernating
8977,1985,UnderGraduation,Single,16581.0,0,0,2013-01-12,1,3,4,2,3,11,1,0,0,3,4,0,0,0,0,0,0,3,11,0,30,0,0,12,1,1,2013,23,51,3,24,8.0,3,1,1,311,About to sleep
4756,1952,PostGraduation,Single,63998.0,0,0,2013-12-20,176,29,818,0,33,112,1,7,6,11,4,0,0,0,0,0,0,3,11,1,63,0,0,20,12,4,2013,12,42,24,1168,48.666666666666664,3,5,4,354,Loyal Customers
3412,1951,PostGraduation,Partner,67381.0,0,1,2013-01-15,815,8,53,11,0,70,4,2,2,9,7,0,1,0,0,0,0,3,11,0,64,1,1,15,1,1,2013,23,67,13,957,73.61538461538461,2,3,4,234,At risk
606,1967,Graduation,Single,25930.0,1,1,2013-10-10,6,1,2,2,0,4,1,1,0,2,7,0,0,0,0,0,0,3,11,0,48,1,2,10,10,4,2013,14,87,3,15,5.0,1,1,1,111,Hibernating
5961,1978,Graduation,Partner,42693.0,1,0,2014-06-07,8,4,20,6,3,16,1,1,0,3,5,0,0,0,0,0,0,3,11,0,37,1,1,7,6,2,2014,6,29,4,57,14.25,4,1,2,412,Promising
2975,1976,Graduation,Partner,85606.0,0,1,2012-11-12,717,42,864,219,30,84,2,6,7,9,3,0,0,0,1,0,0,3,11,0,39,1,1,12,11,4,2012,26,89,22,1956,88.9090909090909,1,5,5,155,Can't loose
2894,1985,Graduation,Single,72903.0,0,0,2013-10-29,1067,138,750,0,19,39,1,7,5,8,4,0,1,1,1,0,0,3,11,1,30,0,0,29,10,4,2013,14,74,20,2013,100.65,2,4,5,245,At risk
7613,1974,PostGraduation,Partner,49669.0,1,0,2014-05-24,166,5,107,11,8,29,2,5,1,6,6,0,0,0,0,0,0,3,11,0,41,1,1,24,5,2,2014,7,97,12,326,27.166666666666668,1,3,3,133,At risk
10542,1968,PhD,Partner,36778.0,1,1,2012-08-05,29,4,34,2,4,4,3,3,0,3,9,0,0,0,0,0,0,3,11,0,47,1,2,5,8,3,2012,29,63,6,77,12.833333333333334,2,2,2,222,Hibernating
8015,1962,PhD,Single,85696.0,0,0,2013-05-03,714,76,395,116,0,12,1,4,6,9,1,0,0,0,0,0,0,3,11,1,53,0,0,3,5,2,2013,20,88,19,1313,69.10526315789474,1,4,5,145,At risk
10617,1989,PostGraduation,Single,10979.0,0,0,2014-05-22,8,4,10,2,2,4,2,3,0,3,5,0,0,0,0,0,0,3,11,0,26,0,0,22,5,2,2014,7,34,6,30,5.0,4,2,1,421,Potential Loyalists
11166,1961,Graduation,Partner,49678.0,0,1,2013-02-02,229,5,56,3,2,20,2,6,2,4,7,0,0,0,0,0,0,3,11,0,54,1,1,2,2,1,2013,23,81,12,315,26.25,1,3,3,133,At risk
849,1953,PostGraduation,Partner,56129.0,0,1,2013-06-20,320,48,133,39,72,48,4,6,2,10,4,0,0,0,0,0,0,3,11,0,62,1,1,20,6,2,2013,18,65,18,660,36.666666666666664,2,4,4,244,At risk
523,1989,Graduation,Partner,37155.0,1,0,2013-01-31,23,0,26,7,15,3,1,2,0,4,5,0,0,0,0,0,0,3,11,0,26,1,1,31,1,1,2013,23,51,6,74,12.333333333333334,3,2,2,322,About to sleep
4066,1978,PostGraduation,Single,21282.0,1,0,2014-05-11,1,5,8,4,8,20,2,2,1,2,6,0,0,0,0,0,0,3,11,0,37,1,1,11,5,2,2014,7,76,5,46,9.2,2,1,1,211,Hibernating
8414,1962,PhD,Single,33419.0,0,1,2013-08-17,56,0,12,0,0,18,2,2,0,4,7,0,0,0,0,0,0,3,11,0,53,1,1,17,8,3,2013,16,76,6,86,14.333333333333334,2,2,2,222,Hibernating
819,1945,Graduation,Single,63285.0,0,0,2013-11-05,508,124,249,50,38,134,1,6,5,13,3,0,0,0,0,0,0,3,11,0,70,0,0,5,11,4,2013,14,84,24,1103,45.958333333333336,1,5,4,154,Can't loose
4961,1974,PostGraduation,Partner,21255.0,1,0,2014-01-21,29,0,25,2,2,3,4,2,1,4,4,0,0,0,0,0,0,3,11,0,41,1,1,21,1,1,2014,11,56,7,61,8.714285714285714,3,2,2,322,About to sleep
749,1981,Graduation,Partner,42162.0,1,0,2013-11-19,46,7,59,2,4,27,2,3,1,3,6,1,0,0,0,0,0,3,11,1,34,1,1,19,11,4,2013,13,31,7,145,20.714285714285715,4,2,2,422,Potential Loyalists
5430,1956,Graduation,Partner,54450.0,1,1,2012-09-14,454,0,171,8,19,32,12,9,2,8,8,0,0,0,0,0,0,3,11,0,59,1,2,14,9,3,2012,27,0,19,684,36.0,5,4,4,544,Champions
7755,1954,PhD,Partner,57744.0,0,1,2013-11-12,350,3,39,0,0,19,2,9,1,4,8,0,0,0,0,0,0,3,11,0,61,1,1,12,11,4,2013,13,91,14,411,29.357142857142858,1,3,3,133,At risk
10525,1986,Graduation,Single,26576.0,1,0,2012-10-13,10,0,8,0,0,9,1,1,0,2,9,1,0,0,0,0,0,3,11,1,29,1,1,13,10,4,2012,27,40,3,27,9.0,3,1,1,311,About to sleep
1453,1943,PhD,Single,57513.0,0,0,2013-07-06,735,40,183,52,20,30,2,9,3,13,6,0,0,0,0,0,0,3,11,0,72,0,0,6,7,3,2013,18,59,25,1060,42.4,2,5,4,254,Can't loose
8310,1964,Graduation,Partner,68142.0,0,1,2012-08-29,897,126,196,91,112,37,3,10,4,7,6,0,0,0,0,0,0,3,11,0,51,1,1,29,8,3,2012,28,96,21,1459,69.47619047619048,1,5,5,155,Can't loose
10710,1979,Graduation,Partner,7500.0,0,1,2012-08-29,5,2,3,3,0,5,1,1,0,2,8,0,0,0,0,0,0,3,11,0,36,1,1,29,8,3,2012,28,61,3,18,6.0,2,1,1,211,Hibernating
5031,1974,Graduation,Partner,83145.0,0,0,2012-09-22,777,35,731,39,137,114,1,5,9,11,2,0,0,1,0,0,0,3,11,1,41,0,0,22,9,3,2012,27,14,25,1833,73.32,5,5,5,555,Champions
2613,1960,PostGraduation,Partner,54197.0,0,1,2014-04-03,162,6,37,6,13,13,2,1,3,6,1,0,0,0,0,0,0,3,11,0,55,1,1,3,4,2,2014,9,16,10,237,23.7,5,3,3,533,Potential Loyalists
213,1963,PhD,Single,23091.0,1,1,2014-05-28,35,0,11,0,0,2,4,2,1,3,7,0,0,0,0,0,0,3,11,0,52,1,2,28,5,2,2014,7,98,6,48,8.0,1,2,1,121,Hibernating
967,1976,Graduation,Partner,46049.0,1,1,2013-07-21,342,9,112,19,14,19,10,5,2,9,7,0,0,0,0,0,0,3,11,1,39,1,2,21,7,3,2013,17,11,16,515,32.1875,5,4,3,543,Champions
1077,1974,Graduation,Partner,56715.0,0,0,2012-12-05,258,105,239,237,172,9,1,7,3,4,4,0,0,0,0,0,0,3,11,0,41,0,0,5,12,4,2012,25,52,14,1020,72.85714285714286,3,3,4,334,Need Attention
7959,1961,Graduation,Partner,79410.0,0,0,2014-05-29,658,80,483,123,13,13,1,3,2,5,1,0,0,0,0,0,0,3,11,0,54,0,0,29,5,2,2014,7,19,10,1370,137.0,5,3,5,535,Potential Loyalists
640,1951,Graduation,Partner,57304.0,0,1,2013-03-11,356,80,329,138,17,106,2,7,6,10,5,0,0,0,0,0,0,3,11,0,64,1,1,11,3,1,2013,22,61,23,1026,44.608695652173914,2,5,4,254,Can't loose
4252,1965,Graduation,Partner,44375.0,0,1,2014-03-23,213,5,28,7,7,41,1,4,1,6,5,0,0,0,0,0,0,3,11,0,50,1,1,23,3,1,2014,9,73,11,301,27.363636363636363,2,3,3,233,At risk
8432,1956,Graduation,Partner,54450.0,1,1,2012-09-14,454,0,171,8,19,32,12,9,2,8,8,0,0,0,0,0,0,3,11,0,59,1,2,14,9,3,2012,27,0,19,684,36.0,5,4,4,544,Champions
6218,1965,Graduation,Partner,59594.0,0,1,2012-10-20,457,4,29,0,0,9,1,8,1,7,7,0,1,0,0,0,0,3,11,0,50,1,1,20,10,4,2012,26,74,16,499,31.1875,2,4,3,243,At risk
6905,1994,Graduation,Partner,80685.0,0,0,2012-08-22,241,45,604,34,26,54,1,6,4,10,2,0,0,0,0,0,0,3,11,0,21,0,0,22,8,3,2012,28,55,20,1004,50.2,3,4,4,344,Loyal Customers
5922,1974,PhD,Partner,40344.0,0,1,2013-10-13,210,0,6,0,0,2,2,4,1,5,7,0,0,0,0,0,0,3,11,0,41,1,1,13,10,4,2013,14,48,10,218,21.8,3,3,3,333,Need Attention
3598,1972,Graduation,Partner,62710.0,0,1,2013-05-23,441,35,83,7,29,11,4,4,2,12,4,0,0,0,0,0,0,3,11,0,43,1,1,23,5,2,2013,19,53,18,606,33.666666666666664,3,4,3,343,Loyal Customers
6116,1968,PostGraduation,Partner,48985.0,0,1,2013-07-05,19,13,18,10,7,8,1,1,1,3,3,0,0,0,0,0,0,3,11,0,47,1,1,5,7,3,2013,18,13,5,75,15.0,5,1,2,512,New Customers
6263,1968,Graduation,Partner,35322.0,1,2,2012-08-22,28,9,37,12,7,13,3,2,0,4,8,0,0,0,0,0,0,3,11,0,47,1,3,22,8,3,2012,28,34,6,106,17.666666666666668,4,2,2,422,Potential Loyalists
10486,1948,Graduation,Partner,77142.0,0,0,2013-05-29,476,75,162,29,151,97,1,4,4,8,2,0,0,0,0,0,0,3,11,0,67,0,0,29,5,2,2013,19,54,16,990,61.875,3,4,4,344,Loyal Customers
2410,1969,Graduation,Single,81657.0,0,0,2014-01-22,364,40,425,158,60,50,1,3,4,8,1,0,0,0,0,0,0,3,11,0,46,0,0,22,1,1,2014,11,69,15,1097,73.13333333333334,2,3,4,234,At risk
193,1996,UnderGraduation,Partner,14421.0,0,0,2014-02-17,0,0,2,3,3,8,1,1,0,2,5,1,0,0,0,0,0,3,11,0,19,0,0,17,2,1,2014,10,81,3,16,5.333333333333333,1,1,1,111,Hibernating
3363,1974,PostGraduation,Partner,20130.0,0,0,2014-03-17,0,6,3,7,6,12,1,1,0,3,8,0,0,0,0,0,0,3,11,0,41,0,0,17,3,1,2014,9,99,4,34,8.5,1,1,1,111,Hibernating
8278,1990,PhD,Partner,74214.0,0,0,2012-08-26,863,83,547,86,99,33,1,8,2,5,5,0,0,0,0,0,0,3,11,0,25,0,0,26,8,3,2012,28,3,15,1711,114.06666666666666,5,3,5,535,Potential Loyalists
10660,1957,PostGraduation,Partner,66726.0,1,1,2014-01-12,349,7,35,0,0,47,3,8,2,4,7,0,1,0,0,0,0,3,11,0,58,1,2,12,1,1,2014,11,61,14,438,31.285714285714285,2,3,3,233,At risk
8686,1979,UnderGraduation,Partner,23724.0,1,0,2013-01-08,5,23,15,0,18,14,2,2,0,3,8,0,0,0,0,0,0,3,11,0,36,1,1,8,1,1,2013,24,65,5,75,15.0,2,1,2,212,Hibernating
1604,1960,PostGraduation,Partner,47353.0,0,1,2013-11-13,184,2,19,8,8,4,3,2,2,6,5,0,0,0,0,0,0,3,11,0,55,1,1,13,11,4,2013,13,93,10,225,22.5,1,3,3,133,At risk
5907,1952,PostGraduation,Partner,33444.0,1,1,2012-11-03,8,0,8,0,0,2,1,1,0,2,8,0,0,0,0,0,0,3,11,0,63,1,2,3,11,4,2012,26,24,3,18,6.0,4,1,1,411,Promising
10669,1981,Graduation,Partner,54386.0,0,1,2013-05-17,277,21,64,62,21,25,2,3,2,10,3,0,0,0,0,0,0,3,11,0,34,1,1,17,5,2,2013,19,8,15,470,31.333333333333332,5,3,3,533,Potential Loyalists
2918,1981,Graduation,Single,28510.0,1,1,2013-04-13,44,5,19,0,4,19,3,2,0,4,5,0,0,0,0,0,0,3,11,0,34,1,2,13,4,2,2013,20,72,6,91,15.166666666666666,2,2,2,222,Hibernating
5735,1991,PostGraduation,Single,90638.0,0,0,2014-02-13,1156,120,915,94,144,96,1,3,4,10,1,0,0,1,0,0,0,3,11,0,24,0,0,13,2,1,2014,10,29,17,2525,148.52941176470588,4,4,5,445,Loyal Customers
359,1950,Graduation,Partner,48070.0,0,1,2013-01-13,373,14,83,6,9,19,3,8,2,6,7,0,0,0,0,0,1,3,11,0,65,1,1,13,1,1,2013,23,33,16,504,31.5,4,4,3,443,Loyal Customers
8387,1957,Graduation,Partner,43140.0,0,1,2013-01-05,134,8,76,6,0,11,1,4,1,5,6,0,0,0,0,0,0,3,11,0,58,1,1,5,1,1,2013,24,68,10,235,23.5,2,3,3,233,At risk
1829,1961,PhD,Single,54959.0,0,1,2013-01-19,1148,0,60,0,0,24,3,9,5,4,7,0,1,0,0,0,0,3,11,1,54,1,1,19,1,1,2013,23,55,18,1232,68.44444444444444,3,4,5,345,Loyal Customers
3839,1958,UnderGraduation,Single,15056.0,1,1,2013-05-03,6,12,3,21,6,40,5,2,2,3,5,0,0,0,0,0,0,3,11,0,57,1,2,3,5,2,2013,20,76,7,88,12.571428571428571,2,2,2,222,Hibernating
9392,1971,Graduation,Single,26954.0,1,0,2014-05-08,4,1,11,0,0,1,1,1,0,2,7,0,0,0,0,0,0,3,11,0,44,1,1,8,5,2,2014,7,17,3,17,5.666666666666667,5,1,1,511,New Customers
2292,1985,Graduation,Single,22327.0,1,0,2013-08-02,5,4,8,2,0,5,1,1,0,3,5,0,0,0,0,0,0,3,11,0,30,1,1,2,8,3,2013,17,94,4,24,6.0,1,1,1,111,Hibernating
10466,1965,Graduation,Partner,44393.0,1,1,2013-08-22,24,2,20,2,2,10,2,1,0,4,4,0,0,0,0,0,0,3,11,0,50,1,2,22,8,3,2013,16,86,5,60,12.0,1,1,2,112,Hibernating
9855,1952,PhD,Single,62000.0,0,1,2013-08-25,899,0,101,0,0,20,1,6,6,13,4,0,0,0,1,0,0,3,11,0,63,1,1,25,8,3,2013,16,25,25,1020,40.8,4,5,4,454,Loyal Customers
4088,1962,PhD,Partner,31497.0,0,1,2012-12-06,108,1,28,13,1,4,2,3,1,4,8,0,0,0,0,0,0,3,11,0,53,1,1,6,12,4,2012,25,22,8,155,19.375,4,2,2,422,Potential Loyalists
5231,1974,PostGraduation,Partner,45894.0,0,2,2014-02-27,27,2,7,0,2,13,1,1,0,3,5,0,0,0,0,0,0,3,11,0,41,1,2,27,2,1,2014,10,15,4,51,12.75,5,1,1,511,New Customers
590,1970,PostGraduation,Single,78579.0,0,0,2012-12-22,816,66,549,216,66,99,1,5,6,4,3,0,0,0,0,0,0,3,11,1,45,0,0,22,12,4,2012,24,35,15,1812,120.8,4,3,5,435,Potential Loyalists
8732,1969,PostGraduation,Single,67369.0,0,1,2012-11-17,1298,0,70,37,14,42,4,7,4,10,4,0,1,1,0,0,0,3,11,1,46,1,1,17,11,4,2012,25,81,21,1461,69.57142857142857,1,5,5,155,Can't loose
2315,1960,Graduation,Single,58401.0,0,1,2014-04-20,10,0,11,17,29,29,1,1,2,2,4,0,0,0,0,0,0,3,11,0,55,1,1,20,4,2,2014,8,55,5,96,19.2,3,1,2,312,About to sleep
3515,1952,Graduation,Single,62307.0,0,1,2014-02-17,87,13,34,10,6,10,1,4,0,4,5,0,0,0,0,0,0,3,11,0,63,1,1,17,2,1,2014,10,94,8,160,20.0,1,2,2,122,Hibernating
2245,1969,PostGraduation,Partner,43641.0,1,1,2013-04-22,57,2,51,4,2,23,3,2,1,4,6,0,0,0,0,0,0,3,11,0,46,1,2,22,4,2,2013,20,50,7,139,19.857142857142858,3,2,2,322,About to sleep
6283,1968,PostGraduation,Single,63841.0,0,1,2013-04-21,635,15,100,20,7,131,1,9,3,9,6,0,0,0,0,0,0,3,11,0,47,1,1,21,4,2,2013,20,64,21,908,43.23809523809524,2,5,4,254,Can't loose
2246,1965,PostGraduation,Partner,46891.0,0,1,2013-09-01,43,12,23,29,15,61,1,2,1,4,4,0,0,0,0,0,0,3,11,0,50,1,1,1,9,3,2013,16,91,7,183,26.142857142857142,1,2,2,122,Hibernating
6606,1969,PostGraduation,Partner,70091.0,1,0,2013-03-31,964,34,137,15,0,11,2,5,2,10,8,0,1,0,0,0,0,3,11,0,46,1,1,31,3,1,2013,21,11,17,1161,68.29411764705883,5,4,4,544,Champions
5545,1972,PhD,Partner,78075.0,0,0,2014-04-05,572,8,259,34,35,80,1,3,5,5,1,0,0,0,0,0,0,3,11,0,43,0,0,5,4,2,2014,9,72,13,988,76.0,2,3,4,234,At risk
7342,1961,PostGraduation,Single,59184.0,0,1,2012-09-09,341,142,113,259,151,66,3,6,6,12,5,0,0,0,0,0,0,3,11,0,54,1,1,9,9,3,2012,28,6,24,1072,44.666666666666664,5,5,4,554,Champions
837,1977,Graduation,Partner,54809.0,1,1,2013-09-11,63,6,57,13,13,22,4,2,1,5,4,0,0,0,0,0,0,3,11,0,38,1,2,11,9,3,2013,15,0,8,174,21.75,5,2,2,522,Potential Loyalists
9500,1959,Graduation,Partner,58113.0,0,1,2013-01-25,221,104,169,102,78,84,3,9,2,8,7,0,0,0,0,0,1,3,11,0,56,1,1,25,1,1,2013,23,66,19,758,39.89473684210526,2,4,4,244,At risk
3602,1958,PostGraduation,Partner,51412.0,0,1,2013-12-31,140,3,29,4,5,14,2,3,2,4,4,0,0,0,0,0,0,3,11,0,57,1,1,31,12,4,2013,12,42,9,195,21.666666666666668,3,2,2,322,About to sleep
234,1979,Graduation,Single,15287.0,1,0,2012-10-10,1,2,8,4,3,13,2,1,1,2,7,1,0,0,0,0,0,3,11,1,36,1,1,10,10,4,2012,27,60,4,31,7.75,2,1,1,211,Hibernating
2995,1957,PostGraduation,Partner,66636.0,0,0,2013-08-17,291,10,689,84,10,0,1,3,4,9,1,0,0,0,0,0,0,3,11,0,58,0,0,17,8,3,2013,16,64,16,1084,67.75,2,4,4,244,At risk
1118,1956,PostGraduation,Partner,50965.0,0,1,2013-02-20,544,13,85,8,6,29,3,10,4,5,8,1,0,0,0,0,0,3,11,0,59,1,1,20,2,1,2013,22,87,19,685,36.05263157894737,1,4,4,144,At risk
7789,1965,PhD,Partner,84618.0,0,0,2013-11-22,684,100,801,21,66,0,1,6,9,10,2,0,0,1,0,0,0,3,11,0,50,0,0,22,11,4,2013,13,96,25,1672,66.88,1,5,5,155,Can't loose
3068,1990,Graduation,Partner,18351.0,0,0,2013-10-29,1,12,9,0,14,7,1,2,0,3,7,0,0,0,0,0,0,3,11,0,25,0,0,29,10,4,2013,14,1,5,43,8.6,5,1,1,511,New Customers
8955,1957,PhD,Partner,40451.0,0,2,2014-02-16,35,0,4,0,0,10,1,1,1,2,5,1,0,0,0,0,0,3,11,0,58,1,2,16,2,1,2014,10,54,4,49,12.25,3,1,1,311,About to sleep
945,1965,Graduation,Partner,36317.0,0,1,2013-05-22,87,3,25,3,2,13,2,3,0,4,7,0,0,0,0,0,0,3,11,0,50,1,1,22,5,2,2013,19,53,7,133,19.0,3,2,2,322,About to sleep
5644,1957,Graduation,Partner,42213.0,0,1,2013-10-12,309,3,24,4,3,20,2,5,1,7,7,0,1,0,0,0,0,3,11,0,58,1,1,12,10,4,2013,14,96,13,363,27.923076923076923,1,3,3,133,At risk
7192,1955,Graduation,Partner,65748.0,0,1,2013-04-15,172,73,93,95,78,34,2,2,4,10,1,0,0,0,0,0,1,3,11,0,60,1,1,15,4,2,2013,20,58,16,545,34.0625,3,4,3,343,Loyal Customers
2324,1972,Graduation,Partner,77044.0,0,1,2013-10-27,625,38,242,50,34,76,2,7,11,11,4,1,0,0,0,0,0,3,11,0,43,1,1,27,10,4,2013,14,12,29,1065,36.724137931034484,5,5,4,554,Champions
697,1969,Graduation,Partner,74918.0,0,0,2013-03-12,972,59,913,25,19,59,1,5,9,6,3,0,0,1,0,0,0,3,11,0,46,0,0,12,3,1,2013,22,78,20,2047,102.35,2,4,5,245,At risk
3439,1972,Graduation,Partner,56721.0,1,1,2012-10-31,157,6,39,6,13,75,5,4,1,5,6,0,0,0,0,0,0,3,11,0,43,1,2,31,10,4,2012,26,64,10,296,29.6,2,3,3,233,At risk
1506,1975,Graduation,Single,42160.0,1,1,2013-06-28,48,9,45,3,15,20,4,2,1,4,6,0,0,0,0,0,0,3,11,1,40,1,2,28,6,2,2013,18,26,7,140,20.0,4,2,2,422,Potential Loyalists
232,1965,Graduation,Single,61559.0,0,1,2013-07-17,279,83,88,32,14,34,1,4,2,10,3,0,0,0,0,0,0,3,11,0,50,1,1,17,7,3,2013,17,8,16,530,33.125,5,4,3,543,Champions
8876,1963,PhD,Partner,33629.0,1,1,2012-08-08,132,0,16,0,0,4,5,3,1,4,9,0,0,0,0,0,0,3,11,0,52,1,2,8,8,3,2012,29,49,8,152,19.0,3,2,2,322,About to sleep
4500,1991,PhD,Partner,68682.0,0,0,2013-10-06,919,0,505,99,30,45,1,4,9,10,2,0,0,0,0,0,0,3,11,0,24,0,0,6,10,4,2013,15,56,23,1598,69.47826086956522,3,5,5,355,Loyal Customers
9739,1963,Graduation,Single,34377.0,0,1,2013-01-19,62,0,22,3,1,26,2,2,2,2,7,0,0,0,0,0,0,3,11,0,52,1,1,19,1,1,2013,23,55,6,114,19.0,3,2,2,322,About to sleep
10395,1986,UnderGraduation,Single,8940.0,1,0,2012-08-22,1,45,3,4,6,42,3,3,1,3,8,0,0,0,0,0,0,3,11,0,29,1,1,22,8,3,2012,28,25,7,101,14.428571428571429,4,2,2,422,Potential Loyalists
1176,1973,Graduation,Partner,26228.0,1,0,2013-09-22,2,6,4,3,1,9,1,1,0,2,8,0,0,0,0,0,0,3,11,0,42,1,1,22,9,3,2013,15,50,3,25,8.333333333333334,3,1,1,311,About to sleep
1627,1957,PostGraduation,Single,77297.0,0,0,2013-01-26,408,61,109,48,122,41,1,5,7,9,4,0,0,0,1,0,0,3,11,0,58,0,0,26,1,1,2013,23,84,21,789,37.57142857142857,1,5,4,154,Can't loose
938,1981,Graduation,Partner,40211.0,1,1,2013-07-30,51,1,7,2,1,25,2,2,1,2,8,1,0,0,0,0,0,3,11,0,34,1,2,30,7,3,2013,17,30,5,87,17.4,4,1,2,412,Promising
2740,1958,PhD,Single,33438.0,1,1,2013-09-22,62,1,16,3,2,6,4,2,1,4,5,0,0,0,0,0,0,3,11,0,57,1,2,22,9,3,2013,15,81,7,90,12.857142857142858,1,2,2,122,Hibernating
257,1959,PhD,Partner,75032.0,0,1,2013-04-28,952,12,180,47,12,12,2,5,4,9,3,0,0,0,0,0,0,3,11,0,56,1,1,28,4,2,2013,20,74,18,1215,67.5,2,4,5,245,At risk
4058,1955,PhD,Single,61284.0,0,0,2013-10-12,618,15,106,20,7,45,1,11,2,8,6,0,1,0,0,0,0,3,11,0,60,0,0,12,10,4,2013,14,76,21,811,38.61904761904762,2,5,4,254,Can't loose
7736,1986,Graduation,Partner,22518.0,1,0,2012-10-22,11,7,12,2,2,27,2,2,1,2,5,1,0,0,0,0,0,3,11,1,29,1,1,22,10,4,2012,26,36,5,61,12.2,4,1,2,412,Promising
8210,1975,PostGraduation,Partner,54730.0,0,1,2013-08-15,318,3,17,4,7,56,5,4,1,8,4,0,0,0,0,0,0,3,11,0,40,1,1,15,8,3,2013,16,64,13,405,31.153846153846153,2,3,3,233,At risk
833,1955,PostGraduation,Partner,38452.0,1,1,2014-03-30,56,0,14,0,0,2,3,3,0,3,7,0,0,0,0,0,0,3,11,0,60,1,2,30,3,1,2014,9,62,6,72,12.0,2,2,2,222,Hibernating
6230,1971,Graduation,Single,44421.0,1,1,2013-02-15,110,5,59,7,1,7,5,5,0,4,8,0,0,0,0,0,0,3,11,0,44,1,2,15,2,1,2013,22,53,9,189,21.0,3,2,2,322,About to sleep
7325,1986,PhD,Partner,38197.0,1,0,2013-06-29,23,0,11,2,1,3,1,1,0,3,5,0,0,0,0,0,0,3,11,0,29,1,1,29,6,2,2013,18,86,4,40,10.0,1,1,1,111,Hibernating
1307,1978,Graduation,Single,41986.0,0,1,2014-02-09,27,5,8,8,3,12,3,3,0,4,4,0,0,0,0,0,0,3,11,0,37,1,1,9,2,1,2014,10,15,7,63,9.0,5,2,2,522,Potential Loyalists
1502,1983,Graduation,Partner,28427.0,1,0,2013-03-21,18,3,19,3,3,6,2,2,0,3,8,0,0,0,0,0,0,3,11,0,32,1,1,21,3,1,2013,21,67,5,52,10.4,2,1,1,211,Hibernating
6211,1976,PhD,Partner,37395.0,1,0,2014-05-02,18,0,9,0,1,11,1,1,0,3,6,0,0,0,0,0,0,3,11,0,39,1,1,2,5,2,2014,8,47,4,39,9.75,3,1,1,311,About to sleep
843,1971,Graduation,Partner,64722.0,1,0,2014-05-26,303,0,280,60,147,15,4,8,2,11,6,0,0,0,0,0,0,3,11,0,44,1,1,26,5,2,2014,7,47,21,805,38.333333333333336,3,5,4,354,Loyal Customers
4174,1956,PostGraduation,Partner,55249.0,0,1,2014-04-17,97,1,19,2,0,11,1,2,1,4,3,0,0,0,0,0,0,3,11,0,59,1,1,17,4,2,2014,8,81,7,130,18.571428571428573,1,2,2,122,Hibernating
9757,1972,Graduation,Partner,84906.0,0,0,2013-10-04,997,15,414,99,30,76,1,5,6,12,2,0,1,1,0,1,0,3,11,0,43,0,0,4,10,4,2013,15,98,23,1631,70.91304347826087,1,5,5,155,Can't loose
6918,1989,Graduation,Partner,28691.0,1,0,2013-07-04,5,4,13,8,0,4,1,1,0,3,8,0,0,0,0,0,0,3,11,0,26,1,1,4,7,3,2013,18,56,4,34,8.5,3,1,1,311,About to sleep
286,1952,Graduation,Single,44213.0,1,1,2013-11-29,95,11,35,0,4,7,4,2,1,5,6,0,0,0,0,0,0,3,11,0,63,1,2,29,11,4,2013,13,48,8,152,19.0,3,2,2,322,About to sleep
11086,1984,UnderGraduation,Single,25707.0,1,0,2014-01-18,1,6,2,3,6,3,1,1,0,3,7,0,0,0,0,0,0,3,11,0,31,1,1,18,1,1,2014,11,18,4,21,5.25,5,1,1,511,New Customers
1921,1967,PhD,Partner,59062.0,2,1,2013-10-03,46,1,12,3,0,9,2,2,0,3,4,0,0,0,0,0,0,3,11,0,48,1,3,3,10,4,2013,15,74,5,71,14.2,2,1,2,212,Hibernating
4138,1962,Graduation,Single,76624.0,0,1,2014-05-24,411,106,147,54,115,66,1,5,10,7,1,1,0,0,0,0,0,3,11,0,53,1,1,24,5,2,2014,7,68,22,899,40.86363636363637,2,5,4,254,Can't loose
7718,1947,PostGraduation,Partner,66000.0,0,0,2014-04-20,244,51,270,101,0,45,1,1,3,5,1,0,0,0,0,0,0,3,11,0,68,0,0,20,4,2,2014,8,36,9,711,79.0,4,2,4,424,Potential Loyalists
1291,1978,PhD,Partner,27683.0,1,0,2012-08-04,152,9,121,12,12,45,4,6,2,4,8,0,0,0,0,0,0,3,11,0,37,1,1,4,8,3,2012,29,90,12,351,29.25,1,3,3,133,At risk
6862,1971,Graduation,Single,1730.0,0,0,2014-05-18,1,1,3,1,1,1,15,0,0,0,20,0,0,0,0,0,0,3,11,0,44,0,0,18,5,2,2014,7,65,0,8,inf,2,1,1,211,Hibernating
4136,1992,UnderGraduation,Single,7500.0,1,0,2012-12-03,10,17,18,8,26,40,4,3,2,2,9,0,0,0,0,0,0,3,11,0,23,1,1,3,12,4,2012,25,63,7,119,17.0,2,2,2,222,Hibernating
803,1968,Graduation,Partner,40521.0,1,1,2013-04-05,12,0,5,0,0,4,1,0,1,2,5,0,0,0,0,0,0,3,11,0,47,1,2,5,4,2,2013,21,82,3,21,7.0,1,1,1,111,Hibernating
4298,1973,PhD,Partner,20427.0,1,0,2014-03-24,5,0,4,0,0,1,1,1,0,2,8,0,0,0,0,0,0,3,11,0,42,1,1,24,3,1,2014,9,63,3,10,3.3333333333333335,2,1,1,211,Hibernating
10833,1975,Graduation,Partner,65106.0,0,1,2014-05-24,790,19,133,12,0,19,3,8,3,13,6,0,1,0,0,0,0,3,11,0,40,1,1,24,5,2,2014,7,55,24,973,40.541666666666664,3,5,4,354,Loyal Customers
9606,1965,PhD,Partner,69969.0,0,0,2013-08-27,882,29,514,38,29,44,1,4,2,6,3,0,0,1,1,0,0,3,11,1,50,0,0,27,8,3,2013,16,64,12,1536,128.0,2,3,5,235,At risk
8534,1952,Graduation,Partner,67433.0,0,2,2013-07-16,615,28,259,12,48,30,4,6,5,13,4,0,1,0,0,0,0,3,11,0,63,1,2,16,7,3,2013,17,51,24,992,41.333333333333336,3,5,4,354,Loyal Customers
5153,1967,PhD,Partner,77766.0,0,1,2013-02-22,1004,59,265,115,59,27,2,11,10,11,6,1,0,0,0,0,0,3,11,1,48,1,1,22,2,1,2013,22,97,32,1529,47.78125,1,5,5,155,Can't loose
961,1972,Graduation,Partner,74716.0,0,1,2013-09-12,133,27,421,13,195,71,2,7,3,5,4,0,0,0,0,0,0,3,11,0,43,1,1,12,9,3,2013,15,92,15,860,57.333333333333336,1,3,4,134,At risk
5011,1963,Graduation,Single,68118.0,0,1,2013-10-18,595,23,123,10,23,154,2,8,9,4,6,0,0,0,0,0,0,3,11,0,52,1,1,18,10,4,2013,14,51,21,928,44.19047619047619,3,5,4,354,Loyal Customers
6653,1970,PhD,Partner,55158.0,1,1,2012-07-30,293,0,87,4,11,23,4,7,2,5,7,0,0,0,0,0,0,3,11,1,45,1,2,30,7,3,2012,29,72,14,418,29.857142857142858,2,3,3,233,At risk
9094,1955,PostGraduation,Partner,62972.0,0,1,2012-08-03,313,15,47,20,0,192,2,7,4,3,6,0,0,0,0,0,0,3,11,1,60,1,1,3,8,3,2012,29,39,14,587,41.92857142857143,4,3,3,433,Potential Loyalists
810,1975,Graduation,Partner,74190.0,0,1,2014-05-12,151,81,86,168,91,64,2,4,2,11,2,0,0,0,0,0,0,3,11,0,40,1,1,12,5,2,2014,7,49,17,641,37.705882352941174,3,4,4,344,Loyal Customers
5493,1976,Graduation,Partner,39356.0,1,1,2014-03-19,15,0,2,0,0,6,1,1,0,2,6,1,0,0,0,0,0,3,11,0,39,1,2,19,3,1,2014,9,21,3,23,7.666666666666667,4,1,1,411,Promising
2147,1969,Graduation,Partner,76653.0,0,0,2013-08-16,736,63,946,219,189,126,1,4,7,11,2,0,0,1,1,0,0,3,11,0,46,0,0,16,8,3,2013,16,91,22,2279,103.5909090909091,1,5,5,155,Can't loose
5107,1973,PhD,Single,35860.0,1,1,2014-05-19,15,0,8,4,2,20,2,1,1,2,5,1,0,0,0,0,0,3,11,0,42,1,2,19,5,2,2014,7,37,4,49,12.25,4,1,1,411,Promising
3979,1983,PhD,Single,90687.0,0,0,2013-05-22,982,17,672,23,34,51,1,6,2,8,2,0,0,1,0,0,0,3,11,1,32,0,0,22,5,2,2013,19,98,16,1779,111.1875,1,4,5,145,At risk
6049,1982,PostGraduation,Partner,73450.0,0,0,2013-12-05,1142,51,415,90,69,37,1,7,8,11,3,1,0,0,1,0,0,3,11,0,33,0,0,5,12,4,2013,13,85,26,1804,69.38461538461539,1,5,5,155,Can't loose
8147,1960,Graduation,Partner,31454.0,1,1,2013-07-06,28,0,11,0,0,9,3,2,0,3,8,0,0,0,0,0,0,3,11,0,55,1,2,6,7,3,2013,18,40,5,48,9.6,3,1,1,311,About to sleep
1857,1952,Graduation,Single,47139.0,1,1,2014-03-06,46,0,12,0,2,23,2,2,1,2,7,0,0,0,0,0,0,3,11,1,63,1,2,6,3,1,2014,10,2,5,83,16.6,5,1,2,512,New Customers
3910,1975,Graduation,Single,83829.0,0,0,2013-10-08,897,161,430,186,161,27,0,4,7,6,1,1,0,1,1,0,0,3,11,1,40,0,0,8,10,4,2013,15,78,17,1862,109.52941176470588,2,4,5,245,At risk
5207,1963,PhD,Partner,53378.0,1,1,2012-09-24,489,6,152,8,6,132,10,9,4,6,8,0,0,0,0,0,0,3,11,1,52,1,2,24,9,3,2012,27,41,19,793,41.73684210526316,3,4,4,344,Loyal Customers
11114,1970,Graduation,Partner,19656.0,1,0,2013-02-08,25,4,9,6,8,32,3,2,1,3,7,0,0,0,0,0,0,3,11,0,45,1,1,8,2,1,2013,23,94,6,84,14.0,1,2,2,122,Hibernating
5429,1948,PhD,Partner,45579.0,0,1,2013-08-20,145,1,33,2,1,1,1,4,1,4,6,0,0,0,0,0,0,3,11,0,67,1,1,20,8,3,2013,16,10,9,183,20.333333333333332,5,2,2,522,Potential Loyalists
9400,1958,PostGraduation,Single,85485.0,0,0,2014-06-21,630,26,611,44,18,54,1,6,6,6,2,0,0,0,0,0,0,3,11,0,57,0,0,21,6,2,2014,6,73,18,1383,76.83333333333333,2,4,5,245,At risk
1740,1944,Graduation,Partner,55956.0,0,0,2014-04-07,760,38,104,50,9,38,2,7,3,4,4,0,1,0,0,0,0,3,11,0,71,0,0,7,4,2,2014,8,22,14,999,71.35714285714286,4,3,4,434,Potential Loyalists
7488,1963,PostGraduation,Single,64191.0,0,1,2013-01-22,420,15,186,151,38,15,3,5,3,13,3,0,0,0,0,0,0,3,11,0,52,1,1,22,1,1,2013,23,30,21,825,39.285714285714285,4,5,4,454,Loyal Customers
195,1972,Graduation,Single,38808.0,1,0,2012-08-26,125,17,52,3,19,30,4,5,1,4,8,1,0,0,0,0,0,3,11,1,43,1,1,26,8,3,2012,28,21,10,246,24.6,4,3,3,433,Potential Loyalists
635,1966,PostGraduation,Partner,57183.0,1,1,2013-03-19,464,5,64,7,0,70,8,9,1,7,8,0,0,0,0,0,0,3,11,0,49,1,2,19,3,1,2013,21,51,17,610,35.88235294117647,3,4,3,343,Loyal Customers
7527,1968,PostGraduation,Single,23748.0,1,0,2012-11-21,6,6,29,12,15,8,3,2,1,3,8,0,0,0,0,0,0,3,11,0,47,1,1,21,11,4,2012,25,97,6,76,12.666666666666666,1,2,2,122,Hibernating
10319,1971,Graduation,Partner,66303.0,0,1,2013-02-26,1090,12,96,16,12,60,4,3,4,11,8,0,1,0,0,0,0,3,11,0,44,1,1,26,2,1,2013,22,56,18,1286,71.44444444444444,3,4,5,345,Loyal Customers
2296,1975,PostGraduation,Partner,37368.0,1,0,2013-12-16,3,2,11,2,2,10,1,1,0,2,6,1,0,0,0,0,0,3,11,0,40,1,1,16,12,4,2013,12,4,3,30,10.0,5,1,1,511,New Customers
10637,1964,Graduation,Partner,40800.0,1,2,2013-01-01,24,0,27,8,30,10,2,3,0,3,7,0,0,0,0,0,1,3,11,0,51,1,3,1,1,1,2013,24,77,6,99,16.5,2,2,2,222,Hibernating
2931,1978,Graduation,Single,71847.0,0,0,2012-09-21,737,21,106,55,63,210,0,6,7,9,3,0,0,0,1,0,0,3,11,0,37,0,0,21,9,3,2012,27,95,22,1192,54.18181818181818,1,5,5,155,Can't loose
907,1975,Graduation,Partner,46149.0,0,1,2013-11-29,254,6,71,4,0,27,5,5,1,7,5,0,0,0,0,0,0,3,11,0,40,1,1,29,11,4,2013,13,36,13,362,27.846153846153847,4,3,3,433,Potential Loyalists
3698,1983,Graduation,Partner,78687.0,0,0,2012-08-09,817,185,687,145,55,241,1,4,6,8,2,0,0,1,0,0,0,3,11,1,32,0,0,9,8,3,2012,29,13,18,2130,118.33333333333333,5,4,5,545,Champions
9516,1971,PostGraduation,Single,49118.0,0,0,2012-08-18,620,54,239,99,98,119,2,9,7,10,7,0,1,0,0,1,0,3,11,1,44,0,0,18,8,3,2012,28,90,26,1229,47.26923076923077,1,5,5,155,Can't loose
679,1957,PhD,Partner,37633.0,1,1,2012-09-20,13,4,20,0,0,1,2,1,0,3,9,0,0,0,0,0,0,3,11,0,58,1,2,20,9,3,2012,27,49,4,38,9.5,3,1,1,311,About to sleep
7384,1951,PostGraduation,Partner,39767.0,0,0,2013-07-21,113,61,204,34,26,47,2,7,1,7,8,0,0,0,0,0,0,3,11,0,64,0,0,21,7,3,2013,17,18,15,485,32.333333333333336,5,3,3,533,Potential Loyalists
5043,1951,UnderGraduation,Partner,26997.0,0,0,2012-11-05,7,23,78,133,49,144,2,4,2,5,7,0,0,0,0,0,0,3,11,0,64,0,0,5,11,4,2012,26,89,11,434,39.45454545454545,1,3,3,133,At risk
5267,1970,Graduation,Single,33986.0,1,0,2013-03-14,16,2,18,2,1,5,1,1,0,3,7,0,0,0,0,0,0,3,11,0,45,1,1,14,3,1,2013,21,43,4,44,11.0,3,1,1,311,About to sleep
339,1972,PhD,Partner,57091.0,0,1,2012-11-23,462,0,24,6,0,4,2,9,2,5,7,0,1,0,0,0,0,3,11,1,43,1,1,23,11,4,2012,25,82,16,496,31.0,1,4,3,143,At risk
2516,1969,PostGraduation,Partner,46831.0,1,1,2013-06-08,22,2,10,6,4,34,2,1,2,2,4,0,0,0,0,0,0,3,11,0,46,1,2,8,6,2,2013,19,84,5,78,15.6,1,1,2,112,Hibernating
9010,1972,PostGraduation,Partner,83151.0,0,0,2013-02-10,968,147,842,137,42,210,1,5,7,10,2,1,0,1,1,0,0,3,11,1,43,0,0,10,2,1,2013,23,80,22,2346,106.63636363636364,1,5,5,155,Can't loose
378,1971,Graduation,Partner,52531.0,0,0,2012-12-30,283,112,151,51,72,125,2,7,2,10,6,0,0,0,0,0,0,3,11,0,44,0,0,30,12,4,2012,24,68,19,794,41.78947368421053,2,4,4,244,At risk
4808,1956,Graduation,Partner,15759.0,0,0,2013-09-05,1,2,5,6,0,3,1,1,0,2,7,0,0,0,0,0,0,3,11,0,59,0,0,5,9,3,2013,16,12,3,17,5.666666666666667,5,1,1,511,New Customers
5068,1971,Graduation,Single,22804.0,1,0,2013-07-31,14,1,7,2,1,1,1,2,0,2,9,0,0,0,0,0,0,3,11,0,44,1,1,31,7,3,2013,17,75,4,26,6.5,2,1,1,211,Hibernating
7628,1973,PostGraduation,Partner,43050.0,1,0,2014-03-18,30,5,24,6,3,8,2,2,0,4,5,0,0,0,0,0,0,3,11,0,42,1,1,18,3,1,2014,9,10,6,76,12.666666666666666,5,2,2,522,Potential Loyalists
7128,1977,PhD,Single,42997.0,1,1,2013-12-07,4,0,5,0,1,5,1,1,0,2,7,0,0,0,0,0,0,3,11,0,38,1,2,7,12,4,2013,13,91,3,15,5.0,1,1,1,111,Hibernating
2811,1963,PhD,Single,48918.0,1,1,2014-04-12,52,0,9,0,0,1,2,1,0,4,4,0,0,0,0,0,0,3,11,0,52,1,2,12,4,2,2014,8,21,5,62,12.4,4,1,2,412,Promising
3551,1954,PostGraduation,Partner,60033.0,0,1,2014-03-29,62,1,57,19,11,48,2,2,1,5,2,0,0,0,0,0,0,3,11,0,61,1,1,29,3,1,2014,9,28,8,198,24.75,4,2,2,422,Potential Loyalists
1663,1978,PhD,Partner,34043.0,1,0,2013-10-25,20,2,14,3,0,10,1,2,0,2,9,0,0,0,0,0,0,3,11,0,37,1,1,25,10,4,2013,14,97,4,49,12.25,1,1,1,111,Hibernating
5543,1966,Graduation,Partner,57811.0,0,1,2013-06-24,545,7,114,37,21,78,5,7,2,11,5,0,1,0,0,0,0,3,11,0,49,1,1,24,6,2,2013,18,49,20,802,40.1,3,4,4,344,Loyal Customers
1577,1946,Graduation,Partner,78569.0,0,0,2014-02-19,558,79,622,207,175,95,1,4,6,4,1,0,0,1,0,0,0,3,11,1,69,0,0,19,2,1,2014,10,14,14,1736,124.0,5,3,5,535,Potential Loyalists
10641,1978,Graduation,Single,7500.0,1,1,2012-12-27,6,5,4,13,4,25,4,2,1,3,6,0,0,0,0,0,0,3,11,0,37,1,2,27,12,4,2012,24,5,6,57,9.5,5,2,2,522,Potential Loyalists
5336,1971,PostGraduation,Partner,157733.0,1,0,2013-06-04,39,1,9,2,0,8,0,1,0,1,1,0,0,0,0,0,0,3,11,0,44,1,1,4,6,2,2013,19,37,2,59,29.5,4,1,2,412,Promising
6024,1953,Graduation,Partner,94384.0,0,0,2013-03-04,1111,24,790,160,45,172,0,5,8,5,2,0,1,1,1,0,0,3,11,1,62,0,0,4,3,1,2013,22,62,18,2302,127.88888888888889,2,4,5,245,At risk
1878,1985,PostGraduation,Partner,23148.0,0,0,2014-02-18,4,6,8,6,3,10,1,2,0,3,7,0,0,0,0,0,0,3,11,0,30,0,0,18,2,1,2014,10,83,5,37,7.4,1,1,1,111,Hibernating
3099,1970,Graduation,Single,44267.0,1,1,2013-02-25,183,5,65,3,5,49,5,5,2,4,9,0,0,0,0,0,0,3,11,0,45,1,2,25,2,1,2013,22,48,11,310,28.181818181818183,3,3,3,333,Need Attention
6055,1979,Graduation,Partner,71626.0,0,0,2012-11-01,546,72,376,94,145,72,1,5,5,8,3,0,1,0,0,0,0,3,11,0,36,0,0,1,11,4,2012,26,94,18,1305,72.5,1,4,5,145,At risk
5841,1966,Graduation,Partner,60894.0,0,1,2013-06-28,606,7,155,10,0,54,5,10,3,8,7,0,0,0,0,0,0,3,11,0,49,1,1,28,6,2,2013,18,61,21,832,39.61904761904762,2,5,4,254,Can't loose
3972,1976,Graduation,Partner,50200.0,1,1,2013-04-03,266,6,51,8,6,64,6,7,1,5,8,0,0,0,0,0,0,3,11,0,39,1,2,3,4,2,2013,21,70,13,401,30.846153846153847,2,3,3,233,At risk
4394,1965,PhD,Partner,81051.0,0,0,2014-05-23,1142,29,249,38,29,14,1,5,5,12,2,0,1,1,0,0,0,3,11,0,50,0,0,23,5,2,2014,7,43,22,1501,68.22727272727273,3,5,5,355,Loyal Customers
5758,1982,Graduation,Partner,65169.0,0,0,2014-01-14,1074,0,69,0,0,46,1,10,4,13,6,1,0,1,1,1,0,3,11,1,33,0,0,14,1,1,2014,11,23,27,1189,44.03703703703704,4,5,5,455,Loyal Customers
6658,1972,Graduation,Partner,59868.0,0,1,2013-07-22,771,51,154,54,10,154,7,11,2,12,6,0,0,0,0,0,0,3,11,0,43,1,1,22,7,3,2013,17,37,25,1194,47.76,4,5,5,455,Loyal Customers
4603,1960,PhD,Partner,65695.0,0,1,2014-01-31,371,32,189,0,58,6,2,5,4,10,4,0,0,0,0,0,0,3,11,0,55,1,1,31,1,1,2014,11,50,19,656,34.526315789473685,3,4,4,344,Loyal Customers
8427,1956,PostGraduation,Single,64857.0,0,0,2012-11-23,556,14,717,210,0,43,1,7,5,10,4,0,0,0,0,0,0,3,11,0,59,0,0,23,11,4,2012,25,78,22,1540,70.0,2,5,5,255,Can't loose
10260,1965,PostGraduation,Partner,45143.0,0,1,2013-08-26,202,5,74,11,5,14,3,6,1,5,7,0,0,0,0,0,0,3,11,0,50,1,1,26,8,3,2013,16,74,12,311,25.916666666666668,2,3,3,233,At risk
7143,1955,PostGraduation,Partner,74805.0,0,1,2013-11-06,209,162,209,41,162,37,5,4,7,10,2,0,0,0,0,0,0,3,11,0,60,1,1,6,11,4,2013,14,14,21,820,39.04761904761905,5,5,4,554,Champions
8789,1989,PostGraduation,Partner,59060.0,1,0,2014-01-11,35,40,111,36,40,12,3,3,1,7,4,0,0,0,0,0,0,3,11,0,26,1,1,11,1,1,2014,11,77,11,274,24.90909090909091,2,3,3,233,At risk
6197,1962,PhD,Single,27238.0,1,1,2013-04-20,37,0,17,0,0,3,3,3,0,3,9,0,0,0,0,0,0,3,11,0,53,1,2,20,4,2,2013,20,39,6,57,9.5,4,2,2,422,Potential Loyalists
4554,1965,Graduation,Partner,47009.0,0,1,2013-10-01,171,45,73,59,10,90,4,3,2,8,4,0,0,0,0,0,0,3,11,0,50,1,1,1,10,4,2013,15,89,13,448,34.46153846153846,1,3,3,133,At risk
4937,1973,PostGraduation,Partner,46094.0,1,1,2014-06-10,12,2,20,3,2,5,1,1,0,3,7,0,0,0,0,0,0,3,11,0,42,1,2,10,6,2,2014,6,62,4,44,11.0,2,1,1,211,Hibernating
1920,1972,Graduation,Partner,40321.0,1,1,2013-07-29,44,4,21,6,0,27,2,3,0,3,7,0,0,0,0,0,0,3,11,0,43,1,2,29,7,3,2013,17,59,6,102,17.0,2,2,2,222,Hibernating
8749,1984,Graduation,Partner,37235.0,1,0,2014-02-01,20,2,9,4,6,20,1,1,1,2,4,0,0,0,0,0,0,3,11,0,31,1,1,1,2,1,2014,11,68,4,61,15.25,2,1,2,212,Hibernating
1650,1960,PostGraduation,Partner,81843.0,0,0,2013-04-22,779,86,537,34,69,138,1,5,9,12,3,0,0,0,0,0,0,3,11,0,55,0,0,22,4,2,2013,20,13,26,1643,63.19230769230769,5,5,5,555,Champions
10377,1958,PostGraduation,Partner,46692.0,0,1,2013-06-06,170,6,97,24,12,88,3,6,1,5,6,0,0,0,0,0,0,3,11,0,57,1,1,6,6,2,2013,19,37,12,397,33.083333333333336,4,3,3,433,Potential Loyalists
9206,1968,Graduation,Partner,77382.0,0,1,2014-01-07,491,48,231,112,105,134,2,5,7,12,1,0,0,1,0,0,0,3,11,0,47,1,1,7,1,1,2014,11,36,24,1121,46.708333333333336,4,5,4,454,Loyal Customers
10971,1977,Graduation,Single,37774.0,2,0,2012-09-03,173,8,107,7,2,176,4,7,2,3,9,1,0,0,0,0,1,3,11,1,38,1,2,3,9,3,2012,28,28,12,473,39.416666666666664,4,3,3,433,Potential Loyalists
6398,1974,UnderGraduation,Partner,18393.0,1,0,2014-03-29,7,10,13,16,0,4,2,3,0,3,8,0,0,0,0,0,0,3,11,0,41,1,1,29,3,1,2014,9,2,6,50,8.333333333333334,5,2,1,521,Potential Loyalists
9212,1962,PostGraduation,Partner,72828.0,0,1,2013-02-14,1205,0,235,19,14,205,6,6,3,13,7,0,0,0,0,0,0,3,11,0,53,1,1,14,2,1,2013,22,17,22,1678,76.27272727272727,5,5,5,555,Champions
7937,1982,Graduation,Partner,24711.0,0,0,2014-04-18,10,7,25,6,3,7,1,3,0,3,7,0,0,0,0,0,0,3,11,0,33,0,0,18,4,2,2014,8,86,6,58,9.666666666666666,1,2,2,122,Hibernating
839,1975,PhD,Partner,45503.0,1,0,2013-09-25,97,4,44,6,1,18,1,3,1,4,5,0,0,0,0,0,0,3,11,0,40,1,1,25,9,3,2013,15,54,8,170,21.25,3,2,2,322,About to sleep
4246,1982,PostGraduation,Single,6560.0,0,0,2013-12-12,67,11,26,4,3,262,0,1,0,1,17,0,0,0,0,0,0,3,11,0,33,0,0,12,12,4,2013,12,2,2,373,186.5,5,1,3,513,New Customers
158,1945,PhD,Partner,71604.0,0,0,2013-11-17,345,53,528,98,75,97,1,8,3,5,4,1,0,0,0,0,0,3,11,1,70,0,0,17,11,4,2013,13,3,16,1196,74.75,5,4,5,545,Champions
4832,1979,Graduation,Partner,27244.0,1,0,2014-03-07,6,5,17,3,24,46,2,2,2,2,7,0,0,0,0,0,0,3,11,0,36,1,1,7,3,1,2014,10,84,6,101,16.833333333333332,1,2,2,122,Hibernating
5621,1969,Graduation,Partner,48752.0,1,1,2012-12-12,73,57,100,71,15,0,5,6,1,5,9,0,0,0,0,0,0,3,11,1,46,1,2,12,12,4,2012,25,8,12,316,26.333333333333332,5,3,3,533,Potential Loyalists
1945,1962,Graduation,Partner,71434.0,0,1,2013-09-18,711,36,217,172,96,168,3,7,4,7,4,0,1,0,1,0,0,3,11,0,53,1,1,18,9,3,2013,15,4,18,1400,77.77777777777777,5,4,5,545,Champions
5147,1948,Graduation,Single,90842.0,0,0,2013-07-29,774,70,118,182,187,93,1,4,9,13,1,0,0,0,0,0,0,3,11,0,67,0,0,29,7,3,2013,17,57,26,1424,54.76923076923077,3,5,5,355,Loyal Customers
2535,1978,PostGraduation,Partner,88097.0,1,0,2012-08-18,163,0,480,0,126,75,1,6,5,8,9,0,1,1,1,0,0,3,11,1,37,1,1,18,8,3,2012,28,24,19,844,44.421052631578945,4,4,4,444,Loyal Customers
11039,1975,Graduation,Partner,51948.0,0,1,2013-09-17,82,33,54,71,30,41,2,5,2,4,5,0,0,0,0,0,0,3,11,0,40,1,1,17,9,3,2013,15,51,11,311,28.272727272727273,3,3,3,333,Need Attention
9495,1982,Graduation,Partner,71853.0,0,0,2013-05-08,358,108,413,141,97,32,1,2,8,6,1,0,0,0,0,0,0,3,11,0,33,0,0,8,5,2,2013,20,29,16,1149,71.8125,4,4,4,444,Loyal Customers
9635,1983,PostGraduation,Partner,35876.0,0,0,2014-04-20,66,2,40,4,3,14,1,3,1,3,6,0,0,0,0,0,0,3,11,0,32,0,0,20,4,2,2014,8,13,7,129,18.428571428571427,5,2,2,522,Potential Loyalists
2173,1952,Graduation,Single,40049.0,0,1,2013-10-16,13,6,7,0,3,3,1,1,0,3,6,0,0,0,0,0,0,3,11,0,63,1,1,16,10,4,2013,14,23,4,32,8.0,4,1,1,411,Promising
942,1982,Graduation,Single,39660.0,1,0,2012-08-08,139,13,78,20,13,36,3,7,1,3,9,0,0,0,0,0,0,3,11,1,33,1,1,8,8,3,2012,29,36,11,299,27.181818181818183,4,3,3,433,Potential Loyalists
9386,1962,Graduation,Partner,50127.0,0,1,2014-05-29,274,0,21,4,6,15,1,5,1,6,6,0,1,0,0,0,0,3,11,0,53,1,1,29,5,2,2014,7,88,12,320,26.666666666666668,1,3,3,133,At risk
5510,1977,PostGraduation,Partner,43263.0,0,1,2012-11-21,262,6,61,0,10,102,3,5,2,6,5,0,0,0,0,0,0,3,11,0,38,1,1,21,11,4,2012,25,2,13,441,33.92307692307692,5,3,3,533,Potential Loyalists
873,1949,PostGraduation,Partner,62845.0,1,1,2012-10-01,1099,0,45,0,0,34,11,3,4,10,8,0,1,0,0,0,0,3,11,1,66,1,2,1,10,4,2012,27,3,17,1178,69.29411764705883,5,4,5,545,Champions
2253,1990,Graduation,Partner,18929.0,0,0,2013-02-16,32,0,8,23,4,18,1,1,0,4,6,0,0,0,0,0,0,3,11,0,25,0,0,16,2,1,2013,22,15,5,85,17.0,5,1,2,512,New Customers
5181,1982,UnderGraduation,Single,24367.0,1,0,2013-03-20,2,4,2,0,11,5,1,1,0,2,9,0,0,0,0,0,0,3,11,0,33,1,1,20,3,1,2013,21,58,3,24,8.0,3,1,1,311,About to sleep
979,1975,Graduation,Single,33249.0,1,0,2013-02-20,6,10,21,19,14,42,2,2,1,3,6,0,0,0,0,0,0,3,11,0,40,1,1,20,2,1,2013,22,11,6,112,18.666666666666668,5,2,2,522,Potential Loyalists
10390,1959,PostGraduation,Partner,26887.0,0,1,2013-02-10,6,7,4,3,4,6,1,1,0,3,6,0,0,0,0,0,0,3,11,0,56,1,1,10,2,1,2013,23,27,4,30,7.5,4,1,1,411,Promising
4698,1983,PhD,Partner,50150.0,0,0,2013-06-20,135,46,92,65,61,11,2,5,2,7,5,0,0,0,0,0,0,3,11,0,32,0,0,20,6,2,2013,18,32,14,410,29.285714285714285,4,3,3,433,Potential Loyalists
7793,1976,Graduation,Partner,62061.0,0,1,2013-08-31,641,7,84,0,30,38,3,10,4,7,6,0,1,0,0,0,0,3,11,0,39,1,1,31,8,3,2013,16,12,21,800,38.095238095238095,5,5,4,554,Champions
1745,1962,PhD,Single,85696.0,0,0,2013-05-03,714,76,395,116,0,12,1,4,6,9,1,0,0,0,0,0,0,3,11,1,53,0,0,3,5,2,2013,20,88,19,1313,69.10526315789474,1,4,5,145,At risk
10590,1956,PhD,Partner,76542.0,0,0,2013-03-30,794,73,573,0,29,14,1,4,8,10,2,0,0,0,0,0,0,3,11,0,59,0,0,30,3,1,2013,21,91,22,1483,67.4090909090909,1,5,5,155,Can't loose
5080,1993,Graduation,Single,70515.0,0,0,2013-10-21,420,0,452,182,64,140,1,6,6,4,2,0,0,0,0,0,0,3,11,1,22,0,0,21,10,4,2013,14,12,16,1258,78.625,5,4,5,545,Champions
8369,1987,Graduation,Partner,18227.0,1,0,2012-11-08,1,2,7,4,3,11,1,0,1,2,8,0,0,0,0,0,0,3,11,0,28,1,1,8,11,4,2012,26,21,3,28,9.333333333333334,4,1,1,411,Promising
5232,1965,Graduation,Partner,69139.0,0,1,2014-01-27,86,12,75,33,15,6,1,4,1,5,4,0,0,0,0,0,0,3,11,0,50,1,1,27,1,1,2014,11,23,10,227,22.7,4,3,3,433,Potential Loyalists
2407,1982,Graduation,Partner,69109.0,0,0,2012-11-09,823,25,459,124,29,95,1,6,6,7,4,0,0,1,0,0,0,3,11,1,33,0,0,9,11,4,2012,26,10,19,1555,81.84210526315789,5,4,5,545,Champions
3834,1962,Graduation,Single,69627.0,0,1,2013-03-17,231,161,215,171,30,53,2,8,2,11,5,0,0,0,0,0,0,3,11,0,53,1,1,17,3,1,2013,21,35,21,861,41.0,4,5,4,454,Loyal Customers
7912,1978,Graduation,Partner,38136.0,1,0,2013-04-22,8,15,27,0,20,33,2,3,1,2,8,1,0,0,0,0,0,3,11,0,37,1,1,22,4,2,2013,20,69,6,103,17.166666666666668,2,2,2,222,Hibernating
7712,1946,PhD,Single,62159.0,0,0,2014-04-28,182,17,259,77,70,29,1,6,2,10,4,0,0,0,0,0,0,3,11,0,69,0,0,28,4,2,2014,8,68,18,634,35.22222222222222,2,4,3,243,At risk
1065,1963,Graduation,Single,80695.0,0,0,2013-12-29,557,129,984,193,37,18,1,5,8,5,2,0,0,0,0,0,0,3,11,0,52,0,0,29,12,4,2013,12,85,18,1918,106.55555555555556,1,4,5,145,At risk
7275,1971,PostGraduation,Single,33316.0,1,1,2013-10-04,79,1,31,4,4,12,3,2,1,4,6,0,0,0,0,0,0,3,11,0,44,1,2,4,10,4,2013,15,34,7,131,18.714285714285715,4,2,2,422,Potential Loyalists
1343,1968,Graduation,Partner,58554.0,1,1,2012-09-26,368,24,68,38,0,88,6,8,2,6,7,0,0,0,0,0,0,3,11,0,47,1,2,26,9,3,2012,27,55,16,586,36.625,3,4,3,343,Loyal Customers
1384,1992,UnderGraduation,Partner,17256.0,1,0,2013-11-23,6,4,14,8,8,22,2,2,1,2,8,1,0,0,0,0,0,3,11,0,23,1,1,23,11,4,2013,13,10,5,62,12.4,5,1,2,512,New Customers
9967,1974,Graduation,Single,53034.0,1,1,2013-05-30,160,15,196,15,11,50,8,6,1,7,8,0,0,0,0,0,0,3,11,0,41,1,2,30,5,2,2013,19,30,14,447,31.928571428571427,4,3,3,433,Potential Loyalists
6181,1950,PostGraduation,Partner,52203.0,0,0,2012-07-31,488,21,238,56,108,28,1,8,7,11,6,0,0,0,0,0,0,3,11,0,65,0,0,31,7,3,2012,29,36,26,939,36.11538461538461,4,5,4,454,Loyal Customers
10507,1977,PostGraduation,Single,59601.0,0,1,2013-07-25,691,7,69,0,7,23,4,2,2,7,8,0,1,0,0,0,0,3,11,0,38,1,1,25,7,3,2013,17,14,11,797,72.45454545454545,5,3,4,534,Potential Loyalists
2674,1958,PostGraduation,Single,75154.0,0,1,2012-09-04,543,10,205,160,143,82,1,6,3,6,3,0,0,0,0,0,0,3,11,1,57,1,1,4,9,3,2012,28,79,15,1143,76.2,2,3,4,234,At risk
2698,1976,Graduation,Single,47025.0,0,1,2013-11-07,254,7,108,20,0,26,3,6,3,5,6,0,0,0,0,0,0,3,11,0,39,1,1,7,11,4,2013,14,52,14,415,29.642857142857142,3,3,3,333,Need Attention
3231,1973,Graduation,Partner,37971.0,1,0,2013-11-25,5,4,10,2,2,7,1,1,0,3,8,0,0,0,0,0,0,3,11,0,42,1,1,25,11,4,2013,13,97,4,30,7.5,1,1,1,111,Hibernating
4096,1968,PostGraduation,Single,41335.0,1,0,2013-12-26,112,19,21,16,14,5,3,4,1,4,7,0,0,0,0,0,0,3,11,0,47,1,1,26,12,4,2013,12,24,9,187,20.77777777777778,4,2,2,422,Potential Loyalists
10476,1958,Graduation,Partner,67267.0,0,1,2014-05-13,134,11,59,15,2,30,1,3,2,5,2,0,0,0,0,0,0,3,11,0,57,1,1,13,5,2,2014,7,0,10,251,25.1,5,3,3,533,Potential Loyalists
5948,1975,Graduation,Single,57338.0,0,1,2014-04-29,143,6,52,11,8,17,2,4,1,5,5,0,0,0,0,0,0,3,11,0,40,1,1,29,4,2,2014,8,96,10,237,23.7,1,3,3,133,At risk
9140,1960,PostGraduation,Partner,50523.0,1,1,2013-12-25,51,4,24,4,7,1,2,2,0,4,6,0,0,0,0,0,0,3,11,0,55,1,2,25,12,4,2013,12,89,6,91,15.166666666666666,1,2,2,122,Hibernating
10258,1965,PostGraduation,Single,35791.0,2,1,2013-05-06,27,0,5,0,0,3,2,1,0,3,8,0,0,0,0,0,0,3,11,0,50,1,3,6,5,2,2013,20,94,4,35,8.75,1,1,1,111,Hibernating
5675,1960,PhD,Single,50611.0,0,1,2012-10-04,459,0,24,6,0,4,6,4,5,7,6,0,1,0,0,0,0,3,11,0,55,1,1,4,10,4,2012,27,98,16,493,30.8125,1,4,3,143,At risk
4743,1969,PhD,Partner,56242.0,0,1,2013-03-03,689,8,167,11,8,88,5,8,4,11,6,0,0,0,0,0,0,3,11,0,46,1,1,3,3,1,2013,22,72,23,971,42.21739130434783,2,5,4,254,Can't loose
8805,1960,Graduation,Single,48904.0,0,1,2012-12-02,283,10,38,0,13,27,4,7,2,4,8,0,0,0,0,0,0,3,11,0,55,1,1,2,12,4,2012,25,1,13,371,28.53846153846154,5,3,3,533,Potential Loyalists
1542,1975,Graduation,Single,56243.0,1,2,2013-12-30,347,0,35,4,3,7,6,4,2,8,5,0,0,0,0,0,0,3,11,0,40,1,3,30,12,4,2013,12,26,14,396,28.285714285714285,4,3,3,433,Potential Loyalists
6770,1985,Graduation,Partner,21355.0,1,0,2013-08-20,5,13,14,0,5,31,2,2,1,2,6,1,0,0,0,0,0,3,11,1,30,1,1,20,8,3,2013,16,5,5,68,13.6,5,1,2,512,New Customers
8773,1971,PostGraduation,Partner,57420.0,0,1,2013-06-25,280,0,18,0,0,24,3,5,1,6,7,0,1,0,0,0,0,3,11,0,44,1,1,25,6,2,2013,18,22,12,322,26.833333333333332,4,3,3,433,Potential Loyalists
10420,1955,PostGraduation,Single,46390.0,0,1,2014-05-05,95,14,64,2,9,38,1,4,2,3,7,0,0,0,0,0,0,3,11,0,60,1,1,5,5,2,2014,8,56,9,222,24.666666666666668,3,2,3,323,About to sleep
7514,1956,PostGraduation,Partner,54342.0,1,1,2013-07-03,84,10,34,11,10,28,4,3,1,4,6,0,0,0,0,0,0,3,11,0,59,1,2,3,7,3,2013,18,74,8,177,22.125,2,2,2,222,Hibernating
793,1973,Graduation,Partner,20895.0,1,0,2012-10-06,18,3,17,3,0,4,1,2,0,3,9,0,0,0,0,0,0,3,11,0,42,1,1,6,10,4,2012,27,24,5,45,9.0,4,1,1,411,Promising
10909,1948,Graduation,Partner,92344.0,0,0,2014-01-15,992,24,694,51,19,119,0,5,10,5,1,1,0,1,0,0,0,3,11,0,67,0,0,15,1,1,2014,11,9,20,1899,94.95,5,4,5,545,Champions
8702,1976,PostGraduation,Partner,26907.0,1,1,2013-08-20,9,1,7,0,3,2,2,1,0,3,7,0,0,0,0,0,0,3,11,0,39,1,2,20,8,3,2013,16,10,4,22,5.5,5,1,1,511,New Customers
4791,1980,Graduation,Partner,44964.0,1,1,2012-12-16,19,1,17,2,0,2,1,1,0,3,8,0,0,0,0,0,0,3,11,0,35,1,2,16,12,4,2012,24,35,4,41,10.25,4,1,1,411,Promising
2963,1979,Graduation,Partner,75507.0,0,0,2014-05-02,709,93,374,104,80,80,1,8,6,6,3,0,0,0,0,0,0,3,11,0,36,0,0,2,5,2,2014,8,56,20,1440,72.0,3,4,5,345,Loyal Customers
8216,1972,PostGraduation,Partner,53761.0,1,1,2013-10-11,158,0,76,13,7,71,6,4,4,3,5,0,0,0,0,0,0,3,11,0,43,1,2,11,10,4,2013,14,7,11,325,29.545454545454547,5,3,3,533,Potential Loyalists
8140,1973,Graduation,Partner,22682.0,1,0,2013-10-03,10,14,29,4,2,36,3,2,1,4,4,0,0,0,0,0,0,3,11,0,42,1,1,3,10,4,2013,15,51,7,95,13.571428571428571,3,2,2,322,About to sleep
10146,1972,PhD,Partner,38887.0,1,0,2014-03-02,25,1,13,0,0,3,1,1,0,3,7,0,0,0,0,0,0,3,11,0,43,1,1,2,3,1,2014,10,17,4,42,10.5,5,1,1,511,New Customers
5289,1975,PostGraduation,Single,41658.0,1,1,2012-11-09,8,4,12,15,4,29,2,1,1,2,4,0,0,0,0,0,0,3,11,0,40,1,2,9,11,4,2012,26,30,4,72,18.0,4,1,2,412,Promising
2587,1972,PhD,Partner,29791.0,1,0,2014-05-15,14,0,6,0,0,0,2,2,0,3,5,0,0,0,0,0,0,3,11,0,43,1,1,15,5,2,2014,7,21,5,20,4.0,4,1,1,411,Promising
4405,1956,PostGraduation,Partner,63915.0,0,2,2013-07-30,622,7,115,30,0,15,2,6,3,12,5,0,0,0,0,0,0,3,11,0,59,1,2,30,7,3,2013,17,2,21,789,37.57142857142857,5,5,4,554,Champions
8663,1974,Graduation,Single,39996.0,1,1,2014-05-22,11,0,3,0,0,1,1,1,0,2,6,0,0,0,0,0,0,3,11,0,41,1,2,22,5,2,2014,7,85,3,15,5.0,1,1,1,111,Hibernating
2589,1972,Graduation,Single,26759.0,1,0,2014-02-07,25,3,16,8,5,2,2,2,1,3,6,0,0,0,0,0,0,3,11,0,43,1,1,7,2,1,2014,10,65,6,59,9.833333333333334,2,2,2,222,Hibernating
3421,1968,PostGraduation,Single,63841.0,0,1,2013-04-21,635,15,100,20,7,131,1,9,3,9,6,0,0,0,0,0,0,3,11,0,47,1,1,21,4,2,2013,20,64,21,908,43.23809523809524,2,5,4,254,Can't loose
10490,1969,PhD,Partner,51039.0,1,1,2012-12-10,100,64,79,65,0,109,2,6,2,4,7,0,0,0,0,0,0,3,11,0,46,1,2,10,12,4,2012,25,11,12,417,34.75,5,3,3,533,Potential Loyalists
4094,1961,Graduation,Partner,60544.0,1,1,2012-08-25,201,2,43,3,5,35,4,5,1,5,6,0,0,0,0,0,0,3,11,0,54,1,2,25,8,3,2012,28,92,11,289,26.272727272727273,1,3,3,133,At risk
9958,1972,Graduation,Partner,65685.0,0,1,2014-03-29,642,14,49,0,7,57,1,9,2,9,5,0,0,0,0,0,0,3,11,0,43,1,1,29,3,1,2014,9,54,20,769,38.45,3,4,4,344,Loyal Customers
2534,1953,Graduation,Partner,37716.0,0,1,2014-04-21,97,1,41,6,2,41,2,4,1,3,7,0,0,0,0,0,0,3,11,0,62,1,1,21,4,2,2014,8,4,8,188,23.5,5,2,2,522,Potential Loyalists
4188,1957,Graduation,Single,36864.0,0,1,2012-08-13,204,5,39,17,0,89,3,5,2,4,8,0,0,0,0,0,0,3,11,1,58,1,1,13,8,3,2012,29,53,11,354,32.18181818181818,3,3,3,333,Need Attention
6613,1970,PostGraduation,Partner,44511.0,1,0,2012-10-12,513,7,133,46,14,14,6,8,4,8,8,0,0,0,0,0,0,3,11,0,45,1,1,12,10,4,2012,27,39,20,727,36.35,4,4,4,444,Loyal Customers
10827,1967,PhD,Partner,36947.0,1,1,2012-08-07,88,3,21,4,1,29,4,3,0,4,9,0,0,0,0,0,0,3,11,0,48,1,2,7,8,3,2012,29,49,7,146,20.857142857142858,3,2,2,322,About to sleep
5491,1951,PostGraduation,Partner,47352.0,0,1,2013-04-11,172,12,112,8,0,15,4,6,1,5,7,0,0,0,0,0,0,3,11,0,64,1,1,11,4,2,2013,21,70,12,319,26.583333333333332,2,3,3,233,At risk
8402,1953,PostGraduation,Partner,67087.0,0,1,2013-12-17,329,35,222,130,35,43,2,7,5,8,4,0,0,0,0,0,0,3,11,0,62,1,1,17,12,4,2013,12,40,20,794,39.7,3,4,4,344,Loyal Customers
8783,1950,Graduation,Partner,57045.0,0,1,2012-09-08,296,13,104,11,13,17,3,4,2,9,3,0,0,0,0,0,0,3,11,0,65,1,1,8,9,3,2012,28,40,15,454,30.266666666666666,3,3,3,333,Need Attention
10010,1953,PhD,Single,36957.0,1,1,2012-09-06,100,2,16,2,1,31,4,3,2,2,9,0,0,0,0,0,0,3,11,1,62,1,2,6,9,3,2012,28,43,7,152,21.714285714285715,3,2,2,322,About to sleep
618,1977,PhD,Partner,69389.0,0,1,2012-09-28,422,7,238,69,46,15,1,7,2,12,4,0,0,0,0,0,0,3,11,0,38,1,1,28,9,3,2012,27,17,21,797,37.95238095238095,5,5,4,554,Champions
9121,1972,Graduation,Partner,80134.0,1,0,2013-05-20,1218,16,272,104,0,80,2,5,3,6,6,0,1,1,1,0,0,3,11,1,43,1,1,20,5,2,2013,19,40,14,1690,120.71428571428571,3,3,5,335,Need Attention
361,1969,PostGraduation,Partner,43142.0,1,1,2014-02-18,5,1,7,2,1,4,1,1,0,2,7,0,0,0,0,0,0,3,11,0,46,1,2,18,2,1,2014,10,84,3,20,6.666666666666667,1,1,1,111,Hibernating
4310,1944,Graduation,Partner,80589.0,0,0,2014-01-22,507,93,520,242,40,26,1,5,10,5,1,0,0,0,1,0,0,3,11,1,71,0,0,22,1,1,2014,11,25,20,1428,71.4,4,4,5,445,Loyal Customers
2678,1990,Graduation,Single,34412.0,1,0,2013-02-13,52,12,50,4,36,55,3,5,0,3,9,0,0,0,0,0,0,3,11,0,25,1,1,13,2,1,2013,22,62,8,209,26.125,2,2,3,223,Hibernating
6376,1979,Graduation,Single,57537.0,1,0,2013-06-10,191,56,139,51,8,100,4,4,3,8,4,0,0,0,0,0,0,3,11,0,36,1,1,10,6,2,2013,19,83,15,545,36.333333333333336,1,3,3,133,At risk
524,1966,UnderGraduation,Partner,22634.0,0,0,2013-01-16,2,23,11,8,6,46,1,2,1,2,8,0,0,0,0,0,0,3,11,0,49,0,0,16,1,1,2013,23,47,5,96,19.2,3,1,2,312,About to sleep
10341,1948,Graduation,Partner,51315.0,0,0,2014-02-23,68,28,39,16,30,41,1,2,2,5,2,0,0,0,0,0,0,3,11,0,67,0,0,23,2,1,2014,10,45,9,222,24.666666666666668,3,2,3,323,About to sleep
5654,1972,Graduation,Partner,36026.0,2,1,2014-03-16,20,4,10,6,4,17,2,2,0,3,6,0,0,0,0,0,0,3,11,0,43,1,3,16,3,1,2014,9,34,5,61,12.2,4,1,2,412,Promising
4098,1973,Graduation,Partner,24639.0,1,1,2014-01-28,20,3,16,0,4,1,3,2,0,4,6,0,0,0,0,0,0,3,11,0,42,1,2,28,1,1,2014,11,3,6,44,7.333333333333333,5,2,1,521,Potential Loyalists
5824,1972,PhD,Partner,34578.0,2,1,2014-04-11,7,0,1,0,0,0,1,1,0,2,6,0,0,0,0,0,0,3,11,0,43,1,3,11,4,2,2014,8,1,3,8,2.6666666666666665,5,1,1,511,New Customers
7000,1972,PostGraduation,Single,65704.0,0,0,2013-10-13,279,172,74,38,8,246,1,2,10,10,1,0,0,0,0,0,0,3,11,0,43,0,0,13,10,4,2013,14,18,22,817,37.13636363636363,5,5,4,554,Champions
2561,1966,Graduation,Single,63810.0,0,1,2012-11-11,977,12,253,16,12,101,4,4,3,12,8,0,1,0,0,0,0,3,11,0,49,1,1,11,11,4,2012,26,45,19,1371,72.15789473684211,3,4,5,345,Loyal Customers
5229,1969,PhD,Partner,54132.0,0,1,2014-02-16,30,1,8,0,0,3,1,1,0,3,7,0,0,0,0,0,0,3,11,0,46,1,1,16,2,1,2014,10,81,4,42,10.5,1,1,1,111,Hibernating
4086,1959,Graduation,Partner,18690.0,0,0,2012-12-28,6,1,7,23,4,19,1,1,1,2,8,0,0,0,0,0,0,3,11,0,56,0,0,28,12,4,2012,24,77,4,60,15.0,2,1,2,212,Hibernating
2428,1970,Graduation,Partner,28164.0,1,0,2013-05-04,3,18,26,11,8,12,3,2,0,4,7,0,0,0,0,0,0,3,11,0,45,1,1,4,5,2,2013,20,23,6,78,13.0,4,2,2,422,Potential Loyalists
8254,1974,PhD,Partner,34596.0,1,0,2013-04-13,14,0,2,0,0,7,1,1,0,2,8,0,0,0,0,0,0,3,11,0,41,1,1,13,4,2,2013,20,48,3,23,7.666666666666667,3,1,1,311,About to sleep
2836,1972,PhD,Partner,43269.0,1,0,2013-09-16,10,1,7,0,0,1,1,1,0,2,8,0,0,0,0,0,0,3,11,0,43,1,1,16,9,3,2013,15,61,3,19,6.333333333333333,2,1,1,211,Hibernating
8418,1958,PostGraduation,Single,38741.0,1,1,2014-03-30,7,10,17,8,6,13,2,2,0,3,7,0,0,0,0,0,0,3,11,0,57,1,2,30,3,1,2014,9,60,5,61,12.2,2,1,2,212,Hibernating
1362,1972,Graduation,Single,31907.0,0,0,2013-03-04,33,87,64,175,16,74,1,6,1,6,7,0,0,0,0,0,0,3,11,0,43,0,0,4,3,1,2013,22,75,13,449,34.53846153846154,2,3,3,233,At risk
7152,1983,PostGraduation,Partner,27100.0,1,0,2013-04-05,12,0,13,2,0,10,1,1,0,3,7,0,0,0,0,0,0,3,11,0,32,1,1,5,4,2,2013,21,64,4,37,9.25,2,1,1,211,Hibernating
10033,1973,PostGraduation,Single,31163.0,1,0,2014-02-13,2,3,10,11,2,10,1,1,0,3,6,0,0,0,0,0,0,3,11,0,42,1,1,13,2,1,2014,10,54,4,38,9.5,3,1,1,311,About to sleep
9349,1985,Graduation,Partner,92533.0,0,0,2013-12-19,693,21,118,110,147,42,1,6,5,11,2,0,0,1,1,0,0,3,11,0,30,0,0,19,12,4,2013,12,84,22,1131,51.40909090909091,1,5,4,154,Can't loose
274,1973,Graduation,Single,34853.0,1,1,2013-12-23,9,3,15,2,3,2,2,2,0,3,6,0,0,0,0,0,0,3,11,0,42,1,2,23,12,4,2013,12,75,5,34,6.8,2,1,1,211,Hibernating
3388,1967,Graduation,Single,70844.0,1,1,2013-10-30,129,26,67,3,67,2,5,6,1,5,7,0,0,0,0,0,0,3,11,0,48,1,2,30,10,4,2013,14,16,12,294,24.5,5,3,3,533,Potential Loyalists
922,1979,PostGraduation,Partner,31086.0,1,1,2013-05-04,16,2,11,3,0,16,2,1,1,2,8,1,0,0,0,0,0,3,11,0,36,1,2,4,5,2,2013,20,79,4,48,12.0,2,1,1,211,Hibernating
8588,1961,Graduation,Partner,60544.0,1,1,2012-08-25,201,2,43,3,5,35,4,5,1,5,6,0,0,0,0,0,0,3,11,0,54,1,2,25,8,3,2012,28,92,11,289,26.272727272727273,1,3,3,133,At risk
2518,1986,PostGraduation,Partner,20491.0,0,0,2013-01-25,5,4,5,4,2,10,1,0,1,2,7,0,0,0,0,0,0,3,11,0,29,0,0,25,1,1,2013,23,16,3,30,10.0,5,1,1,511,New Customers
574,1964,Graduation,Partner,42523.0,0,0,2014-04-23,14,36,11,3,26,35,1,1,1,4,2,0,0,0,0,0,0,3,11,0,51,0,0,23,4,2,2014,8,96,6,125,20.833333333333332,1,2,2,122,Hibernating
3220,1983,Graduation,Partner,39922.0,1,0,2013-02-14,29,12,59,19,1,36,2,3,0,4,8,0,0,0,0,0,0,3,11,0,32,1,1,14,2,1,2013,22,30,7,156,22.285714285714285,4,2,2,422,Potential Loyalists
5967,1952,Graduation,Partner,33402.0,1,1,2013-07-18,26,2,19,10,5,8,3,2,1,3,8,0,0,0,0,0,0,3,11,0,63,1,2,18,7,3,2013,17,60,6,70,11.666666666666666,2,2,2,222,Hibernating
1183,1949,PostGraduation,Partner,36408.0,1,1,2013-09-21,9,1,4,3,2,3,1,1,0,2,6,0,0,0,0,0,0,3,11,0,66,1,2,21,9,3,2013,15,11,3,22,7.333333333333333,5,1,1,511,New Customers
6856,1979,Graduation,Partner,21645.0,1,0,2012-09-03,14,0,23,4,5,19,3,3,0,3,9,0,0,0,0,0,0,3,11,1,36,1,1,3,9,3,2012,28,75,6,65,10.833333333333334,2,2,2,222,Hibernating
4530,1948,PostGraduation,Single,78427.0,0,0,2012-10-24,972,19,595,180,26,138,3,3,7,10,3,0,0,0,1,0,0,3,11,1,67,0,0,24,10,4,2012,26,36,20,1930,96.5,4,4,5,445,Loyal Customers
1553,1946,Graduation,Partner,82657.0,0,0,2013-09-27,966,168,672,246,105,126,1,7,5,10,4,0,1,0,1,0,0,3,11,0,69,0,0,27,9,3,2013,15,71,22,2283,103.77272727272727,2,5,5,255,Can't loose
4682,1958,Graduation,Partner,51876.0,0,0,2013-10-15,99,27,102,28,48,6,1,2,2,8,1,0,0,0,0,0,0,3,11,0,57,0,0,15,10,4,2013,14,88,12,310,25.833333333333332,1,3,3,133,At risk
8204,1971,PostGraduation,Partner,78041.0,0,0,2012-12-16,482,35,553,72,160,17,1,4,4,9,2,0,0,0,0,0,0,3,11,0,44,0,0,16,12,4,2012,24,93,17,1319,77.58823529411765,1,4,5,145,At risk
5221,1957,Graduation,Partner,52852.0,0,1,2012-12-01,714,8,99,11,0,47,4,10,7,5,8,1,0,0,0,0,0,3,11,0,58,1,1,1,12,4,2012,25,93,22,879,39.95454545454545,1,5,4,154,Can't loose
1232,1982,PhD,Partner,70038.0,0,0,2013-10-25,587,54,348,71,54,130,1,4,4,8,2,0,0,0,0,0,0,3,11,0,33,0,0,25,10,4,2013,14,54,16,1244,77.75,3,4,5,345,Loyal Customers
1927,1973,PostGraduation,Partner,69401.0,0,1,2014-03-23,399,27,159,58,8,39,4,4,4,5,2,0,0,0,0,0,0,3,11,0,42,1,1,23,3,1,2014,9,41,13,690,53.07692307692308,3,3,4,334,Need Attention
5788,1972,Graduation,Partner,46053.0,1,0,2013-02-17,56,10,92,19,7,25,3,3,2,4,5,0,0,0,0,0,0,3,11,0,43,1,1,17,2,1,2013,22,46,9,209,23.22222222222222,3,2,3,323,About to sleep
6652,1965,Graduation,Partner,77343.0,0,0,2014-06-09,227,151,573,98,54,31,1,3,4,9,1,0,0,0,0,0,0,3,11,0,50,0,0,9,6,2,2014,6,28,16,1134,70.875,4,4,4,444,Loyal Customers
6246,1953,Graduation,Single,73892.0,0,0,2013-11-13,703,102,601,0,58,43,1,3,11,8,1,0,0,0,0,0,0,3,11,1,62,0,0,13,11,4,2013,13,40,22,1507,68.5,3,5,5,355,Loyal Customers
5975,1967,PhD,Single,40304.0,1,0,2013-09-30,37,0,17,0,0,3,1,2,0,3,7,0,0,0,0,0,0,3,11,0,48,1,1,30,9,3,2013,15,82,5,57,11.4,1,1,2,112,Hibernating
6875,1965,PhD,Partner,32727.0,0,0,2012-08-28,167,13,180,86,13,70,2,7,3,5,8,0,0,0,0,0,0,3,11,0,50,0,0,28,8,3,2012,28,38,15,529,35.266666666666666,4,3,3,433,Potential Loyalists
4399,1969,Graduation,Partner,68695.0,0,0,2014-06-25,458,81,356,106,50,40,1,4,4,7,2,0,0,0,0,0,0,3,11,0,46,0,0,25,6,2,2014,6,3,15,1091,72.73333333333333,5,3,4,534,Potential Loyalists
4042,1971,Graduation,Single,43300.0,0,1,2012-10-13,91,3,52,2,1,31,3,4,0,4,8,0,0,0,0,0,0,3,11,1,44,1,1,13,10,4,2012,27,87,8,180,22.5,1,2,2,122,Hibernating
2157,1972,Graduation,Partner,26290.0,1,1,2013-01-12,15,8,16,11,5,22,4,2,0,4,6,0,0,0,0,0,0,3,11,0,43,1,2,12,1,1,2013,23,49,6,77,12.833333333333334,3,2,2,322,About to sleep
10133,1970,Graduation,Single,93790.0,0,0,2014-02-12,1302,68,731,89,114,45,0,6,7,12,2,0,1,1,1,0,0,3,11,1,45,0,0,12,2,1,2014,10,16,25,2349,93.96,5,5,5,555,Champions
2525,1974,PhD,Partner,38410.0,0,0,2012-09-14,153,64,123,116,64,14,2,5,2,9,6,0,0,0,0,0,0,3,11,1,41,0,0,14,9,3,2012,27,65,16,534,33.375,2,4,3,243,At risk
8233,1950,PostGraduation,Single,64866.0,0,1,2014-01-26,508,5,21,7,5,10,4,7,3,7,5,0,1,0,0,0,0,3,11,0,65,1,1,26,1,1,2014,11,9,17,556,32.705882352941174,5,4,3,543,Champions
9483,1959,Graduation,Partner,57957.0,0,1,2013-08-19,290,59,177,77,5,29,7,4,6,8,3,0,0,0,0,0,1,3,11,0,56,1,1,19,8,3,2013,16,24,18,637,35.388888888888886,4,4,4,444,Loyal Customers
2945,1955,PhD,Partner,46015.0,1,1,2014-04-13,38,0,2,0,0,6,1,1,0,3,7,1,0,0,0,1,0,3,11,0,60,1,2,13,4,2,2014,8,25,4,46,11.5,4,1,1,411,Promising
10403,1978,Graduation,Partner,16531.0,1,0,2014-06-18,2,13,6,7,5,11,3,3,0,3,7,0,0,0,0,0,0,3,11,0,37,1,1,18,6,2,2014,6,43,6,44,7.333333333333333,3,2,1,321,About to sleep
5074,1986,PostGraduation,Partner,28072.0,1,0,2013-07-08,30,0,10,2,0,5,1,1,0,3,7,0,0,0,0,0,0,3,11,0,29,1,1,8,7,3,2013,18,10,4,47,11.75,5,1,1,511,New Customers
10524,1963,PostGraduation,Single,49476.0,0,1,2013-06-20,386,23,95,54,41,196,4,2,11,5,2,0,0,0,0,0,0,3,11,0,52,1,1,20,6,2,2013,18,29,18,795,44.166666666666664,4,4,4,444,Loyal Customers
4690,1953,Graduation,Partner,50725.0,0,1,2013-02-13,443,10,75,0,10,48,4,8,1,8,8,0,0,0,0,0,0,3,11,0,62,1,1,13,2,1,2013,22,45,17,586,34.470588235294116,3,4,3,343,Loyal Customers
7521,1952,Graduation,Partner,83844.0,0,0,2013-05-12,901,31,345,75,31,191,1,4,4,11,1,0,0,1,0,0,0,3,11,0,63,0,0,12,5,2,2013,19,57,19,1574,82.84210526315789,3,4,5,345,Loyal Customers
7196,1950,PhD,Partner,41145.0,1,1,2014-02-08,9,0,3,0,0,1,1,0,0,3,3,0,0,0,0,0,0,3,11,0,65,1,2,8,2,1,2014,10,20,3,13,4.333333333333333,4,1,1,411,Promising
4406,1970,Graduation,Partner,67419.0,0,1,2013-01-16,846,84,352,91,56,42,4,9,4,8,5,0,0,0,0,0,0,3,11,0,45,1,1,16,1,1,2013,23,29,21,1471,70.04761904761905,4,5,5,455,Loyal Customers
9672,1970,PostGraduation,Partner,23162.0,1,1,2013-12-21,8,3,9,19,4,22,3,1,1,3,6,0,0,0,0,0,0,3,11,0,45,1,2,21,12,4,2013,12,82,5,65,13.0,1,1,2,112,Hibernating
4864,1977,Graduation,Partner,34380.0,1,0,2013-05-02,72,7,58,13,1,24,4,4,1,3,8,0,0,0,0,0,0,3,11,0,38,1,1,2,5,2,2013,20,68,8,175,21.875,2,2,2,222,Hibernating
4706,1966,Graduation,Single,34704.0,0,1,2013-04-27,29,0,5,0,1,5,1,1,0,3,5,0,0,0,0,0,0,3,11,0,49,1,1,27,4,2,2013,20,65,4,40,10.0,2,1,1,211,Hibernating
4070,1969,PhD,Partner,94871.0,0,2,2012-09-01,169,24,553,188,0,144,1,8,5,4,7,0,1,1,0,0,0,3,11,1,46,1,2,1,9,3,2012,28,99,17,1078,63.411764705882355,1,4,4,144,At risk
25,1958,Graduation,Partner,65148.0,0,1,2012-11-16,460,35,422,33,12,153,2,6,6,7,4,0,0,0,0,0,0,3,11,0,57,1,1,16,11,4,2012,25,9,19,1115,58.68421052631579,5,4,4,544,Champions
3697,1954,Graduation,Partner,39898.0,0,1,2013-02-12,69,8,26,12,7,12,2,3,0,4,7,0,0,0,0,0,0,3,11,0,61,1,1,12,2,1,2013,22,20,7,134,19.142857142857142,4,2,2,422,Potential Loyalists
217,1956,PostGraduation,Single,64857.0,0,0,2012-11-23,556,14,717,210,0,43,1,7,5,10,4,0,0,0,0,0,0,3,11,0,59,0,0,23,11,4,2012,25,78,22,1540,70.0,2,5,5,255,Can't loose
4220,1970,PhD,Partner,59892.0,0,1,2013-11-02,73,0,13,0,1,0,1,2,1,3,3,0,0,0,0,0,0,3,11,0,45,1,1,2,11,4,2013,14,26,6,87,14.5,4,2,2,422,Potential Loyalists
5286,1987,PostGraduation,Single,41020.0,0,0,2013-10-28,112,1,54,7,7,36,1,3,2,4,3,0,0,0,0,0,0,3,11,0,28,0,0,28,10,4,2013,14,68,9,217,24.11111111111111,2,2,3,223,Hibernating
9559,1961,PhD,Partner,57072.0,0,1,2014-01-24,944,0,60,0,0,30,2,7,5,13,5,1,0,0,0,0,0,3,11,0,54,1,1,24,1,1,2014,11,79,25,1034,41.36,2,5,4,254,Can't loose
2849,1979,Graduation,Single,60474.0,0,1,2013-04-01,265,199,303,234,9,170,7,10,2,12,7,0,0,0,0,0,0,3,11,0,36,1,1,1,4,2,2013,21,25,24,1180,49.166666666666664,4,5,5,455,Loyal Customers
7787,1960,Graduation,Partner,62807.0,0,1,2012-08-31,526,28,135,10,21,99,3,5,3,12,5,0,0,0,0,0,0,3,11,0,55,1,1,31,8,3,2012,28,83,20,819,40.95,1,4,4,144,At risk
3102,1981,PostGraduation,Partner,19414.0,1,0,2013-10-16,2,3,12,3,5,7,1,1,0,3,8,0,0,0,0,0,0,3,11,0,34,1,1,16,10,4,2013,14,32,4,32,8.0,4,1,1,411,Promising
5868,1980,Graduation,Partner,19107.0,1,0,2013-08-22,2,4,9,10,5,16,2,1,0,3,7,0,0,0,0,0,0,3,11,0,35,1,1,22,8,3,2013,16,49,4,46,11.5,3,1,1,311,About to sleep
8370,1976,PostGraduation,Partner,75484.0,0,1,2012-08-02,378,97,259,197,194,34,2,7,3,6,4,0,0,0,0,0,0,3,11,0,39,1,1,2,8,3,2012,29,50,16,1159,72.4375,3,4,4,344,Loyal Customers
9988,1976,PostGraduation,Single,70379.0,0,1,2013-03-03,553,25,142,65,67,8,3,6,3,13,4,0,0,0,0,0,0,3,11,0,39,1,1,3,3,1,2013,22,84,22,860,39.09090909090909,1,5,4,154,Can't loose
2939,1970,PostGraduation,Partner,79419.0,0,0,2014-06-22,751,127,687,20,15,31,1,4,6,4,2,0,0,0,0,0,0,3,11,0,45,0,0,22,6,2,2014,6,96,14,1631,116.5,1,3,5,135,At risk
5529,1946,PhD,Partner,64014.0,2,1,2014-06-10,406,0,30,0,0,8,7,8,2,5,7,0,0,0,1,0,0,3,11,0,69,1,3,10,6,2,2014,6,56,15,444,29.6,3,3,3,333,Need Attention
9743,1955,Graduation,Partner,76998.0,0,1,2013-01-11,1449,89,161,69,35,107,2,11,8,8,6,0,0,1,0,0,0,3,11,0,60,1,1,11,1,1,2013,24,85,27,1910,70.74074074074075,1,5,5,155,Can't loose
5763,1972,PostGraduation,Partner,49854.0,1,0,2013-11-10,123,17,171,39,0,30,5,6,2,5,6,0,0,0,0,0,0,3,11,0,43,1,1,10,11,4,2013,13,63,13,380,29.23076923076923,2,3,3,233,At risk
3478,1971,PhD,Partner,60585.0,1,1,2013-06-24,267,42,309,55,42,21,10,7,4,9,5,0,0,0,0,0,0,3,11,1,44,1,2,24,6,2,2013,18,17,20,736,36.8,5,4,4,544,Champions
7494,1950,PhD,Single,42873.0,1,1,2013-01-21,209,0,40,3,2,15,4,6,1,4,8,0,0,0,0,0,0,3,11,0,65,1,2,21,1,1,2013,23,11,11,269,24.454545454545453,5,3,3,533,Potential Loyalists
1763,1988,Graduation,Partner,87679.0,0,0,2013-07-27,1259,172,815,97,148,33,1,7,11,10,4,1,0,1,1,0,0,3,11,1,27,0,0,27,7,3,2013,17,62,28,2524,90.14285714285714,2,5,5,255,Can't loose
7250,1978,Graduation,Partner,57867.0,1,0,2013-10-01,344,35,178,15,23,17,7,7,2,9,6,0,0,0,0,0,0,3,11,0,37,1,1,1,10,4,2013,15,48,18,612,34.0,3,4,3,343,Loyal Customers
2005,1990,Graduation,Partner,35765.0,1,0,2013-12-11,22,3,30,0,5,15,2,2,0,4,6,0,0,0,0,0,0,3,11,0,25,1,1,11,12,4,2013,12,86,6,75,12.5,1,2,2,122,Hibernating
10770,1959,Graduation,Partner,65492.0,0,0,2014-01-26,247,161,295,210,85,47,2,4,7,13,2,0,0,0,0,0,0,3,11,0,56,0,0,26,1,1,2014,11,73,24,1045,43.541666666666664,2,5,4,254,Can't loose
6885,1977,Graduation,Single,32952.0,1,0,2013-12-01,38,0,12,3,1,1,1,2,0,3,7,0,0,0,0,0,0,3,11,0,38,1,1,1,12,4,2013,13,36,5,55,11.0,4,1,1,411,Promising
2072,1969,PhD,Partner,53374.0,0,1,2012-08-16,896,10,101,13,10,34,6,4,2,9,9,1,0,0,0,0,0,3,11,1,46,1,1,16,8,3,2012,28,34,15,1064,70.93333333333334,4,3,4,434,Potential Loyalists
9463,1959,Graduation,Partner,71706.0,0,1,2012-11-13,931,56,253,91,98,14,4,9,5,7,5,0,0,0,0,0,0,3,11,0,56,1,1,13,11,4,2012,25,16,21,1443,68.71428571428571,5,5,5,555,Champions
6318,1988,Graduation,Partner,68487.0,0,0,2013-01-13,758,12,385,33,89,89,1,9,7,13,4,0,0,0,0,0,0,3,11,0,27,0,0,13,1,1,2013,23,48,29,1366,47.10344827586207,3,5,5,355,Loyal Customers
4093,1975,PostGraduation,Partner,53253.0,1,1,2013-02-11,216,9,57,20,9,125,7,4,3,5,5,0,0,0,0,0,0,3,11,0,40,1,2,11,2,1,2013,22,61,12,436,36.333333333333336,2,3,3,233,At risk
5751,1973,PostGraduation,Single,31163.0,1,0,2014-02-13,2,3,10,11,2,10,1,1,0,3,6,0,0,0,0,0,0,3,11,0,42,1,1,13,2,1,2014,10,54,4,38,9.5,3,1,1,311,About to sleep
3340,1977,Graduation,Partner,42014.0,1,0,2012-08-17,244,15,108,4,15,50,6,7,1,6,8,0,0,0,0,0,0,3,11,1,38,1,1,17,8,3,2012,28,56,14,436,31.142857142857142,3,3,3,333,Need Attention
3594,1973,PostGraduation,Partner,54108.0,1,1,2012-11-05,539,6,91,8,6,97,13,8,2,9,8,0,0,0,0,0,0,3,11,0,42,1,2,5,11,4,2012,26,74,19,747,39.31578947368421,2,4,4,244,At risk
3584,1955,PhD,Single,49667.0,0,0,2012-08-20,1181,26,120,17,13,39,2,5,10,5,8,1,0,0,0,0,0,3,11,1,60,0,0,20,8,3,2012,28,35,20,1396,69.8,4,4,5,445,Loyal Customers
3643,1974,PostGraduation,Partner,63206.0,0,0,2014-03-20,750,8,125,11,8,26,1,4,3,6,2,0,0,1,0,0,0,3,11,0,41,0,0,20,3,1,2014,9,65,13,928,71.38461538461539,2,3,4,234,At risk
851,1972,PostGraduation,Partner,57136.0,1,1,2013-07-09,306,5,109,21,109,92,9,5,2,10,6,0,0,0,0,0,0,3,11,0,43,1,2,9,7,3,2013,18,48,17,642,37.76470588235294,3,4,4,344,Loyal Customers
7706,1975,PostGraduation,Partner,46772.0,0,1,2012-11-07,350,104,189,197,151,57,6,11,8,5,8,1,0,0,0,0,0,3,11,0,40,1,1,7,11,4,2012,26,88,24,1048,43.666666666666664,1,5,4,154,Can't loose
3967,1971,PhD,Partner,78931.0,0,0,2013-10-25,331,197,170,58,152,35,1,2,8,13,1,0,0,0,0,0,0,3,11,0,44,0,0,25,10,4,2013,14,19,23,943,41.0,5,5,4,554,Champions
10128,1958,Graduation,Partner,53977.0,0,1,2013-06-08,620,16,165,0,24,82,5,5,5,12,5,0,0,0,0,0,0,3,11,0,57,1,1,8,6,2,2013,19,21,22,907,41.22727272727273,4,5,4,454,Loyal Customers
486,1988,Graduation,Partner,84219.0,0,0,2014-02-02,434,137,400,45,137,45,1,3,4,10,1,0,0,0,0,0,0,3,11,0,27,0,0,2,2,1,2014,11,27,17,1198,70.47058823529412,4,4,5,445,Loyal Customers
9,1975,PostGraduation,Single,46098.0,1,1,2012-08-18,57,0,27,0,0,36,4,3,2,2,8,0,0,0,0,0,0,3,11,0,40,1,2,18,8,3,2012,28,86,7,120,17.142857142857142,1,2,2,122,Hibernating
9451,1965,Graduation,Partner,73538.0,0,1,2012-11-25,811,76,428,99,137,107,3,10,4,9,7,0,0,0,0,0,0,3,11,0,50,1,1,25,11,4,2012,25,92,23,1658,72.08695652173913,1,5,5,155,Can't loose
9264,1986,Graduation,Partner,79529.0,0,0,2014-04-27,423,42,706,73,197,197,1,4,8,9,2,0,0,0,0,0,0,3,11,0,29,0,0,27,4,2,2014,8,1,21,1638,78.0,5,5,5,555,Champions
3865,1977,PostGraduation,Partner,20981.0,0,0,2013-04-30,2,12,10,6,13,30,1,3,1,2,8,0,0,0,0,0,0,3,11,1,38,0,0,30,4,2,2013,20,14,6,73,12.166666666666666,5,2,2,522,Potential Loyalists
2853,1980,Graduation,Single,51766.0,1,0,2014-03-11,60,51,87,6,20,51,2,4,2,4,5,0,0,0,0,0,0,3,11,0,35,1,1,11,3,1,2014,9,74,10,275,27.5,2,3,3,233,At risk
1490,1962,Graduation,Partner,55759.0,0,1,2012-11-28,675,0,85,10,7,77,5,10,3,8,8,0,0,0,0,0,0,3,11,0,53,1,1,28,11,4,2012,25,84,21,854,40.666666666666664,1,5,4,154,Can't loose
6310,1978,Graduation,Partner,33039.0,1,0,2013-09-09,30,8,12,8,8,12,1,2,0,4,5,0,0,0,0,0,0,3,11,0,37,1,1,9,9,3,2013,15,4,6,78,13.0,5,2,2,522,Potential Loyalists
10380,1972,PostGraduation,Partner,37787.0,1,0,2013-09-20,40,1,40,4,3,18,1,3,0,3,8,0,0,0,0,0,0,3,11,0,43,1,1,20,9,3,2013,15,50,6,106,17.666666666666668,3,2,2,322,About to sleep
3887,1970,Graduation,Single,27242.0,1,0,2012-11-11,3,17,26,20,1,39,2,2,0,3,9,0,0,0,0,0,0,3,11,1,45,1,1,11,11,4,2012,26,2,5,106,21.2,5,1,2,512,New Customers
4278,1983,PhD,Single,87188.0,0,0,2013-06-03,910,111,724,49,74,55,1,10,2,6,3,0,0,0,0,0,0,3,11,1,32,0,0,3,6,2,2013,19,73,18,1923,106.83333333333333,2,4,5,245,At risk
8643,1971,Graduation,Partner,69930.0,0,0,2013-05-26,252,98,827,219,70,196,1,4,5,12,3,0,0,0,0,0,0,3,11,0,44,0,0,26,5,2,2013,19,21,21,1662,79.14285714285714,4,5,5,455,Loyal Customers
1998,1976,Graduation,Single,37697.0,1,0,2014-02-07,34,6,21,11,4,8,1,2,1,3,6,0,0,0,0,0,0,3,11,0,39,1,1,7,2,1,2014,10,82,6,84,14.0,1,2,2,122,Hibernating
10795,1973,PhD,Partner,37401.0,1,0,2014-05-06,19,3,19,3,1,3,2,2,0,3,7,0,0,0,0,0,0,3,11,0,42,1,1,6,5,2,2014,8,14,5,48,9.6,5,1,1,511,New Customers
11110,1973,Graduation,Single,3502.0,1,0,2013-04-13,2,1,1,0,0,1,0,0,0,0,14,0,0,0,0,0,0,3,11,0,42,1,1,13,4,2,2013,20,56,0,5,inf,3,1,1,311,About to sleep
2408,1976,Graduation,Partner,58597.0,1,1,2012-11-20,490,0,184,10,28,21,12,7,4,9,7,0,0,0,0,0,0,3,11,0,39,1,2,20,11,4,2012,25,20,20,733,36.65,4,4,4,444,Loyal Customers
202,1948,PhD,Single,82032.0,0,0,2014-04-05,332,194,377,149,125,57,0,4,6,7,1,0,0,0,0,0,0,3,11,0,67,0,0,5,4,2,2014,9,54,17,1234,72.58823529411765,3,4,5,345,Loyal Customers
7998,1958,Graduation,Partner,28087.0,1,1,2012-12-11,53,8,17,13,0,21,3,2,2,2,7,0,0,0,0,0,0,3,11,0,57,1,2,11,12,4,2012,25,77,6,112,18.666666666666668,2,2,2,222,Hibernating
830,1987,PhD,Single,74004.0,0,0,2014-02-24,784,48,560,42,176,48,1,4,6,4,3,0,0,1,1,0,0,3,11,1,28,0,0,24,2,1,2014,10,5,14,1658,118.42857142857143,5,3,5,535,Potential Loyalists
3536,1960,Graduation,Partner,19740.0,0,1,2013-03-24,7,11,3,10,4,20,2,1,1,3,5,0,0,0,0,0,0,3,11,0,55,1,1,24,3,1,2013,21,65,5,55,11.0,2,1,1,211,Hibernating
6050,1975,PostGraduation,Partner,57036.0,0,1,2012-12-11,1171,43,219,19,14,47,4,6,3,13,9,1,0,0,0,0,0,3,11,0,40,1,1,11,12,4,2012,25,33,22,1513,68.77272727272727,4,5,5,455,Loyal Customers
125,1958,PostGraduation,Partner,53083.0,1,1,2013-05-15,215,7,33,3,0,13,6,5,1,5,7,0,1,0,0,0,0,3,11,0,57,1,2,15,5,2,2013,19,65,11,271,24.636363636363637,2,3,3,233,At risk
3463,1975,PhD,Partner,69283.0,0,1,2014-06-14,674,62,134,0,26,8,4,7,3,13,5,0,0,0,0,0,0,3,11,0,40,1,1,14,6,2,2014,6,41,23,904,39.30434782608695,3,5,4,354,Loyal Customers
2804,1975,PostGraduation,Single,46098.0,1,1,2012-08-18,57,0,27,0,0,36,4,3,2,2,8,0,0,0,0,0,0,3,11,1,40,1,2,18,8,3,2012,28,86,7,120,17.142857142857142,1,2,2,122,Hibernating
3745,1988,PostGraduation,Partner,23331.0,1,0,2012-09-04,5,36,7,0,10,45,2,3,0,3,8,0,0,0,0,0,0,3,11,0,27,1,1,4,9,3,2012,28,92,6,103,17.166666666666668,1,2,2,122,Hibernating
9771,1988,PostGraduation,Single,23331.0,1,0,2012-10-05,104,20,101,24,15,5,6,5,1,5,9,0,0,0,0,0,0,3,11,0,27,1,1,5,10,4,2012,27,97,11,269,24.454545454545453,1,3,3,133,At risk
451,1989,Graduation,Single,9255.0,1,0,2013-12-20,9,0,7,2,0,4,1,1,1,2,8,0,0,0,0,0,0,3,11,0,26,1,1,20,12,4,2013,12,91,4,22,5.5,1,1,1,111,Hibernating
10530,1959,PhD,Single,67786.0,0,0,2013-12-07,431,82,441,80,20,102,1,3,6,6,1,0,0,0,0,0,0,3,11,1,56,0,0,7,12,4,2013,13,0,15,1156,77.06666666666666,5,3,4,534,Potential Loyalists
1079,1971,PhD,Partner,71969.0,0,1,2012-10-16,1000,0,76,0,0,10,3,3,4,9,8,0,1,0,0,0,0,3,11,0,44,1,1,16,10,4,2012,26,59,16,1086,67.875,2,4,4,244,At risk
8920,1967,PostGraduation,Single,59235.0,1,0,2013-01-12,448,40,469,80,0,91,3,11,2,12,7,0,0,0,0,0,0,3,11,0,48,1,1,12,1,1,2013,23,4,25,1128,45.12,5,5,4,554,Champions
6678,1989,Graduation,Partner,31928.0,1,0,2014-03-28,33,4,24,4,2,5,2,3,0,4,7,0,0,0,0,0,0,3,11,0,26,1,1,28,3,1,2014,9,5,7,72,10.285714285714286,5,2,2,522,Potential Loyalists
3852,1961,PostGraduation,Partner,74881.0,1,1,2013-03-08,505,72,270,36,27,54,4,9,2,12,5,0,0,0,0,0,0,3,11,0,54,1,2,8,3,1,2013,22,48,23,964,41.91304347826087,3,5,4,354,Loyal Customers
528,1978,Graduation,Partner,65819.0,0,0,2012-11-29,267,38,701,149,165,63,1,5,4,10,3,0,0,0,0,0,0,3,11,0,37,0,0,29,11,4,2012,25,99,19,1383,72.78947368421052,1,4,5,145,At risk
73,1953,PhD,Single,51411.0,1,2,2013-05-26,14,0,3,0,0,1,1,0,0,3,5,0,0,0,0,0,0,3,11,0,62,1,3,26,5,2,2013,19,81,3,18,6.0,1,1,1,111,Hibernating
5589,1964,Graduation,Single,51983.0,0,1,2012-08-31,631,0,115,10,7,30,3,9,2,10,7,0,0,0,0,0,0,3,11,0,51,1,1,31,8,3,2012,28,95,21,793,37.76190476190476,1,5,4,154,Can't loose
10212,1986,PostGraduation,Partner,42386.0,1,0,2013-01-13,65,4,16,0,4,11,1,3,0,3,8,0,0,0,0,0,0,3,11,0,29,1,1,13,1,1,2013,23,43,6,100,16.666666666666668,3,2,2,322,About to sleep
6365,1987,PostGraduation,Partner,30390.0,0,0,2013-09-02,10,12,12,25,1,20,1,2,0,3,6,0,0,0,0,0,0,3,11,0,28,0,0,2,9,3,2013,16,5,5,80,16.0,5,1,2,512,New Customers
5636,1963,Graduation,Single,30983.0,0,0,2012-11-09,51,4,50,12,1,49,1,4,0,3,8,0,0,0,0,0,0,3,11,1,52,0,0,9,11,4,2012,26,50,7,167,23.857142857142858,3,2,2,322,About to sleep
591,1957,Graduation,Single,66033.0,0,1,2013-01-20,293,35,179,46,59,65,2,8,3,7,7,0,0,0,0,0,0,3,11,0,58,1,1,20,1,1,2013,23,76,18,677,37.611111111111114,2,4,4,244,At risk
2217,1975,PostGraduation,Partner,37284.0,1,1,2013-03-29,11,1,2,2,1,6,1,0,0,3,6,0,0,0,0,0,0,3,11,0,40,1,2,29,3,1,2013,21,46,3,23,7.666666666666667,3,1,1,311,About to sleep
2544,1951,PostGraduation,Single,57530.0,0,1,2013-10-12,50,1,27,6,7,1,1,1,1,4,1,0,0,0,0,0,0,3,11,0,64,1,1,12,10,4,2013,14,68,6,92,15.333333333333334,2,2,2,222,Hibernating
7725,1965,PostGraduation,Partner,76800.0,0,0,2014-03-08,173,26,255,35,71,81,1,4,4,7,1,0,0,0,0,0,0,3,11,0,50,0,0,8,3,1,2014,9,33,15,641,42.733333333333334,4,3,4,434,Potential Loyalists
8091,1956,Graduation,Partner,63943.0,0,1,2012-09-02,423,184,368,13,97,21,1,6,4,6,5,0,0,0,0,0,0,3,11,0,59,1,1,2,9,3,2012,28,50,16,1106,69.125,3,4,4,344,Loyal Customers
7321,1962,Graduation,Partner,76081.0,0,0,2014-05-23,292,30,415,63,33,200,1,4,5,4,2,0,0,0,1,0,0,3,11,0,53,0,0,23,5,2,2014,7,85,13,1033,79.46153846153847,1,3,4,134,At risk
5462,1974,Graduation,Partner,67445.0,0,1,2012-08-12,757,80,217,29,80,11,5,9,6,12,6,0,0,0,0,0,0,3,11,0,41,1,1,12,8,3,2012,29,63,27,1174,43.48148148148148,2,5,4,254,Can't loose
7791,1967,PostGraduation,Partner,37054.0,1,1,2013-09-15,12,1,6,0,1,5,2,1,0,3,7,0,0,0,0,0,0,3,11,0,48,1,2,15,9,3,2013,15,89,4,25,6.25,1,1,1,111,Hibernating
955,1962,PostGraduation,Partner,47175.0,1,1,2012-10-28,167,2,44,6,2,19,7,4,2,4,8,1,0,0,0,0,0,3,11,1,53,1,2,28,10,4,2012,26,81,10,240,24.0,1,3,3,133,At risk
4037,1976,Graduation,Single,31859.0,1,0,2013-06-14,3,1,3,8,0,5,1,1,0,2,7,0,0,0,0,0,0,3,11,0,39,1,1,14,6,2,2013,18,77,3,20,6.666666666666667,2,1,1,211,Hibernating
6642,1961,Graduation,Single,27215.0,2,1,2013-01-23,30,5,22,8,9,28,4,2,1,4,6,0,0,0,0,0,0,3,11,0,54,1,3,23,1,1,2013,23,50,7,102,14.571428571428571,3,2,2,322,About to sleep
2793,1976,PhD,Single,70179.0,0,1,2013-07-21,532,88,168,69,44,133,3,7,3,13,5,0,0,0,0,0,0,3,11,0,39,1,1,21,7,3,2013,17,10,23,1034,44.95652173913044,5,5,4,554,Champions
5424,1983,Graduation,Partner,39922.0,1,0,2013-02-14,29,12,59,19,1,36,2,3,0,4,8,0,0,0,0,0,0,3,11,0,32,1,1,14,2,1,2013,22,30,7,156,22.285714285714285,4,2,2,422,Potential Loyalists
879,1976,PostGraduation,Partner,49681.0,0,2,2013-11-04,411,0,26,0,0,21,6,7,1,7,7,0,0,0,0,0,0,3,11,0,39,1,2,4,11,4,2013,14,66,15,458,30.533333333333335,2,3,3,233,At risk
9530,1988,Graduation,Partner,24645.0,1,0,2012-11-01,5,3,4,4,1,0,1,1,0,2,8,0,0,0,0,0,0,3,11,0,27,1,1,1,11,4,2012,26,16,3,17,5.666666666666667,5,1,1,511,New Customers
4828,1954,Graduation,Single,79865.0,0,1,2014-06-18,71,99,278,185,121,38,1,5,10,5,1,0,0,0,0,0,0,3,11,0,61,1,1,18,6,2,2014,6,12,20,792,39.6,5,4,4,544,Champions
10699,1985,Graduation,Partner,44322.0,1,0,2014-06-16,46,0,40,3,0,3,2,3,0,3,8,0,0,0,0,0,0,3,11,0,30,1,1,16,6,2,2014,6,30,6,92,15.333333333333334,4,2,2,422,Potential Loyalists
1497,1952,Graduation,Single,47958.0,0,1,2013-01-19,268,11,88,15,3,22,2,6,3,5,5,0,0,0,0,0,0,3,11,0,63,1,1,19,1,1,2013,23,8,14,407,29.071428571428573,5,3,3,533,Potential Loyalists
7476,1964,PostGraduation,Single,63972.0,0,1,2012-12-02,928,63,254,0,12,12,4,5,4,10,4,0,1,0,0,0,0,3,11,0,51,1,1,2,12,4,2012,25,93,19,1269,66.78947368421052,1,4,5,145,At risk
4390,1954,Graduation,Partner,75315.0,0,1,2014-04-15,459,15,171,142,23,31,2,5,4,12,2,0,0,0,0,0,0,3,11,0,61,1,1,15,4,2,2014,8,14,21,841,40.04761904761905,5,5,4,554,Champions
10478,1950,PhD,Partner,55517.0,1,1,2012-09-27,483,0,108,0,6,36,5,11,1,6,9,0,0,0,0,0,0,3,11,1,65,1,2,27,9,3,2012,27,53,18,633,35.166666666666664,3,4,3,343,Loyal Customers
1081,1957,PhD,Partner,75283.0,1,2,2013-03-27,733,9,180,12,19,66,11,6,3,5,4,0,0,0,0,0,0,3,11,0,58,1,3,27,3,1,2013,21,26,14,1019,72.78571428571429,4,3,4,434,Potential Loyalists
4261,1946,PhD,Single,82800.0,0,0,2012-11-24,1006,22,115,59,68,45,1,7,6,12,3,0,0,1,1,0,0,3,11,1,69,0,0,24,11,4,2012,25,23,25,1315,52.6,4,5,5,455,Loyal Customers
9916,1954,Graduation,Partner,38998.0,1,1,2012-11-03,34,1,14,0,0,5,3,2,0,3,8,0,0,0,0,0,1,3,11,0,61,1,2,3,11,4,2012,26,92,5,54,10.8,1,1,1,111,Hibernating
5350,1991,PostGraduation,Single,90638.0,0,0,2014-02-13,1156,120,915,94,144,96,1,3,4,10,1,0,0,1,0,0,0,3,11,1,24,0,0,13,2,1,2014,10,29,17,2525,148.52941176470588,4,4,5,445,Loyal Customers
8135,1986,PostGraduation,Partner,27161.0,1,0,2013-10-28,7,4,23,7,0,11,1,1,0,3,7,0,0,0,0,0,0,3,11,0,29,1,1,28,10,4,2013,14,41,4,52,13.0,3,1,1,311,About to sleep
8685,1977,Graduation,Partner,42014.0,1,0,2012-08-17,244,15,108,4,15,50,6,7,1,6,8,0,0,0,0,0,0,3,11,1,38,1,1,17,8,3,2012,28,56,14,436,31.142857142857142,3,3,3,333,Need Attention
4967,1960,PhD,Partner,38201.0,0,1,2013-03-29,233,0,23,0,0,12,4,5,1,5,8,0,0,0,0,0,0,3,11,0,55,1,1,29,3,1,2013,21,19,11,268,24.363636363636363,5,3,3,533,Potential Loyalists
2130,1982,Graduation,Partner,45203.0,2,0,2014-03-23,35,3,67,10,8,24,1,3,1,3,6,0,0,0,0,0,0,3,11,1,33,1,2,23,3,1,2014,9,4,7,147,21.0,5,2,2,522,Potential Loyalists
9298,1947,PhD,Partner,81574.0,0,0,2014-04-28,1252,0,465,46,35,0,1,4,5,8,1,0,1,1,0,0,0,3,11,0,68,0,0,28,4,2,2014,8,89,17,1798,105.76470588235294,1,4,5,145,At risk
8175,1992,Graduation,Partner,34935.0,0,0,2013-06-21,34,4,66,3,10,20,1,2,1,4,7,0,0,0,0,0,0,3,11,0,23,0,0,21,6,2,2013,18,71,7,137,19.571428571428573,2,2,2,222,Hibernating
6257,1976,PostGraduation,Single,60482.0,0,1,2013-01-23,255,43,134,37,14,24,1,7,2,7,7,0,0,0,0,0,0,3,11,0,39,1,1,23,1,1,2013,23,81,16,507,31.6875,1,4,3,143,At risk
3790,1956,Graduation,Partner,34633.0,2,1,2014-01-23,8,1,5,0,0,1,1,1,0,2,6,0,0,0,0,0,0,3,11,0,59,1,3,23,1,1,2014,11,31,3,15,5.0,4,1,1,411,Promising
9952,1947,PostGraduation,Partner,78093.0,0,0,2013-12-11,368,32,639,13,43,10,1,4,7,5,1,0,0,0,0,0,0,3,11,0,68,0,0,11,12,4,2013,12,53,16,1105,69.0625,3,4,4,344,Loyal Customers
3503,1950,Graduation,Single,82460.0,0,0,2013-12-02,255,47,573,52,32,15,1,5,3,6,1,0,0,0,0,0,0,3,11,0,65,0,0,2,12,4,2013,13,78,14,974,69.57142857142857,2,3,4,234,At risk
5223,1966,PostGraduation,Partner,45903.0,0,1,2014-04-23,33,8,10,2,10,3,2,2,1,3,4,0,0,0,0,0,0,3,11,0,49,1,1,23,4,2,2014,8,80,6,66,11.0,1,2,2,122,Hibernating
4608,1987,Graduation,Single,81361.0,0,0,2014-02-25,163,23,424,27,65,76,1,3,10,13,1,0,0,0,0,0,0,3,11,1,28,0,0,25,2,1,2014,10,18,26,778,29.923076923076923,5,5,4,554,Champions
1626,1973,PhD,Single,35860.0,1,1,2014-05-19,15,0,8,4,2,20,2,1,1,2,5,1,0,0,0,0,0,3,11,1,42,1,2,19,5,2,2014,7,37,4,49,12.25,4,1,1,411,Promising
4764,1952,PostGraduation,Partner,40442.0,1,1,2012-08-19,45,12,52,25,22,13,4,3,1,4,7,0,0,0,0,0,0,3,11,1,63,1,2,19,8,3,2012,28,52,8,169,21.125,3,2,2,322,About to sleep
2471,1965,Graduation,Partner,61482.0,0,0,2014-06-27,48,58,68,16,66,43,1,3,2,6,2,0,0,0,0,0,0,3,11,0,50,0,0,27,6,2,2014,6,39,11,299,27.181818181818183,4,3,3,433,Potential Loyalists
5892,1980,Graduation,Partner,34968.0,1,0,2013-04-10,158,6,45,8,2,2,7,3,2,5,7,0,0,0,0,0,0,3,11,0,35,1,1,10,4,2,2013,21,11,10,221,22.1,5,3,3,533,Potential Loyalists
2612,1987,Graduation,Partner,75794.0,0,0,2013-12-24,754,160,625,63,32,48,1,7,5,12,3,0,0,0,1,0,0,3,11,0,28,0,0,24,12,4,2013,12,33,24,1682,70.08333333333333,4,5,5,455,Loyal Customers
4971,1962,PhD,Partner,31497.0,0,1,2012-12-06,108,1,28,13,1,4,2,3,1,4,8,0,0,0,0,0,0,3,11,0,53,1,1,6,12,4,2012,25,22,8,155,19.375,4,2,2,422,Potential Loyalists
5185,1955,Graduation,Partner,74268.0,0,0,2013-02-14,199,66,315,97,174,41,1,4,3,5,2,0,0,0,0,0,0,3,11,0,60,0,0,14,2,1,2013,22,83,12,892,74.33333333333333,1,3,4,134,At risk
10069,1988,UnderGraduation,Partner,13724.0,1,0,2012-08-31,2,7,5,2,15,27,1,2,0,2,9,1,0,0,0,0,0,3,11,0,27,1,1,31,8,3,2012,28,43,4,58,14.5,3,1,2,312,About to sleep
2262,1965,PostGraduation,Partner,45143.0,0,1,2013-08-26,202,5,74,11,5,14,3,6,1,5,7,0,0,0,0,0,0,3,11,0,50,1,1,26,8,3,2013,16,74,12,311,25.916666666666668,2,3,3,233,At risk
1131,1967,PhD,Single,52569.0,0,1,2014-04-05,85,0,3,0,0,7,1,2,0,4,3,0,0,0,0,0,0,3,11,0,48,1,1,5,4,2,2014,9,54,6,95,15.833333333333334,3,2,2,322,About to sleep
1041,1973,PhD,Single,48432.0,0,1,2012-10-18,322,3,50,4,3,42,5,7,1,6,8,0,0,0,0,0,0,3,11,1,42,1,1,18,10,4,2012,26,3,14,424,30.285714285714285,5,3,3,533,Potential Loyalists
24,1960,PostGraduation,Partner,17144.0,1,1,2014-02-15,18,2,19,0,2,6,5,3,0,4,7,0,0,0,0,0,0,3,11,0,55,1,2,15,2,1,2014,10,96,7,47,6.714285714285714,1,2,1,121,Hibernating
3409,1984,Graduation,Single,36108.0,1,0,2013-10-15,141,8,129,3,11,47,3,7,1,4,9,1,0,0,0,0,0,3,11,0,31,1,1,15,10,4,2013,14,68,12,339,28.25,2,3,3,233,At risk
7022,1971,Graduation,Partner,76445.0,1,0,2012-09-28,739,107,309,140,80,35,1,2,5,13,6,0,0,0,0,0,0,3,11,0,44,1,1,28,9,3,2012,27,2,20,1410,70.5,5,4,5,545,Champions
7943,1975,PhD,Partner,36663.0,1,0,2014-04-25,18,0,6,3,3,5,1,1,1,3,2,0,0,0,0,0,0,3,11,0,40,1,1,25,4,2,2014,8,40,5,35,7.0,3,1,1,311,About to sleep
5272,1965,PostGraduation,Partner,53843.0,0,1,2013-06-27,378,0,88,19,4,73,4,8,5,3,7,0,0,0,0,0,0,3,11,0,50,1,1,27,6,2,2013,18,64,16,562,35.125,2,4,3,243,At risk
5453,1956,PostGraduation,Partner,90226.0,0,0,2012-09-26,1083,108,649,253,151,108,1,4,7,12,2,0,0,0,1,0,0,3,11,0,59,0,0,26,9,3,2012,27,26,23,2352,102.26086956521739,4,5,5,455,Loyal Customers
2565,1955,PostGraduation,Single,70638.0,0,0,2013-06-01,1016,12,215,16,12,63,1,4,5,10,3,0,1,0,0,0,0,3,11,0,60,0,0,1,6,2,2013,19,69,19,1334,70.21052631578948,2,4,5,245,At risk
800,1960,Graduation,Partner,44512.0,1,1,2013-08-30,23,1,6,0,0,2,2,1,0,3,4,0,0,0,0,0,0,3,11,0,55,1,2,30,8,3,2013,16,57,4,32,8.0,3,1,1,311,About to sleep
11092,1961,Graduation,Partner,27116.0,1,1,2014-03-02,12,1,21,2,2,3,2,2,0,3,7,0,0,0,0,0,0,3,11,0,54,1,2,2,3,1,2014,10,78,5,41,8.2,2,1,1,211,Hibernating
5062,1963,PhD,Partner,54072.0,1,1,2013-07-27,35,0,4,0,0,0,1,2,0,2,8,0,0,0,0,0,0,3,11,0,52,1,2,27,7,3,2013,17,71,4,39,9.75,2,1,1,211,Hibernating
8969,1977,Graduation,Partner,71855.0,0,1,2013-01-16,548,31,422,0,112,28,4,5,5,11,3,0,0,0,0,0,0,3,11,0,38,1,1,16,1,1,2013,23,59,21,1141,54.333333333333336,2,5,4,254,Can't loose
4656,1990,PostGraduation,Single,51250.0,1,0,2013-03-30,342,32,230,34,32,40,5,10,5,4,9,1,0,0,0,0,0,3,11,0,25,1,1,30,3,1,2013,21,28,19,710,37.36842105263158,4,4,4,444,Loyal Customers
4480,1973,PostGraduation,Partner,60432.0,0,1,2014-03-09,365,3,15,4,3,11,5,7,2,5,6,0,0,0,0,0,0,3,11,0,42,1,1,9,3,1,2014,9,61,14,401,28.642857142857142,2,3,3,233,At risk
9971,1964,PhD,Partner,65526.0,0,1,2014-04-11,397,19,69,12,0,9,1,4,4,8,2,0,0,0,0,0,0,3,11,0,51,1,1,11,4,2,2014,8,22,16,506,31.625,4,4,3,443,Loyal Customers
6729,1988,Graduation,Single,68655.0,0,0,2012-08-10,456,19,832,75,118,38,1,4,5,11,3,0,0,0,0,0,0,3,11,0,27,0,0,10,8,3,2012,29,95,20,1538,76.9,1,4,5,145,At risk
1773,1978,PostGraduation,Partner,12393.0,0,0,2012-12-04,5,6,15,11,7,13,1,2,0,3,9,0,0,0,0,0,0,3,11,0,37,0,0,4,12,4,2012,25,38,5,57,11.4,4,1,2,412,Promising
9242,1990,Graduation,Single,64509.0,0,0,2013-08-17,836,185,575,24,25,77,1,6,3,9,4,1,0,0,0,0,0,3,11,1,25,0,0,17,8,3,2013,16,19,18,1722,95.66666666666667,5,4,5,545,Champions
1764,1975,Graduation,Single,33955.0,1,0,2013-08-09,100,2,128,23,7,10,4,5,1,5,8,0,0,0,0,0,0,3,11,0,40,1,1,9,8,3,2013,17,92,11,270,24.545454545454547,1,3,3,133,At risk
6215,1977,Graduation,Partner,31353.0,1,1,2013-12-29,10,0,10,3,1,7,2,1,1,2,8,0,0,0,0,0,0,3,11,1,38,1,2,29,12,4,2013,12,24,4,31,7.75,4,1,1,411,Promising
10099,1984,Graduation,Partner,55434.0,1,0,2013-10-05,238,115,215,169,69,76,3,5,3,13,4,0,0,0,0,0,0,3,11,0,31,1,1,5,10,4,2013,15,21,21,882,42.0,4,5,4,454,Loyal Customers
5423,1983,Graduation,Partner,28359.0,1,0,2013-10-27,6,0,5,2,1,2,1,1,0,2,7,0,0,0,0,0,0,3,11,0,32,1,1,27,10,4,2013,14,35,3,16,5.333333333333333,4,1,1,411,Promising
940,1987,Graduation,Single,57100.0,1,0,2014-05-18,158,11,99,15,11,17,2,3,2,7,3,0,0,0,0,0,0,3,11,0,28,1,1,18,5,2,2014,7,9,12,311,25.916666666666668,5,3,3,533,Potential Loyalists
3011,1965,Graduation,Partner,69139.0,0,1,2014-01-27,86,12,75,33,15,6,1,4,1,5,4,0,0,0,0,0,0,3,11,0,50,1,1,27,1,1,2014,11,23,10,227,22.7,4,3,3,433,Potential Loyalists
3298,1956,PostGraduation,Partner,52973.0,0,1,2012-11-08,856,0,76,12,9,199,7,9,6,9,8,0,0,0,0,0,0,3,11,0,59,1,1,8,11,4,2012,26,92,24,1152,48.0,1,5,4,154,Can't loose
8286,1965,PhD,Partner,51717.0,0,1,2013-08-20,98,1,17,0,1,5,1,3,0,4,7,0,1,0,0,0,0,3,11,0,50,1,1,20,8,3,2013,16,55,7,122,17.428571428571427,3,2,2,322,About to sleep
9668,1971,Graduation,Partner,18793.0,1,0,2013-01-12,4,16,20,0,17,20,3,2,0,4,8,0,0,0,0,0,0,3,11,0,44,1,1,12,1,1,2013,23,14,6,77,12.833333333333334,5,2,2,522,Potential Loyalists
5120,1982,PostGraduation,Partner,66664.0,0,0,2012-09-25,398,96,447,220,96,32,1,5,7,6,3,0,0,0,0,0,0,3,11,0,33,0,0,25,9,3,2012,27,78,18,1289,71.61111111111111,2,4,5,245,At risk
6097,1959,Graduation,Single,50664.0,1,1,2013-01-16,313,8,104,6,4,126,9,8,1,6,9,0,0,0,0,0,0,3,11,0,56,1,2,16,1,1,2013,23,64,15,561,37.4,2,3,3,233,At risk
7019,1963,Graduation,Partner,54414.0,1,1,2013-01-23,109,18,16,24,26,18,4,3,1,5,4,0,0,0,0,0,0,3,11,0,52,1,2,23,1,1,2013,23,49,9,211,23.444444444444443,3,2,3,323,About to sleep
7408,1952,PhD,Partner,54549.0,0,1,2014-03-03,216,2,6,0,0,9,2,5,1,4,7,0,0,0,0,0,0,3,11,0,63,1,1,3,3,1,2014,10,8,10,233,23.3,5,3,3,533,Potential Loyalists
8041,1971,PhD,Single,47111.0,0,1,2012-09-08,595,71,153,120,112,41,6,3,2,10,9,0,0,0,0,0,0,3,11,0,44,1,1,8,9,3,2012,28,35,15,1092,72.8,4,3,4,434,Potential Loyalists
252,1963,PhD,Single,41003.0,0,0,2013-03-17,123,133,142,71,44,88,1,6,2,8,6,0,0,0,0,0,0,3,11,0,52,0,0,17,3,1,2013,21,11,16,601,37.5625,5,4,3,543,Champions
9986,1982,Graduation,Partner,19444.0,1,0,2014-02-22,16,0,23,3,2,10,3,4,1,2,7,0,0,0,0,0,0,3,11,1,33,1,1,22,2,1,2014,10,8,7,54,7.714285714285714,5,2,1,521,Potential Loyalists
3276,1976,PostGraduation,Partner,36301.0,1,0,2013-10-25,11,12,35,3,5,12,1,3,0,3,7,0,0,0,0,0,0,3,11,0,39,1,1,25,10,4,2013,14,53,6,78,13.0,3,2,2,322,About to sleep
3859,1947,PhD,Partner,73059.0,0,1,2013-08-31,410,112,420,0,82,71,1,9,3,13,4,0,0,0,0,0,0,3,11,0,68,1,1,31,8,3,2013,16,36,25,1095,43.8,4,5,4,454,Loyal Customers
3570,1969,PhD,Partner,42731.0,1,0,2013-10-21,159,2,51,6,2,24,3,4,1,5,5,0,0,0,0,0,0,3,11,0,46,1,1,21,10,4,2013,14,64,10,244,24.4,2,3,3,233,At risk
3783,1959,PhD,Partner,52854.0,1,1,2014-03-24,105,0,10,0,1,0,2,2,1,4,5,0,0,0,0,0,0,3,11,0,56,1,2,24,3,1,2014,9,43,7,116,16.571428571428573,3,2,2,322,About to sleep
10207,1978,Graduation,Partner,22775.0,1,0,2013-06-19,5,1,8,0,0,1,1,1,0,2,8,0,0,0,0,0,0,3,11,0,37,1,1,19,6,2,2013,18,40,3,15,5.0,3,1,1,311,About to sleep
10906,1948,PhD,Partner,46681.0,0,2,2013-10-08,269,15,69,15,19,38,2,4,6,4,5,0,0,0,0,0,0,3,11,0,67,1,2,8,10,4,2013,15,52,14,425,30.357142857142858,3,3,3,333,Need Attention
3427,1955,PhD,Partner,59821.0,0,1,2013-04-12,629,0,70,0,0,35,6,11,2,7,8,0,0,0,0,0,0,3,11,0,60,1,1,12,4,2,2013,20,11,20,734,36.7,5,4,4,544,Champions
5209,1954,Graduation,Single,50002.0,0,1,2013-06-17,443,5,71,21,16,82,2,8,2,7,7,0,0,0,0,0,0,3,11,0,61,1,1,17,6,2,2013,18,21,17,638,37.529411764705884,4,4,4,444,Loyal Customers
10711,1945,Graduation,Partner,69755.0,0,0,2013-10-02,217,77,373,111,23,93,1,3,6,12,1,0,0,0,0,0,0,3,11,0,70,0,0,2,10,4,2013,15,23,21,894,42.57142857142857,4,5,4,454,Loyal Customers
10785,1969,Graduation,Partner,44078.0,1,1,2014-06-19,24,1,10,2,0,4,2,2,0,3,5,0,0,0,0,0,0,3,11,0,46,1,2,19,6,2,2014,6,17,5,41,8.2,5,1,1,511,New Customers
2814,1976,PostGraduation,Partner,30560.0,1,0,2013-06-27,9,1,5,4,5,7,1,1,0,3,7,0,0,0,0,0,0,3,11,0,39,1,1,27,6,2,2013,18,6,4,31,7.75,5,1,1,511,New Customers
6866,1969,PostGraduation,Partner,35924.0,1,1,2014-03-23,8,0,14,2,3,7,1,1,0,3,5,0,0,0,0,0,0,3,11,0,46,1,2,23,3,1,2014,9,56,4,34,8.5,3,1,1,311,About to sleep
1665,1964,PhD,Single,64140.0,0,2,2013-09-23,1459,0,61,0,15,215,5,2,5,6,5,1,0,1,0,1,0,3,11,1,51,1,2,23,9,3,2013,15,71,13,1750,134.6153846153846,2,3,5,235,At risk
6575,1981,Graduation,Partner,56386.0,1,1,2012-10-27,230,48,214,13,32,75,8,9,1,7,9,0,0,0,0,0,0,3,11,0,34,1,2,27,10,4,2012,26,51,17,612,36.0,3,4,3,343,Loyal Customers
3829,1979,UnderGraduation,Partner,24594.0,1,0,2013-12-10,1,3,6,10,0,9,1,1,0,3,5,0,0,0,0,0,0,3,11,0,36,1,1,10,12,4,2013,12,94,4,29,7.25,1,1,1,111,Hibernating
3091,1981,PostGraduation,Partner,75774.0,1,0,2014-05-02,340,21,134,258,14,56,1,7,5,8,4,0,0,0,0,0,0,3,11,0,34,1,1,2,5,2,2014,8,27,20,823,41.15,4,4,4,444,Loyal Customers
10141,1960,PostGraduation,Single,39228.0,0,0,2013-05-10,7,1,6,0,3,3,1,0,0,3,4,0,0,0,0,0,0,3,11,0,55,0,0,10,5,2,2013,20,1,3,20,6.666666666666667,5,1,1,511,New Customers
5177,1974,PostGraduation,Partner,58494.0,0,1,2013-12-12,298,7,68,4,0,19,2,6,2,6,6,0,0,0,0,0,0,3,11,0,41,1,1,12,12,4,2013,12,56,14,396,28.285714285714285,3,3,3,333,Need Attention
7005,1981,Graduation,Single,58684.0,0,0,2014-06-16,479,35,179,28,7,85,1,5,3,12,2,0,1,0,0,0,0,3,11,0,34,0,0,16,6,2,2014,6,71,20,813,40.65,2,4,4,244,At risk
6409,1967,Graduation,Single,57136.0,0,0,2013-05-18,267,140,599,34,12,127,1,7,5,7,6,0,0,0,0,0,0,3,11,1,48,0,0,18,5,2,2013,19,18,19,1179,62.05263157894737,5,4,5,545,Champions
7485,1950,PhD,Single,56551.0,1,1,2014-05-07,67,4,32,17,2,16,3,2,1,4,4,0,0,0,0,0,0,3,11,0,65,1,2,7,5,2,2014,7,48,7,138,19.714285714285715,3,2,2,322,About to sleep
8079,1982,Graduation,Partner,22448.0,1,0,2014-02-26,3,1,8,23,2,18,3,2,1,3,3,0,0,0,0,0,0,3,11,0,33,1,1,26,2,1,2014,10,86,6,55,9.166666666666666,1,2,1,121,Hibernating
8395,1961,Graduation,Single,82014.0,0,0,2012-08-20,980,37,265,35,163,31,1,3,6,12,6,0,0,0,0,0,0,3,11,1,54,0,0,20,8,3,2012,28,48,21,1511,71.95238095238095,3,5,5,355,Loyal Customers
10352,1963,Graduation,Single,34213.0,1,1,2012-09-07,50,4,28,6,3,26,3,3,1,2,9,0,0,0,0,0,0,3,11,1,52,1,2,7,9,3,2012,28,2,6,117,19.5,5,2,2,522,Potential Loyalists
4931,1977,Graduation,Partner,157146.0,0,0,2013-04-29,1,0,1725,2,1,1,0,0,28,0,1,0,0,0,0,0,0,3,11,0,38,0,0,29,4,2,2013,20,13,28,1730,61.785714285714285,5,5,5,555,Champions
13,1947,PhD,Single,25358.0,0,1,2013-07-22,19,0,5,0,0,8,2,1,0,3,6,0,0,0,0,0,0,3,11,0,68,1,1,22,7,3,2013,17,57,4,32,8.0,3,1,1,311,About to sleep
1834,1978,PostGraduation,Single,35544.0,1,0,2014-03-08,30,5,23,4,1,4,1,2,0,3,7,0,0,0,0,0,0,3,11,0,37,1,1,8,3,1,2014,9,77,5,67,13.4,2,1,2,212,Hibernating
2285,1954,PostGraduation,Partner,36634.0,0,1,2013-05-28,213,9,76,4,3,30,3,5,2,5,7,0,0,0,0,0,0,3,11,0,61,1,1,28,5,2,2013,19,0,12,335,27.916666666666668,5,3,3,533,Potential Loyalists
2295,1954,PhD,Partner,62670.0,0,1,2014-02-02,539,30,92,80,46,38,1,5,3,13,3,0,0,0,0,0,0,3,11,0,61,1,1,2,2,1,2014,11,57,21,825,39.285714285714285,3,5,4,354,Loyal Customers
1378,1972,PostGraduation,Partner,50334.0,0,1,2013-07-24,284,16,160,84,16,134,6,7,4,6,6,0,0,0,0,0,0,3,11,0,43,1,1,24,7,3,2013,17,24,17,694,40.8235294117647,4,4,4,444,Loyal Customers
2781,1981,Graduation,Single,72066.0,0,0,2014-06-23,1003,34,536,134,51,34,1,4,6,6,2,0,0,1,1,0,0,3,11,1,34,0,0,23,6,2,2014,6,55,16,1792,112.0,3,4,5,345,Loyal Customers
1165,1958,PhD,Single,50729.0,1,1,2013-05-02,239,13,143,45,4,52,9,6,2,7,6,0,0,0,0,0,0,3,11,0,57,1,2,2,5,2,2013,20,62,15,496,33.06666666666667,2,3,3,233,At risk
1404,1968,Graduation,Partner,34916.0,2,0,2013-05-15,51,23,82,33,0,42,4,5,1,3,9,0,0,0,0,0,0,3,11,0,47,1,2,15,5,2,2013,19,89,9,231,25.666666666666668,1,2,3,123,Hibernating
6457,1976,Graduation,Single,64892.0,0,1,2014-05-29,527,24,230,32,24,65,2,6,4,12,4,0,0,0,0,0,0,3,11,0,39,1,1,29,5,2,2014,7,77,22,902,41.0,2,5,4,254,Can't loose
2639,1966,Graduation,Single,43602.0,1,1,2014-01-10,19,5,12,10,3,19,3,3,1,2,6,0,0,0,0,0,0,3,11,0,49,1,2,10,1,1,2014,11,45,6,68,11.333333333333334,3,2,2,322,About to sleep
8299,1989,PhD,Single,33996.0,0,0,2013-09-11,40,2,15,8,0,6,1,1,1,3,4,0,0,0,0,0,0,3,11,0,26,0,0,11,9,3,2013,15,46,5,71,14.2,3,1,2,312,About to sleep
6437,1985,PostGraduation,Single,41473.0,1,0,2013-06-19,21,8,20,15,3,9,1,2,0,3,7,0,0,0,0,0,0,3,11,0,30,1,1,19,6,2,2013,18,80,5,76,15.2,1,1,2,112,Hibernating
6912,1967,PhD,Partner,63246.0,0,2,2013-08-20,593,30,91,29,22,7,1,6,3,12,4,0,0,0,0,0,0,3,11,0,48,1,2,20,8,3,2013,16,60,21,772,36.76190476190476,2,5,4,254,Can't loose
7327,1959,PhD,Partner,36732.0,1,1,2013-12-29,21,5,3,10,1,7,3,1,1,4,2,0,0,0,0,0,0,3,11,0,56,1,2,29,12,4,2013,12,71,6,47,7.833333333333333,2,2,1,221,Hibernating
5299,1970,PhD,Partner,69084.0,1,0,2013-11-19,1181,107,199,39,30,30,2,7,3,13,8,0,0,0,0,0,0,3,11,0,45,1,1,19,11,4,2013,13,43,23,1586,68.95652173913044,3,5,5,355,Loyal Customers
4127,1967,PhD,Partner,77766.0,0,1,2013-02-22,1004,59,265,115,59,27,2,11,10,11,6,1,0,0,0,0,0,3,11,1,48,1,1,22,2,1,2013,22,97,32,1529,47.78125,1,5,5,155,Can't loose
8143,1985,PhD,Single,37929.0,0,0,2013-07-30,202,2,46,3,2,10,2,4,2,5,7,0,1,0,1,0,0,3,11,1,30,0,0,30,7,3,2013,17,49,11,265,24.09090909090909,3,3,3,333,Need Attention
1964,1951,Graduation,Partner,86610.0,0,0,2013-09-05,446,107,768,33,196,53,1,5,6,6,2,0,0,0,0,0,0,3,11,0,64,0,0,5,9,3,2013,16,66,17,1603,94.29411764705883,2,4,5,245,At risk
3690,1986,PostGraduation,Partner,80141.0,0,0,2013-01-11,1184,102,673,52,40,40,1,7,4,10,6,0,0,1,0,0,0,3,11,1,29,0,0,11,1,1,2013,24,20,21,2091,99.57142857142857,4,5,5,455,Loyal Customers
3433,1955,PostGraduation,Partner,72635.0,0,0,2013-06-03,390,22,323,104,35,107,1,6,8,6,3,0,0,0,1,0,0,3,11,0,60,0,0,3,6,2,2013,19,54,20,981,49.05,3,4,4,344,Loyal Customers
3389,1970,Graduation,Partner,69016.0,0,1,2012-11-22,726,53,363,123,107,161,4,8,9,13,5,0,0,0,0,0,0,3,11,0,45,1,1,22,11,4,2012,25,61,30,1533,51.1,2,5,5,255,Can't loose
4712,1991,PostGraduation,Partner,20193.0,0,0,2012-11-28,8,8,22,24,11,9,1,1,1,4,4,0,0,0,0,0,0,3,11,0,24,0,0,28,11,4,2012,25,18,6,82,13.666666666666666,5,2,2,522,Potential Loyalists
1170,1975,Graduation,Partner,27573.0,1,0,2013-03-25,50,15,110,39,15,15,4,5,1,4,8,0,0,0,0,0,0,3,11,0,40,1,1,25,3,1,2013,21,45,10,244,24.4,3,3,3,333,Need Attention
6347,1979,UnderGraduation,Single,15862.0,1,0,2013-06-27,1,1,4,11,9,10,1,1,0,3,8,0,0,0,0,0,0,3,11,0,36,1,1,27,6,2,2013,18,26,4,36,9.0,4,1,1,411,Promising
4065,1976,PhD,Partner,49544.0,1,0,2013-02-12,308,0,73,0,0,23,2,5,1,8,7,0,0,0,0,0,0,3,11,0,39,1,1,12,2,1,2013,22,0,14,404,28.857142857142858,5,3,3,533,Potential Loyalists
8230,1980,Graduation,Partner,33228.0,1,0,2014-01-23,22,2,31,7,4,5,1,2,0,3,7,0,0,0,0,0,0,3,11,0,35,1,1,23,1,1,2014,11,28,5,71,14.2,4,1,2,412,Promising
1215,1978,Graduation,Partner,70440.0,0,0,2013-10-08,690,117,499,76,102,88,1,5,10,7,3,0,0,0,1,0,0,3,11,0,37,0,0,8,10,4,2013,15,49,22,1572,71.45454545454545,3,5,5,355,Loyal Customers
5939,1971,Graduation,Partner,38232.0,1,1,2014-01-17,43,5,28,7,6,33,4,3,1,3,5,0,0,0,0,0,0,3,11,0,44,1,2,17,1,1,2014,11,84,7,122,17.428571428571427,1,2,2,122,Hibernating
2156,1955,PhD,Partner,22554.0,1,1,2012-11-03,27,0,10,0,0,4,4,2,0,4,5,0,0,0,0,0,0,3,11,0,60,1,2,3,11,4,2012,26,38,6,41,6.833333333333333,4,2,1,421,Potential Loyalists
7788,1983,PhD,Partner,23536.0,1,0,2014-06-04,6,0,3,0,0,1,1,0,0,3,3,0,0,0,0,0,0,3,11,0,32,1,1,4,6,2,2014,7,53,3,10,3.3333333333333335,3,1,1,311,About to sleep
10323,1952,Graduation,Partner,49413.0,0,1,2013-10-25,205,7,41,3,2,46,2,4,2,5,5,0,0,0,0,0,0,3,11,0,63,1,1,25,10,4,2013,14,88,11,304,27.636363636363637,1,3,3,133,At risk
7947,1969,Graduation,Partner,42231.0,1,1,2014-03-25,24,0,8,0,1,4,1,1,0,3,5,0,0,0,0,0,0,3,11,0,46,1,2,25,3,1,2014,9,99,4,37,9.25,1,1,1,111,Hibernating
1891,1980,PostGraduation,Single,78789.0,0,0,2012-08-08,667,50,850,21,83,83,1,4,6,5,2,0,0,0,0,0,0,3,11,1,35,0,0,8,8,3,2012,29,12,15,1754,116.93333333333334,5,3,5,535,Potential Loyalists
2570,1968,Graduation,Partner,56534.0,0,1,2013-07-23,691,7,61,10,0,46,4,10,4,7,8,0,1,0,0,1,0,3,11,1,47,1,1,23,7,3,2013,17,35,21,815,38.80952380952381,4,5,4,454,Loyal Customers
9256,1971,Graduation,Single,58350.0,0,1,2013-01-04,493,26,206,116,80,80,4,8,3,12,6,0,0,0,0,0,0,3,11,0,44,1,1,4,1,1,2013,24,5,23,1001,43.52173913043478,5,5,4,554,Champions
295,1989,Graduation,Single,81217.0,0,0,2013-07-19,493,70,324,146,40,84,1,3,7,11,1,0,0,0,0,0,0,3,11,0,26,0,0,19,7,3,2013,17,77,21,1157,55.095238095238095,2,5,4,254,Can't loose
7397,1951,Graduation,Single,49090.0,0,1,2013-07-19,494,5,82,7,0,100,3,7,2,9,7,0,0,0,0,0,0,3,11,0,64,1,1,19,7,3,2013,17,45,18,688,38.22222222222222,3,4,4,344,Loyal Customers
6349,1987,PostGraduation,Single,61787.0,0,0,2013-07-06,621,73,414,78,48,85,1,8,4,6,5,0,0,0,0,0,0,3,11,0,28,0,0,6,7,3,2013,18,71,18,1319,73.27777777777777,2,4,5,245,At risk
10790,1985,PhD,Partner,18169.0,1,0,2013-02-19,9,0,5,0,0,7,1,1,0,2,8,0,0,0,0,0,0,3,11,0,30,1,1,19,2,1,2013,22,40,3,21,7.0,3,1,1,311,About to sleep
10398,1981,PostGraduation,Single,24336.0,1,0,2012-08-27,1,6,2,8,2,12,1,1,0,2,7,0,0,0,0,0,0,3,11,0,34,1,1,27,8,3,2012,28,82,3,31,10.333333333333334,1,1,1,111,Hibernating
2431,1990,Graduation,Partner,18222.0,0,0,2012-12-31,12,4,19,12,6,14,1,2,0,3,8,0,0,0,0,0,0,3,11,0,25,0,0,31,12,4,2012,24,70,5,67,13.4,2,1,2,212,Hibernating
550,1952,Graduation,Single,62335.0,0,1,2013-05-23,243,131,217,85,6,26,2,3,3,13,2,0,0,0,0,0,0,3,11,0,63,1,1,23,5,2,2013,19,87,19,708,37.26315789473684,1,4,4,144,At risk
1890,1971,PostGraduation,Partner,42033.0,1,1,2012-09-19,11,1,4,2,0,7,1,1,0,2,7,0,0,0,0,0,0,3,11,0,44,1,2,19,9,3,2012,27,95,3,25,8.333333333333334,1,1,1,111,Hibernating
10742,1983,PhD,Partner,86580.0,0,0,2013-02-27,532,21,127,26,20,20,0,4,2,5,1,0,0,1,0,0,0,3,11,0,32,0,0,27,2,1,2013,22,72,11,746,67.81818181818181,2,3,4,234,At risk
10356,1957,PhD,Single,41437.0,1,1,2012-09-22,29,0,2,0,0,1,1,1,0,3,7,0,0,0,0,0,0,3,11,0,58,1,2,22,9,3,2012,27,5,4,32,8.0,5,1,1,511,New Customers
4676,1951,PostGraduation,Single,73705.0,0,2,2014-03-05,612,91,520,258,107,107,2,9,6,8,5,0,0,0,0,0,0,3,11,0,64,1,2,5,3,1,2014,10,86,23,1695,73.69565217391305,1,5,5,155,Can't loose
8852,1976,Graduation,Partner,61064.0,0,1,2012-08-31,387,126,342,0,45,180,5,8,4,11,6,0,0,0,0,0,0,3,11,0,39,1,1,31,8,3,2012,28,80,23,1080,46.95652173913044,1,5,4,154,Can't loose
3565,1955,PostGraduation,Partner,38452.0,1,1,2014-03-30,56,0,14,0,0,2,3,3,0,3,7,0,0,0,0,0,0,3,11,0,60,1,2,30,3,1,2014,9,62,6,72,12.0,2,2,2,222,Hibernating
5294,1989,Graduation,Single,18358.0,1,0,2013-11-20,6,8,19,16,4,4,3,3,0,4,7,0,0,0,0,0,0,3,11,0,26,1,1,20,11,4,2013,13,49,7,57,8.142857142857142,3,2,2,322,About to sleep
1958,1973,PhD,Partner,55012.0,0,1,2014-03-21,582,0,65,0,0,13,6,8,2,9,5,0,0,0,0,0,0,3,11,0,42,1,1,21,3,1,2014,9,85,19,660,34.73684210526316,1,4,4,144,At risk
7349,1973,UnderGraduation,Partner,9722.0,1,0,2012-10-02,6,17,16,6,16,42,4,3,1,3,8,0,0,0,0,0,0,3,11,1,42,1,1,2,10,4,2012,27,7,7,103,14.714285714285714,5,2,2,522,Potential Loyalists
8799,1984,PhD,Partner,38175.0,1,0,2013-09-23,70,6,69,2,3,3,3,3,1,4,7,0,0,0,0,0,0,3,11,0,31,1,1,23,9,3,2013,15,6,8,153,19.125,5,2,2,522,Potential Loyalists
1351,1956,PostGraduation,Partner,58656.0,0,1,2012-09-20,962,12,194,16,24,12,4,7,8,13,6,0,0,1,0,0,0,3,11,0,59,1,1,20,9,3,2012,27,25,28,1220,43.57142857142857,4,5,5,455,Loyal Customers
1045,1965,Graduation,Partner,52117.0,0,1,2012-08-16,112,10,107,30,0,20,2,5,2,4,7,0,0,0,0,0,0,3,11,0,50,1,1,16,8,3,2012,28,55,11,279,25.363636363636363,3,3,3,333,Need Attention
7732,1978,Graduation,Partner,64813.0,1,0,2014-01-02,293,0,124,179,97,52,1,7,2,10,5,0,0,0,0,0,0,3,11,0,37,1,1,2,1,1,2014,12,81,19,745,39.21052631578947,1,4,4,144,At risk
8070,1973,PhD,Partner,54222.0,0,1,2014-03-01,199,12,31,3,12,7,1,3,3,5,3,0,0,0,0,0,0,3,11,0,42,1,1,1,3,1,2014,10,98,11,264,24.0,1,3,3,133,At risk
477,1986,Graduation,Partner,83512.0,0,0,2014-06-17,1060,61,835,80,20,101,1,4,7,10,1,1,0,1,1,1,0,3,11,1,29,0,0,17,6,2,2014,6,31,21,2157,102.71428571428571,4,5,5,455,Loyal Customers
7832,1959,PostGraduation,Partner,77520.0,0,1,2013-08-28,940,44,396,0,88,58,1,8,7,7,4,1,0,1,1,0,0,3,11,1,56,1,1,28,8,3,2013,16,30,22,1526,69.36363636363636,4,5,5,455,Loyal Customers
2202,1978,Graduation,Partner,41154.0,0,1,2013-04-09,44,2,11,2,3,7,1,1,0,4,5,0,0,0,0,0,0,3,11,0,37,1,1,9,4,2,2013,21,98,5,69,13.8,1,1,2,112,Hibernating
7396,1966,Graduation,Partner,80398.0,0,0,2012-11-10,342,51,936,207,35,26,1,5,8,12,3,0,0,1,0,0,0,3,11,0,49,0,0,10,11,4,2012,26,92,25,1597,63.88,1,5,5,155,Can't loose
4055,1992,UnderGraduation,Single,18746.0,1,0,2014-05-29,2,10,11,12,9,20,2,3,0,3,6,0,0,0,0,0,0,3,11,0,23,1,1,29,5,2,2014,7,41,6,64,10.666666666666666,3,2,2,322,About to sleep
10340,1984,Graduation,Partner,35196.0,1,0,2012-11-13,75,12,141,43,39,187,6,6,1,5,8,0,0,0,0,0,0,3,11,0,31,1,1,13,11,4,2012,25,68,12,497,41.416666666666664,2,3,3,233,At risk
10091,1956,Graduation,Single,60230.0,0,1,2013-05-20,520,20,367,39,81,40,2,6,3,6,5,0,0,0,0,0,0,3,11,0,59,1,1,20,5,2,2013,19,78,15,1067,71.13333333333334,2,3,4,234,At risk
7629,1977,Graduation,Partner,22108.0,1,1,2014-05-08,5,3,9,6,2,6,2,2,0,3,7,0,0,0,0,0,0,3,11,0,38,1,2,8,5,2,2014,7,46,5,31,6.2,3,1,1,311,About to sleep
10640,1974,Graduation,Partner,44392.0,1,1,2013-09-05,87,5,71,7,12,29,5,4,1,4,7,0,0,0,0,0,0,3,11,0,41,1,2,5,9,3,2013,16,71,9,211,23.444444444444443,2,2,3,223,Hibernating
3498,1976,PhD,Partner,55424.0,0,1,2012-11-25,462,61,184,10,53,107,4,7,5,9,6,1,0,0,0,0,0,3,11,1,39,1,1,25,11,4,2012,25,6,21,877,41.76190476190476,5,5,4,554,Champions
6742,1979,Graduation,Partner,17688.0,1,0,2013-01-13,2,2,1,3,1,2,1,1,0,2,8,0,0,0,0,0,1,3,11,0,36,1,1,13,1,1,2013,23,82,3,11,3.6666666666666665,1,1,1,111,Hibernating
1172,1983,PhD,Partner,92491.0,0,0,2013-05-01,979,44,935,29,25,22,1,7,5,12,3,0,1,1,1,0,0,3,11,1,32,0,0,1,5,2,2013,20,71,24,2034,84.75,2,5,5,255,Can't loose
569,1991,Graduation,Single,90273.0,0,0,2013-12-14,704,129,853,120,74,111,1,5,6,7,2,0,1,1,1,0,0,3,11,1,24,0,0,14,12,4,2013,12,32,18,1991,110.61111111111111,4,4,5,445,Loyal Customers
4686,1962,PhD,Single,82571.0,0,0,2014-04-02,861,31,558,62,95,79,0,6,5,13,2,0,0,1,0,0,0,3,11,0,53,0,0,2,4,2,2014,9,28,24,1686,70.25,4,5,5,455,Loyal Customers
1381,1982,PhD,Single,38513.0,1,0,2014-01-28,172,3,115,16,0,18,5,6,1,5,8,0,0,0,0,0,0,3,11,1,33,1,1,28,1,1,2014,11,20,12,324,27.0,4,3,3,433,Potential Loyalists
2634,1979,PostGraduation,Single,16653.0,1,0,2014-04-18,5,7,31,15,4,7,3,2,1,3,6,0,0,0,0,0,0,3,11,1,36,1,1,18,4,2,2014,8,10,6,69,11.5,5,2,2,522,Potential Loyalists
10905,1955,Graduation,Partner,42586.0,1,1,2012-10-29,194,2,56,0,0,0,5,4,1,6,8,0,0,0,0,0,0,3,11,1,60,1,2,29,10,4,2012,26,7,11,252,22.90909090909091,5,3,3,533,Potential Loyalists
1744,1965,UnderGraduation,Single,23529.0,0,1,2013-01-07,9,7,13,3,2,20,1,1,1,2,6,0,0,0,0,0,0,3,11,0,50,1,1,7,1,1,2013,24,67,4,54,13.5,2,1,1,211,Hibernating
1000,1961,PostGraduation,Partner,74881.0,1,1,2013-03-08,505,72,270,36,27,54,4,9,2,12,5,0,0,0,0,0,0,3,11,0,54,1,2,8,3,1,2013,22,48,23,964,41.91304347826087,3,5,4,354,Loyal Customers
3828,1951,Graduation,Partner,71107.0,0,1,2013-02-17,533,10,217,198,174,195,2,7,6,13,4,0,0,0,0,0,0,3,11,0,64,1,1,17,2,1,2013,22,61,26,1327,51.03846153846154,2,5,5,255,Can't loose
8605,1964,PhD,Partner,46910.0,1,1,2014-03-23,48,0,14,0,0,6,2,2,0,3,6,0,0,0,0,0,0,3,11,0,51,1,2,23,3,1,2014,9,36,5,68,13.6,4,1,2,412,Promising
10304,1959,Graduation,Partner,18690.0,0,0,2012-12-28,6,1,7,23,4,19,1,1,1,2,8,0,0,0,0,0,0,3,11,0,56,0,0,28,12,4,2012,24,77,4,60,15.0,2,1,2,212,Hibernating
4351,1955,Graduation,Single,37244.0,1,1,2013-04-27,18,2,10,0,0,25,1,1,1,2,7,1,0,0,0,0,0,3,11,0,60,1,2,27,4,2,2013,20,90,4,55,13.75,1,1,1,111,Hibernating
10129,1966,Graduation,Partner,82427.0,0,0,2014-03-12,482,147,509,104,107,107,1,3,5,12,1,0,0,1,0,0,0,3,11,0,49,0,0,12,3,1,2014,9,35,20,1456,72.8,4,4,5,445,Loyal Customers
2499,1958,PostGraduation,Single,75342.0,0,1,2013-05-06,204,97,97,21,118,26,1,5,2,10,4,0,0,0,0,0,0,3,11,0,57,1,1,6,5,2,2013,20,38,17,563,33.11764705882353,4,4,3,443,Loyal Customers
10092,1954,Graduation,Single,70044.0,0,1,2013-02-18,1073,0,250,153,14,14,4,7,10,5,5,0,0,0,0,0,0,3,11,0,61,1,1,18,2,1,2013,22,46,22,1504,68.36363636363636,3,5,5,355,Loyal Customers
7500,1967,Graduation,Single,79146.0,1,1,2014-04-24,245,16,223,21,43,16,2,8,1,8,6,0,0,0,0,0,0,3,11,0,48,1,2,24,4,2,2014,8,33,17,564,33.1764705882353,4,4,3,443,Loyal Customers
5796,1963,Graduation,Partner,77437.0,0,0,2013-11-26,560,21,442,29,44,29,1,4,5,13,1,0,0,1,0,0,0,3,11,0,52,0,0,26,11,4,2013,13,70,22,1125,51.13636363636363,2,5,4,254,Can't loose
10556,1959,Graduation,Partner,54984.0,0,1,2014-05-24,173,13,131,32,3,6,4,6,1,6,7,0,0,0,1,0,0,3,11,0,56,1,1,24,5,2,2014,7,51,13,358,27.53846153846154,3,3,3,333,Need Attention
1064,1971,PhD,Partner,42403.0,1,0,2013-12-11,22,1,11,0,5,3,1,1,0,3,8,0,0,0,0,0,0,3,11,0,44,1,1,11,12,4,2013,12,18,4,42,10.5,5,1,1,511,New Customers
48,1964,Graduation,Partner,55761.0,0,1,2014-04-24,136,1,12,0,3,32,2,4,1,3,6,0,1,0,0,0,0,3,11,0,51,1,1,24,4,2,2014,8,97,8,184,23.0,1,2,2,122,Hibernating
7610,1983,Graduation,Partner,37292.0,1,0,2013-04-18,275,0,86,10,23,66,5,6,3,5,8,0,0,0,0,0,0,3,11,0,32,1,1,18,4,2,2013,20,32,14,460,32.857142857142854,4,3,3,433,Potential Loyalists
263,1945,PhD,Single,45576.0,0,0,2014-05-28,56,19,29,2,14,25,1,3,1,3,8,0,0,0,0,0,0,3,11,1,70,0,0,28,5,2,2014,7,9,7,145,20.714285714285715,5,2,2,522,Potential Loyalists
10814,1947,Graduation,Partner,70321.0,0,0,2013-01-16,303,23,751,82,26,191,1,6,5,13,4,0,0,0,0,0,0,3,11,1,68,0,0,16,1,1,2013,23,6,24,1376,57.333333333333336,5,5,5,555,Champions
9710,1969,PhD,Single,58086.0,0,1,2013-01-20,708,7,62,0,0,15,2,11,3,7,8,0,0,0,0,0,0,3,11,0,46,1,1,20,1,1,2013,23,80,21,792,37.714285714285715,1,5,4,154,Can't loose
9292,1952,Graduation,Partner,81795.0,0,0,2012-10-26,324,132,693,27,118,88,1,4,11,7,2,0,0,0,0,0,0,3,11,0,63,0,0,26,10,4,2012,26,74,22,1382,62.81818181818182,2,5,5,255,Can't loose
10250,1947,UnderGraduation,Partner,28389.0,0,0,2012-11-20,1,5,3,7,4,8,1,1,0,2,7,0,0,0,0,0,0,3,11,0,68,0,0,20,11,4,2012,25,49,3,28,9.333333333333334,3,1,1,311,About to sleep
7881,1946,PostGraduation,Partner,66835.0,0,0,2013-09-28,620,26,195,34,17,141,1,6,4,13,2,0,0,0,0,0,0,3,11,0,69,0,0,28,9,3,2013,15,21,23,1033,44.91304347826087,4,5,4,454,Loyal Customers
5847,1969,Graduation,Single,69901.0,0,1,2013-05-29,312,21,206,102,92,149,3,7,3,10,5,0,0,0,0,0,0,3,11,0,46,1,1,29,5,2,2013,19,95,20,882,44.1,1,4,4,144,At risk
737,1949,PhD,Partner,80360.0,0,0,2013-03-03,1493,86,454,112,43,43,2,4,4,5,2,0,1,1,1,0,0,3,11,0,66,0,0,3,3,1,2013,22,56,13,2231,171.6153846153846,3,3,5,335,Need Attention
3571,1961,PhD,Partner,63342.0,0,1,2012-10-16,918,21,118,13,10,21,3,8,3,5,6,0,1,0,0,0,0,3,11,1,54,1,1,16,10,4,2012,26,48,16,1101,68.8125,3,4,4,344,Loyal Customers
7807,1974,Graduation,Partner,44989.0,0,1,2012-09-12,98,0,106,49,10,106,5,5,1,5,6,0,0,0,0,0,0,3,11,0,41,1,1,12,9,3,2012,28,26,11,369,33.54545454545455,4,3,3,433,Potential Loyalists
3878,1980,PostGraduation,Single,31859.0,1,0,2014-02-27,3,4,7,15,8,11,1,1,0,3,7,0,0,0,0,0,0,3,11,0,35,1,1,27,2,1,2014,10,3,4,48,12.0,5,1,1,511,New Customers
5092,1949,PhD,Single,51569.0,0,1,2013-02-12,380,0,47,6,0,34,4,7,1,7,8,0,1,0,0,0,0,3,11,1,66,1,1,12,2,1,2013,22,39,15,467,31.133333333333333,4,3,3,433,Potential Loyalists
2154,1971,Graduation,Single,30372.0,1,1,2012-12-25,15,0,12,7,3,7,3,2,0,3,7,0,0,0,0,0,0,3,11,0,44,1,2,25,12,4,2012,24,33,5,44,8.8,4,1,1,411,Promising
5394,1979,UnderGraduation,Single,16014.0,1,1,2013-03-17,3,9,4,7,8,7,4,1,1,4,3,0,0,0,0,0,0,3,11,0,36,1,2,17,3,1,2013,21,42,6,38,6.333333333333333,3,2,1,321,About to sleep
3798,1968,Graduation,Partner,41120.0,1,1,2013-11-06,24,2,23,0,8,24,3,2,1,3,6,0,0,0,0,0,0,3,11,0,47,1,2,6,11,4,2013,14,80,6,81,13.5,1,2,2,122,Hibernating
3524,1971,PostGraduation,Single,39763.0,1,0,2013-08-04,80,1,60,4,6,16,2,5,1,2,9,0,0,0,0,0,0,3,11,1,44,1,1,4,8,3,2013,17,9,8,167,20.875,5,2,2,522,Potential Loyalists
5247,1955,PhD,Partner,38725.0,1,1,2014-05-10,31,0,6,2,1,5,2,1,0,4,4,0,0,0,0,0,0,3,11,0,60,1,2,10,5,2,2014,7,52,5,45,9.0,3,1,1,311,About to sleep
5883,1972,Graduation,Partner,77981.0,1,0,2013-05-26,138,120,204,16,126,60,3,7,4,7,5,0,0,0,0,0,0,3,11,0,43,1,1,26,5,2,2013,19,78,18,664,36.888888888888886,2,4,4,244,At risk
2118,1964,PostGraduation,Partner,62905.0,0,1,2013-09-10,166,75,96,119,107,59,3,7,2,8,4,0,0,0,0,0,0,3,11,0,51,1,1,10,9,3,2013,15,68,17,622,36.588235294117645,2,4,3,243,At risk
8812,1979,PostGraduation,Single,13533.0,1,0,2013-03-10,12,3,8,8,0,17,2,2,0,3,7,0,0,0,0,0,0,3,11,0,36,1,1,10,3,1,2013,22,45,5,48,9.6,3,1,1,311,About to sleep
6616,1975,Graduation,Partner,59481.0,0,1,2013-10-23,178,3,85,71,66,58,2,3,3,8,2,0,0,0,0,0,0,3,11,0,40,1,1,23,10,4,2013,14,47,14,461,32.92857142857143,3,3,3,333,Need Attention
2797,1977,Graduation,Partner,72117.0,0,1,2013-08-20,707,20,171,65,60,50,1,9,7,9,5,0,0,0,0,0,0,3,11,0,38,1,1,20,8,3,2013,16,34,25,1073,42.92,4,5,4,454,Loyal Customers
4328,1986,PostGraduation,Partner,21955.0,1,0,2013-09-07,5,1,7,17,14,11,2,2,1,3,6,0,0,0,0,0,0,3,11,0,29,1,1,7,9,3,2013,16,81,6,55,9.166666666666666,1,2,1,121,Hibernating
9167,1956,Graduation,Partner,67131.0,0,1,2013-03-26,465,71,250,93,35,62,3,9,2,12,6,0,0,0,0,0,0,3,11,0,59,1,1,26,3,1,2013,21,72,23,976,42.43478260869565,2,5,4,254,Can't loose
10560,1980,PhD,Single,36802.0,1,0,2014-06-16,16,1,2,0,0,1,1,1,0,3,5,0,0,0,0,0,0,3,11,0,35,1,1,16,6,2,2014,6,23,4,20,5.0,4,1,1,411,Promising
2631,1982,Graduation,Partner,71853.0,0,0,2013-05-08,358,108,413,141,97,32,1,2,8,6,1,0,0,0,0,0,0,3,11,0,33,0,0,8,5,2,2013,20,29,16,1149,71.8125,4,4,4,444,Loyal Customers
8312,1961,UnderGraduation,Partner,28249.0,0,0,2014-06-15,1,9,7,2,14,10,1,2,0,3,6,0,0,0,0,0,0,3,11,0,54,0,0,15,6,2,2014,6,80,5,43,8.6,1,1,1,111,Hibernating
5534,1975,PostGraduation,Partner,47808.0,0,1,2013-10-20,123,1,26,2,0,72,2,3,2,3,7,1,0,0,0,0,0,3,11,0,40,1,1,20,10,4,2013,14,30,8,224,28.0,4,2,3,423,Potential Loyalists
5093,1974,PhD,Single,25509.0,1,0,2012-09-18,40,3,30,10,7,11,3,3,0,3,9,0,0,0,0,0,0,3,11,1,41,1,1,18,9,3,2012,27,15,6,101,16.833333333333332,5,2,2,522,Potential Loyalists
7592,1946,PhD,Partner,51012.0,0,0,2013-04-18,102,9,63,2,9,24,1,4,1,4,6,0,0,0,0,0,0,3,11,0,69,0,0,18,4,2,2013,20,86,9,209,23.22222222222222,1,2,3,123,Hibernating
8895,1985,Graduation,Single,70596.0,0,0,2012-10-05,347,44,534,17,0,26,1,3,5,12,2,0,0,0,0,0,0,3,11,0,30,0,0,5,10,4,2012,27,68,20,968,48.4,2,4,4,244,At risk
8584,1952,PhD,Partner,85431.0,0,0,2013-06-08,376,53,462,168,53,53,1,2,7,7,0,0,0,0,0,0,0,3,11,0,63,0,0,8,6,2,2013,19,54,16,1165,72.8125,3,4,4,344,Loyal Customers
2694,1967,Graduation,Partner,42664.0,0,1,2014-03-18,21,0,3,0,0,0,1,1,0,3,6,0,0,0,0,0,0,3,11,0,48,1,1,18,3,1,2014,9,44,4,24,6.0,3,1,1,311,About to sleep
8910,1955,Graduation,Partner,42586.0,1,1,2012-10-29,194,2,56,0,0,0,5,4,1,6,8,0,0,0,0,0,0,3,11,1,60,1,2,29,10,4,2012,26,7,11,252,22.90909090909091,5,3,3,533,Potential Loyalists
7433,1985,Graduation,Single,29760.0,1,0,2012-08-29,64,4,68,7,5,17,4,3,1,4,8,0,0,0,0,0,0,3,11,0,30,1,1,29,8,3,2012,28,87,8,165,20.625,1,2,2,122,Hibernating
164,1977,PhD,Partner,28973.0,0,0,2012-10-13,206,0,46,3,2,12,2,5,1,5,8,0,0,0,0,0,0,3,11,0,38,0,0,13,10,4,2012,27,59,11,269,24.454545454545453,2,3,3,233,At risk
10477,1973,PhD,Partner,39435.0,1,0,2013-08-06,71,0,18,0,0,13,1,3,1,2,7,0,0,0,0,0,0,3,11,0,42,1,1,6,8,3,2013,17,16,6,102,17.0,5,2,2,522,Potential Loyalists
2681,1984,PostGraduation,Partner,65370.0,0,0,2013-08-01,71,22,112,138,89,29,1,2,3,13,1,0,0,0,0,0,0,3,11,0,31,0,0,1,8,3,2013,17,1,18,461,25.61111111111111,5,4,3,543,Champions
5150,1979,UnderGraduation,Single,20194.0,1,0,2012-12-17,0,4,7,11,10,15,2,2,0,3,6,0,0,0,0,0,0,3,11,0,36,1,1,17,12,4,2012,24,64,5,47,9.4,2,1,1,211,Hibernating
5283,1976,PhD,Single,42473.0,1,1,2014-02-17,93,1,21,0,4,25,3,2,1,4,5,0,0,0,0,0,0,3,11,0,39,1,2,17,2,1,2014,10,72,7,144,20.571428571428573,2,2,2,222,Hibernating
9645,1968,Graduation,Partner,64590.0,0,0,2012-10-14,920,138,168,36,46,30,1,9,4,10,6,0,0,0,0,0,0,3,11,0,47,0,0,14,10,4,2012,26,98,23,1338,58.17391304347826,1,5,5,155,Can't loose
10678,1959,Graduation,Partner,71232.0,0,1,2013-11-28,653,17,170,34,26,17,2,11,2,10,7,0,0,0,0,0,0,3,11,0,56,1,1,28,11,4,2013,13,91,23,917,39.869565217391305,1,5,4,154,Can't loose
7261,1971,Graduation,Partner,34600.0,1,1,2013-01-01,199,33,60,8,3,15,5,5,2,5,8,0,0,0,0,0,0,3,11,1,44,1,2,1,1,1,2013,24,8,12,318,26.5,5,3,3,533,Potential Loyalists
9648,1967,Graduation,Single,46904.0,1,1,2012-11-03,153,4,56,0,9,31,4,5,1,4,8,0,0,0,0,0,0,3,11,0,48,1,2,3,11,4,2012,26,20,10,253,25.3,4,3,3,433,Potential Loyalists
2870,1973,Graduation,Partner,49094.0,0,1,2012-09-21,376,0,38,11,8,69,5,6,3,6,6,0,0,0,0,0,0,3,11,0,42,1,1,21,9,3,2012,27,6,15,502,33.46666666666667,5,3,3,533,Potential Loyalists
8008,1983,Graduation,Partner,36075.0,1,0,2013-12-09,46,0,30,12,1,30,1,2,0,4,6,0,0,0,0,0,0,3,11,0,32,1,1,9,12,4,2013,12,54,6,119,19.833333333333332,3,2,2,322,About to sleep
1513,1979,PostGraduation,Partner,60839.0,1,1,2012-08-28,600,21,128,223,150,128,13,2,2,12,8,0,0,0,0,0,0,3,11,0,36,1,2,28,8,3,2012,28,72,16,1250,78.125,2,4,5,245,At risk
6173,1979,Graduation,Partner,77298.0,0,1,2013-11-02,425,115,292,23,35,79,1,6,6,11,3,0,0,0,0,0,0,3,11,0,36,1,1,2,11,4,2013,14,46,23,969,42.130434782608695,3,5,4,354,Loyal Customers
1419,1950,Graduation,Partner,34026.0,1,1,2013-08-05,18,6,15,12,8,17,3,2,1,3,5,0,0,0,0,0,0,3,11,0,65,1,2,5,8,3,2013,17,11,6,76,12.666666666666666,5,2,2,522,Potential Loyalists
9150,1963,PhD,Single,48918.0,1,1,2014-04-12,52,0,9,0,0,1,2,1,0,4,4,0,0,0,0,0,0,3,11,0,52,1,2,12,4,2,2014,8,21,5,62,12.4,4,1,2,412,Promising
7960,1962,PostGraduation,Partner,82122.0,0,0,2013-08-15,734,22,350,151,25,100,1,3,9,13,1,0,0,1,0,0,0,3,11,0,53,0,0,15,8,3,2013,16,89,25,1382,55.28,1,5,5,155,Can't loose
1250,1976,Graduation,Single,37697.0,1,0,2014-02-07,34,6,21,11,4,8,1,2,1,3,6,0,0,0,0,0,0,3,11,0,39,1,1,7,2,1,2014,10,82,6,84,14.0,1,2,2,122,Hibernating
9905,1952,Graduation,Partner,34074.0,1,1,2013-07-13,135,1,41,10,1,67,5,3,3,3,6,1,0,0,0,0,0,3,11,0,63,1,2,13,7,3,2013,17,69,9,255,28.333333333333332,2,2,3,223,Hibernating
10691,1960,PostGraduation,Partner,28520.0,1,1,2013-06-14,11,0,10,0,2,20,1,1,1,2,6,0,0,0,0,0,0,3,11,0,55,1,2,14,6,2,2013,18,55,4,43,10.75,3,1,1,311,About to sleep
7002,1955,Graduation,Single,62535.0,0,1,2013-10-03,163,48,90,0,45,52,1,3,2,8,3,0,0,0,0,0,0,3,11,0,60,1,1,3,10,4,2013,15,13,13,398,30.615384615384617,5,3,3,533,Potential Loyalists
2952,1977,PostGraduation,Single,36273.0,1,0,2014-04-16,29,3,30,3,2,9,2,3,0,3,6,0,0,0,0,0,0,3,11,0,38,1,1,16,4,2,2014,8,80,6,76,12.666666666666666,1,2,2,122,Hibernating
8439,1964,Graduation,Partner,63404.0,0,2,2014-06-06,734,26,70,11,44,17,2,6,3,4,4,0,0,0,1,0,0,3,11,0,51,1,2,6,6,2,2014,6,97,13,902,69.38461538461539,1,3,4,134,At risk
762,1981,PostGraduation,Partner,75774.0,1,0,2014-05-02,340,21,134,258,14,56,1,7,5,8,4,0,0,0,0,0,0,3,11,0,34,1,1,2,5,2,2014,8,27,20,823,41.15,4,4,4,444,Loyal Customers
2831,1976,Graduation,Partner,78416.0,0,1,2014-06-27,453,38,279,188,38,183,2,7,7,10,3,0,0,0,0,0,0,3,11,0,39,1,1,27,6,2,2014,6,99,24,1179,49.125,1,5,5,155,Can't loose
6977,1974,Graduation,Partner,75702.0,0,1,2012-10-14,1073,0,629,145,37,37,1,10,5,13,6,0,0,1,0,0,0,3,11,0,41,1,1,14,10,4,2012,26,87,28,1921,68.60714285714286,1,5,5,155,Can't loose
6289,1951,PostGraduation,Partner,59385.0,1,1,2013-04-28,135,0,10,0,4,36,2,3,1,4,5,0,0,0,0,0,0,3,11,0,64,1,2,28,4,2,2013,20,85,8,185,23.125,1,2,2,122,Hibernating
4168,1966,Graduation,Single,37070.0,1,1,2013-03-20,231,7,137,4,15,39,9,5,1,8,7,0,0,0,0,0,0,3,11,1,49,1,2,20,3,1,2013,21,30,14,433,30.928571428571427,4,3,3,433,Potential Loyalists
8397,1951,Graduation,Partner,44689.0,1,1,2014-01-10,18,0,5,0,0,11,2,1,1,2,7,1,0,0,0,0,0,3,11,0,64,1,2,10,1,1,2014,11,82,4,34,8.5,1,1,1,111,Hibernating
9284,1958,Graduation,Partner,53977.0,0,1,2013-06-08,620,16,165,0,24,82,5,5,5,12,5,0,0,0,0,0,0,3,11,0,57,1,1,8,6,2,2013,19,21,22,907,41.22727272727273,4,5,4,454,Loyal Customers
6237,1966,PhD,Single,7144.0,0,2,2013-12-07,81,4,33,5,2,291,0,23,1,1,0,0,0,0,0,0,0,3,11,0,49,1,2,7,12,4,2013,13,92,25,416,16.64,1,5,3,153,Can't loose
3130,1964,Graduation,Single,18701.0,1,1,2013-06-04,12,4,2,10,6,10,4,2,0,4,5,0,0,0,0,0,0,3,11,0,51,1,2,4,6,2,2013,19,95,6,44,7.333333333333333,1,2,1,121,Hibernating
1619,1956,Graduation,Partner,90369.0,0,0,2014-04-28,292,51,981,224,23,17,1,4,6,6,1,0,0,0,0,0,0,3,11,1,59,0,0,28,4,2,2014,8,2,16,1588,99.25,5,4,5,545,Champions
1990,1974,PhD,Single,63159.0,0,0,2012-11-05,965,34,586,89,86,37,1,3,5,8,3,1,0,0,0,0,0,3,11,0,41,0,0,5,11,4,2012,26,74,16,1797,112.3125,2,4,5,245,At risk
5513,1966,Graduation,Partner,37758.0,1,1,2012-10-04,27,2,10,0,0,1,2,1,0,3,8,0,0,0,0,0,0,3,11,0,49,1,2,4,10,4,2012,27,49,4,40,10.0,3,1,1,311,About to sleep
269,1963,PhD,Single,46757.0,0,1,2012-11-16,777,30,163,0,51,122,6,4,4,7,9,0,0,0,0,0,0,3,11,0,52,1,1,16,11,4,2012,25,71,15,1143,76.2,2,3,4,234,At risk
8093,1969,PostGraduation,Partner,79734.0,0,0,2014-06-28,572,8,232,23,62,17,1,4,3,6,1,0,0,0,1,0,0,3,11,0,46,0,0,28,6,2,2014,6,72,13,914,70.3076923076923,2,3,4,234,At risk
10513,1992,Graduation,Partner,63207.0,0,0,2013-01-20,438,169,565,91,169,70,1,2,3,6,7,0,0,0,1,0,0,3,11,0,23,0,0,20,1,1,2013,23,68,11,1502,136.54545454545453,2,3,5,235,At risk
10177,1954,Graduation,Single,72071.0,0,1,2013-02-14,531,69,300,150,138,150,3,5,4,8,2,0,0,0,0,0,0,3,11,0,61,1,1,14,2,1,2013,22,4,17,1338,78.70588235294117,5,4,5,545,Champions
2549,1983,PhD,Partner,21840.0,1,0,2013-07-21,17,0,9,0,0,1,1,1,0,3,9,0,0,0,0,0,0,3,11,0,32,1,1,21,7,3,2013,17,80,4,27,6.75,1,1,1,111,Hibernating
5782,1982,PostGraduation,Partner,58582.0,0,1,2013-09-28,402,35,106,101,77,42,2,9,2,9,5,0,1,0,0,0,0,3,11,0,33,1,1,28,9,3,2013,15,15,20,763,38.15,5,4,4,544,Champions
10057,1951,Graduation,Single,72282.0,0,0,2013-07-19,503,27,419,90,139,153,1,5,7,9,7,0,0,0,0,0,0,3,11,1,64,0,0,19,7,3,2013,17,70,21,1331,63.38095238095238,2,5,5,255,Can't loose
10307,1956,Graduation,Partner,50387.0,0,2,2013-08-31,369,9,87,12,14,34,3,6,2,8,5,0,0,0,0,0,0,3,11,0,59,1,2,31,8,3,2013,16,91,16,525,32.8125,1,4,3,143,At risk
8566,1961,PhD,Partner,32583.0,1,1,2014-06-15,5,0,3,0,0,1,1,1,0,2,7,0,0,0,0,0,0,3,11,0,54,1,2,15,6,2,2014,6,10,3,9,3.0,5,1,1,511,New Customers
2415,1962,Graduation,Partner,62568.0,0,1,2014-04-07,362,17,398,80,35,61,3,5,3,5,4,0,0,0,1,0,0,3,11,0,53,1,1,7,4,2,2014,8,99,13,953,73.3076923076923,1,3,4,134,At risk
5684,1971,PostGraduation,Single,44635.0,1,1,2013-10-11,56,0,9,0,0,3,2,2,0,3,7,0,0,0,0,0,0,3,11,0,44,1,2,11,10,4,2013,14,25,5,68,13.6,4,1,2,412,Promising
8334,1971,PostGraduation,Single,33316.0,1,1,2013-10-04,79,1,31,4,4,12,3,2,1,4,6,0,0,0,0,0,0,3,11,0,44,1,2,4,10,4,2013,15,34,7,131,18.714285714285715,4,2,2,422,Potential Loyalists
9166,1968,Graduation,Partner,63967.0,0,1,2013-08-09,387,84,141,73,35,162,3,4,4,12,2,0,0,0,0,0,0,3,11,0,47,1,1,9,8,3,2013,17,57,20,882,44.1,3,4,4,344,Loyal Customers
1440,1978,PostGraduation,Partner,52513.0,0,0,2012-09-04,367,17,241,104,188,232,2,9,5,9,7,0,0,0,0,0,0,3,11,0,37,0,0,4,9,3,2012,28,84,23,1149,49.95652173913044,1,5,4,154,Can't loose
78,1969,Graduation,Partner,25293.0,1,0,2013-09-15,15,0,11,0,2,9,1,1,1,2,8,0,0,0,0,0,0,3,11,0,46,1,1,15,9,3,2013,15,51,4,37,9.25,3,1,1,311,About to sleep
5441,1965,PhD,Single,54111.0,0,1,2013-08-25,267,6,54,8,3,50,2,5,2,6,5,0,0,0,0,0,0,3,11,0,50,1,1,25,8,3,2013,16,97,13,388,29.846153846153847,1,3,3,133,At risk
5302,1986,Graduation,Partner,78394.0,0,0,2013-02-15,298,27,697,216,24,166,1,4,6,5,2,0,0,0,0,0,0,3,11,1,29,0,0,15,2,1,2013,22,13,15,1428,95.2,5,3,5,535,Potential Loyalists
4687,1958,PostGraduation,Partner,80739.0,0,0,2013-05-23,674,92,736,39,0,92,1,3,11,9,1,0,0,0,0,0,0,3,11,0,57,0,0,23,5,2,2013,19,92,23,1633,71.0,1,5,5,155,Can't loose
1087,1975,PostGraduation,Partner,22669.0,1,0,2013-05-22,16,14,36,37,22,48,3,4,1,2,9,0,0,0,0,0,0,3,11,1,40,1,1,22,5,2,2013,19,30,7,173,24.714285714285715,4,2,2,422,Potential Loyalists
6859,1987,Graduation,Single,29236.0,1,0,2013-10-08,37,4,24,16,9,9,2,4,0,3,9,0,0,0,0,0,0,3,11,0,28,1,1,8,10,4,2013,15,30,7,99,14.142857142857142,4,2,2,422,Potential Loyalists
9860,1959,Graduation,Partner,44911.0,0,1,2013-03-15,159,0,22,2,1,31,3,4,1,4,7,0,0,0,0,0,0,3,11,0,56,1,1,15,3,1,2013,21,11,9,215,23.88888888888889,5,2,3,523,Potential Loyalists
7129,1962,PhD,Partner,54693.0,0,1,2013-02-17,686,17,142,23,26,35,8,6,4,13,6,0,0,0,0,0,0,3,11,0,53,1,1,17,2,1,2013,22,72,23,929,40.391304347826086,2,5,4,254,Can't loose
5866,1974,Graduation,Partner,48186.0,1,0,2014-03-20,97,3,66,12,7,34,3,4,1,4,7,0,0,0,0,0,0,3,11,0,41,1,1,20,3,1,2014,9,39,9,219,24.333333333333332,4,2,3,423,Potential Loyalists
10521,1977,Graduation,Partner,54809.0,1,1,2013-09-11,63,6,57,13,13,22,4,2,1,5,4,0,0,0,0,0,0,3,11,1,38,1,2,11,9,3,2013,15,0,8,174,21.75,5,2,2,522,Potential Loyalists
7393,1978,Graduation,Partner,41580.0,1,1,2012-12-10,56,5,24,4,0,3,3,2,1,3,5,0,0,0,0,0,0,3,11,0,37,1,2,10,12,4,2012,25,15,6,92,15.333333333333334,5,2,2,522,Potential Loyalists
7849,1970,PhD,Partner,80336.0,0,0,2013-09-09,209,19,456,160,142,66,1,2,9,13,1,0,0,0,0,0,0,3,11,0,45,0,0,9,9,3,2013,15,12,24,1052,43.833333333333336,5,5,4,554,Champions
332,1957,Graduation,Partner,47743.0,0,1,2013-03-22,198,2,43,0,12,20,3,4,1,6,6,0,1,0,0,0,0,3,11,0,58,1,1,22,3,1,2013,21,56,11,275,25.0,3,3,3,333,Need Attention
9847,1955,PostGraduation,Partner,62972.0,0,1,2012-08-03,313,15,47,20,0,192,2,7,4,3,6,0,0,0,0,0,0,3,11,0,60,1,1,3,8,3,2012,29,39,14,587,41.92857142857143,4,3,3,433,Potential Loyalists
531,1954,PhD,Single,57333.0,0,1,2012-09-22,941,14,397,76,58,176,11,8,5,9,6,0,0,0,0,0,0,3,11,1,61,1,1,22,9,3,2012,27,55,22,1662,75.54545454545455,3,5,5,355,Loyal Customers
9576,1982,PhD,Partner,32313.0,1,0,2013-02-11,86,4,56,2,4,7,3,4,0,4,9,0,0,0,0,0,0,3,11,0,33,1,1,11,2,1,2013,22,60,8,159,19.875,2,2,2,222,Hibernating
6906,1953,PostGraduation,Single,84953.0,0,0,2013-06-03,167,48,602,63,72,72,1,3,10,4,2,0,1,1,1,0,0,3,11,1,62,0,0,3,6,2,2013,19,73,17,1024,60.23529411764706,2,4,4,244,At risk
7419,1968,PostGraduation,Single,27071.0,1,0,2014-04-23,8,3,19,0,2,3,2,2,0,3,6,0,0,0,0,0,0,3,11,0,47,1,1,23,4,2,2014,8,90,5,35,7.0,1,1,1,111,Hibernating
3170,1957,PostGraduation,Partner,68148.0,0,0,2013-08-31,389,66,408,37,57,85,1,4,4,6,2,0,0,0,0,0,0,3,11,0,58,0,0,31,8,3,2013,16,86,14,1042,74.42857142857143,1,3,4,134,At risk
8527,1965,PostGraduation,Partner,65735.0,1,1,2013-12-07,239,7,119,4,15,11,5,6,2,6,7,0,0,0,0,0,0,3,11,0,50,1,2,7,12,4,2013,13,37,14,395,28.214285714285715,4,3,3,433,Potential Loyalists
7872,1975,PhD,Partner,86836.0,0,0,2012-09-12,179,21,273,0,21,63,1,6,10,6,5,1,0,1,1,0,0,3,11,1,40,0,0,12,9,3,2012,28,7,22,557,25.318181818181817,5,5,3,553,Champions
9931,1963,PhD,Partner,4023.0,1,1,2014-06-23,5,0,1,1,1,1,15,0,0,0,19,0,0,0,0,0,0,3,11,0,52,1,2,23,6,2,2014,6,29,0,9,inf,4,1,1,411,Promising
10595,1990,Graduation,Partner,30093.0,0,0,2013-07-08,2,6,28,13,4,16,1,2,0,3,7,0,0,0,0,0,0,3,11,0,25,0,0,8,7,3,2013,18,19,5,69,13.8,5,1,2,512,New Customers
4609,1966,PhD,Partner,57705.0,0,1,2014-01-11,383,0,53,6,4,40,3,8,1,6,6,0,0,0,0,0,0,3,11,0,49,1,1,11,1,1,2014,11,14,15,486,32.4,5,3,3,533,Potential Loyalists
5010,1988,Graduation,Single,25008.0,1,0,2014-02-02,2,8,8,6,1,9,2,1,0,3,8,0,0,0,0,0,0,3,11,0,27,1,1,2,2,1,2014,11,72,4,34,8.5,2,1,1,211,Hibernating
4427,1995,PostGraduation,Single,83257.0,0,0,2012-09-18,536,27,590,38,107,67,1,5,10,12,6,1,0,1,0,0,1,3,11,1,20,0,0,18,9,3,2012,27,56,27,1365,50.55555555555556,3,5,5,355,Loyal Customers
11148,1975,Graduation,Partner,22280.0,1,0,2013-05-19,2,1,4,3,1,2,1,1,0,2,8,0,0,0,0,0,0,3,11,0,40,1,1,19,5,2,2013,19,85,3,13,4.333333333333333,1,1,1,111,Hibernating
1168,1978,PhD,Partner,72159.0,0,0,2012-10-29,322,53,899,34,40,53,1,4,6,10,2,0,0,0,0,0,0,3,11,0,37,0,0,29,10,4,2012,26,62,20,1401,70.05,2,4,5,245,At risk
9595,1961,Graduation,Partner,64260.0,0,0,2013-01-11,539,169,816,20,0,30,1,4,5,4,3,0,0,0,0,0,0,3,11,1,54,0,0,11,1,1,2013,24,1,13,1574,121.07692307692308,5,3,5,535,Potential Loyalists
10163,1984,PhD,Single,82733.0,0,0,2013-09-10,712,50,420,65,38,38,1,8,4,7,4,0,0,0,0,0,0,3,11,1,31,0,0,10,9,3,2013,15,28,19,1323,69.63157894736842,4,4,5,445,Loyal Customers
2886,1971,PostGraduation,Single,74290.0,0,1,2013-08-12,1121,0,72,0,12,12,4,10,8,10,6,0,1,0,1,0,0,3,11,0,44,1,1,12,8,3,2013,16,70,28,1217,43.464285714285715,2,5,5,255,Can't loose
6710,1951,PostGraduation,Single,58217.0,2,1,2012-11-17,68,1,13,3,5,13,1,2,0,4,6,0,0,0,0,0,0,3,11,0,64,1,3,17,11,4,2012,25,84,6,103,17.166666666666668,1,2,2,122,Hibernating
5316,1976,PostGraduation,Partner,21024.0,0,0,2013-07-04,36,4,18,6,2,18,1,2,0,4,7,0,0,0,0,0,0,3,11,0,39,0,0,4,7,3,2013,18,89,6,84,14.0,1,2,2,122,Hibernating
9029,1972,PhD,Partner,70116.0,0,0,2013-01-26,707,44,603,95,58,29,1,2,8,12,1,0,0,0,0,0,0,3,11,0,43,0,0,26,1,1,2013,23,73,22,1536,69.81818181818181,2,5,5,255,Can't loose
521,1985,Graduation,Partner,54006.0,1,0,2012-09-18,174,77,203,6,24,97,2,8,1,7,7,0,0,0,0,0,0,3,11,0,30,1,1,18,9,3,2012,27,42,16,581,36.3125,3,4,3,343,Loyal Customers
1459,1966,PhD,Partner,69063.0,0,1,2012-11-07,666,35,124,69,8,26,1,5,3,5,3,0,0,0,0,0,0,3,11,0,49,1,1,7,11,4,2012,26,16,13,928,71.38461538461539,5,3,4,534,Potential Loyalists
10241,1975,PostGraduation,Single,11448.0,0,0,2013-12-15,0,0,0,6,2,6,1,1,0,2,6,0,0,0,0,0,0,3,11,0,40,0,0,15,12,4,2013,12,16,3,14,4.666666666666667,5,1,1,511,New Customers
1630,1979,Graduation,Single,61825.0,0,1,2013-08-07,162,50,100,55,30,27,1,4,2,8,4,0,0,0,0,0,0,3,11,0,36,1,1,7,8,3,2013,17,56,14,424,30.285714285714285,3,3,3,333,Need Attention
3254,1971,Graduation,Partner,70886.0,1,0,2013-10-14,407,70,239,103,88,53,1,5,4,4,2,0,0,0,0,0,0,3,11,0,44,1,1,14,10,4,2013,14,65,13,960,73.84615384615384,2,3,4,234,At risk
9064,1982,Graduation,Partner,69109.0,0,0,2012-11-09,823,25,459,124,29,95,1,6,6,7,4,0,0,1,0,0,0,3,11,1,33,0,0,9,11,4,2012,26,10,19,1555,81.84210526315789,5,4,5,545,Champions
3678,1973,Graduation,Single,60208.0,1,1,2012-10-07,488,23,71,15,0,59,11,8,3,7,7,0,1,0,0,0,0,3,11,1,42,1,2,7,10,4,2012,27,13,18,656,36.44444444444444,5,4,4,544,Champions
4227,1968,PostGraduation,Partner,32889.0,1,1,2013-09-06,28,0,13,4,2,8,3,2,1,3,5,0,0,0,0,0,0,3,11,0,47,1,2,6,9,3,2013,16,78,6,55,9.166666666666666,2,2,1,221,Hibernating
9467,1984,Graduation,Single,34738.0,1,0,2014-05-11,3,2,10,3,0,2,1,1,0,3,6,0,0,0,0,0,0,3,11,0,31,1,1,11,5,2,2014,7,51,4,20,5.0,3,1,1,311,About to sleep
8486,1971,PostGraduation,Partner,30538.0,1,0,2012-10-01,284,0,52,8,3,20,4,9,0,4,10,0,0,0,0,0,0,3,11,0,44,1,1,1,10,4,2012,27,27,13,367,28.23076923076923,4,3,3,433,Potential Loyalists
2186,1977,PostGraduation,Partner,82326.0,0,0,2014-03-10,938,142,754,159,81,183,1,5,10,6,2,0,1,1,1,0,0,3,11,1,38,0,0,10,3,1,2014,9,30,21,2257,107.47619047619048,4,5,5,455,Loyal Customers
3286,1967,PhD,Single,26642.0,1,0,2014-03-01,13,2,15,2,2,8,2,2,0,3,6,0,0,0,0,0,0,3,11,0,48,1,1,1,3,1,2014,10,71,5,42,8.4,2,1,1,211,Hibernating
8602,1964,Graduation,Single,69932.0,0,1,2013-06-12,412,172,153,150,105,57,2,7,6,11,4,0,0,0,0,0,0,3,11,0,51,1,1,12,6,2,2013,18,97,24,1049,43.708333333333336,1,5,4,154,Can't loose
3722,1972,Graduation,Single,44503.0,1,1,2014-04-16,31,1,8,0,0,8,2,2,0,3,6,0,0,0,0,0,0,3,11,0,43,1,2,16,4,2,2014,8,83,5,48,9.6,1,1,1,111,Hibernating
6715,1948,PhD,Single,60200.0,0,1,2013-01-02,502,19,132,0,6,26,6,6,2,11,6,0,0,0,0,0,0,3,11,0,67,1,1,2,1,1,2013,24,3,19,685,36.05263157894737,5,4,4,544,Champions
4796,1952,Graduation,Single,49638.0,0,1,2014-04-19,18,10,3,3,5,0,1,1,0,3,2,0,0,0,0,0,0,3,11,0,63,1,1,19,4,2,2014,8,71,4,39,9.75,2,1,1,211,Hibernating
9612,1987,PostGraduation,Single,23830.0,0,0,2014-02-07,1,8,6,4,8,16,1,1,0,3,7,0,0,0,0,0,0,3,11,0,28,0,0,7,2,1,2014,10,3,4,43,10.75,5,1,1,511,New Customers
3766,1959,PostGraduation,Single,33051.0,0,0,2012-08-16,100,71,243,108,94,219,3,9,1,8,9,0,0,0,0,0,0,3,11,1,56,0,0,16,8,3,2012,28,15,18,835,46.388888888888886,5,4,4,544,Champions
1399,1958,Graduation,Partner,72905.0,0,0,2014-01-21,407,114,445,181,165,203,1,3,7,9,1,0,0,0,1,0,0,3,11,0,57,0,0,21,1,1,2014,11,52,19,1515,79.73684210526316,3,4,5,345,Loyal Customers
1570,1951,PhD,Partner,69702.0,0,1,2013-02-19,664,9,240,50,19,57,2,7,7,10,4,0,0,0,0,0,0,3,11,0,64,1,1,19,2,1,2013,22,8,24,1039,43.291666666666664,5,5,4,554,Champions
3426,1975,Graduation,Single,70300.0,1,0,2013-07-15,1045,61,338,60,46,46,3,5,5,13,8,0,0,0,0,0,0,3,11,0,40,1,1,15,7,3,2013,17,89,23,1596,69.3913043478261,1,5,5,155,Can't loose
3074,1984,PhD,Partner,70643.0,0,0,2012-10-15,1218,107,304,23,143,33,1,5,8,4,6,0,0,0,0,0,0,3,11,1,31,0,0,15,10,4,2012,26,66,17,1828,107.52941176470588,2,4,5,245,At risk
8341,1969,PhD,Partner,30396.0,1,0,2014-04-30,15,0,6,0,1,12,2,1,1,2,7,1,0,0,0,0,0,3,11,1,46,1,1,30,4,2,2014,8,22,4,34,8.5,4,1,1,411,Promising
5180,1968,PhD,Single,50616.0,0,1,2014-04-18,128,0,16,0,1,4,2,4,0,4,7,0,0,0,0,0,0,3,11,0,47,1,1,18,4,2,2014,8,56,8,149,18.625,3,2,2,322,About to sleep
6461,1969,PostGraduation,Single,62772.0,0,1,2013-05-19,581,49,157,43,8,108,1,5,6,11,2,0,1,0,0,0,0,3,11,0,46,1,1,19,5,2,2013,19,74,22,946,43.0,2,5,4,254,Can't loose
7679,1985,PhD,Single,30298.0,0,0,2014-05-19,6,3,12,6,1,0,1,1,1,3,3,0,0,0,0,0,0,3,11,0,30,0,0,19,5,2,2014,7,48,5,28,5.6,3,1,1,311,About to sleep
10702,1984,Graduation,Single,52413.0,1,0,2012-11-03,185,8,133,56,56,12,2,7,1,7,7,0,0,0,0,0,0,3,11,0,31,1,1,3,11,4,2012,26,67,15,450,30.0,2,3,3,233,At risk
7505,1957,PhD,Partner,44155.0,1,1,2014-01-19,22,1,9,0,0,14,1,1,1,2,4,0,0,0,0,0,0,3,11,0,58,1,2,19,1,1,2014,11,24,4,46,11.5,4,1,1,411,Promising
5113,1971,PhD,Single,86979.0,0,0,2013-11-07,584,100,835,65,83,35,1,5,5,5,2,1,0,0,0,0,0,3,11,1,44,0,0,7,11,4,2013,14,67,15,1702,113.46666666666667,2,3,5,235,At risk
10858,1975,Graduation,Partner,76532.0,1,1,2013-09-09,355,30,177,90,138,30,4,9,5,7,5,0,0,0,0,0,0,3,11,0,40,1,2,9,9,3,2013,15,38,21,820,39.04761904761905,4,5,4,454,Loyal Customers
2961,1982,Graduation,Partner,42081.0,1,0,2013-02-26,175,10,110,54,6,27,2,6,3,4,6,1,0,0,0,0,0,3,11,0,33,1,1,26,2,1,2013,22,86,13,382,29.384615384615383,1,3,3,133,At risk
2747,1988,PhD,Partner,67546.0,0,0,2012-08-31,864,134,768,150,38,172,1,4,10,5,3,0,0,0,0,0,0,3,11,0,27,0,0,31,8,3,2012,28,90,19,2126,111.89473684210526,1,4,5,145,At risk
3010,1989,PostGraduation,Partner,88420.0,0,0,2014-05-02,957,153,612,99,95,153,1,4,7,8,1,1,0,1,1,0,0,3,11,0,26,0,0,2,5,2,2014,8,87,19,2069,108.89473684210526,1,4,5,145,At risk
5790,1985,Graduation,Partner,31158.0,1,0,2013-01-27,25,6,16,20,0,5,2,2,0,3,8,0,0,0,0,0,0,3,11,0,30,1,1,27,1,1,2013,23,62,5,72,14.4,2,1,2,212,Hibernating
6892,1968,Graduation,Single,61671.0,0,1,2014-06-03,641,7,56,0,0,28,8,10,4,6,8,0,1,0,1,0,0,3,11,0,47,1,1,3,6,2,2014,7,23,20,732,36.6,4,4,4,444,Loyal Customers
1743,1974,Graduation,Single,69719.0,0,0,2014-05-26,273,86,208,177,14,43,1,2,3,5,1,0,0,0,0,0,0,3,11,0,41,0,0,26,5,2,2014,7,99,10,801,80.1,1,3,4,134,At risk
3578,1949,Graduation,Single,49160.0,0,1,2013-10-20,122,21,43,25,10,15,2,3,1,6,6,0,0,0,0,0,0,3,11,0,66,1,1,20,10,4,2013,14,29,10,236,23.6,4,3,3,433,Potential Loyalists
8462,1978,UnderGraduation,Partner,24882.0,1,0,2012-09-09,1,4,10,29,0,36,1,1,1,2,6,1,0,0,0,0,0,3,11,0,37,1,1,9,9,3,2012,28,52,4,80,20.0,3,1,2,312,About to sleep
5558,1954,PhD,Single,90933.0,0,0,2014-03-31,1020,31,430,62,63,79,1,4,6,4,1,0,0,1,0,0,0,3,11,0,61,0,0,31,3,1,2014,9,90,14,1685,120.35714285714286,1,3,5,135,At risk
4619,1945,PhD,Single,113734.0,0,0,2014-05-28,6,2,3,1,262,3,0,27,0,0,1,0,0,0,0,0,0,3,11,0,70,0,0,28,5,2,2014,7,9,27,277,10.25925925925926,5,5,3,553,Champions
8780,1950,PhD,Partner,59292.0,0,1,2013-06-13,378,14,68,19,14,14,2,3,5,8,3,0,0,0,0,0,0,3,11,0,65,1,1,13,6,2,2013,18,71,16,507,31.6875,2,4,3,243,At risk
10789,1964,PhD,Partner,45759.0,1,1,2013-02-23,42,1,18,3,0,4,2,2,0,3,7,0,0,0,0,0,0,3,11,0,51,1,2,23,2,1,2013,22,13,5,68,13.6,5,1,2,512,New Customers
10779,1983,Graduation,Single,22148.0,0,0,2014-04-13,15,5,14,0,4,11,1,1,0,3,7,0,0,0,0,0,0,3,11,0,32,0,0,13,4,2,2014,8,16,4,49,12.25,5,1,1,511,New Customers
5896,1987,PostGraduation,Partner,73395.0,0,0,2014-03-18,272,7,80,20,7,11,1,4,4,6,2,0,0,0,0,0,0,3,11,0,28,0,0,18,3,1,2014,9,94,14,397,28.357142857142858,1,3,3,133,At risk
2337,1971,Graduation,Single,29819.0,1,0,2013-10-24,9,1,24,2,1,2,3,3,0,3,6,0,0,0,0,0,0,3,11,0,44,1,1,24,10,4,2013,14,77,6,39,6.5,2,2,1,221,Hibernating
10951,1968,Graduation,Partner,45688.0,0,1,2014-01-25,279,0,18,0,0,9,2,3,1,8,4,0,1,0,0,0,0,3,11,0,47,1,1,25,1,1,2014,11,20,12,306,25.5,4,3,3,433,Potential Loyalists
544,1954,Graduation,Partner,62820.0,0,0,2013-05-11,398,61,265,138,61,53,1,3,4,6,1,0,0,0,0,0,0,3,11,0,61,0,0,11,5,2,2013,20,51,13,976,75.07692307692308,3,3,4,334,Need Attention
17,1971,PhD,Partner,60491.0,0,1,2013-09-06,637,47,237,12,19,76,4,6,11,7,5,0,0,0,0,0,0,3,11,0,44,1,1,6,9,3,2013,16,81,24,1028,42.833333333333336,1,5,4,154,Can't loose
10680,1986,Graduation,Partner,33235.0,1,0,2014-02-05,45,0,16,2,1,6,1,3,0,3,7,0,0,0,0,0,0,3,11,0,29,1,1,5,2,1,2014,11,71,6,70,11.666666666666666,2,2,2,222,Hibernating
3265,1959,Graduation,Partner,35701.0,0,0,2013-03-19,21,1,9,7,3,5,1,1,0,3,6,0,0,0,0,0,0,3,11,0,56,0,0,19,3,1,2013,21,36,4,46,11.5,4,1,1,411,Promising
5623,1980,PostGraduation,Partner,31535.0,1,0,2013-09-26,15,4,13,0,0,19,1,1,1,2,7,1,0,0,0,0,0,3,11,0,35,1,1,26,9,3,2013,15,95,4,51,12.75,1,1,1,111,Hibernating
5832,1960,PostGraduation,Partner,92556.0,0,0,2014-04-20,493,183,352,184,23,28,0,3,5,13,0,0,0,0,0,0,0,3,11,0,55,0,0,20,4,2,2014,8,32,21,1263,60.142857142857146,4,5,5,455,Loyal Customers
5544,1970,Graduation,Single,67384.0,0,1,2012-11-10,957,40,175,158,53,107,2,7,8,5,5,0,1,0,0,0,0,3,11,0,45,1,1,10,11,4,2012,26,32,20,1490,74.5,4,4,5,445,Loyal Customers
6417,1971,PostGraduation,Partner,80573.0,0,0,2012-10-14,829,138,430,60,92,15,1,4,6,13,2,0,0,0,0,0,0,3,11,0,44,0,0,14,10,4,2012,26,85,23,1564,68.0,1,5,5,155,Can't loose
5831,1967,Graduation,Partner,77870.0,0,1,2012-08-22,1017,50,500,65,50,133,3,5,5,5,8,0,1,0,1,0,0,3,11,1,48,1,1,22,8,3,2012,28,93,15,1815,121.0,1,3,5,135,At risk
7101,1963,PhD,Single,52278.0,0,1,2013-01-25,953,0,71,0,0,174,6,10,5,10,8,0,0,0,0,0,0,3,11,0,52,1,1,25,1,1,2013,23,24,25,1198,47.92,4,5,5,455,Loyal Customers
10176,1968,Graduation,Single,57107.0,0,1,2012-08-24,159,0,120,0,0,137,7,4,4,8,8,0,1,0,0,1,0,3,11,1,47,1,1,24,8,3,2012,28,44,16,416,26.0,3,4,3,343,Loyal Customers
2326,1990,Graduation,Partner,18929.0,0,0,2013-02-16,32,0,8,23,4,18,1,1,0,4,6,0,0,0,0,0,0,3,11,0,25,0,0,16,2,1,2013,22,15,5,85,17.0,5,1,2,512,New Customers
4385,1981,PhD,Single,36038.0,1,0,2013-05-31,23,0,15,0,2,7,2,3,0,3,6,0,0,0,0,0,0,3,11,0,34,1,1,31,5,2,2013,19,82,6,47,7.833333333333333,1,2,1,121,Hibernating
2929,1976,Graduation,Single,20180.0,0,0,2013-02-20,18,42,24,15,20,18,1,2,1,4,7,0,0,0,0,0,0,3,11,0,39,0,0,20,2,1,2013,22,27,7,137,19.571428571428573,4,2,2,422,Potential Loyalists
10686,1965,PhD,Partner,34230.0,1,1,2012-12-26,15,0,4,0,0,2,1,1,0,2,7,0,0,0,0,0,0,3,11,0,50,1,2,26,12,4,2012,24,72,3,21,7.0,2,1,1,211,Hibernating
2546,1977,PostGraduation,Single,31878.0,0,1,2014-06-22,23,4,5,10,5,23,1,1,0,4,3,0,0,0,0,0,0,3,11,0,38,1,1,22,6,2,2014,6,7,5,70,14.0,5,1,2,512,New Customers
3283,1972,PostGraduation,Partner,70932.0,0,1,2014-01-19,200,193,100,46,185,185,2,6,2,12,3,0,0,0,0,0,0,3,11,0,43,1,1,19,1,1,2014,11,57,20,909,45.45,3,4,4,344,Loyal Customers
3138,1956,Graduation,Single,91249.0,0,0,2012-10-20,1324,27,119,71,108,27,0,7,9,6,4,0,1,1,1,1,0,3,11,1,59,0,0,20,10,4,2012,26,84,22,1676,76.18181818181819,1,5,5,155,Can't loose
4994,1943,PostGraduation,Single,77598.0,0,0,2013-10-01,1193,33,281,129,66,33,1,7,5,13,3,0,0,1,0,0,0,3,11,0,72,0,0,1,10,4,2013,15,53,25,1735,69.4,3,5,5,355,Loyal Customers
7966,1959,Graduation,Single,80982.0,1,1,2013-01-08,505,137,401,104,22,22,3,11,5,11,5,0,0,0,0,0,1,3,11,0,56,1,2,8,1,1,2013,24,48,27,1191,44.111111111111114,3,5,5,355,Loyal Customers
3112,1977,PostGraduation,Partner,22701.0,1,0,2013-09-05,2,4,9,0,4,5,1,1,0,3,5,0,0,0,0,0,0,3,11,0,38,1,1,5,9,3,2013,16,2,4,24,6.0,5,1,1,511,New Customers
10872,1969,PhD,Partner,55212.0,0,1,2012-11-23,1103,0,45,0,0,34,3,4,2,11,8,0,1,0,0,1,0,3,11,0,46,1,1,23,11,4,2012,25,65,17,1182,69.52941176470588,2,4,5,245,At risk
2181,1970,Graduation,Partner,70617.0,0,0,2013-06-23,353,61,753,40,46,27,1,3,3,7,2,0,0,0,0,0,0,3,11,0,45,0,0,23,6,2,2013,18,45,13,1280,98.46153846153847,3,3,5,335,Need Attention
1867,1957,Graduation,Single,64849.0,0,0,2012-11-13,652,48,350,94,84,108,1,9,3,6,5,0,0,0,0,0,0,3,11,1,58,0,0,13,11,4,2012,25,42,18,1336,74.22222222222223,3,4,5,345,Loyal Customers
1518,1965,PostGraduation,Partner,62694.0,1,1,2013-06-17,379,6,157,25,91,91,5,9,3,7,7,0,0,0,0,0,0,3,11,0,50,1,2,17,6,2,2013,18,29,19,749,39.421052631578945,4,4,4,444,Loyal Customers
5734,1974,PhD,Partner,61917.0,1,1,2013-11-20,46,4,36,2,2,1,1,2,0,4,5,0,0,0,0,0,0,3,11,0,41,1,2,20,11,4,2013,13,83,6,91,15.166666666666666,1,2,2,122,Hibernating
2878,1947,PhD,Partner,67472.0,0,1,2013-09-28,162,31,127,8,17,69,2,4,2,7,3,0,0,0,0,0,0,3,11,0,68,1,1,28,9,3,2013,15,93,13,414,31.846153846153847,1,3,3,133,At risk
1458,1982,PostGraduation,Partner,21059.0,1,0,2014-01-07,8,3,19,3,3,8,3,3,0,3,6,0,0,0,0,0,0,3,11,0,33,1,1,7,1,1,2014,11,40,6,44,7.333333333333333,3,2,1,321,About to sleep
7007,1968,PostGraduation,Partner,29543.0,2,0,2014-04-01,17,3,18,3,4,18,2,3,1,2,7,0,0,0,0,0,0,3,11,0,47,1,2,1,4,2,2014,9,47,6,63,10.5,3,2,2,322,About to sleep
6200,1951,Graduation,Partner,75903.0,0,1,2013-04-08,340,108,185,130,38,100,2,6,6,9,3,0,0,0,0,0,0,3,11,0,64,1,1,8,4,2,2013,21,50,21,901,42.904761904761905,3,5,4,354,Loyal Customers
1403,1975,PostGraduation,Partner,34984.0,1,1,2012-09-06,8,4,15,3,5,3,2,1,0,3,7,0,0,0,0,0,0,3,11,0,40,1,2,6,9,3,2012,28,40,4,38,9.5,3,1,1,311,About to sleep
4827,1956,PhD,Single,54998.0,0,1,2013-03-10,154,22,202,39,30,8,5,4,2,9,4,0,0,0,0,0,0,3,11,1,59,1,1,10,3,1,2013,22,3,15,455,30.333333333333332,5,3,3,533,Potential Loyalists
6250,1949,PhD,Single,54356.0,0,1,2012-11-19,710,15,30,20,0,0,3,11,2,8,8,0,0,0,0,0,0,3,11,1,66,1,1,19,11,4,2012,25,62,21,775,36.904761904761905,2,5,4,254,Can't loose
9291,1959,PostGraduation,Partner,34242.0,0,1,2014-03-23,8,2,4,0,0,1,1,0,0,3,5,0,0,0,0,0,0,3,11,0,56,1,1,23,3,1,2014,9,25,3,15,5.0,4,1,1,411,Promising
2478,1973,Graduation,Partner,25410.0,1,0,2013-08-31,2,2,4,13,13,4,1,1,0,4,4,0,0,0,0,0,0,3,11,0,42,1,1,31,8,3,2013,16,48,5,38,7.6,3,1,1,311,About to sleep
1139,1984,PhD,Partner,73356.0,0,0,2014-02-06,1050,14,322,0,14,112,1,5,11,5,2,1,0,1,1,0,0,3,11,1,31,0,0,6,2,1,2014,10,56,21,1512,72.0,3,5,5,355,Loyal Customers
5138,1950,Graduation,Partner,28320.0,0,1,2013-01-14,19,1,14,3,2,4,1,1,0,3,8,0,0,0,0,0,0,3,11,0,65,1,1,14,1,1,2013,23,68,4,43,10.75,2,1,1,211,Hibernating
5393,1977,Graduation,Single,23763.0,1,0,2012-08-07,22,0,6,6,2,6,1,1,0,3,7,0,0,0,0,0,0,3,11,0,38,1,1,7,8,3,2012,29,64,4,42,10.5,2,1,1,211,Hibernating
10413,1984,Graduation,Partner,72570.0,0,0,2014-04-25,274,83,216,151,141,224,1,4,6,12,1,0,0,0,0,0,0,3,11,0,31,0,0,25,4,2,2014,8,67,22,1089,49.5,2,5,4,254,Can't loose
5015,1976,PostGraduation,Partner,34529.0,1,0,2012-09-14,68,6,38,3,6,41,2,2,2,3,7,0,0,0,0,0,0,3,11,0,39,1,1,14,9,3,2012,27,94,7,162,23.142857142857142,1,2,2,122,Hibernating
10868,1951,Graduation,Single,70792.0,0,0,2013-02-06,344,45,654,104,11,114,2,3,4,10,3,0,0,0,0,0,0,3,11,0,64,0,0,6,2,1,2013,23,82,17,1272,74.82352941176471,1,4,5,145,At risk
10676,1982,Graduation,Partner,63211.0,0,0,2012-11-02,145,193,459,205,26,145,2,3,8,7,2,0,0,0,0,0,0,3,11,1,33,0,0,2,11,4,2012,26,3,18,1173,65.16666666666667,5,4,4,544,Champions
2495,1974,PostGraduation,Partner,83891.0,0,1,2014-06-20,217,38,350,111,85,15,1,4,7,10,1,0,0,0,0,0,0,3,11,0,41,1,1,20,6,2,2014,6,24,21,816,38.857142857142854,4,5,4,454,Loyal Customers
7842,1968,Graduation,Single,36065.0,1,1,2013-03-31,18,7,34,10,2,3,3,3,0,3,8,0,0,0,0,0,0,3,11,0,47,1,2,31,3,1,2013,21,54,6,74,12.333333333333334,3,2,2,322,About to sleep
9955,1954,Graduation,Partner,39898.0,0,1,2013-02-12,69,8,26,12,7,12,2,3,0,4,7,0,0,0,0,0,0,3,11,0,61,1,1,12,2,1,2013,22,20,7,134,19.142857142857142,4,2,2,422,Potential Loyalists
6663,1940,PhD,Single,51141.0,0,0,2013-07-08,144,0,7,0,0,6,1,3,1,4,5,0,0,0,0,0,0,3,11,0,75,0,0,8,7,3,2013,18,96,8,157,19.625,1,2,2,122,Hibernating
2162,1976,Graduation,Partner,56939.0,0,1,2013-09-18,256,34,103,90,29,49,2,3,3,10,3,0,0,0,0,0,0,3,11,0,39,1,1,18,9,3,2013,15,19,16,561,35.0625,5,4,3,543,Champions
3434,1951,Graduation,Single,80872.0,0,0,2014-05-12,483,72,567,94,12,108,1,4,4,10,1,0,0,0,0,0,0,3,11,0,64,0,0,12,5,2,2014,7,60,18,1336,74.22222222222223,2,4,5,245,At risk
7919,1976,PhD,Partner,72335.0,0,0,2012-08-13,1285,105,653,28,21,0,1,10,4,8,8,0,0,0,0,0,0,3,11,1,39,0,0,13,8,3,2012,29,2,22,2092,95.0909090909091,5,5,5,555,Champions
5626,1964,PhD,Single,61798.0,0,0,2013-11-23,338,4,89,11,8,13,1,4,2,9,4,0,0,0,0,0,0,3,11,0,51,0,0,23,11,4,2013,13,13,15,463,30.866666666666667,5,3,3,533,Potential Loyalists
6428,1950,PhD,Single,76842.0,0,0,2014-05-03,605,10,345,84,54,32,1,1,8,7,0,0,0,0,0,0,0,3,11,0,65,0,0,3,5,2,2014,8,37,16,1130,70.625,4,4,4,444,Loyal Customers
8514,1976,Graduation,Partner,29478.0,1,0,2014-01-17,8,0,7,3,1,1,1,1,0,3,6,0,0,0,0,0,0,3,11,0,39,1,1,17,1,1,2014,11,59,4,20,5.0,2,1,1,211,Hibernating
10448,1956,Graduation,Single,46998.0,0,1,2012-10-22,172,41,86,45,6,27,5,5,3,5,7,1,0,0,0,0,0,3,11,0,59,1,1,22,10,4,2012,26,55,13,377,29.0,3,3,3,333,Need Attention
2109,1990,Graduation,Single,96843.0,0,0,2013-04-23,448,71,951,40,17,17,1,6,11,10,2,0,0,1,0,0,0,3,11,1,25,0,0,23,4,2,2013,20,60,27,1544,57.18518518518518,2,5,5,255,Can't loose
7530,1950,PhD,Single,56551.0,1,1,2014-05-07,67,4,32,17,2,16,3,2,1,4,4,0,0,0,0,0,0,3,11,0,65,1,2,7,5,2,2014,7,48,7,138,19.714285714285715,3,2,2,322,About to sleep
8925,1965,PostGraduation,Partner,70053.0,0,1,2013-07-03,512,53,98,81,179,89,3,8,5,10,5,0,0,0,0,0,0,3,11,0,50,1,1,3,7,3,2013,18,38,23,1012,44.0,4,5,4,454,Loyal Customers
3009,1962,PhD,Single,71670.0,0,0,2013-07-09,1462,16,128,0,0,160,1,5,3,6,6,0,1,1,0,1,0,3,11,1,53,0,0,9,7,3,2013,18,8,14,1766,126.14285714285714,5,3,5,535,Potential Loyalists
6355,1978,Graduation,Partner,44359.0,1,1,2014-06-17,20,0,14,7,3,1,3,2,0,4,3,0,0,0,0,0,0,3,11,0,37,1,2,17,6,2,2014,6,19,6,45,7.5,5,2,1,521,Potential Loyalists
3517,1952,Graduation,Single,40887.0,1,1,2013-05-06,50,4,44,10,10,43,3,3,1,3,9,0,0,0,0,0,0,3,11,1,63,1,2,6,5,2,2013,20,32,7,161,23.0,4,2,2,422,Potential Loyalists
1158,1966,Graduation,Single,48877.0,0,1,2014-01-05,102,1,15,2,0,24,1,3,0,4,7,0,0,0,0,0,0,3,11,0,49,1,1,5,1,1,2014,12,27,7,144,20.571428571428573,4,2,2,422,Potential Loyalists
6203,1947,Graduation,Partner,74485.0,0,0,2013-08-24,499,149,815,173,49,49,1,6,7,12,3,0,0,0,0,0,0,3,11,0,68,0,0,24,8,3,2013,16,58,25,1734,69.36,3,5,5,355,Loyal Customers
7165,1972,Graduation,Partner,64474.0,0,1,2013-10-22,381,35,172,56,86,93,2,8,2,10,5,0,0,0,0,0,0,3,11,0,43,1,1,22,10,4,2013,14,59,20,823,41.15,2,4,4,244,At risk
3595,1963,Graduation,Partner,77226.0,0,1,2014-02-28,631,43,239,128,76,21,2,6,8,12,3,0,0,0,0,0,0,3,11,0,52,1,1,28,2,1,2014,10,29,26,1138,43.76923076923077,4,5,4,454,Loyal Customers
8537,1949,Graduation,Single,72643.0,0,0,2013-02-27,526,80,553,123,94,53,1,3,10,7,2,0,0,0,1,0,0,3,11,1,66,0,0,27,2,1,2013,22,60,20,1429,71.45,2,4,5,245,At risk
4331,1978,PostGraduation,Partner,85738.0,0,0,2014-01-23,913,26,376,17,26,13,1,3,6,11,1,0,1,1,0,0,0,3,11,0,37,0,0,23,1,1,2014,11,41,20,1371,68.55,3,4,5,345,Loyal Customers
6281,1966,Graduation,Single,55686.0,0,1,2013-02-14,673,0,199,37,47,26,2,6,3,5,4,1,0,0,0,0,0,3,11,0,49,1,1,14,2,1,2013,22,27,14,982,70.14285714285714,4,3,4,434,Potential Loyalists
4338,1983,Graduation,Single,39062.0,1,0,2014-03-25,23,0,9,0,0,12,1,1,0,3,4,1,0,0,0,0,0,3,11,0,32,1,1,25,3,1,2014,9,28,4,44,11.0,4,1,1,411,Promising
2452,1971,Graduation,Partner,34600.0,1,1,2013-01-01,199,33,60,8,3,15,5,5,2,5,8,0,0,0,0,0,0,3,11,1,44,1,2,1,1,1,2013,24,8,12,318,26.5,5,3,3,533,Potential Loyalists
9507,1975,Graduation,Partner,40794.0,0,1,2013-04-07,261,23,73,4,23,50,2,6,3,5,7,0,0,0,0,0,0,3,11,0,40,1,1,7,4,2,2013,21,18,14,434,31.0,5,3,3,533,Potential Loyalists
8360,1971,PostGraduation,Partner,54690.0,1,1,2013-11-07,111,16,37,7,9,18,3,3,1,5,3,0,0,0,0,0,0,3,11,0,44,1,2,7,11,4,2013,14,76,9,198,22.0,2,2,2,222,Hibernating
10311,1969,Graduation,Partner,4428.0,0,1,2013-10-05,16,4,12,2,4,321,0,25,0,0,1,0,0,0,0,0,0,3,11,0,46,1,1,5,10,4,2013,15,0,25,359,14.36,5,5,3,553,Champions
5117,1963,PostGraduation,Partner,32632.0,0,0,2012-08-02,63,151,137,153,19,53,2,4,4,8,5,0,0,0,0,0,0,3,11,0,52,0,0,2,8,3,2012,29,32,16,576,36.0,4,4,3,443,Loyal Customers
4867,1968,PhD,Single,38236.0,1,1,2013-09-20,58,0,18,2,0,10,4,3,0,4,7,0,0,0,0,0,0,3,11,0,47,1,2,20,9,3,2013,15,2,7,88,12.571428571428571,5,2,2,522,Potential Loyalists
9289,1979,Graduation,Partner,36781.0,1,0,2014-04-10,29,1,17,0,3,13,1,2,1,2,8,0,0,0,0,0,0,3,11,1,36,1,1,10,4,2,2014,8,16,5,63,12.6,5,1,2,512,New Customers
10913,1984,PostGraduation,Single,31385.0,1,0,2012-12-05,3,2,12,0,1,9,1,1,0,2,8,1,0,0,0,0,0,3,11,1,31,1,1,5,12,4,2012,25,56,3,27,9.0,3,1,1,311,About to sleep
3032,1984,Graduation,Partner,24570.0,1,0,2013-02-27,28,34,62,11,14,44,3,4,0,4,9,0,0,0,0,0,0,3,11,0,31,1,1,27,2,1,2013,22,97,8,193,24.125,1,2,2,122,Hibernating
8524,1974,PhD,Single,25509.0,1,0,2012-09-18,40,3,30,10,7,11,3,3,0,3,9,0,0,0,0,0,0,3,11,1,41,1,1,18,9,3,2012,27,15,6,101,16.833333333333332,5,2,2,522,Potential Loyalists
3334,1951,Graduation,Partner,94642.0,0,0,2014-02-12,879,143,797,106,143,143,0,5,7,9,1,0,0,1,1,0,0,3,11,0,64,0,0,12,2,1,2014,10,35,21,2211,105.28571428571429,4,5,5,455,Loyal Customers
4470,1962,PostGraduation,Partner,58646.0,0,1,2013-06-10,62,1,44,6,5,22,1,2,1,4,4,0,0,0,0,0,0,3,11,0,53,1,1,10,6,2,2013,19,3,7,140,20.0,5,2,2,522,Potential Loyalists
1406,1975,Graduation,Single,53201.0,1,1,2013-02-12,280,7,81,20,0,27,8,6,3,5,7,0,0,0,0,0,0,3,11,0,40,1,2,12,2,1,2013,22,49,14,415,29.642857142857142,3,3,3,333,Need Attention
8619,1957,Graduation,Partner,21994.0,0,1,2012-12-24,9,0,6,3,1,3,1,0,0,3,5,0,0,0,0,0,0,3,11,0,58,1,1,24,12,4,2012,24,4,3,22,7.333333333333333,5,1,1,511,New Customers
10821,1978,Graduation,Partner,57113.0,1,1,2013-02-06,182,4,33,0,2,42,6,4,1,5,7,0,0,0,0,0,0,3,11,0,37,1,2,6,2,1,2013,23,45,10,263,26.3,3,3,3,333,Need Attention
4552,1991,Graduation,Partner,51373.0,0,0,2013-06-22,83,2,101,64,26,117,1,3,5,3,4,0,0,0,0,0,0,3,11,0,24,0,0,22,6,2,2013,18,37,11,393,35.72727272727273,4,3,3,433,Potential Loyalists
898,1986,Graduation,Partner,23477.0,1,0,2013-10-21,38,15,54,3,8,29,3,3,0,4,8,0,0,0,0,0,0,3,11,0,29,1,1,21,10,4,2013,14,39,7,147,21.0,4,2,2,422,Potential Loyalists
9797,1956,Graduation,Partner,58116.0,0,1,2014-04-13,228,19,130,4,11,51,2,3,3,8,2,0,0,0,0,0,0,3,11,0,59,1,1,13,4,2,2014,8,38,14,443,31.642857142857142,4,3,3,433,Potential Loyalists
10949,1963,PhD,Single,72968.0,0,0,2013-12-16,1092,37,592,145,37,55,1,5,5,8,3,0,0,0,1,0,0,3,11,1,52,0,0,16,12,4,2013,12,8,18,1958,108.77777777777777,5,4,5,545,Champions
8212,1971,PostGraduation,Partner,39791.0,0,1,2013-03-28,85,15,27,13,13,21,2,3,1,4,7,0,0,0,0,0,0,3,11,0,44,1,1,28,3,1,2013,21,89,8,174,21.75,1,2,2,122,Hibernating
6248,1947,PostGraduation,Single,91712.0,0,0,2013-10-17,1276,24,746,94,29,48,0,9,7,11,3,0,0,1,0,0,0,3,11,1,68,0,0,17,10,4,2013,14,47,27,2217,82.11111111111111,3,5,5,355,Loyal Customers
10164,1958,Graduation,Single,94472.0,0,1,2014-04-03,1017,33,417,108,100,16,1,5,5,5,5,0,1,1,0,0,0,3,11,0,57,1,1,3,4,2,2014,9,75,15,1691,112.73333333333333,2,3,5,235,At risk
4547,1960,Graduation,Partner,13672.0,1,1,2013-04-17,6,2,9,2,1,5,2,1,0,3,8,0,0,0,0,0,0,3,11,0,55,1,2,17,4,2,2013,20,86,4,25,6.25,1,1,1,111,Hibernating
6815,1980,PostGraduation,Partner,96547.0,0,0,2014-05-23,448,21,125,52,101,62,0,7,6,8,2,1,0,1,1,0,0,3,11,1,35,0,0,23,5,2,2014,7,4,21,809,38.523809523809526,5,5,4,554,Champions
4122,1975,Graduation,Partner,79205.0,0,0,2012-08-29,504,23,117,179,28,44,1,6,5,4,4,0,0,0,1,0,0,3,11,1,40,0,0,29,8,3,2012,28,73,15,895,59.666666666666664,2,3,4,234,At risk
10841,1975,PhD,Partner,56559.0,0,1,2012-12-25,226,22,133,41,31,31,3,4,3,8,4,0,0,0,0,0,0,3,11,0,40,1,1,25,12,4,2012,24,46,15,484,32.266666666666666,3,3,3,333,Need Attention
5370,1973,PhD,Partner,32644.0,1,0,2013-01-16,239,3,141,0,7,23,4,7,1,6,8,1,0,0,0,0,0,3,11,0,42,1,1,16,1,1,2013,23,38,14,413,29.5,4,3,3,433,Potential Loyalists
176,1980,PostGraduation,Single,67506.0,0,1,2014-01-02,90,38,67,33,36,67,1,4,1,6,3,0,0,0,0,0,0,3,11,0,35,1,1,2,1,1,2014,12,73,11,331,30.09090909090909,2,3,3,233,At risk
4860,1970,Graduation,Single,24206.0,1,0,2013-03-08,7,2,8,3,2,3,1,1,0,3,6,0,0,0,0,0,0,3,11,0,45,1,1,8,3,1,2013,22,66,4,25,6.25,2,1,1,211,Hibernating
10757,1967,PhD,Single,28420.0,1,0,2013-12-24,4,2,5,2,0,0,1,1,0,2,6,0,0,0,0,0,0,3,11,0,48,1,1,24,12,4,2013,12,36,3,13,4.333333333333333,4,1,1,411,Promising
4023,1970,Graduation,Partner,22979.0,1,0,2012-09-06,16,17,19,20,21,22,3,3,2,2,8,0,0,0,0,0,0,3,11,1,45,1,1,6,9,3,2012,28,29,7,115,16.428571428571427,4,2,2,422,Potential Loyalists
6679,1966,Graduation,Single,33279.0,0,0,2014-06-12,10,3,3,0,0,0,1,0,0,3,3,0,0,0,0,0,0,3,11,0,49,0,0,12,6,2,2014,6,29,3,16,5.333333333333333,4,1,1,411,Promising
9923,1972,PostGraduation,Single,46423.0,1,1,2013-09-18,68,0,16,0,0,8,3,2,0,4,7,0,0,0,0,0,0,3,11,0,43,1,2,18,9,3,2013,15,6,6,92,15.333333333333334,5,2,2,522,Potential Loyalists
7181,1977,Graduation,Partner,30368.0,0,1,2013-11-07,35,0,13,2,0,2,2,2,0,3,8,0,0,0,0,0,0,3,11,0,38,1,1,7,11,4,2013,14,97,5,52,10.4,1,1,1,111,Hibernating
3599,1970,Graduation,Partner,63684.0,0,1,2012-11-26,575,80,428,208,93,80,3,8,4,8,5,0,0,0,0,0,0,3,11,0,45,1,1,26,11,4,2012,25,61,20,1464,73.2,2,4,5,245,At risk
405,1964,Graduation,Single,41638.0,0,1,2013-02-13,315,0,31,4,0,91,4,5,5,3,8,1,0,0,0,0,0,3,11,0,51,1,1,13,2,1,2013,22,68,13,441,33.92307692307692,2,3,3,233,At risk
6870,1959,PhD,Single,68805.0,0,1,2013-09-17,182,2,49,17,13,20,1,3,1,7,2,0,0,0,0,0,0,3,11,0,56,1,1,17,9,3,2013,15,73,11,283,25.727272727272727,2,3,3,233,At risk
832,1966,PhD,Partner,65814.0,0,1,2014-03-02,561,14,113,10,14,35,3,8,2,10,5,0,0,0,0,0,0,3,11,0,49,1,1,2,3,1,2014,10,90,20,747,37.35,1,4,4,144,At risk
2002,1958,Graduation,Single,71964.0,0,0,2013-05-20,587,51,932,180,34,86,1,5,6,5,3,0,0,0,0,0,0,3,11,0,57,0,0,20,5,2,2013,19,81,16,1870,116.875,1,4,5,145,At risk
3657,1986,Graduation,Single,39146.0,1,0,2013-02-14,94,1,33,13,12,12,3,4,0,4,8,0,0,0,0,0,0,3,11,0,29,1,1,14,2,1,2013,22,1,8,165,20.625,5,2,2,522,Potential Loyalists
500,1977,Graduation,Partner,96876.0,0,0,2013-08-06,908,43,735,40,194,21,1,7,7,9,2,0,1,1,1,0,0,3,11,1,38,0,0,6,8,3,2013,17,79,23,1941,84.3913043478261,2,5,5,255,Can't loose
1951,1981,UnderGraduation,Partner,34445.0,0,0,2013-01-27,228,122,122,208,129,30,6,11,2,8,9,0,0,0,0,0,0,3,11,0,34,0,0,27,1,1,2013,23,92,21,839,39.95238095238095,1,5,4,154,Can't loose
3262,1958,Graduation,Single,68281.0,0,0,2012-08-07,995,112,417,42,48,41,1,2,9,13,5,0,0,0,0,0,0,3,11,1,57,0,0,7,8,3,2012,29,31,24,1655,68.95833333333333,4,5,5,455,Loyal Customers
4102,1975,PostGraduation,Partner,37284.0,1,1,2013-03-29,11,1,2,2,1,6,1,0,0,3,6,0,0,0,0,0,0,3,11,0,40,1,2,29,3,1,2013,21,46,3,23,7.666666666666667,3,1,1,311,About to sleep
7042,1983,Graduation,Partner,36790.0,0,0,2013-03-01,3,3,14,15,21,10,1,2,1,2,9,0,0,0,0,0,0,3,11,1,32,0,0,1,3,1,2013,22,14,5,66,13.2,5,1,2,512,New Customers
10598,1967,Graduation,Partner,27943.0,1,1,2013-04-15,12,1,16,4,1,3,3,2,0,3,8,0,0,0,0,0,0,3,11,0,48,1,2,15,4,2,2013,20,89,5,37,7.4,1,1,1,111,Hibernating
255,1951,Graduation,Single,22263.0,1,1,2014-03-30,17,0,2,0,0,2,2,1,0,3,6,0,0,0,0,0,1,3,11,0,64,1,2,30,3,1,2014,9,31,4,21,5.25,4,1,1,411,Promising
2375,1972,Graduation,Partner,30261.0,1,2,2012-09-25,8,0,5,0,3,6,1,0,0,3,8,0,0,0,0,0,0,3,11,0,43,1,3,25,9,3,2012,27,75,3,22,7.333333333333333,2,1,1,211,Hibernating
9829,1978,Graduation,Partner,28587.0,1,0,2014-02-12,22,4,17,12,10,13,3,2,0,4,6,0,0,0,0,0,0,3,11,0,37,1,1,12,2,1,2014,10,42,6,78,13.0,3,2,2,322,About to sleep
6214,1982,PostGraduation,Partner,43815.0,1,0,2013-04-05,14,10,29,4,7,15,1,2,0,3,6,0,0,0,0,0,0,3,11,0,33,1,1,5,4,2,2013,21,53,5,79,15.8,3,1,2,312,About to sleep
4954,1956,Graduation,Partner,48195.0,1,1,2014-01-21,106,27,68,52,7,5,6,4,2,5,6,0,0,0,0,0,0,3,11,0,59,1,2,21,1,1,2014,11,53,11,265,24.09090909090909,3,3,3,333,Need Attention
7861,1952,PostGraduation,Partner,77027.0,0,1,2014-02-05,820,57,242,45,0,11,2,8,3,6,4,0,0,0,0,0,0,3,11,0,63,1,1,5,2,1,2014,11,23,17,1175,69.11764705882354,4,4,5,445,Loyal Customers
4837,1965,PhD,Partner,71322.0,0,1,2013-02-16,753,43,226,69,10,204,2,8,5,13,4,0,0,0,0,0,0,3,11,0,50,1,1,16,2,1,2013,22,57,26,1305,50.19230769230769,3,5,5,355,Loyal Customers
9423,1979,PostGraduation,Partner,32765.0,1,0,2014-02-23,13,3,17,7,3,3,2,2,0,4,5,0,0,0,0,0,0,3,11,0,36,1,1,23,2,1,2014,10,49,6,46,7.666666666666667,3,2,1,321,About to sleep
4198,1965,Graduation,Partner,29672.0,1,1,2013-03-12,9,1,3,0,4,8,1,0,0,3,6,0,0,0,0,0,0,3,11,0,50,1,2,12,3,1,2013,22,6,3,25,8.333333333333334,5,1,1,511,New Customers
153,1953,Graduation,Single,23272.0,0,0,2013-10-17,19,3,6,4,2,12,1,1,0,3,4,0,0,0,0,0,0,3,11,0,62,0,0,17,10,4,2013,14,29,4,46,11.5,4,1,1,411,Promising
9323,1949,PostGraduation,Partner,49912.0,0,1,2012-09-07,520,8,223,32,49,42,4,10,5,7,8,1,0,0,0,0,0,3,11,1,66,1,1,7,9,3,2012,28,5,22,874,39.72727272727273,5,5,4,554,Champions
10001,1985,PostGraduation,Partner,7500.0,1,0,2012-08-01,5,17,17,13,14,34,4,2,1,3,9,0,0,0,0,0,0,3,11,0,30,1,1,1,8,3,2012,29,98,6,100,16.666666666666668,1,2,2,122,Hibernating
3945,1947,PhD,Single,68117.0,0,1,2013-03-10,618,44,215,0,17,36,2,11,8,4,6,1,0,0,0,0,0,3,11,1,68,1,1,10,3,1,2013,22,80,23,930,40.43478260869565,1,5,4,154,Can't loose
3799,1955,Graduation,Partner,67225.0,0,1,2013-11-26,315,35,322,46,7,143,3,7,2,11,5,0,0,0,0,0,0,3,11,0,60,1,1,26,11,4,2013,13,4,20,868,43.4,5,4,4,544,Champions
8625,1976,Graduation,Partner,17649.0,1,0,2013-11-12,15,1,23,0,5,1,3,3,0,3,8,0,0,0,0,0,0,3,11,0,39,1,1,12,11,4,2013,13,70,6,45,7.5,2,2,1,221,Hibernating
3491,1975,Graduation,Partner,55914.0,0,1,2013-04-29,384,60,364,119,101,232,4,11,6,8,7,0,0,0,0,0,0,3,11,0,40,1,1,29,4,2,2013,20,32,25,1260,50.4,4,5,5,455,Loyal Customers
983,1984,Graduation,Partner,40059.0,1,0,2013-09-28,110,29,92,28,10,145,1,6,2,3,8,1,0,0,0,0,0,3,11,0,31,1,1,28,9,3,2013,15,82,11,414,37.63636363636363,1,3,3,133,At risk
9119,1950,Graduation,Partner,60905.0,0,1,2013-12-05,208,17,76,36,17,38,2,3,3,7,2,0,0,0,0,0,0,3,11,0,65,1,1,5,12,4,2013,13,27,13,392,30.153846153846153,4,3,3,433,Potential Loyalists
4786,1977,Graduation,Partner,75330.0,1,1,2012-10-04,555,82,257,93,61,61,4,10,3,12,6,0,0,0,0,0,0,3,11,0,38,1,2,4,10,4,2012,27,94,25,1109,44.36,1,5,4,154,Can't loose
5872,1951,Graduation,Single,60689.0,0,1,2013-06-01,240,90,216,63,6,24,4,4,4,10,3,0,0,0,0,0,0,3,11,0,64,1,1,1,6,2,2013,19,23,18,639,35.5,4,4,4,444,Loyal Customers
6568,1984,Graduation,Partner,38680.0,1,0,2013-03-28,11,0,36,15,5,12,1,2,0,3,7,0,0,0,0,0,0,3,11,0,31,1,1,28,3,1,2013,21,97,5,79,15.8,1,1,2,112,Hibernating
5628,1982,Graduation,Partner,61416.0,0,0,2013-02-08,848,154,323,201,61,78,1,10,3,10,6,1,0,0,0,0,0,3,11,0,33,0,0,8,2,1,2013,23,25,23,1665,72.3913043478261,4,5,5,455,Loyal Customers
5631,1991,Graduation,Single,49767.0,0,0,2013-05-02,202,47,197,55,42,149,1,5,4,8,4,0,0,0,0,0,0,3,11,0,24,0,0,2,5,2,2013,20,92,17,692,40.705882352941174,1,4,4,144,At risk
4974,1970,Graduation,Single,83273.0,1,2,2012-09-25,433,89,650,16,102,102,10,4,6,9,7,0,0,0,0,0,0,3,11,0,45,1,3,25,9,3,2012,27,98,19,1392,73.26315789473684,1,4,5,145,At risk
8416,1981,Graduation,Partner,29009.0,1,0,2013-11-29,6,6,15,10,5,2,2,2,0,3,6,0,0,0,0,0,0,3,11,0,34,1,1,29,11,4,2013,13,19,5,44,8.8,5,1,1,511,New Customers
5454,1979,PostGraduation,Partner,45057.0,1,0,2013-12-01,37,0,7,3,0,3,1,2,0,3,5,0,0,0,0,0,0,3,11,0,36,1,1,1,12,4,2013,13,80,5,50,10.0,1,1,1,111,Hibernating
4095,1971,Graduation,Partner,37150.0,1,0,2012-09-11,167,37,64,49,34,116,8,4,3,6,7,0,0,0,0,0,0,3,11,0,44,1,1,11,9,3,2012,28,80,13,467,35.92307692307692,1,3,3,133,At risk
5474,1970,Graduation,Single,43020.0,1,0,2013-11-30,45,7,99,4,25,43,3,4,1,4,6,0,0,0,0,0,0,3,11,0,45,1,1,30,11,4,2013,13,79,9,223,24.77777777777778,2,2,3,223,Hibernating
4268,1959,Graduation,Partner,53154.0,0,1,2014-06-09,129,0,21,0,1,7,1,3,1,4,4,0,0,0,0,0,0,3,11,0,56,1,1,9,6,2,2014,6,50,8,158,19.75,3,2,2,322,About to sleep
10701,1973,Graduation,Partner,65308.0,0,0,2013-09-11,713,0,264,120,80,34,1,7,8,12,4,0,0,1,1,0,0,3,11,0,42,0,0,11,9,3,2013,15,60,27,1211,44.851851851851855,2,5,5,255,Can't loose
3507,1970,Graduation,Single,76467.0,1,0,2012-08-17,676,161,426,210,44,58,2,2,5,5,6,0,0,0,0,0,0,3,11,1,45,1,1,17,8,3,2012,28,44,12,1575,131.25,3,3,5,335,Need Attention
2079,1947,PostGraduation,Partner,81044.0,0,0,2013-12-27,450,26,535,73,98,26,1,5,6,10,1,0,0,0,0,0,0,3,11,0,68,0,0,27,12,4,2013,12,0,21,1208,57.523809523809526,5,5,5,555,Champions
626,1951,Graduation,Partner,32871.0,1,1,2013-03-09,22,2,12,0,2,5,1,1,0,3,4,0,0,0,0,0,0,3,11,0,64,1,2,9,3,1,2013,22,28,4,43,10.75,4,1,1,411,Promising
4426,1975,Graduation,Single,55801.0,1,1,2013-09-22,367,4,51,6,4,95,6,7,2,6,7,0,0,0,1,0,0,3,11,0,40,1,2,22,9,3,2013,15,35,15,527,35.13333333333333,4,3,3,433,Potential Loyalists
2591,1959,Graduation,Single,76320.0,0,1,2014-06-22,526,35,214,69,53,35,2,6,3,4,2,0,0,0,0,0,0,3,11,0,56,1,1,22,6,2,2014,6,49,13,932,71.6923076923077,3,3,4,334,Need Attention
10509,1955,PostGraduation,Single,36927.0,1,1,2014-06-02,51,0,16,0,0,4,2,3,0,3,8,0,0,0,0,0,0,3,11,0,60,1,2,2,6,2,2014,7,46,6,71,11.833333333333334,3,2,2,322,About to sleep
6382,1953,Graduation,Partner,48794.0,1,1,2014-06-26,25,0,11,3,0,15,1,1,0,3,4,0,0,0,0,0,0,3,11,0,62,1,2,26,6,2,2014,6,97,4,54,13.5,1,1,1,111,Hibernating
6673,1965,Graduation,Single,23478.0,0,0,2013-03-19,28,6,27,12,17,39,1,3,0,3,8,0,0,0,0,0,0,3,11,0,50,0,0,19,3,1,2013,21,51,6,129,21.5,3,2,2,322,About to sleep
7441,1973,Graduation,Single,71128.0,1,0,2012-10-06,958,159,447,20,0,31,3,2,10,12,7,0,0,0,0,0,0,3,11,0,42,1,1,6,10,4,2012,27,80,24,1615,67.29166666666667,1,5,5,155,Can't loose
1071,1976,PhD,Single,70179.0,0,1,2013-07-21,532,88,168,69,44,133,3,7,3,13,5,0,0,0,0,0,0,3,11,0,39,1,1,21,7,3,2013,17,10,23,1034,44.95652173913044,5,5,4,554,Champions
10061,1950,Graduation,Partner,59462.0,0,1,2013-01-05,724,17,143,0,8,196,2,9,2,12,7,0,0,0,0,0,0,3,11,0,65,1,1,5,1,1,2013,24,29,23,1088,47.30434782608695,4,5,4,454,Loyal Customers
8775,1969,Graduation,Partner,38361.0,1,0,2013-12-27,39,0,56,20,8,14,3,3,1,3,7,0,0,0,0,0,0,3,11,0,46,1,1,27,12,4,2013,12,74,7,137,19.571428571428573,2,2,2,222,Hibernating
2345,1982,PhD,Partner,70038.0,0,0,2013-10-25,587,54,348,71,54,130,1,4,4,8,2,0,0,0,0,0,0,3,11,0,33,0,0,25,10,4,2013,14,54,16,1244,77.75,3,4,5,345,Loyal Customers
322,1978,Graduation,Partner,42554.0,1,1,2013-01-12,29,1,11,0,0,0,2,2,0,3,4,0,0,0,0,0,0,3,11,0,37,1,2,12,1,1,2013,23,93,5,41,8.2,1,1,1,111,Hibernating
10897,1974,Graduation,Partner,67445.0,0,1,2012-08-12,757,80,217,29,80,11,5,9,6,12,6,0,0,0,0,0,0,3,11,0,41,1,1,12,8,3,2012,29,63,27,1174,43.48148148148148,2,5,4,254,Can't loose
123,1951,Graduation,Single,67046.0,0,1,2013-01-06,544,35,133,23,151,107,2,4,5,4,2,0,0,0,0,0,0,3,11,0,64,1,1,6,1,1,2013,24,92,13,993,76.38461538461539,1,3,4,134,At risk
6103,1948,Graduation,Partner,42192.0,0,0,2013-09-06,40,15,15,17,6,7,1,2,1,3,4,0,0,0,0,0,0,3,11,0,67,0,0,6,9,3,2013,16,40,6,100,16.666666666666668,3,2,2,322,About to sleep
7899,1952,PhD,Partner,77610.0,0,1,2012-10-29,1245,33,332,21,33,16,2,4,7,4,7,0,0,0,0,0,0,3,11,0,63,1,1,29,10,4,2012,26,70,15,1680,112.0,2,3,5,235,At risk
10500,1984,Graduation,Partner,31761.0,1,0,2014-04-05,19,1,20,16,14,28,2,3,0,4,5,0,0,0,0,0,0,3,11,0,31,1,1,5,4,2,2014,9,96,7,98,14.0,1,2,2,122,Hibernating
1655,1979,Graduation,Partner,34350.0,1,0,2013-10-19,16,3,15,2,1,11,1,1,0,3,7,0,0,0,0,0,0,3,11,0,36,1,1,19,10,4,2013,14,81,4,48,12.0,1,1,1,111,Hibernating
2406,1949,Graduation,Partner,54591.0,0,1,2013-08-05,376,4,94,12,9,24,3,6,2,8,5,0,0,0,0,0,0,3,11,0,66,1,1,5,8,3,2013,17,63,16,519,32.4375,2,4,3,243,At risk
2712,1956,Graduation,Partner,71866.0,0,1,2013-12-25,184,178,178,103,39,33,1,6,3,10,3,0,0,0,0,0,0,3,11,0,59,1,1,25,12,4,2013,12,85,19,715,37.63157894736842,1,4,4,144,At risk
5517,1969,Graduation,Partner,25293.0,1,0,2013-09-15,15,0,11,0,2,9,1,1,1,2,8,0,0,0,0,0,0,3,11,0,46,1,1,15,9,3,2013,15,51,4,37,9.25,3,1,1,311,About to sleep
10643,1987,PhD,Single,42000.0,0,0,2013-01-10,124,83,267,85,59,35,2,5,2,11,5,0,0,0,0,0,0,3,11,1,28,0,0,10,1,1,2013,24,23,18,653,36.27777777777778,4,4,4,444,Loyal Customers
2254,1983,Graduation,Partner,69520.0,0,0,2013-07-07,627,120,414,121,80,93,1,9,6,5,5,0,0,0,0,0,0,3,11,0,32,0,0,7,7,3,2013,18,95,20,1455,72.75,1,4,5,145,At risk
10281,1970,Graduation,Single,64713.0,1,0,2014-02-07,180,60,241,13,54,54,2,5,5,7,4,0,0,0,0,0,0,3,11,1,45,1,1,7,2,1,2014,10,11,17,602,35.411764705882355,5,4,3,543,Champions
6958,1977,PostGraduation,Partner,27889.0,1,0,2013-07-05,14,0,4,0,0,8,1,1,1,2,6,0,0,0,0,0,0,3,11,0,38,1,1,5,7,3,2013,18,42,4,26,6.5,3,1,1,311,About to sleep
954,1960,UnderGraduation,Single,22123.0,0,0,2014-03-27,3,3,24,34,7,31,1,2,1,3,5,0,0,0,0,0,0,3,11,0,55,0,0,27,3,1,2014,9,77,6,102,17.0,2,2,2,222,Hibernating
4643,1973,Graduation,Partner,27803.0,1,0,2012-08-26,8,26,46,38,9,49,2,3,0,4,8,0,0,0,0,0,0,3,11,0,42,1,1,26,8,3,2012,28,40,7,176,25.142857142857142,3,2,2,322,About to sleep
6497,1960,Graduation,Partner,51651.0,0,1,2012-11-07,293,6,23,13,6,92,4,6,2,5,8,0,0,0,0,0,0,3,11,0,55,1,1,7,11,4,2012,26,32,13,433,33.30769230769231,4,3,3,433,Potential Loyalists
5396,1988,Graduation,Partner,68487.0,0,0,2013-01-13,758,12,385,33,89,89,1,9,7,13,4,0,0,0,0,0,0,3,11,0,27,0,0,13,1,1,2013,23,48,29,1366,47.10344827586207,3,5,5,355,Loyal Customers
1052,1969,Graduation,Partner,56796.0,0,1,2013-02-16,656,38,161,62,47,37,3,8,9,7,7,0,0,0,0,0,0,3,11,0,46,1,1,16,2,1,2013,22,24,24,1001,41.708333333333336,4,5,4,454,Loyal Customers
2802,1992,PostGraduation,Partner,87000.0,0,0,2012-12-15,196,25,607,67,17,49,1,4,6,7,2,0,0,0,0,0,0,3,11,0,23,0,0,15,12,4,2012,24,61,17,961,56.529411764705884,2,4,4,244,At risk
6343,1959,Graduation,Partner,79823.0,0,1,2014-03-31,835,73,380,114,73,43,1,6,9,7,2,0,1,0,0,0,0,3,11,0,56,1,1,31,3,1,2014,9,6,22,1518,69.0,5,5,5,555,Champions
6507,1980,Graduation,Single,30828.0,1,0,2013-10-04,16,11,15,2,0,12,2,1,1,4,3,0,0,0,0,0,0,3,11,0,35,1,1,4,10,4,2013,15,16,6,56,9.333333333333334,5,2,2,522,Potential Loyalists
7901,1971,PostGraduation,Partner,34109.0,0,1,2013-11-06,9,1,5,2,1,4,1,0,0,3,4,0,0,0,0,0,0,3,11,0,44,1,1,6,11,4,2013,14,39,3,22,7.333333333333333,4,1,1,411,Promising
4865,1974,PostGraduation,Single,53367.0,1,1,2013-08-31,229,7,140,10,3,11,7,5,1,8,7,0,0,0,0,0,0,3,11,1,41,1,2,31,8,3,2013,16,2,14,400,28.571428571428573,5,3,3,533,Potential Loyalists
2686,1969,UnderGraduation,Partner,22390.0,0,0,2013-10-21,0,1,4,15,1,5,1,1,0,2,7,0,0,0,0,0,0,3,11,0,46,0,0,21,10,4,2013,14,49,3,26,8.666666666666666,3,1,1,311,About to sleep
3107,1976,Graduation,Partner,71322.0,0,1,2014-05-02,121,24,124,24,15,42,1,4,1,7,2,0,0,0,0,0,0,3,11,0,39,1,1,2,5,2,2014,8,31,12,350,29.166666666666668,4,3,3,433,Potential Loyalists
7734,1993,Graduation,Single,79244.0,0,0,2012-12-19,471,102,125,212,61,245,1,4,10,7,1,0,0,1,1,0,0,3,11,1,22,0,0,19,12,4,2012,24,58,21,1216,57.904761904761905,3,5,5,355,Loyal Customers
1146,1949,PostGraduation,Partner,49912.0,0,1,2012-09-07,520,8,223,32,49,42,4,10,5,7,8,1,0,0,0,0,0,3,11,1,66,1,1,7,9,3,2012,28,5,22,874,39.72727272727273,5,5,4,554,Champions
11031,1950,PhD,Partner,48699.0,1,1,2013-05-21,26,1,10,2,0,1,1,1,0,3,5,0,0,0,0,0,0,3,11,0,65,1,2,21,5,2,2013,19,90,4,40,10.0,1,1,1,111,Hibernating
7428,1975,Graduation,Partner,80144.0,0,0,2013-09-30,240,132,445,250,192,108,1,3,7,8,1,0,0,0,0,0,0,3,11,0,40,0,0,30,9,3,2013,15,47,18,1367,75.94444444444444,3,4,5,345,Loyal Customers
975,1956,Graduation,Single,54252.0,1,1,2013-05-28,178,4,26,8,4,44,5,4,1,5,6,0,0,0,0,0,0,3,11,0,59,1,2,28,5,2,2013,19,25,10,264,26.4,4,3,3,433,Potential Loyalists
1103,1976,PostGraduation,Partner,81929.0,1,0,2012-09-29,1486,55,278,49,0,185,2,4,4,10,6,1,0,1,0,0,0,3,11,1,39,1,1,29,9,3,2012,27,60,18,2053,114.05555555555556,2,4,5,245,At risk
3422,1975,Graduation,Partner,76068.0,0,1,2012-11-29,1115,12,128,33,12,76,1,2,3,4,6,0,1,0,0,1,0,3,11,0,40,1,1,29,11,4,2012,25,67,9,1376,152.88888888888889,2,2,5,225,Hibernating
1055,1976,PostGraduation,Partner,53204.0,1,1,2014-03-20,29,0,8,2,0,6,1,1,0,3,4,0,0,0,0,0,0,3,11,0,39,1,2,20,3,1,2014,9,40,4,45,11.25,3,1,1,311,About to sleep
6544,1949,PhD,Partner,67911.0,0,1,2014-05-22,529,0,356,63,28,0,3,6,7,11,3,0,0,0,0,0,0,3,11,0,66,1,1,22,5,2,2014,7,63,24,976,40.666666666666664,2,5,4,254,Can't loose
1241,1984,PostGraduation,Partner,14796.0,1,0,2012-09-17,13,3,8,7,4,16,2,1,0,3,9,0,0,0,0,0,0,3,11,1,31,1,1,17,9,3,2012,27,1,4,51,12.75,5,1,1,511,New Customers
2909,1974,PhD,Partner,78128.0,0,1,2014-02-19,934,24,230,16,24,36,2,8,4,6,3,0,1,1,0,0,0,3,11,0,41,1,1,19,2,1,2014,10,89,18,1264,70.22222222222223,1,4,5,145,At risk
5802,1972,UnderGraduation,Partner,14188.0,0,0,2013-02-28,2,7,11,16,12,27,1,2,0,4,6,0,0,0,0,0,0,3,11,0,43,0,0,28,2,1,2013,22,40,6,75,12.5,3,2,2,322,About to sleep
1407,1986,UnderGraduation,Partner,20425.0,1,0,2012-10-29,4,12,5,3,16,17,2,2,0,3,7,0,0,0,0,0,0,3,11,0,29,1,1,29,10,4,2012,26,5,5,57,11.4,5,1,2,512,New Customers
6183,1962,PostGraduation,Partner,58646.0,0,1,2013-06-10,62,1,44,6,5,22,1,2,1,4,4,0,0,0,0,0,0,3,11,0,53,1,1,10,6,2,2013,19,3,7,140,20.0,5,2,2,522,Potential Loyalists
340,1970,Graduation,Single,72967.0,0,1,2012-12-15,158,35,179,0,0,125,2,7,2,8,5,1,0,0,0,0,0,3,11,1,45,1,1,15,12,4,2012,24,1,17,497,29.235294117647058,5,4,3,543,Champions
5991,1949,PostGraduation,Partner,48150.0,0,1,2013-06-08,173,2,39,3,2,47,3,5,1,4,7,0,0,0,0,0,0,3,11,0,66,1,1,8,6,2,2013,19,24,10,266,26.6,4,3,3,433,Potential Loyalists
3104,1961,Graduation,Single,82332.0,0,0,2012-09-17,830,59,968,51,79,19,1,5,3,12,2,0,0,1,0,0,0,3,11,1,54,0,0,17,9,3,2012,27,89,20,2006,100.3,1,4,5,145,At risk
9729,1955,Graduation,Single,58275.0,1,1,2013-06-02,189,10,253,56,43,64,6,8,2,7,7,0,0,0,0,0,0,3,11,0,60,1,2,2,6,2,2013,19,48,17,615,36.1764705882353,3,4,3,343,Loyal Customers
1008,1981,PhD,Partner,44953.0,0,0,2012-12-21,728,17,133,11,8,124,1,7,3,13,6,1,0,0,0,0,0,3,11,0,34,0,0,21,12,4,2012,24,31,23,1021,44.391304347826086,4,5,4,454,Loyal Customers
11091,1953,Graduation,Partner,34587.0,1,1,2014-05-16,7,2,9,2,0,2,2,1,0,3,4,0,0,0,0,0,0,3,11,0,62,1,2,16,5,2,2014,7,68,4,22,5.5,2,1,1,211,Hibernating
3969,1974,PostGraduation,Partner,43018.0,0,1,2013-11-01,35,4,17,7,6,64,1,2,2,2,5,0,0,0,0,0,0,3,11,0,41,1,1,1,11,4,2013,14,46,6,133,22.166666666666668,3,2,2,322,About to sleep
1916,1954,PostGraduation,Partner,45736.0,0,1,2013-07-24,188,3,180,20,3,43,5,7,1,6,7,0,0,0,0,0,0,3,11,0,61,1,1,24,7,3,2013,17,92,14,437,31.214285714285715,1,3,3,133,At risk
9907,1969,PostGraduation,Partner,66476.0,0,1,2013-12-04,742,28,152,25,9,57,2,6,8,10,4,0,0,0,0,0,0,3,11,0,46,1,1,4,12,4,2013,13,80,24,1013,42.208333333333336,1,5,4,154,Can't loose
87,1981,PostGraduation,Partner,27733.0,1,0,2013-08-26,0,7,5,26,2,17,2,2,0,3,7,0,0,0,0,0,0,3,11,0,34,1,1,26,8,3,2013,16,16,5,57,11.4,5,1,2,512,New Customers
8659,1952,PhD,Partner,69805.0,0,1,2014-01-21,750,71,174,13,10,20,2,6,8,11,2,0,0,0,0,0,0,3,11,0,63,1,1,21,1,1,2014,11,50,25,1038,41.52,3,5,4,354,Loyal Customers
6262,1962,PostGraduation,Single,72217.0,0,0,2013-04-10,816,42,450,55,56,154,1,3,10,8,2,0,0,0,0,0,0,3,11,0,53,0,0,10,4,2,2013,21,93,21,1573,74.9047619047619,1,5,5,155,Can't loose
6147,1971,Graduation,Single,25818.0,1,0,2012-10-18,5,2,8,2,2,9,1,0,1,2,7,0,0,0,0,0,0,3,11,0,44,1,1,18,10,4,2012,26,51,3,28,9.333333333333334,3,1,1,311,About to sleep
8832,1976,PostGraduation,Partner,37509.0,1,0,2012-09-12,37,5,56,12,8,5,2,3,0,4,7,0,0,0,0,0,0,3,11,0,39,1,1,12,9,3,2012,28,24,7,123,17.571428571428573,4,2,2,422,Potential Loyalists
10067,1976,PostGraduation,Partner,25176.0,1,1,2013-08-10,4,0,4,0,0,5,1,1,0,2,7,0,0,0,0,0,0,3,11,0,39,1,2,10,8,3,2013,16,79,3,13,4.333333333333333,2,1,1,211,Hibernating
7532,1980,Graduation,Partner,43586.0,0,1,2012-08-30,99,2,11,4,0,16,3,3,0,4,8,0,0,0,0,0,0,3,11,0,35,1,1,30,8,3,2012,28,26,7,132,18.857142857142858,4,2,2,422,Potential Loyalists
4915,1956,PostGraduation,Partner,53230.0,0,1,2012-08-03,176,72,98,136,21,229,4,5,2,12,5,0,0,0,0,0,0,3,11,0,59,1,1,3,8,3,2012,29,86,19,732,38.526315789473685,1,4,4,144,At risk
2115,1957,Graduation,Partner,50116.0,1,1,2014-06-20,54,0,10,0,0,2,2,1,0,4,5,0,1,0,0,0,0,3,11,0,58,1,2,20,6,2,2014,6,68,5,66,13.2,2,1,2,212,Hibernating
2088,1972,Graduation,Partner,84906.0,0,0,2013-10-04,997,15,414,99,30,76,1,5,6,12,2,0,1,1,0,1,0,3,11,0,43,0,0,4,10,4,2013,15,98,23,1631,70.91304347826087,1,5,5,155,Can't loose
2493,1966,Graduation,Partner,61286.0,0,1,2013-08-02,356,0,107,19,9,117,2,7,1,8,5,0,0,0,0,0,0,3,11,0,49,1,1,2,8,3,2013,17,34,16,608,38.0,4,4,3,443,Loyal Customers
6292,1986,PhD,Partner,82333.0,0,0,2013-03-30,1311,0,359,46,89,17,1,4,3,10,2,0,0,1,0,0,0,3,11,1,29,0,0,30,3,1,2013,21,60,17,1822,107.17647058823529,2,4,5,245,At risk
1631,1965,PhD,Partner,65220.0,0,0,2012-09-03,890,63,292,0,25,12,4,8,4,7,6,0,0,0,0,0,0,3,11,1,50,0,0,3,9,3,2012,28,3,19,1282,67.47368421052632,5,4,5,545,Champions
10104,1974,Graduation,Partner,33590.0,2,1,2013-11-03,4,0,2,0,0,2,1,1,0,2,7,0,0,0,0,0,0,3,11,0,41,1,3,3,11,4,2013,14,65,3,8,2.6666666666666665,2,1,1,211,Hibernating
3006,1976,Graduation,Single,30992.0,1,0,2013-04-22,17,0,14,7,3,2,1,1,0,3,7,0,0,0,0,0,0,3,11,0,39,1,1,22,4,2,2013,20,83,4,43,10.75,1,1,1,111,Hibernating
3919,1976,PostGraduation,Single,72309.0,0,0,2013-03-11,960,0,883,50,38,0,1,5,6,8,3,0,0,0,1,0,0,3,11,1,39,0,0,11,3,1,2013,22,64,19,1931,101.63157894736842,2,4,5,245,At risk
11181,1949,PhD,Partner,156924.0,0,0,2013-08-29,2,1,2,1,1,1,0,0,0,0,0,0,0,0,0,0,0,3,11,0,66,0,0,29,8,3,2013,16,85,0,8,inf,1,1,1,111,Hibernating
642,1980,UnderGraduation,Partner,16005.0,1,0,2012-08-14,1,3,2,20,30,47,3,2,1,2,8,0,0,0,0,0,0,3,11,0,35,1,1,14,8,3,2012,29,69,5,103,20.6,2,1,2,212,Hibernating
4369,1957,PostGraduation,Single,65487.0,0,0,2014-01-10,240,67,500,199,0,163,3,3,5,6,2,0,0,0,0,0,0,3,11,0,58,0,0,10,1,1,2014,11,48,14,1169,83.5,3,3,4,334,Need Attention
10127,1965,Graduation,Partner,58692.0,0,1,2014-04-06,301,11,61,4,7,11,1,8,2,4,7,0,0,0,0,0,0,3,11,0,50,1,1,6,4,2,2014,9,21,14,395,28.214285714285715,4,3,3,433,Potential Loyalists
271,1969,Graduation,Single,40590.0,1,1,2013-10-02,154,0,50,6,11,37,5,3,4,3,6,1,0,0,0,0,0,3,11,0,46,1,2,2,10,4,2013,15,30,10,258,25.8,4,3,3,433,Potential Loyalists
4973,1970,Graduation,Single,20587.0,1,0,2014-05-11,2,3,6,4,1,9,1,1,1,2,7,0,0,0,0,0,0,3,11,0,45,1,1,11,5,2,2014,7,39,4,25,6.25,4,1,1,411,Promising
2948,1954,PostGraduation,Single,62637.0,0,1,2014-03-01,104,12,48,4,12,5,1,2,2,5,2,0,0,0,0,0,0,3,11,0,61,1,1,1,3,1,2014,10,76,9,185,20.555555555555557,2,2,2,222,Hibernating
2715,1966,PostGraduation,Single,29435.0,1,1,2012-08-06,70,3,37,4,2,64,4,3,2,2,9,0,0,0,0,0,0,3,11,1,49,1,2,6,8,3,2012,29,11,7,180,25.714285714285715,5,2,2,522,Potential Loyalists
10432,1974,Graduation,Single,19346.0,1,0,2014-01-30,2,0,9,3,6,2,1,1,0,3,8,0,0,0,0,0,0,3,11,0,41,1,1,30,1,1,2014,11,26,4,22,5.5,4,1,1,411,Promising
9216,1971,Graduation,Partner,35788.0,1,1,2014-01-23,23,2,11,3,1,4,2,2,0,3,6,0,0,0,0,0,0,3,11,0,44,1,2,23,1,1,2014,11,34,5,44,8.8,4,1,1,411,Promising
7124,1968,Graduation,Single,36997.0,1,1,2013-02-01,43,4,12,8,0,27,5,2,1,4,5,0,0,0,0,0,0,3,11,0,47,1,2,1,2,1,2013,23,72,7,94,13.428571428571429,2,2,2,222,Hibernating
9727,1957,Graduation,Partner,23539.0,0,0,2014-02-28,4,24,11,16,1,25,1,2,0,4,6,0,0,0,0,0,0,3,11,0,58,0,0,28,2,1,2014,10,13,6,81,13.5,5,2,2,522,Potential Loyalists
5136,1973,Graduation,Single,65333.0,0,1,2014-01-17,654,7,92,0,15,30,7,9,4,8,6,0,1,1,0,0,0,3,11,0,42,1,1,17,1,1,2014,11,58,21,798,38.0,3,5,4,354,Loyal Customers
9790,1957,Graduation,Single,78499.0,0,0,2013-11-23,912,72,170,47,36,97,1,11,3,4,4,0,0,1,0,0,0,3,11,1,58,0,0,23,11,4,2013,13,12,18,1334,74.11111111111111,5,4,5,545,Champions
1818,1971,PhD,Partner,29732.0,1,0,2014-03-25,25,0,8,0,1,4,1,2,0,2,9,0,0,0,0,0,0,3,11,0,44,1,1,25,3,1,2014,9,23,4,38,9.5,4,1,1,411,Promising
1100,1960,PostGraduation,Partner,41275.0,1,2,2014-03-24,24,4,22,0,2,9,4,3,1,3,5,0,0,0,0,0,0,3,11,0,55,1,3,24,3,1,2014,9,33,7,61,8.714285714285714,4,2,2,422,Potential Loyalists
7873,1973,PhD,Partner,63516.0,1,1,2013-07-06,141,11,114,15,14,5,4,4,1,7,5,0,0,0,0,0,0,3,11,0,42,1,2,6,7,3,2013,18,30,12,300,25.0,4,3,3,433,Potential Loyalists
10609,1962,PhD,Partner,42769.0,0,1,2013-10-12,71,0,13,3,1,0,2,1,1,4,4,0,0,0,0,0,0,3,11,0,53,1,1,12,10,4,2013,14,15,6,88,14.666666666666666,5,2,2,522,Potential Loyalists
6950,1958,PostGraduation,Partner,49572.0,1,1,2013-12-15,35,1,16,0,1,1,2,2,0,3,7,0,0,0,0,0,0,3,11,0,57,1,2,15,12,4,2013,12,25,5,54,10.8,4,1,1,411,Promising
7233,1972,Graduation,Partner,69209.0,0,0,2012-09-17,496,32,849,229,48,128,2,5,3,6,4,0,0,0,1,0,0,3,11,0,43,0,0,17,9,3,2012,27,4,14,1782,127.28571428571429,5,3,5,535,Potential Loyalists
9481,1976,Graduation,Partner,17148.0,1,0,2014-01-28,9,9,11,13,10,16,4,3,1,3,8,0,0,0,0,0,0,3,11,0,39,1,1,28,1,1,2014,11,80,7,68,9.714285714285714,1,2,2,122,Hibernating
7699,1969,Graduation,Single,40590.0,1,1,2013-10-02,154,0,50,6,11,37,5,3,4,3,6,1,0,0,0,0,0,3,11,0,46,1,2,2,10,4,2013,15,30,10,258,25.8,4,3,3,433,Potential Loyalists
2711,1976,PostGraduation,Partner,30560.0,1,0,2013-06-27,9,1,5,4,5,7,1,1,0,3,7,0,0,0,0,0,0,3,11,0,39,1,1,27,6,2,2013,18,6,4,31,7.75,5,1,1,511,New Customers
8933,1983,PostGraduation,Partner,32146.0,1,0,2014-05-12,26,3,23,4,7,3,2,2,0,4,6,0,0,0,0,0,0,3,11,0,32,1,1,12,5,2,2014,7,16,6,66,11.0,5,2,2,522,Potential Loyalists
8726,1964,PostGraduation,Single,41713.0,1,1,2014-04-29,77,8,44,10,10,25,5,3,1,4,6,0,0,0,0,0,0,3,11,0,51,1,2,29,4,2,2014,8,57,8,174,21.75,3,2,2,322,About to sleep
1515,1975,PostGraduation,Partner,34176.0,0,1,2014-01-22,11,2,7,4,2,2,1,1,0,3,3,0,0,0,0,0,0,3,11,0,40,1,1,22,1,1,2014,11,9,4,28,7.0,5,1,1,511,New Customers
5186,1955,PhD,Partner,58482.0,0,1,2014-03-12,576,7,115,19,7,7,2,7,4,9,6,0,1,0,0,0,0,3,11,0,60,1,1,12,3,1,2014,9,59,20,731,36.55,2,4,4,244,At risk
10157,1965,Graduation,Single,59686.0,0,1,2014-01-25,89,15,89,34,42,5,1,4,1,6,4,0,0,0,0,0,0,3,11,0,50,1,1,25,1,1,2014,11,78,11,274,24.90909090909091,2,3,3,233,At risk
5667,1964,PhD,Partner,60896.0,0,1,2012-10-11,1013,30,399,60,46,153,3,9,10,4,6,0,0,0,0,0,0,3,11,1,51,1,1,11,10,4,2012,27,90,23,1701,73.95652173913044,1,5,5,155,Can't loose
902,1980,Graduation,Partner,62994.0,1,0,2014-03-04,224,12,48,4,12,12,1,6,2,4,6,0,0,0,0,0,0,3,11,0,35,1,1,4,3,1,2014,10,74,12,312,26.0,2,3,3,233,At risk
977,1957,Graduation,Partner,47320.0,0,1,2013-08-01,200,19,111,50,15,19,6,5,1,8,6,0,0,0,0,0,0,3,11,0,58,1,1,1,8,3,2013,17,10,14,414,29.571428571428573,5,3,3,533,Potential Loyalists
7313,1949,PostGraduation,Single,74859.0,0,0,2013-06-03,570,73,614,133,102,73,1,6,5,11,3,0,0,0,1,0,0,3,11,0,66,0,0,3,6,2,2013,19,63,22,1565,71.13636363636364,2,5,5,255,Can't loose
7600,1992,UnderGraduation,Single,15253.0,1,0,2013-10-28,1,3,3,8,1,13,2,1,0,3,7,0,0,0,0,0,0,3,11,0,23,1,1,28,10,4,2013,14,13,4,29,7.25,5,1,1,511,New Customers
9706,1974,PhD,Single,31560.0,1,0,2013-06-24,62,1,20,4,0,7,2,2,1,3,8,0,0,0,0,0,0,3,11,0,41,1,1,24,6,2,2013,18,98,6,94,15.666666666666666,1,2,2,122,Hibernating
2429,1954,Graduation,Single,72071.0,0,1,2013-02-14,531,69,300,150,138,150,3,5,4,8,2,0,0,0,0,0,0,3,11,0,61,1,1,14,2,1,2013,22,4,17,1338,78.70588235294117,5,4,5,545,Champions
3520,1990,PostGraduation,Single,91172.0,0,0,2013-03-27,162,28,818,0,28,56,0,4,3,7,3,1,0,1,1,1,0,3,11,1,25,0,0,27,3,1,2013,21,94,14,1092,78.0,1,3,4,134,At risk
10394,1984,Graduation,Partner,90000.0,0,0,2013-12-23,675,144,133,94,192,241,1,4,8,5,1,1,0,1,1,0,0,3,11,0,31,0,0,23,12,4,2013,12,91,17,1479,87.0,1,4,5,145,At risk
4548,1981,Graduation,Single,41967.0,1,1,2013-11-23,23,4,10,0,2,15,1,1,0,3,4,0,0,0,0,0,0,3,11,0,34,1,2,23,11,4,2013,13,66,4,54,13.5,2,1,1,211,Hibernating
9362,1965,Graduation,Single,69263.0,0,1,2014-03-05,492,5,32,13,5,21,1,9,1,7,6,0,1,0,0,0,0,3,11,0,50,1,1,5,3,1,2014,10,14,17,568,33.411764705882355,5,4,3,543,Champions
3968,1970,PostGraduation,Single,65706.0,0,0,2013-06-28,918,10,129,13,0,129,1,11,3,12,7,0,1,1,0,1,0,3,11,1,45,0,0,28,6,2,2013,18,77,26,1199,46.11538461538461,2,5,5,255,Can't loose
4084,1975,Graduation,Partner,60934.0,0,1,2014-01-17,224,155,155,192,93,54,2,6,4,11,4,0,0,0,0,0,0,3,11,0,40,1,1,17,1,1,2014,11,41,21,873,41.57142857142857,3,5,4,354,Loyal Customers
6721,1951,Graduation,Partner,71965.0,0,1,2013-07-29,572,19,286,50,38,248,3,6,3,5,3,0,0,0,0,0,0,3,11,0,64,1,1,29,7,3,2013,17,21,14,1213,86.64285714285714,4,3,5,435,Potential Loyalists
2829,1955,Graduation,Partner,65210.0,0,1,2014-03-10,626,0,70,0,7,28,2,9,3,8,6,0,1,0,1,0,0,3,11,0,60,1,1,10,3,1,2014,9,25,20,731,36.55,4,4,4,444,Loyal Customers
1772,1975,PhD,Partner,79174.0,0,0,2013-01-11,1074,37,518,193,92,129,1,5,6,7,2,0,0,1,1,0,0,3,11,1,40,0,0,11,1,1,2013,24,2,18,2043,113.5,5,4,5,545,Champions
1544,1967,PostGraduation,Single,81380.0,0,0,2012-12-22,741,68,689,224,68,103,1,4,2,10,2,0,0,0,0,0,0,3,11,0,48,0,0,22,12,4,2012,24,51,16,1893,118.3125,3,4,5,345,Loyal Customers
492,1973,PhD,Single,48432.0,0,1,2012-10-18,322,3,50,4,3,42,5,7,1,6,8,0,0,0,0,0,0,3,11,0,42,1,1,18,10,4,2012,26,3,14,424,30.285714285714285,5,3,3,533,Potential Loyalists
4377,1971,Graduation,Partner,52914.0,0,1,2013-01-07,254,10,44,30,10,227,2,7,3,3,7,1,0,0,0,0,0,3,11,0,44,1,1,7,1,1,2013,24,32,13,575,44.23076923076923,4,3,3,433,Potential Loyalists
4541,1955,Graduation,Partner,38946.0,0,1,2013-10-24,116,6,82,6,6,41,2,3,1,6,5,0,0,0,0,0,0,3,11,0,60,1,1,24,10,4,2013,14,84,10,257,25.7,1,3,3,133,At risk
1321,1974,Graduation,Partner,26067.0,1,0,2013-11-04,22,2,18,0,2,12,3,3,0,3,8,0,0,0,0,0,0,3,11,0,41,1,1,4,11,4,2013,14,49,6,56,9.333333333333334,3,2,2,322,About to sleep
8858,1972,PhD,Partner,44325.0,0,1,2013-03-07,516,0,21,0,0,5,4,8,2,7,8,0,1,0,0,0,0,3,11,0,43,1,1,7,3,1,2013,22,69,17,542,31.88235294117647,2,4,3,243,At risk
3266,1964,Graduation,Partner,42523.0,0,0,2014-04-23,14,36,11,3,26,35,1,1,1,4,2,0,0,0,0,0,0,3,11,0,51,0,0,23,4,2,2014,8,96,6,125,20.833333333333332,1,2,2,122,Hibernating
11187,1978,UnderGraduation,Single,26487.0,1,0,2013-05-20,2,8,10,12,14,23,3,2,1,3,5,0,0,0,0,0,0,3,11,0,37,1,1,20,5,2,2013,19,23,6,69,11.5,4,2,2,422,Potential Loyalists
8207,1957,PostGraduation,Partner,53233.0,0,1,2014-03-18,28,0,9,3,0,0,1,1,0,3,4,0,0,0,0,0,0,3,11,0,58,1,1,18,3,1,2014,9,18,4,40,10.0,5,1,1,511,New Customers
9723,1960,Graduation,Partner,67716.0,0,1,2013-01-10,530,142,217,62,9,56,4,7,4,13,5,0,1,0,0,0,0,3,11,0,55,1,1,10,1,1,2013,24,8,24,1016,42.333333333333336,5,5,4,554,Champions
2666,1972,PostGraduation,Partner,76234.0,0,1,2014-02-06,519,50,167,130,0,41,1,8,3,11,3,0,1,0,0,0,0,3,11,0,43,1,1,6,2,1,2014,10,21,22,907,41.22727272727273,4,5,4,454,Loyal Customers
5721,1956,PhD,Partner,84117.0,0,0,2014-05-11,611,76,749,59,45,26,1,7,10,6,2,0,0,1,0,0,0,3,11,0,59,0,0,11,5,2,2014,7,60,23,1566,68.08695652173913,2,5,5,255,Can't loose
10652,1957,PostGraduation,Partner,65487.0,0,0,2014-01-10,240,67,500,199,0,163,3,3,5,6,2,0,0,0,0,0,0,3,11,0,58,0,0,10,1,1,2014,11,48,14,1169,83.5,3,3,4,334,Need Attention
1646,1972,UnderGraduation,Partner,25224.0,1,0,2014-03-16,4,9,12,11,2,8,2,1,1,3,3,0,0,0,0,0,0,3,11,0,43,1,1,16,3,1,2014,9,36,5,46,9.2,4,1,1,411,Promising
4418,1983,PostGraduation,Single,89616.0,0,0,2013-02-25,671,47,655,145,111,15,1,7,5,12,2,0,0,0,0,0,0,3,11,1,32,0,0,25,2,1,2013,22,36,24,1644,68.5,4,5,5,455,Loyal Customers
2656,1971,Graduation,Single,40851.0,1,1,2013-02-21,23,1,7,0,4,24,1,1,1,2,7,0,0,0,0,0,0,3,11,0,44,1,2,21,2,1,2013,22,63,4,59,14.75,2,1,2,212,Hibernating
7990,1947,Graduation,Partner,27469.0,0,0,2012-08-02,9,1,2,3,2,0,1,0,0,3,6,0,0,0,0,0,0,3,11,0,68,0,0,2,8,3,2012,29,2,3,17,5.666666666666667,5,1,1,511,New Customers
8722,1957,PostGraduation,Partner,82347.0,0,0,2012-11-06,556,54,845,202,133,63,1,7,7,10,3,1,0,0,1,0,0,3,11,1,58,0,0,6,11,4,2012,26,38,24,1853,77.20833333333333,4,5,5,455,Loyal Customers
7118,1957,Graduation,Partner,73803.0,0,1,2012-08-01,833,80,363,52,26,174,2,9,5,6,6,1,0,0,0,0,0,3,11,1,58,1,1,1,8,3,2012,29,61,20,1528,76.4,2,4,5,245,At risk
2980,1952,PostGraduation,Single,8820.0,1,1,2013-03-22,12,0,13,4,2,4,4,3,0,3,8,0,0,0,0,0,0,3,11,0,63,1,2,22,3,1,2013,21,52,6,35,5.833333333333333,3,2,1,321,About to sleep
1839,1974,Graduation,Single,43322.0,0,0,2014-04-21,56,7,48,10,2,18,1,3,0,4,7,0,0,0,0,0,0,3,11,0,41,0,0,21,4,2,2014,8,25,7,141,20.142857142857142,4,2,2,422,Potential Loyalists
10722,1973,Graduation,Partner,55593.0,0,1,2013-08-21,293,8,124,11,4,106,2,6,6,3,6,1,0,0,0,0,0,3,11,0,42,1,1,21,8,3,2013,16,63,15,546,36.4,2,3,3,233,At risk
2632,1954,Graduation,Partner,50501.0,1,1,2013-06-18,297,0,38,13,0,152,7,5,4,4,6,1,0,0,0,0,0,3,11,1,61,1,2,18,6,2,2013,18,10,13,500,38.46153846153846,5,3,3,533,Potential Loyalists
9014,1975,Graduation,Partner,37085.0,1,1,2014-06-26,39,1,16,2,0,3,4,3,0,3,8,0,0,0,0,0,0,3,11,0,40,1,2,26,6,2,2014,6,65,6,61,10.166666666666666,2,2,2,222,Hibernating
7620,1990,UnderGraduation,Single,16185.0,1,0,2013-08-05,5,11,16,21,8,45,2,2,2,2,8,0,0,0,0,0,0,3,11,0,25,1,1,5,8,3,2013,17,71,6,106,17.666666666666668,2,2,2,222,Hibernating
10968,1969,Graduation,Single,57731.0,0,1,2012-11-23,266,21,300,65,8,44,4,8,8,6,6,0,0,0,0,0,0,3,11,0,46,1,1,23,11,4,2012,25,0,22,704,32.0,5,5,4,554,Champions
11133,1973,PhD,Single,48432.0,0,1,2012-10-18,322,3,50,4,3,42,5,7,1,6,8,0,0,0,0,0,0,3,11,1,42,1,1,18,10,4,2012,26,3,14,424,30.285714285714285,5,3,3,533,Potential Loyalists
2736,1978,Graduation,Partner,73807.0,0,1,2013-01-02,366,124,156,71,78,54,2,5,5,11,2,0,0,0,0,0,0,3,11,0,37,1,1,2,1,1,2013,24,88,21,849,40.42857142857143,1,5,4,154,Can't loose
1876,1990,Graduation,Partner,18929.0,0,0,2013-02-16,32,0,8,23,4,18,1,1,0,4,6,0,0,0,0,0,0,3,11,0,25,0,0,16,2,1,2013,22,15,5,85,17.0,5,1,2,512,New Customers
5959,1968,Graduation,Single,35893.0,1,1,2012-10-15,158,0,23,0,0,18,6,3,1,5,8,0,0,0,0,0,0,3,11,0,47,1,2,15,10,4,2012,26,80,9,199,22.11111111111111,1,2,3,123,Hibernating
1092,1980,Graduation,Partner,61014.0,0,1,2012-08-11,269,129,495,182,43,29,4,9,3,4,7,0,0,0,0,0,0,3,11,0,35,1,1,11,8,3,2012,29,17,16,1147,71.6875,5,4,4,544,Champions
4333,1954,Graduation,Partner,32144.0,1,1,2014-03-23,41,0,10,0,0,3,4,2,1,3,7,0,1,0,0,0,0,3,11,0,61,1,2,23,3,1,2014,9,76,6,54,9.0,2,2,1,221,Hibernating
3850,1963,UnderGraduation,Partner,14918.0,0,1,2012-12-07,3,3,3,15,4,15,1,1,0,3,6,0,0,0,0,0,0,3,11,0,52,1,1,7,12,4,2012,25,52,4,43,10.75,3,1,1,311,About to sleep
6168,1963,Graduation,Single,45146.0,1,1,2013-07-15,33,0,5,0,0,15,2,1,1,2,4,0,0,0,0,0,0,3,11,0,52,1,2,15,7,3,2013,17,28,4,53,13.25,4,1,1,411,Promising
607,1955,PostGraduation,Single,41769.0,0,1,2013-02-13,302,29,131,32,0,27,6,8,1,7,8,0,0,0,0,0,0,3,11,0,60,1,1,13,2,1,2013,22,31,16,521,32.5625,4,4,3,443,Loyal Customers
10469,1981,Graduation,Partner,88325.0,0,0,2014-02-05,519,71,860,93,27,53,1,6,2,9,2,0,0,0,0,0,0,3,11,0,34,0,0,5,2,1,2014,11,42,17,1623,95.47058823529412,3,4,5,345,Loyal Customers
6983,1950,PostGraduation,Single,38054.0,1,1,2014-05-01,23,2,17,2,1,0,2,2,0,3,7,0,0,0,0,0,0,3,11,0,65,1,2,1,5,2,2014,8,24,5,45,9.0,4,1,1,411,Promising
3661,1995,PostGraduation,Single,80617.0,0,0,2012-10-12,594,51,631,72,55,32,1,4,6,8,2,0,0,0,0,0,0,3,11,0,20,0,0,12,10,4,2012,27,42,18,1435,79.72222222222223,3,4,5,345,Loyal Customers
9303,1976,Graduation,Partner,5305.0,0,1,2013-07-30,12,4,7,1,3,5,0,1,0,0,13,0,0,0,0,0,0,3,11,0,39,1,1,30,7,3,2013,17,12,1,32,32.0,5,1,1,511,New Customers
692,1954,Graduation,Partner,36807.0,1,1,2012-12-20,4,2,5,0,0,5,1,1,0,2,6,0,0,0,0,0,0,3,11,0,61,1,2,20,12,4,2012,24,88,3,16,5.333333333333333,1,1,1,111,Hibernating
736,1983,Graduation,Partner,28427.0,1,0,2013-03-21,18,3,19,3,3,6,2,2,0,3,8,0,0,0,0,0,0,3,11,0,32,1,1,21,3,1,2013,21,67,5,52,10.4,2,1,1,211,Hibernating
9589,1948,PhD,Single,82032.0,0,0,2014-04-05,332,194,377,149,125,57,0,4,6,7,1,0,0,0,0,0,0,3,11,0,67,0,0,5,4,2,2014,9,54,17,1234,72.58823529411765,3,4,5,345,Loyal Customers
4838,1978,Graduation,Partner,22775.0,1,0,2013-06-19,5,1,8,0,0,1,1,1,0,2,8,0,0,0,0,0,0,3,11,0,37,1,1,19,6,2,2013,18,40,3,15,5.0,3,1,1,311,About to sleep
9246,1985,PostGraduation,Partner,40101.0,1,0,2012-10-14,171,3,129,26,24,62,4,6,1,6,7,0,0,0,0,0,0,3,11,0,30,1,1,14,10,4,2012,26,73,13,415,31.923076923076923,2,3,3,233,At risk
6261,1979,Graduation,Partner,58025.0,0,1,2013-11-26,270,31,88,11,48,22,3,3,2,10,4,0,0,0,0,0,0,3,11,0,36,1,1,26,11,4,2013,13,81,15,470,31.333333333333332,1,3,3,133,At risk
7366,1982,PostGraduation,Single,75777.0,0,0,2013-07-04,712,26,538,69,13,80,1,3,6,11,1,0,1,1,0,0,0,3,11,1,33,0,0,4,7,3,2013,18,12,20,1438,71.9,5,4,5,545,Champions
10659,1979,PostGraduation,Partner,7500.0,1,0,2013-05-07,2,8,11,3,8,21,4,3,2,2,7,0,0,0,0,0,0,3,11,0,36,1,1,7,5,2,2013,20,7,7,53,7.571428571428571,5,2,1,521,Potential Loyalists
1448,1963,PostGraduation,Partner,33562.0,1,2,2014-06-25,21,12,12,0,3,3,3,2,0,4,4,0,0,0,0,0,0,3,11,0,52,1,3,25,6,2,2014,6,33,6,51,8.5,4,2,1,421,Potential Loyalists
4286,1970,PhD,Single,57642.0,0,1,2014-01-09,580,6,58,8,0,27,3,7,6,6,4,1,0,0,0,0,0,3,11,0,45,1,1,9,1,1,2014,11,24,19,679,35.73684210526316,4,4,4,444,Loyal Customers
4749,1968,Graduation,Partner,58554.0,1,1,2012-09-26,368,24,68,38,0,88,6,8,2,6,7,0,0,0,0,0,0,3,11,0,47,1,2,26,9,3,2012,27,55,16,586,36.625,3,4,3,343,Loyal Customers
4478,1979,Graduation,Partner,63777.0,1,1,2013-03-24,457,5,106,15,17,53,8,11,1,6,8,0,0,0,0,0,0,3,11,0,36,1,2,24,3,1,2013,21,87,18,653,36.27777777777778,1,4,4,144,At risk
4201,1962,Graduation,Single,57967.0,0,1,2013-03-03,229,7,137,4,0,91,5,4,2,8,5,0,0,0,0,0,0,3,11,0,53,1,1,3,3,1,2013,22,39,14,468,33.42857142857143,4,3,3,433,Potential Loyalists
10084,1972,Graduation,Partner,24434.0,2,0,2014-05-18,3,2,8,20,0,17,2,2,1,2,7,0,0,0,0,0,0,3,11,0,43,1,2,18,5,2,2014,7,9,5,50,10.0,5,1,1,511,New Customers
7004,1984,Graduation,Single,11012.0,1,0,2013-03-16,24,3,26,7,1,23,3,3,1,2,9,1,0,0,0,0,0,3,11,0,31,1,1,16,3,1,2013,21,82,6,84,14.0,1,2,2,122,Hibernating
9817,1970,PostGraduation,Single,44802.0,0,0,2012-08-21,853,10,143,13,10,20,2,9,4,12,8,0,0,0,0,0,0,3,11,0,45,0,0,21,8,3,2012,28,71,25,1049,41.96,2,5,4,254,Can't loose
8080,1986,Graduation,Single,26816.0,0,0,2012-08-17,5,1,6,3,4,3,1,0,0,3,4,0,0,0,0,0,0,3,11,0,29,0,0,17,8,3,2012,28,50,3,22,7.333333333333333,3,1,1,311,About to sleep
8372,1974,Graduation,Partner,34421.0,1,0,2013-07-01,3,3,7,6,2,9,1,1,0,2,7,0,0,0,0,0,0,3,11,0,41,1,1,1,7,3,2013,18,81,3,30,10.0,1,1,1,111,Hibernating
10870,1967,Graduation,Partner,61223.0,0,1,2013-06-13,709,43,182,42,118,247,2,9,3,4,5,0,0,0,0,0,0,3,11,0,48,1,1,13,6,2,2013,18,46,16,1341,83.8125,3,4,5,345,Loyal Customers
4001,1946,PhD,Partner,64014.0,2,1,2014-06-10,406,0,30,0,0,8,7,8,2,5,7,0,0,0,1,0,0,3,11,0,69,1,3,10,6,2,2014,6,56,15,444,29.6,3,3,3,333,Need Attention
7270,1981,Graduation,Single,56981.0,0,0,2014-01-25,908,48,217,32,12,24,1,2,3,13,6,0,1,0,0,0,0,3,11,0,34,0,0,25,1,1,2014,11,91,18,1241,68.94444444444444,1,4,5,145,At risk
8235,1956,PostGraduation,Partner,69245.0,0,1,2014-01-24,428,30,214,80,30,61,2,6,5,10,3,0,0,0,0,0,0,3,11,0,59,1,1,24,1,1,2014,11,8,21,843,40.142857142857146,5,5,4,554,Champions
9405,1954,PhD,Partner,52869.0,1,1,2012-10-15,84,3,61,2,1,21,3,3,1,4,7,0,0,0,0,0,0,3,11,1,61,1,2,15,10,4,2012,26,40,8,172,21.5,3,2,2,322,About to sleep
