ID,Frequency,Recency,Monetary,T,Actual_Purchases,Predicted_Purchases,p_alive,p_not_alive,Actual_Avg_Monetary,Predicted_Avg_Monetary,Actual_cltv,Predicted_cltv,CLTV_label,Cluster,Customer_Segment
5524,22,58,1617,663,34.137931034482754,2.5165441898577326e-27,0.0,1.0,73.5,73.80445710007183,0.0,0.0,Non-profitable,1,VIP
2174,4,38,27,113,9.473684210526315,0.021791095755753984,0.012,0.988,6.75,7.69062538454557,0.01,0.29,Profitable,2,Low-Value
4141,20,26,776,312,69.23076923076924,8.974189900703663e-23,0.0,1.0,38.8,39.057762506222836,0.0,0.0,Non-profitable,0,Moderate-Value
6182,6,26,53,139,20.76923076923077,6.84477831185136e-05,0.0,1.0,8.833333333333334,9.473611471956728,0.0,0.29,Profitable,2,Low-Value
5324,14,94,422,161,13.404255319148936,0.004706186184723405,0.0011,0.9989,30.142857142857142,30.48389696117913,0.01,2.33,Profitable,0,Moderate-Value
7446,20,16,716,293,112.5,4.032303009412976e-26,0.0,1.0,35.8,36.05108745901477,0.0,0.0,Non-profitable,0,Moderate-Value
965,17,34,590,593,45.0,6.846237600820806e-25,0.0,1.0,34.705882352941174,34.99853023759443,0.0,0.0,Non-profitable,0,Moderate-Value
6177,8,32,169,417,22.5,5.893712155087017e-12,0.0,1.0,21.125,21.672917068871943,0.0,0.0,Non-profitable,2,Low-Value
4855,5,19,46,388,23.684210526315788,9.738179095266085e-10,0.0,1.0,9.2,9.97276641404062,0.0,0.01,Profitable,2,Low-Value
5899,1,68,49,108,1.3235294117647058,0.2541013716661905,0.3922,0.6078,49.0,54.85674915626392,0.7,0.61,Profitable,1,VIP
387,5,59,61,593,7.627118644067796,8.751609528379509e-10,0.0,1.0,12.2,12.999646025548664,0.0,0.0,Non-profitable,2,Low-Value
2125,15,82,1102,226,16.463414634146343,4.1919693835527474e-07,0.0,1.0,73.46666666666667,73.91352660355936,0.0,0.22,Profitable,1,VIP
8180,12,53,310,226,20.37735849056604,2.1771837004871233e-08,0.0,1.0,25.833333333333332,26.21541921280577,0.0,0.04,Profitable,0,Moderate-Value
2569,4,38,46,627,9.473684210526315,3.413104589558494e-10,0.0,1.0,11.5,12.493944047734628,0.0,0.0,Non-profitable,2,Low-Value
2114,25,23,1315,582,97.82608695652173,2.6765951599688177e-38,0.0,1.0,52.6,52.83067152914752,0.0,0.0,Non-profitable,0,Moderate-Value
9736,6,51,96,552,10.588235294117647,1.4969079701020394e-10,0.0,1.0,16.0,16.693708687880704,0.0,0.0,Non-profitable,2,Low-Value
4939,11,20,317,667,49.50000000000001,1.7279128731136014e-21,0.0,1.0,28.818181818181817,29.24724073085222,0.0,0.0,Non-profitable,0,Moderate-Value
6565,24,91,1782,458,23.736263736263737,5.0792135119287225e-19,0.0,1.0,74.25,74.53042876865024,0.0,0.0,Non-profitable,1,VIP
2278,6,86,133,603,6.27906976744186,1.2821807818443214e-09,0.0,1.0,22.166666666666668,22.906350478326917,0.0,0.01,Profitable,2,Low-Value
9360,11,41,316,690,24.146341463414636,1.9854244878226506e-18,0.0,1.0,28.727272727272727,29.155963198010557,0.0,0.0,Non-profitable,0,Moderate-Value
5376,28,42,1730,539,60.0,6.865921231972186e-34,0.0,1.0,61.785714285714285,62.00622130683966,0.0,0.0,Non-profitable,1,VIP
1993,14,63,972,553,20.0,8.734741478005629e-17,0.0,1.0,69.42857142857143,69.8946037691582,0.0,0.0,Non-profitable,1,VIP
4047,17,0,544,169,0.0,3.2190130324810892e-40,0.0,1.0,32.0,32.285562007308066,0.0,0.0,Non-profitable,0,Moderate-Value
1409,13,69,444,468,16.956521739130434,1.007185443409591e-13,0.0,1.0,34.15384615384615,34.534956203620645,0.0,0.0,Non-profitable,0,Moderate-Value
7892,6,89,75,543,6.067415730337078,9.321604953600128e-09,0.0,1.0,12.5,13.16761469870853,0.0,0.01,Profitable,2,Low-Value
2404,10,4,257,398,225.0,6.29609645151306e-22,0.0,1.0,25.7,26.15824921186926,0.0,0.0,Non-profitable,0,Moderate-Value
9422,7,26,131,394,24.23076923076923,3.2187218362769135e-11,0.0,1.0,18.714285714285715,19.325587363229342,0.0,0.0,Non-profitable,2,Low-Value
1966,25,96,1672,219,23.4375,7.303661544271191e-09,0.0,1.0,66.88,67.13607880259922,0.0,0.03,Profitable,1,VIP
6864,6,34,30,38,15.882352941176471,6.812615875157214,0.9012,0.0988,5.0,5.6116990076253,1.91,0.54,Profitable,2,Low-Value
3033,10,56,318,414,16.071428571428573,1.981327843300417e-11,0.0,1.0,31.8,32.28545493701532,0.0,0.0,Non-profitable,0,Moderate-Value
5710,7,31,120,627,20.32258064516129,5.1002746836253164e-14,0.0,1.0,17.142857142857142,17.744127474099923,0.0,0.0,Non-profitable,2,Low-Value
7373,11,8,302,608,123.75,1.1298809825013226e-24,0.0,1.0,27.454545454545453,27.878077738227283,0.0,0.0,Non-profitable,0,Moderate-Value
8755,17,4,1196,494,382.5,2.1788156962000885e-37,0.0,1.0,70.3529411764706,70.73893779310619,0.0,0.0,Non-profitable,1,VIP
10738,5,55,65,304,8.181818181818182,4.966689578170952e-06,0.0,1.0,13.0,13.80681392195081,0.0,0.08,Profitable,2,Low-Value
4339,23,37,913,180,55.945945945945944,1.459228716242796e-15,0.0,1.0,39.69565217391305,39.92146085410765,0.0,0.0,Non-profitable,0,Moderate-Value
10755,6,76,81,300,7.105263157894736,1.3653865207488795e-05,0.0,1.0,13.5,14.175070124186293,0.0,0.1,Profitable,2,Low-Value
8595,5,99,67,138,4.545454545454545,0.45260963457722614,0.2492,0.7508,13.4,14.210397870151883,0.32,0.69,Profitable,2,Low-Value
2968,22,53,902,513,37.35849056603774,1.4614545986242373e-24,0.0,1.0,41.0,41.238731293412386,0.0,0.0,Non-profitable,0,Moderate-Value
8601,19,3,1395,426,570.0,1.7522792440221424e-41,0.0,1.0,73.42105263157895,73.7735095834095,0.0,0.0,Non-profitable,1,VIP
503,5,88,53,474,5.113636363636363,2.8338118130768137e-07,0.0,1.0,10.6,11.385310232744374,0.0,0.02,Profitable,2,Low-Value
8430,3,4,22,552,67.5,3.6099488238688826e-11,0.0,1.0,7.333333333333333,8.600974135681305,0.0,0.01,Profitable,2,Low-Value
2139,5,19,31,270,23.684210526315788,7.453291606056718e-08,0.0,1.0,6.2,6.945886802532576,0.0,0.03,Profitable,2,Low-Value
9909,7,24,122,597,26.25,2.0694633220987474e-14,0.0,1.0,17.428571428571427,18.031665635759815,0.0,0.0,Non-profitable,2,Low-Value
7286,4,92,55,401,3.9130434782608696,1.1173662036740615e-05,0.0,1.0,13.75,14.769200256613656,0.0,0.08,Profitable,2,Low-Value
6566,19,39,1319,598,43.84615384615385,3.033569748524855e-26,0.0,1.0,69.42105263157895,69.76413999886451,0.0,0.0,Non-profitable,1,VIP
8614,16,29,507,48,49.6551724137931,0.08869983417268956,0.0058,0.9942,31.6875,31.990089668944204,0.14,7.37,Profitable,0,Moderate-Value
4114,28,2,1693,687,1260.0,2.0470455381256477e-71,0.0,1.0,60.464285714285715,60.68269392725896,0.0,0.0,Non-profitable,1,VIP
1331,5,54,72,543,8.333333333333332,2.0554617778134373e-09,0.0,1.0,14.4,15.219357740654564,0.0,0.01,Profitable,2,Low-Value
9381,16,57,606,382,25.263157894736842,2.922639963823197e-15,0.0,1.0,37.875,38.19480835298826,0.0,0.0,Non-profitable,0,Moderate-Value
6260,26,55,1957,587,42.54545454545455,4.8775005093576304e-30,0.0,1.0,75.26923076923077,75.52979476220746,0.0,0.0,Non-profitable,1,VIP
10383,20,30,1093,453,60.0,4.810227185021194e-26,0.0,1.0,54.65,54.94302900563883,0.0,0.0,Non-profitable,1,VIP
7437,5,31,29,62,14.516129032258064,0.4269767741288697,0.1075,0.8925,5.8,6.542302854331504,0.14,0.44,Profitable,2,Low-Value
8375,16,63,518,118,22.857142857142854,0.0011515301002273414,0.0002,0.9998,32.375,32.67950285606021,0.0,3.24,Profitable,0,Moderate-Value
6853,20,12,1438,360,150.0,6.845425971104635e-31,0.0,1.0,71.9,72.23141052708526,0.0,0.0,Non-profitable,1,VIP
3076,18,18,612,660,90.0,2.749810531820058e-32,0.0,1.0,34.0,34.27460392277207,0.0,0.0,Non-profitable,0,Moderate-Value
1012,20,26,884,496,69.23076923076924,2.0626321685717675e-28,0.0,1.0,44.2,44.46977759119738,0.0,0.0,Non-profitable,0,Moderate-Value
6518,18,8,606,383,202.5,1.0985084043879969e-31,0.0,1.0,33.666666666666664,33.94044630575382,0.0,0.0,Non-profitable,0,Moderate-Value
4137,15,29,1076,205,46.55172413793104,3.5547452347973017e-13,0.0,1.0,71.73333333333333,72.17504719493661,0.0,0.01,Profitable,1,VIP
8082,4,75,34,404,4.800000000000001,3.4217864084513257e-06,0.0,1.0,8.5,9.460269102562592,0.0,0.04,Profitable,2,Low-Value
1386,3,0,11,49,0.0,6.534300678481104e-05,0.0,1.0,3.6666666666666665,4.879223675728493,0.0,0.2,Profitable,2,Low-Value
9369,31,19,1274,102,146.8421052631579,6.164571198874376e-21,0.0,1.0,41.096774193548384,41.266235796672305,0.0,0.0,Non-profitable,0,Moderate-Value
4477,17,4,653,275,382.5,4.097131318200439e-31,0.0,1.0,38.411764705882355,38.71411716168229,0.0,0.0,Non-profitable,0,Moderate-Value
1357,12,90,1562,447,12.0,4.830907488813513e-11,0.0,1.0,130.16666666666666,130.9362328267178,0.0,0.0,Non-profitable,3,High-Value
1402,18,1,1253,656,1620.0,1.120997000432203e-50,0.0,1.0,69.61111111111111,69.97377600755513,0.0,0.0,Non-profitable,1,VIP
6312,26,29,863,469,80.6896551724138,9.663721577587592e-34,0.0,1.0,33.19230769230769,33.380891862900995,0.0,0.0,Non-profitable,0,Moderate-Value
8132,19,88,661,450,19.431818181818183,8.468070059426286e-16,0.0,1.0,34.78947368421053,35.05144017477754,0.0,0.0,Non-profitable,0,Moderate-Value
1050,7,58,65,60,10.862068965517242,5.350290777183311,0.9599,0.040100000000000025,9.285714285714286,9.836828028452834,2.63,0.99,Profitable,2,Low-Value
5846,3,68,13,557,3.9705882352941178,1.5519131968540834e-07,0.0,1.0,4.333333333333333,5.555905577538095,0.0,0.01,Profitable,2,Low-Value
1859,18,34,1890,671,47.64705882352941,1.197207365922404e-27,0.0,1.0,105.0,105.45017634765935,0.0,0.0,Non-profitable,3,High-Value
7503,22,40,2209,625,49.50000000000001,4.772750944185036e-30,0.0,1.0,100.4090909090909,100.76796713859265,0.0,0.0,Non-profitable,3,High-Value
10401,3,12,18,298,22.5,5.941732625453485e-07,0.0,1.0,6.0,7.247610332062101,0.0,0.04,Profitable,2,Low-Value
1618,19,9,692,543,190.0,1.2526145468887803e-36,0.0,1.0,36.421052631578945,36.686840926368255,0.0,0.0,Non-profitable,0,Moderate-Value
3332,8,87,165,669,8.275862068965518,6.495918593720414e-12,0.0,1.0,20.625,21.170126485564253,0.0,0.0,Non-profitable,2,Low-Value
2261,3,5,16,371,54.0,6.86979779504626e-09,0.0,1.0,5.333333333333333,6.570928430252498,0.0,0.02,Profitable,2,Low-Value
5346,6,87,79,361,6.206896551724138,3.246933182810695e-06,0.0,1.0,13.166666666666666,13.839251649027037,0.0,0.05,Profitable,2,Low-Value
4119,10,56,318,414,16.071428571428573,1.981327843300417e-11,0.0,1.0,31.8,32.28545493701532,0.0,0.0,Non-profitable,0,Moderate-Value
535,26,18,778,124,130.0,1.4000411533086393e-20,0.0,1.0,29.923076923076923,30.106068511492353,0.0,0.0,Non-profitable,0,Moderate-Value
5268,5,95,56,322,4.7368421052631575,7.02769140922343e-05,0.0001,0.9999,11.2,11.990686155045983,0.0,0.11,Profitable,2,Low-Value
273,8,48,151,348,15.0,2.917603122091393e-09,0.0,1.0,18.875,19.410359443987343,0.0,0.01,Profitable,2,Low-Value
4452,13,3,372,32,390.0,2.9039196347629426e-10,0.0,1.0,28.615384615384617,28.97751320979087,0.0,5.42,Profitable,0,Moderate-Value
771,9,79,194,159,10.253164556962025,0.0060801726046851665,0.0022,0.9978,21.555555555555557,22.04442578923222,0.01,1.24,Profitable,2,Low-Value
11178,4,69,32,98,5.217391304347826,0.7694182317705998,0.3698,0.6302,8.0,8.954656611700585,0.34,0.42,Profitable,2,Low-Value
7516,5,30,45,38,15.0,4.870705275822001,0.7601,0.2399,9.0,9.770974439940085,2.38,0.78,Profitable,2,Low-Value
7247,17,72,606,584,21.25,4.576188331110485e-19,0.0,1.0,35.64705882352941,35.942171361172306,0.0,0.0,Non-profitable,0,Moderate-Value
11100,5,37,63,444,12.162162162162163,4.698731301335133e-09,0.0,1.0,12.6,13.403229973749736,0.0,0.01,Profitable,2,Low-Value
4646,24,44,978,210,49.090909090909086,2.46331205481436e-16,0.0,1.0,40.75,40.9683367719645,0.0,0.0,Non-profitable,0,Moderate-Value
3037,14,32,410,374,39.375,4.352608674727106e-17,0.0,1.0,29.285714285714285,29.624026994459587,0.0,0.0,Non-profitable,0,Moderate-Value
1473,5,0,72,341,0.0,7.328693374047074e-16,0.0,1.0,14.4,15.219357740654564,0.0,0.01,Profitable,2,Low-Value
1016,5,43,55,91,10.465116279069766,0.1258785903957127,0.0462,0.9538,11.0,11.788894180945446,0.07,0.66,Profitable,2,Low-Value
4518,25,59,1169,435,38.13559322033898,8.993298117190329e-24,0.0,1.0,46.76,46.98028087950061,0.0,0.0,Non-profitable,0,Moderate-Value
9370,15,68,1120,408,19.852941176470587,5.927028380786882e-14,0.0,1.0,74.66666666666667,75.11708927106743,0.0,0.0,Non-profitable,1,VIP
8908,19,35,1097,52,48.857142857142854,0.17613927206186372,0.0106,0.9894,57.73684210526316,58.052560422956745,0.51,15.63,Profitable,1,VIP
8373,4,94,29,201,3.829787234042553,0.016455291404787235,0.0159,0.9841,7.25,8.196237875407576,0.01,0.21,Profitable,2,Low-Value
7533,9,15,187,278,54.0,5.431509955474765e-13,0.0,1.0,20.77777777777778,21.262791818467267,0.0,0.01,Profitable,2,Low-Value
2683,22,56,910,512,35.357142857142854,5.3174242583394146e-24,0.0,1.0,41.36363636363637,41.6031030506897,0.0,0.0,Non-profitable,0,Moderate-Value
3629,7,17,145,557,37.05882352941176,6.76258426578989e-15,0.0,1.0,20.714285714285715,21.338354494848602,0.0,0.0,Non-profitable,2,Low-Value
10991,13,18,850,569,65.0,2.842952424873714e-23,0.0,1.0,65.38461538461539,65.87275975216076,0.0,0.0,Non-profitable,1,VIP
5077,23,46,969,239,45.0,7.647668336830098e-17,0.0,1.0,42.130434782608695,42.36095290439538,0.0,0.0,Non-profitable,0,Moderate-Value
7431,16,40,1820,596,36.0,1.2241910024761109e-22,0.0,1.0,113.75,114.28095464015472,0.0,0.0,Non-profitable,3,High-Value
999,24,95,730,543,22.736842105263158,5.004188003147581e-21,0.0,1.0,30.416666666666668,30.61585068343458,0.0,0.0,Non-profitable,0,Moderate-Value
9215,16,19,551,564,75.78947368421052,4.376615793011968e-27,0.0,1.0,34.4375,34.74774241740823,0.0,0.0,Non-profitable,0,Moderate-Value
2286,6,27,114,292,20.0,2.3237189496243886e-08,0.0,1.0,19.0,19.716074964313997,0.0,0.05,Profitable,2,Low-Value
1592,15,25,1724,156,54.0,8.441186117790165e-12,0.0,1.0,114.93333333333334,115.50330322522682,0.0,0.15,Profitable,3,High-Value
367,15,74,577,495,18.243243243243246,2.2643492809325384e-15,0.0,1.0,38.46666666666667,38.80961546790758,0.0,0.0,Non-profitable,0,Moderate-Value
5234,5,85,81,353,5.294117647058823,1.1254817039461145e-05,0.0,1.0,16.2,17.035485507559393,0.0,0.1,Profitable,2,Low-Value
9862,5,37,33,227,12.162162162162163,1.398270370634252e-05,0.0,1.0,6.6,7.349470750733649,0.0,0.08,Profitable,2,Low-Value
9805,18,65,660,374,24.923076923076923,1.6400360229358498e-15,0.0,1.0,36.666666666666664,36.947864858918074,0.0,0.0,Non-profitable,0,Moderate-Value
6205,6,13,80,125,41.53846153846154,3.5598964225191464e-06,0.0,1.0,13.333333333333334,14.007160886606666,0.0,0.43,Profitable,2,Low-Value
8442,4,63,30,298,5.7142857142857135,4.435253103273898e-05,0.0001,0.9999,7.5,8.449044120838579,0.0,0.08,Profitable,2,Low-Value
7386,4,83,43,433,4.337349397590362,2.4763490994528956e-06,0.0,1.0,10.75,11.735525311441618,0.0,0.04,Profitable,2,Low-Value
7215,27,69,1135,474,35.21739130434783,6.682492224845837e-25,0.0,1.0,42.03703703703704,42.23319422672335,0.0,0.0,Non-profitable,0,Moderate-Value
1491,14,87,559,496,14.482758620689655,1.4269334924066308e-13,0.0,1.0,39.92857142857143,40.30074574789391,0.0,0.0,Non-profitable,0,Moderate-Value
11071,15,37,1923,434,36.48648648648649,1.2208860638539108e-18,0.0,1.0,128.2,128.80935716045482,0.0,0.0,Non-profitable,3,High-Value
8026,14,10,463,272,125.99999999999999,5.644808876251743e-21,0.0,1.0,33.07142857142857,33.42178601413757,0.0,0.0,Non-profitable,0,Moderate-Value
433,18,42,632,476,38.57142857142857,9.321269429072428e-22,0.0,1.0,35.111111111111114,35.38846264616624,0.0,0.0,Non-profitable,0,Moderate-Value
9597,18,10,725,139,162.0,1.0376043949352784e-19,0.0,1.0,40.27777777777778,40.567905709949116,0.0,0.01,Profitable,0,Moderate-Value
5290,11,51,279,319,19.411764705882355,1.390283702943147e-10,0.0,1.0,25.363636363636363,25.778694482869042,0.0,0.0,Non-profitable,0,Moderate-Value
1685,22,21,1482,469,94.28571428571429,4.2848809174376765e-32,0.0,1.0,67.36363636363636,67.65568369601725,0.0,0.0,Non-profitable,1,VIP
5342,4,31,29,690,11.612903225806452,3.1757903488111815e-11,0.0,1.0,7.25,8.196237875407576,0.0,0.0,Non-profitable,2,Low-Value
9579,6,61,106,357,8.852459016393443,3.0914358311444003e-07,0.0,1.0,17.666666666666668,18.372801063676977,0.0,0.04,Profitable,2,Low-Value
7660,4,37,49,41,9.72972972972973,4.455236623818603,0.913,0.08699999999999997,12.25,13.252362784027637,2.95,0.84,Profitable,2,Low-Value
1461,5,74,38,336,6.081081081081082,8.708090513508974e-06,0.0,1.0,7.6,8.35843062123633,0.0,0.05,Profitable,2,Low-Value
821,21,46,2077,618,41.086956521739125,1.8275313718887695e-27,0.0,1.0,98.9047619047619,99.27757625845784,0.0,0.0,Non-profitable,3,High-Value
11084,15,4,1053,227,337.5,5.920471294551638e-26,0.0,1.0,70.2,70.63716156423186,0.0,0.0,Non-profitable,1,VIP
8690,22,73,1385,436,27.123287671232877,3.120150677214542e-19,0.0,1.0,62.95454545454545,63.23767613902988,0.0,0.0,Non-profitable,1,VIP
2937,22,47,871,305,42.12765957446808,6.169116305516319e-19,0.0,1.0,39.59090909090909,39.826790733962824,0.0,0.0,Non-profitable,0,Moderate-Value
9701,9,13,312,467,62.30769230769231,3.046970737177555e-17,0.0,1.0,34.666666666666664,35.22054129641283,0.0,0.0,Non-profitable,0,Moderate-Value
9949,12,36,877,619,30.0,3.794833293145431e-19,0.0,1.0,73.08333333333333,73.64089949961738,0.0,0.0,Non-profitable,1,VIP
10837,5,47,68,609,9.574468085106384,1.5820619399035223e-10,0.0,1.0,13.6,14.412189844252419,0.0,0.0,Non-profitable,2,Low-Value
3120,3,49,22,305,5.5102040816326525,4.0105002078981684e-05,0.0001,0.9999,7.333333333333333,8.600974135681305,0.0,0.07,Profitable,2,Low-Value
5885,9,94,211,676,8.617021276595745,1.8756652473673005e-12,0.0,1.0,23.444444444444443,23.942679718232814,0.0,0.0,Non-profitable,2,Low-Value
3830,15,59,459,66,22.881355932203387,7.682784151088482,0.7353,0.26470000000000005,30.6,30.919593536465836,11.88,6.44,Profitable,0,Moderate-Value
7987,15,96,460,114,14.0625,2.0825443087373228,0.3402,0.6597999999999999,30.666666666666668,30.986458129105173,3.23,5.1,Profitable,0,Moderate-Value
7798,13,28,429,562,41.785714285714285,1.0101895714724017e-20,0.0,1.0,33.0,33.37715557990611,0.0,0.0,Non-profitable,0,Moderate-Value
92,7,12,89,48,52.5,0.004085086058573204,0.0006,0.9994,12.714285714285714,13.287285968371563,0.0,1.28,Profitable,2,Low-Value
7055,24,57,1021,628,37.89473684210526,1.0449900910890879e-28,0.0,1.0,42.541666666666664,42.76332427924993,0.0,0.0,Non-profitable,0,Moderate-Value
10240,20,10,1381,495,180.0,2.7062617814110892e-36,0.0,1.0,69.05,69.37506923223758,0.0,0.0,Non-profitable,1,VIP
3025,12,4,306,356,270.0,1.1296941224635017e-24,0.0,1.0,25.5,25.880847923304454,0.0,0.0,Non-profitable,0,Moderate-Value
9283,3,49,18,290,5.5102040816326525,6.488417359092702e-05,0.0001,0.9999,6.0,7.247610332062101,0.0,0.06,Profitable,2,Low-Value
9970,8,3,162,255,240.0,3.533910866765957e-16,0.0,1.0,20.25,20.79303354808349,0.0,0.01,Profitable,2,Low-Value
2730,17,64,1231,313,23.90625,4.745669766735979e-13,0.0,1.0,72.41176470588235,72.80315275093275,0.0,0.0,Non-profitable,1,VIP
2795,3,0,13,363,0.0,3.377639898693427e-11,0.0,1.0,4.333333333333333,5.555905577538095,0.0,0.02,Profitable,2,Low-Value
9260,25,20,1706,601,112.5,2.87953365386157e-40,0.0,1.0,68.24,68.49849854292795,0.0,0.0,Non-profitable,1,VIP
8182,7,91,121,175,6.923076923076923,0.0166616272503252,0.0085,0.9915,17.285714285714285,17.88789655492987,0.01,0.84,Profitable,2,Low-Value
10095,19,9,1293,424,190.0,1.3536138496780187e-33,0.0,1.0,68.05263157894737,68.39251356204649,0.0,0.0,Non-profitable,1,VIP
8475,22,98,1608,120,20.20408163265306,0.7460456610090611,0.0884,0.9116,73.0909090909091,73.39453887313486,2.74,16.62,Profitable,1,VIP
4370,6,83,88,228,6.506024096385542,0.0006879108220554812,0.0005,0.9995,14.666666666666666,15.350434787243683,0.0,0.34,Profitable,2,Low-Value
10573,17,27,421,223,56.66666666666667,4.436842709936378e-16,0.0,1.0,24.764705882352942,25.031320869803206,0.0,0.0,Non-profitable,2,Low-Value
3712,11,63,259,305,15.714285714285714,3.552958989903939e-09,0.0,1.0,23.545454545454547,23.953143826035795,0.0,0.01,Profitable,2,Low-Value
6637,14,46,1117,239,27.39130434782609,7.224399300912937e-11,0.0,1.0,79.78571428571429,80.28469920035268,0.0,0.02,Profitable,1,VIP
3152,6,84,89,124,6.428571428571428,0.39225739199305754,0.1649,0.8351,14.833333333333334,15.518344024823312,0.3,0.94,Profitable,2,Low-Value
5610,4,58,36,69,6.206896551724138,2.2002842376793548,0.7503,0.24970000000000003,9.0,9.965881593424598,1.1,0.54,Profitable,2,Low-Value
6460,5,78,57,351,5.769230769230768,7.051146797905058e-06,0.0,1.0,11.4,12.19247812914652,0.0,0.06,Profitable,2,Low-Value
1349,7,4,148,69,157.5,1.5981599376251953e-07,0.0,1.0,21.142857142857142,21.769661737338442,0.0,1.49,Profitable,2,Low-Value
1880,6,17,93,150,31.764705882352942,2.6518541314434143e-06,0.0,1.0,15.5,16.18998097514182,0.0,0.35,Profitable,2,Low-Value
641,6,77,119,86,7.012987012987013,2.7055121932570665,0.7957,0.20430000000000004,19.833333333333332,20.555621152212133,2.78,1.56,Profitable,2,Low-Value
8717,27,56,1835,655,43.392857142857146,1.2431754160203046e-32,0.0,1.0,67.96296296296296,68.20182558677087,0.0,0.0,Non-profitable,1,VIP
10314,24,79,1318,560,27.341772151898734,1.7288590839860158e-23,0.0,1.0,54.916666666666664,55.16126124817488,0.0,0.0,Non-profitable,1,VIP
6935,24,44,978,210,49.090909090909086,2.46331205481436e-16,0.0,1.0,40.75,40.9683367719645,0.0,0.0,Non-profitable,0,Moderate-Value
10562,23,21,1033,274,98.57142857142858,2.8262605028828846e-26,0.0,1.0,44.91304347826087,45.148943819009936,0.0,0.0,Non-profitable,0,Moderate-Value
10796,5,16,66,158,28.125,7.4192570564292275e-06,0.0,1.0,13.2,14.008605896051346,0.0,0.29,Profitable,2,Low-Value
3518,4,45,50,571,8.0,2.9195005948555684e-09,0.0,1.0,12.5,13.50516902945864,0.0,0.01,Profitable,2,Low-Value
5823,5,63,39,113,7.142857142857142,0.17600618119191083,0.0797,0.9203,7.8,8.560222595336867,0.08,0.44,Profitable,2,Low-Value
3934,16,34,608,331,42.35294117647059,1.9506888947059763e-17,0.0,1.0,38.0,38.32015620519117,0.0,0.0,Non-profitable,0,Moderate-Value
6982,23,14,1581,467,147.85714285714286,3.2905245201178076e-37,0.0,1.0,68.73913043478261,69.02111602539709,0.0,0.0,Non-profitable,1,VIP
6431,5,13,68,491,34.61538461538462,6.5212975119154615e-12,0.0,1.0,13.6,14.412189844252419,0.0,0.0,Non-profitable,2,Low-Value
9733,4,52,80,658,6.923076923076923,6.706997553667377e-10,0.0,1.0,20.0,21.089356392388733,0.0,0.01,Profitable,2,Low-Value
5602,27,98,1282,408,24.795918367346935,2.490636982447241e-18,0.0,1.0,47.48148148148148,47.68660681233333,0.0,0.0,Non-profitable,0,Moderate-Value
7829,5,99,65,276,4.545454545454545,0.0005465109390982463,0.0006,0.9994,13.0,13.80681392195081,0.0,0.22,Profitable,2,Low-Value
1324,6,93,91,395,5.806451612903226,1.5403849856906732e-06,0.0,1.0,15.166666666666666,15.854162499982566,0.0,0.05,Profitable,2,Low-Value
326,12,38,315,496,28.421052631578945,1.015750528371612e-16,0.0,1.0,26.25,26.633633324682418,0.0,0.0,Non-profitable,0,Moderate-Value
7224,4,24,31,182,15.0,6.845529213617714e-05,0.0001,0.9999,7.75,8.701850366269582,0.0,0.15,Profitable,2,Low-Value
9938,16,82,1600,283,17.5609756097561,1.279081224809975e-09,0.0,1.0,100.0,100.4926908978346,0.0,0.02,Profitable,3,High-Value
6422,16,20,1270,528,72.0,5.414950942563364e-26,0.0,1.0,79.375,79.81029528435442,0.0,0.0,Non-profitable,1,VIP
3182,9,81,263,90,10.0,3.641553179181388,0.7684,0.23160000000000003,29.22222222222222,29.749103501058173,5.42,3.33,Profitable,0,Moderate-Value
10424,17,60,1295,202,25.5,3.3198216919397254e-09,0.0,1.0,76.17647058823529,76.57771724524423,0.0,0.07,Profitable,1,VIP
8727,26,63,1150,258,37.14285714285714,2.457606165644414e-16,0.0,1.0,44.23076923076923,44.43823659059839,0.0,0.0,Non-profitable,0,Moderate-Value
2798,26,54,1240,604,43.33333333333333,1.0527481739621358e-30,0.0,1.0,47.69230769230769,47.90569660973695,0.0,0.0,Non-profitable,0,Moderate-Value
1030,4,72,38,347,5.0,1.647243044208824e-05,0.0,1.0,9.5,10.471494084286604,0.0,0.07,Profitable,2,Low-Value
624,3,5,35,596,54.0,2.156170751278008e-11,0.0,1.0,11.666666666666666,12.99940649744372,0.0,0.01,Profitable,2,Low-Value
5176,4,88,53,203,4.090909090909091,0.010499335879097875,0.0102,0.9898,13.25,14.26358776575165,0.01,0.35,Profitable,2,Low-Value
5552,11,50,293,412,19.8,9.677864408515188e-13,0.0,1.0,26.636363636363637,27.05657994265232,0.0,0.0,Non-profitable,0,Moderate-Value
380,24,17,1804,657,127.05882352941177,7.863858006647896e-42,0.0,1.0,75.16666666666667,75.44879447005209,0.0,0.0,Non-profitable,1,VIP
2677,10,11,241,455,81.81818181818181,3.807932607380472e-19,0.0,1.0,24.1,24.551113283962103,0.0,0.0,Non-profitable,2,Low-Value
6521,19,18,1101,103,95.0,2.8404352317970064e-13,0.0,1.0,57.94736842105263,58.263579874774905,0.0,0.3,Profitable,1,VIP
6927,11,70,264,632,14.142857142857142,6.8672399088495355e-15,0.0,1.0,24.0,24.409531490244106,0.0,0.0,Non-profitable,2,Low-Value
2877,16,21,541,524,68.57142857142857,1.401521933228326e-25,0.0,1.0,33.8125,34.12100315639368,0.0,0.0,Non-profitable,0,Moderate-Value
0,16,66,1198,421,21.81818181818182,3.194782732799711e-15,0.0,1.0,74.875,75.29777260504966,0.0,0.0,Non-profitable,1,VIP
1584,14,79,482,89,15.949367088607595,4.7777354307603455,0.6548,0.34519999999999995,34.42857142857143,34.783246794776844,8.31,6.05,Profitable,0,Moderate-Value
7264,3,2,17,48,135.0,0.0025163036265144173,0.0008,0.9992,5.666666666666667,6.9092693811573,0.0,0.29,Profitable,2,Low-Value
6274,24,81,1615,226,26.666666666666664,8.665423603156656e-11,0.0,1.0,67.29166666666667,67.55919821709985,0.0,0.01,Profitable,1,VIP
1377,10,24,285,302,37.5,8.864079134673861e-13,0.0,1.0,28.5,28.970737085706798,0.0,0.0,Non-profitable,0,Moderate-Value
454,26,48,1135,592,48.75,1.008906941061854e-31,0.0,1.0,43.65384615384615,43.86032658740863,0.0,0.0,Non-profitable,0,Moderate-Value
2075,15,56,1047,227,24.107142857142858,9.476294852680088e-10,0.0,1.0,69.8,70.23597400839583,0.0,0.03,Profitable,1,VIP
4785,20,3,714,76,600.0,7.556726811295919e-25,0.0,1.0,35.7,35.95086495744117,0.0,0.24,Profitable,0,Moderate-Value
9076,9,44,185,540,18.40909090909091,9.778637676703648e-14,0.0,1.0,20.555555555555557,21.03946782682014,0.0,0.0,Non-profitable,2,Low-Value
7079,27,38,1245,659,63.94736842105263,2.7348491935527046e-37,0.0,1.0,46.111111111111114,46.313979154730816,0.0,0.0,Non-profitable,0,Moderate-Value
4653,8,46,189,460,15.652173913043478,2.2813481666325846e-11,0.0,1.0,23.625,24.18686998541039,0.0,0.0,Non-profitable,2,Low-Value
7375,14,84,576,612,15.0,5.154403625763147e-16,0.0,1.0,41.142857142857146,41.518894867413266,0.0,0.0,Non-profitable,0,Moderate-Value
709,15,27,1103,567,50.0,1.6211806588228935e-23,0.0,1.0,73.53333333333333,73.9803911961987,0.0,0.0,Non-profitable,1,VIP
460,16,72,1753,690,20.0,3.420290519596052e-20,0.0,1.0,109.5625,110.08180159135722,0.0,0.0,Non-profitable,3,High-Value
3726,3,66,17,133,4.090909090909091,0.10030404953616963,0.0832,0.9168000000000001,5.666666666666667,6.9092693811573,0.03,0.19,Profitable,2,Low-Value
6798,14,30,433,466,42.0,1.3056335524792075e-19,0.0,1.0,30.928571428571427,31.272111097338712,0.0,0.0,Non-profitable,0,Moderate-Value
5341,13,2,1588,540,585.0,1.8631890522498565e-33,0.0,1.0,122.15384615384616,122.83655043891595,0.0,0.0,Non-profitable,3,High-Value
1606,3,65,22,410,4.153846153846154,5.491886784487358e-06,0.0,1.0,7.333333333333333,8.600974135681305,0.0,0.04,Profitable,2,Low-Value
9617,4,37,19,74,9.72972972972973,0.3634936072301876,0.1327,0.8673,4.75,5.668175421097546,0.1,0.29,Profitable,2,Low-Value
3233,26,89,1117,463,26.29213483146067,8.881297718175238e-21,0.0,1.0,42.96153846153846,43.166834583580915,0.0,0.0,Non-profitable,0,Moderate-Value
89,6,49,69,202,11.020408163265305,7.182396961368651e-05,0.0,1.0,11.5,12.160159273230764,0.0,0.22,Profitable,2,Low-Value
2936,4,46,23,207,7.826086956521739,0.00035284417832933117,0.0004,0.9996,5.75,6.679400402821558,0.0,0.12,Profitable,2,Low-Value
9449,18,32,605,268,50.625,1.6121800316305052e-17,0.0,1.0,33.611111111111114,33.88475336958412,0.0,0.0,Non-profitable,0,Moderate-Value
7297,7,54,57,185,11.666666666666666,0.00013765257373773204,0.0001,0.9999,8.142857142857142,8.686675381813256,0.0,0.21,Profitable,2,Low-Value
11004,3,23,22,43,11.739130434782608,1.4500206471274277,0.3987,0.6013,7.333333333333333,8.600974135681305,0.62,0.39,Profitable,2,Low-Value
313,21,98,2088,244,19.285714285714285,1.2652535971088678e-08,0.0,1.0,99.42857142857143,99.80249564984786,0.0,0.04,Profitable,3,High-Value
9940,14,97,1009,553,12.989690721649483,5.5927079536261134e-14,0.0,1.0,72.07142857142857,72.54586949987679,0.0,0.0,Non-profitable,1,VIP
10735,4,75,26,333,4.800000000000001,3.222997520112448e-05,0.0001,0.9999,6.5,7.437819139114567,0.0,0.06,Profitable,2,Low-Value
9529,21,8,1627,213,236.25,1.6314653656177308e-29,0.0,1.0,77.47619047619048,77.80360115613912,0.0,0.0,Non-profitable,1,VIP
6439,24,37,1102,681,58.37837837837838,1.7566591423589555e-34,0.0,1.0,45.916666666666664,46.14457981622947,0.0,0.0,Non-profitable,0,Moderate-Value
2176,14,40,1690,405,31.499999999999996,1.7332326671299196e-16,0.0,1.0,120.71428571428571,121.34349011121087,0.0,0.0,Non-profitable,3,High-Value
9265,19,74,1390,536,23.108108108108105,1.863505284420808e-19,0.0,1.0,73.15789473684211,73.50973526863682,0.0,0.0,Non-profitable,1,VIP
8867,19,90,2126,667,19.0,1.353368555218662e-20,0.0,1.0,111.89473684210526,112.33731440317787,0.0,0.0,Non-profitable,3,High-Value
8932,21,57,1531,608,33.1578947368421,2.949934593239696e-25,0.0,1.0,72.9047619047619,73.22248646764444,0.0,0.0,Non-profitable,1,VIP
10236,5,59,64,286,7.627118644067796,1.5001083723334817e-05,0.0,1.0,12.8,13.605021947850274,0.0,0.11,Profitable,2,Low-Value
6340,4,52,26,245,6.923076923076923,0.00012774672025683552,0.0001,0.9999,6.5,7.437819139114567,0.0,0.1,Profitable,2,Low-Value
10089,28,5,1112,450,503.99999999999994,2.1907401940755373e-55,0.0,1.0,39.714285714285715,39.89973696681591,0.0,0.0,Non-profitable,0,Moderate-Value
2227,9,92,210,645,8.804347826086957,3.965730811652361e-12,0.0,1.0,23.333333333333332,23.83101772240925,0.0,0.0,Non-profitable,2,Low-Value
10992,21,77,1148,669,24.545454545454543,8.888651413096838e-24,0.0,1.0,54.666666666666664,54.94574765833763,0.0,0.0,Non-profitable,1,VIP
5304,4,35,33,624,10.285714285714285,2.5684728081337784e-10,0.0,1.0,8.25,9.207462857131588,0.0,0.0,Non-profitable,2,Low-Value
309,16,48,1101,621,30.0,7.70774492217901e-22,0.0,1.0,68.8125,69.21840177320851,0.0,0.0,Non-profitable,1,VIP
3406,12,97,322,615,11.1340206185567,1.2147494292588695e-13,0.0,1.0,26.833333333333332,27.219133081309717,0.0,0.0,Non-profitable,0,Moderate-Value
2661,6,95,44,390,5.684210526315789,2.1574644178256734e-06,0.0,1.0,7.333333333333333,7.962428333740083,0.0,0.03,Profitable,2,Low-Value
3153,3,24,17,203,11.25,0.00012914636975506848,0.0002,0.9998,5.666666666666667,6.9092693811573,0.0,0.09,Profitable,2,Low-Value
10264,4,60,31,627,6.0,2.8039913666216902e-09,0.0,1.0,7.75,8.701850366269582,0.0,0.0,Non-profitable,2,Low-Value
1184,22,46,845,403,43.04347826086957,1.0818383216918123e-22,0.0,1.0,38.40909090909091,38.642582522811566,0.0,0.0,Non-profitable,0,Moderate-Value
9396,3,31,25,583,8.709677419354838,4.742320242279253e-09,0.0,1.0,8.333333333333334,9.615996988395711,0.0,0.01,Profitable,2,Low-Value
2387,11,9,275,511,110.00000000000001,1.4826367776250032e-22,0.0,1.0,25.0,25.413584351502394,0.0,0.0,Non-profitable,0,Moderate-Value
6690,7,30,90,472,21.0,5.2826424979626e-12,0.0,1.0,12.857142857142858,13.431055049201511,0.0,0.0,Non-profitable,2,Low-Value
9703,7,70,184,622,9.0,2.5862996425778298e-11,0.0,1.0,26.285714285714285,26.945348647216537,0.0,0.0,Non-profitable,0,Moderate-Value
291,12,13,981,375,83.07692307692308,1.1702786128401545e-19,0.0,1.0,81.75,82.33975302665161,0.0,0.0,Non-profitable,1,VIP
4557,6,11,67,268,49.090909090909086,3.858295872231511e-10,0.0,1.0,11.166666666666666,11.82434079807151,0.0,0.02,Profitable,2,Low-Value
2379,12,31,1635,645,34.83870967741935,2.417979371081159e-20,0.0,1.0,136.25,137.04215886011684,0.0,0.0,Non-profitable,3,High-Value
5726,7,15,60,101,42.0,1.2492344458194481e-05,0.0,1.0,8.571428571428571,9.117982624303098,0.0,0.44,Profitable,2,Low-Value
3066,10,2,231,145,450.0,2.4234598614872912e-17,0.0,1.0,23.1,23.546653329020124,0.0,0.09,Profitable,2,Low-Value
6336,6,55,48,84,9.818181818181818,0.7379249962252327,0.2121,0.7879,8.0,8.634065284058591,0.32,0.63,Profitable,2,Low-Value
10967,6,38,99,508,14.210526315789473,8.49360500451753e-11,0.0,1.0,16.5,17.197436400619587,0.0,0.0,Non-profitable,2,Low-Value
2304,21,86,770,286,21.97674418604651,9.661937962593202e-12,0.0,1.0,36.666666666666664,36.9076085723899,0.0,0.0,Non-profitable,0,Moderate-Value
3445,21,56,957,528,33.75,1.7035141742222084e-23,0.0,1.0,45.57142857142857,45.831238226020126,0.0,0.0,Non-profitable,0,Moderate-Value
7828,11,29,818,60,34.137931034482754,0.025812736225259796,0.003,0.997,74.36363636363636,74.97728468452515,0.1,10.64,Profitable,1,VIP
3762,16,30,925,453,48.0,1.483587530535175e-21,0.0,1.0,57.8125,58.187790779352426,0.0,0.0,Non-profitable,1,VIP
4391,21,64,908,434,29.53125,1.1199429121530092e-19,0.0,1.0,43.23809523809524,43.49296093710098,0.0,0.0,Non-profitable,0,Moderate-Value
4669,7,46,102,503,13.695652173913045,4.112464487071716e-11,0.0,1.0,14.571428571428571,15.156284019160875,0.0,0.0,Non-profitable,2,Low-Value
10144,14,84,576,612,15.0,5.154403625763147e-16,0.0,1.0,41.142857142857146,41.518894867413266,0.0,0.0,Non-profitable,0,Moderate-Value
8652,11,20,317,667,49.50000000000001,1.7279128731136014e-21,0.0,1.0,28.818181818181817,29.24724073085222,0.0,0.0,Non-profitable,0,Moderate-Value
1672,14,74,461,120,17.027027027027028,0.02471971780579013,0.0045,0.9955,32.92857142857143,33.27847435301764,0.04,3.99,Profitable,0,Moderate-Value
8962,5,18,37,73,25.0,0.008889722464023192,0.0026,0.9974,7.4,8.156638647135795,0.0,0.47,Profitable,2,Low-Value
9974,6,75,70,352,7.2,1.5650836342398856e-06,0.0,1.0,11.666666666666666,12.328068510810391,0.0,0.04,Profitable,2,Low-Value
10983,22,17,930,516,116.47058823529413,2.440103001050306e-35,0.0,1.0,42.27272727272727,42.51403244388297,0.0,0.0,Non-profitable,0,Moderate-Value
8148,20,88,859,537,20.454545454545453,1.0180297708807102e-18,0.0,1.0,42.95,43.21699632152735,0.0,0.0,Non-profitable,0,Moderate-Value
10102,21,19,1478,48,99.47368421052633,2.2717030828196977e-06,0.0,1.0,70.38095238095238,70.69332940003802,0.0,16.83,Profitable,1,VIP
4697,13,62,390,381,18.870967741935484,1.8986853765180227e-12,0.0,1.0,30.0,30.366873958248313,0.0,0.0,Non-profitable,0,Moderate-Value
9262,4,11,52,360,32.72727272727273,3.917991792787848e-09,0.0,1.0,13.0,14.010781520320647,0.0,0.03,Profitable,2,Low-Value
7254,7,74,137,184,8.513513513513514,0.0017168847742911547,0.0009,0.9991,19.571428571428573,20.188201848209026,0.0,0.7,Profitable,2,Low-Value
4543,18,32,1919,606,50.625,8.10622021764073e-27,0.0,1.0,106.61111111111111,107.0652714965809,0.0,0.0,Non-profitable,3,High-Value
4927,6,76,68,165,7.105263157894736,0.012314851736940219,0.0068,0.9932,11.333333333333334,11.99225003565114,0.01,0.5,Profitable,2,Low-Value
10451,3,6,25,474,45.0,6.569526985967873e-10,0.0,1.0,8.333333333333334,9.615996988395711,0.0,0.01,Profitable,2,Low-Value
2926,20,62,1374,675,29.032258064516128,5.930235046729037e-25,0.0,1.0,68.7,69.02429047672997,0.0,0.0,Non-profitable,1,VIP
2874,4,20,32,479,18.0,1.1016008427973729e-09,0.0,1.0,8.0,8.954656611700585,0.0,0.01,Profitable,2,Low-Value
9738,6,43,100,532,12.55813953488372,8.967694873654815e-11,0.0,1.0,16.666666666666668,17.365345638199216,0.0,0.0,Non-profitable,2,Low-Value
7119,11,45,825,533,22.0,1.6565507613382358e-15,0.0,1.0,75.0,75.61622741441678,0.0,0.0,Non-profitable,1,VIP
3924,23,34,916,104,60.88235294117647,5.303965744221488e-10,0.0,1.0,39.82608695652174,40.052147928230205,0.0,0.41,Profitable,0,Moderate-Value
5827,7,53,62,74,11.88679245283019,1.4800264638383804,0.3261,0.6738999999999999,8.857142857142858,9.405520785962993,0.7,0.86,Profitable,2,Low-Value
5596,20,44,728,260,40.90909090909091,3.683987671944103e-16,0.0,1.0,36.4,36.65242246845638,0.0,0.0,Non-profitable,0,Moderate-Value
10812,6,89,90,120,6.067415730337078,0.7303246667326481,0.2974,0.7026,15.0,15.68625326240294,0.57,0.99,Profitable,2,Low-Value
1717,10,43,273,77,20.930232558139533,0.09860653083497714,0.0162,0.9838,27.3,27.765385139776427,0.14,3.31,Profitable,0,Moderate-Value
9491,7,68,66,184,9.26470588235294,0.0008756871917007795,0.0005,0.9995,9.428571428571429,9.980597109282781,0.0,0.31,Profitable,2,Low-Value
9274,22,44,1213,458,45.0,8.18397027874512e-25,0.0,1.0,55.13636363636363,55.40368335756775,0.0,0.0,Non-profitable,1,VIP
6609,6,64,107,649,8.4375,4.466733753403574e-11,0.0,1.0,17.833333333333332,18.540710301256603,0.0,0.0,Non-profitable,2,Low-Value
6963,17,85,1157,116,18.0,0.19967456416537388,0.0294,0.9706,68.05882352941177,68.43881255438512,0.68,11.55,Profitable,1,VIP
4440,17,93,546,292,16.451612903225808,1.9671024623220624e-09,0.0,1.0,32.11764705882353,32.4035171477553,0.0,0.0,Non-profitable,0,Moderate-Value
1379,10,12,241,428,75.0,2.672333842502923e-18,0.0,1.0,24.1,24.551113283962103,0.0,0.0,Non-profitable,2,Low-Value
10032,7,86,53,162,7.325581395348838,0.025128272053718148,0.0119,0.9881,7.571428571428571,8.111599058493468,0.01,0.42,Profitable,2,Low-Value
2826,5,28,37,244,16.071428571428573,1.5353619278314393e-06,0.0,1.0,7.4,8.156638647135795,0.0,0.06,Profitable,2,Low-Value
6320,22,42,1508,508,47.142857142857146,1.1507413112776806e-26,0.0,1.0,68.54545454545455,68.83989190716851,0.0,0.0,Non-profitable,1,VIP
3050,10,13,235,194,69.23076923076924,2.5905934192289747e-12,0.0,1.0,23.5,23.948437310996916,0.0,0.03,Profitable,2,Low-Value
231,5,86,32,110,5.232558139534883,1.0490515309584487,0.463,0.5369999999999999,6.4,7.1476787766331125,0.37,0.4,Profitable,2,Low-Value
2392,6,59,102,335,9.152542372881356,5.739734497382387e-07,0.0,1.0,17.0,17.70116411335847,0.0,0.05,Profitable,2,Low-Value
9478,13,30,401,684,39.0,2.1250531284571314e-22,0.0,1.0,30.846153846153847,31.215927748972305,0.0,0.0,Non-profitable,0,Moderate-Value
113,4,33,28,348,10.90909090909091,4.2455906050683187e-07,0.0,1.0,7.0,7.943431629976573,0.0,0.03,Profitable,2,Low-Value
1802,18,23,680,528,70.43478260869566,1.1956262793256956e-27,0.0,1.0,37.77777777777778,38.06172358231224,0.0,0.0,Non-profitable,0,Moderate-Value
520,3,81,30,363,3.333333333333333,5.219040836848708e-05,0.0001,0.9999,10.0,11.307701742919715,0.0,0.08,Profitable,2,Low-Value
8275,3,6,20,140,45.0,4.523183060318798e-05,0.0,1.0,6.666666666666667,7.924292233871704,0.0,0.16,Profitable,2,Low-Value
9750,18,41,1307,507,39.51219512195122,1.0709779930896626e-22,0.0,1.0,72.61111111111111,72.98119456071939,0.0,0.0,Non-profitable,1,VIP
2607,18,78,630,534,20.76923076923077,3.618085660171522e-18,0.0,1.0,35.0,35.27707677382682,0.0,0.0,Non-profitable,0,Moderate-Value
7214,17,49,1283,359,31.224489795918366,1.6509449594652005e-16,0.0,1.0,75.47058823529412,75.86998640256083,0.0,0.0,Non-profitable,1,VIP
5835,6,39,65,362,13.846153846153847,1.3767632883138032e-08,0.0,1.0,10.833333333333334,11.488522322912257,0.0,0.01,Profitable,2,Low-Value
3896,4,3,37,234,120.0,4.772215293436561e-09,0.0,1.0,9.25,10.218687838855601,0.0,0.07,Profitable,2,Low-Value
10350,4,37,38,416,9.72972972972973,8.449045710594807e-08,0.0,1.0,9.5,10.471494084286604,0.0,0.02,Profitable,2,Low-Value
7786,8,22,160,501,32.72727272727273,1.3533639274285864e-14,0.0,1.0,20.0,20.541638256429643,0.0,0.0,Non-profitable,2,Low-Value
2861,3,79,23,439,3.4177215189873418,5.686591370163713e-06,0.0,1.0,7.666666666666667,8.939315086586108,0.0,0.04,Profitable,2,Low-Value
663,5,46,71,291,9.782608695652174,3.0193432621973782e-06,0.0,1.0,14.2,15.017565766554027,0.0,0.09,Profitable,2,Low-Value
10675,17,82,1161,452,18.65853658536585,4.410298646891941e-15,0.0,1.0,68.29411764705883,68.6747228352796,0.0,0.0,Non-profitable,1,VIP
2521,4,10,59,535,36.0,1.8212837976138836e-11,0.0,1.0,14.75,15.780425238337667,0.0,0.01,Profitable,2,Low-Value
9592,5,51,33,364,8.823529411764707,3.6729957597292407e-07,0.0,1.0,6.6,7.349470750733649,0.0,0.02,Profitable,2,Low-Value
10151,21,38,946,655,49.736842105263165,5.004087585811759e-30,0.0,1.0,45.04761904761905,45.30631883463012,0.0,0.0,Non-profitable,0,Moderate-Value
7381,21,10,1442,570,189.0,8.167612200211399e-40,0.0,1.0,68.66666666666667,68.97541139185253,0.0,0.0,Non-profitable,1,VIP
4099,4,14,62,594,25.71428571428571,1.3802827959625154e-11,0.0,1.0,15.5,16.538843974630677,0.0,0.0,Non-profitable,2,Low-Value
9560,21,18,1674,483,105.0,1.540621921764958e-32,0.0,1.0,79.71428571428571,80.04643855571463,0.0,0.0,Non-profitable,1,VIP
1150,14,36,1853,276,35.0,1.2915109418572853e-13,0.0,1.0,132.35714285714286,133.02339049248468,0.0,0.0,Non-profitable,3,High-Value
10172,20,95,1538,688,18.94736842105263,2.3687710364553803e-21,0.0,1.0,76.9,77.24253560576538,0.0,0.0,Non-profitable,1,VIP
11191,7,11,139,204,57.27272727272727,6.921621330717579e-10,0.0,1.0,19.857142857142858,20.475740009868918,0.0,0.09,Profitable,2,Low-Value
9707,17,65,1182,583,23.53846153846154,7.836830879052968e-20,0.0,1.0,69.52941176470588,69.91325180997555,0.0,0.0,Non-profitable,1,VIP
6245,16,71,507,381,20.281690140845072,1.1998167636675144e-13,0.0,1.0,31.6875,31.990089668944204,0.0,0.0,Non-profitable,0,Moderate-Value
8234,3,13,18,318,20.76923076923077,3.948090809600555e-07,0.0,1.0,6.0,7.247610332062101,0.0,0.03,Profitable,2,Low-Value
1411,15,58,940,231,23.27586206896552,1.1427126895158186e-09,0.0,1.0,62.666666666666664,63.081462595986814,0.0,0.03,Profitable,1,VIP
8553,4,65,42,371,5.538461538461538,4.562391285686578e-06,0.0,1.0,10.5,11.482719066010615,0.0,0.05,Profitable,2,Low-Value
1826,14,0,1190,13,0.0,5.257604515876059e-15,0.0,1.0,85.0,85.5155748312299,0.0,21.74,Profitable,1,VIP
8842,5,33,44,551,13.636363636363637,1.133851688538552e-10,0.0,1.0,8.8,9.569182465839548,0.0,0.0,Non-profitable,2,Low-Value
11030,3,90,16,177,3.0,0.04941635064121227,0.0541,0.9459,5.333333333333333,6.570928430252498,0.02,0.15,Profitable,2,Low-Value
2579,22,95,835,194,20.842105263157894,1.3912203173309314e-06,0.0,1.0,37.95454545454545,38.18711782621493,0.0,0.21,Profitable,0,Moderate-Value
175,20,93,1443,535,19.35483870967742,3.6608143595057005e-18,0.0,1.0,72.15,72.48196678101927,0.0,0.0,Non-profitable,1,VIP
9185,15,38,1029,244,35.526315789473685,5.806254728381236e-13,0.0,1.0,68.6,69.03241134088778,0.0,0.0,Non-profitable,1,VIP
11056,17,18,1188,610,85.0,8.101855436541953e-30,0.0,1.0,69.88235294117646,70.26711723131724,0.0,0.0,Non-profitable,1,VIP
9365,19,57,1277,554,30.0,4.253111620997404e-22,0.0,1.0,67.21052631578948,67.54843575477386,0.0,0.0,Non-profitable,1,VIP
6201,5,45,49,212,10.0,8.124722356590409e-05,0.0001,0.9999,9.8,10.57814233634223,0.0,0.17,Profitable,2,Low-Value
2061,6,61,99,414,8.852459016393443,3.966608707330956e-08,0.0,1.0,16.5,17.197436400619587,0.0,0.02,Profitable,2,Low-Value
6184,14,6,1670,564,210.0,9.383215947202186e-31,0.0,1.0,119.28571428571429,119.91037350001163,0.0,0.0,Non-profitable,3,High-Value
6142,13,65,900,313,18.0,1.9457399960576897e-10,0.0,1.0,69.23076923076923,69.73209516454254,0.0,0.01,Profitable,1,VIP
4107,14,52,425,264,24.23076923076923,5.851948257181815e-11,0.0,1.0,30.357142857142858,30.698864452859016,0.0,0.0,Non-profitable,0,Moderate-Value
7274,21,87,2153,639,21.724137931034484,5.782341207679084e-22,0.0,1.0,102.52380952380952,102.90429205351612,0.0,0.0,Non-profitable,3,High-Value
9336,18,38,636,99,42.63157894736842,1.7161750104495699e-06,0.0,1.0,35.333333333333336,35.61123439084508,0.0,2.02,Profitable,0,Moderate-Value
2958,7,53,57,125,11.88679245283019,0.009562725767646418,0.0035,0.9965,8.142857142857142,8.686675381813256,0.0,0.5,Profitable,2,Low-Value
933,3,31,25,583,8.709677419354838,4.742320242279253e-09,0.0,1.0,8.333333333333334,9.615996988395711,0.0,0.01,Profitable,2,Low-Value
5837,15,67,494,548,20.149253731343283,3.781073648040394e-17,0.0,1.0,32.93333333333333,33.25985427884262,0.0,0.0,Non-profitable,0,Moderate-Value
10704,17,65,693,677,23.53846153846154,1.1453828079212046e-21,0.0,1.0,40.76470588235294,41.07321997062696,0.0,0.0,Non-profitable,0,Moderate-Value
5125,25,64,1348,408,35.15625,6.051994591128212e-22,0.0,1.0,53.92,54.15302010064306,0.0,0.0,Non-profitable,1,VIP
4432,5,82,51,470,5.48780487804878,2.0429585077466174e-07,0.0,1.0,10.2,10.981726284543301,0.0,0.02,Profitable,2,Low-Value
5955,15,27,1932,589,50.0,6.119937595649536e-24,0.0,1.0,128.8,129.4111384942089,0.0,0.0,Non-profitable,3,High-Value
2928,14,63,990,575,20.0,3.371382610282976e-17,0.0,1.0,70.71428571428571,71.18440871923751,0.0,0.0,Non-profitable,1,VIP
5680,4,66,30,68,5.454545454545455,2.8625862248515244,0.9623,0.037699999999999956,7.5,8.449044120838579,1.21,0.47,Profitable,2,Low-Value
10313,10,69,254,609,13.043478260869566,9.655643995397725e-14,0.0,1.0,25.4,25.856911225386668,0.0,0.0,Non-profitable,0,Moderate-Value
2557,4,52,29,304,6.923076923076923,1.4262548245974948e-05,0.0,1.0,7.25,8.196237875407576,0.0,0.06,Profitable,2,Low-Value
1245,19,45,1371,595,38.0,5.400136436797364e-25,0.0,1.0,72.15789473684211,72.50739287250057,0.0,0.0,Non-profitable,1,VIP
1519,6,2,73,372,270.0,1.3275711126221794e-15,0.0,1.0,12.166666666666666,12.831796223549274,0.0,0.0,Non-profitable,2,Low-Value
10703,7,86,120,680,7.325581395348838,2.6198953688840746e-11,0.0,1.0,17.142857142857142,17.744127474099923,0.0,0.0,Non-profitable,2,Low-Value
1726,4,23,81,468,15.652173913043478,2.6033613780167496e-09,0.0,1.0,20.25,21.342162637819733,0.0,0.02,Profitable,2,Low-Value
4459,4,13,37,546,27.692307692307693,3.552857947203098e-11,0.0,1.0,9.25,10.218687838855601,0.0,0.0,Non-profitable,2,Low-Value
1729,18,14,1377,270,115.71428571428572,7.524637991465213e-24,0.0,1.0,76.5,76.87970009259897,0.0,0.0,Non-profitable,1,VIP
1517,4,92,51,380,3.9130434782608696,2.124891032983429e-05,0.0,1.0,12.75,13.757975274889644,0.0,0.08,Profitable,2,Low-Value
2098,3,38,17,537,7.105263157894736,2.822451103946729e-08,0.0,1.0,5.666666666666667,6.9092693811573,0.0,0.01,Profitable,2,Low-Value
9543,3,74,22,227,3.6486486486486487,0.002930718329535304,0.0041,0.9959,7.333333333333333,8.600974135681305,0.0,0.14,Profitable,2,Low-Value
6878,11,14,324,564,70.71428571428571,1.6673353859850678e-21,0.0,1.0,29.454545454545453,29.886183460743858,0.0,0.0,Non-profitable,0,Moderate-Value
3310,9,94,211,676,8.617021276595745,1.8756652473673005e-12,0.0,1.0,23.444444444444443,23.942679718232814,0.0,0.0,Non-profitable,2,Low-Value
2724,3,33,19,91,8.181818181818182,0.09346194454878887,0.0535,0.9465,6.333333333333333,7.585951282966902,0.04,0.25,Profitable,2,Low-Value
948,5,32,41,410,14.0625,6.424122195521991e-09,0.0,1.0,8.2,8.963806543537938,0.0,0.01,Profitable,2,Low-Value
6720,14,11,492,256,114.54545454545455,6.503695829072533e-20,0.0,1.0,35.142857142857146,35.49980510037646,0.0,0.0,Non-profitable,0,Moderate-Value
6202,22,78,1005,632,25.384615384615383,1.0213861653358822e-23,0.0,1.0,45.68181818181818,45.930017668357735,0.0,0.0,Non-profitable,0,Moderate-Value
2066,6,56,114,668,9.642857142857142,1.0862450042342373e-11,0.0,1.0,19.0,19.716074964313997,0.0,0.0,Non-profitable,2,Low-Value
9799,16,57,1173,417,25.263157894736842,3.546372589465364e-16,0.0,1.0,73.3125,73.73092445251328,0.0,0.0,Non-profitable,1,VIP
8318,19,7,1738,177,244.2857142857143,6.768268602282237e-26,0.0,1.0,91.47368421052632,91.86842757681656,0.0,0.0,Non-profitable,1,VIP
5642,10,0,222,202,0.0,4.335625508284697e-25,0.0,1.0,22.2,22.642639369572343,0.0,0.01,Profitable,2,Low-Value
455,9,86,209,437,9.418604651162791,3.2219494302182696e-09,0.0,1.0,23.22222222222222,23.719355726585686,0.0,0.0,Non-profitable,2,Low-Value
7683,20,80,787,124,22.5,0.0064503434197334545,0.0009,0.9991,39.35,39.60898626487766,0.01,5.59,Profitable,0,Moderate-Value
3428,23,56,1598,266,36.964285714285715,3.3928436738537443e-16,0.0,1.0,69.47826086956522,69.76167611209159,0.0,0.0,Non-profitable,1,VIP
7414,8,18,186,652,40.0,2.1775122959317993e-17,0.0,1.0,23.25,23.80977704792962,0.0,0.0,Non-profitable,2,Low-Value
6354,4,51,47,667,7.0588235294117645,4.945698532270911e-10,0.0,1.0,11.75,12.746750293165631,0.0,0.0,Non-profitable,2,Low-Value
798,4,71,27,552,5.070422535211268,4.2466624150392233e-08,0.0,1.0,6.75,7.69062538454557,0.0,0.01,Profitable,2,Low-Value
8213,7,71,96,597,8.873239436619718,6.064676652591135e-11,0.0,1.0,13.714285714285714,14.293669534181193,0.0,0.0,Non-profitable,2,Low-Value
2488,6,80,64,463,6.75,5.119750819231435e-08,0.0,1.0,10.666666666666666,11.320613085332628,0.0,0.01,Profitable,2,Low-Value
9999,22,2,1040,640,990.0,3.8388398328725095e-56,0.0,1.0,47.27272727272727,47.52414410644596,0.0,0.0,Non-profitable,0,Moderate-Value
7617,8,83,163,318,8.674698795180724,1.3964731952757534e-06,0.0,1.0,20.375,20.91873119391041,0.0,0.07,Profitable,2,Low-Value
615,10,29,343,475,31.03448275862069,1.8029064553601527e-15,0.0,1.0,34.3,34.796604824370256,0.0,0.0,Non-profitable,0,Moderate-Value
2552,15,11,446,250,122.72727272727272,5.5610157123938196e-21,0.0,1.0,29.733333333333334,30.05035383215446,0.0,0.0,Non-profitable,0,Moderate-Value
3645,6,19,70,668,28.421052631578945,1.3595873185830902e-14,0.0,1.0,11.666666666666666,12.328068510810391,0.0,0.0,Non-profitable,2,Low-Value
8890,11,1,272,30,990.0,9.46306630318422e-12,0.0,1.0,24.727272727272727,25.139751752977407,0.0,4.14,Profitable,0,Moderate-Value
5049,5,19,46,388,23.684210526315788,9.738179095266085e-10,0.0,1.0,9.2,9.97276641404062,0.0,0.01,Profitable,2,Low-Value
9973,16,28,490,620,51.42857142857142,1.449841166212991e-25,0.0,1.0,30.625,30.924632925219466,0.0,0.0,Non-profitable,0,Moderate-Value
7301,6,76,79,589,7.105263157894736,7.817544107350651e-10,0.0,1.0,13.166666666666666,13.839251649027037,0.0,0.0,Non-profitable,2,Low-Value
10882,13,50,915,597,23.400000000000002,4.782081859144009e-18,0.0,1.0,70.38461538461539,70.88989578825708,0.0,0.0,Non-profitable,1,VIP
7030,32,1,1485,456,2880.0,9.18027675642088e-80,0.0,1.0,46.40625,46.577785956277346,0.0,0.0,Non-profitable,0,Moderate-Value
7422,13,90,369,676,12.999999999999998,7.562538229561395e-16,0.0,1.0,28.384615384615383,28.745953085047958,0.0,0.0,Non-profitable,0,Moderate-Value
3523,17,83,1073,522,18.433734939759034,1.2407596430653838e-16,0.0,1.0,63.11764705882353,63.48469665560132,0.0,0.0,Non-profitable,1,VIP
7106,18,73,1242,90,22.191780821917806,1.71335465752836,0.1862,0.8138,69.0,69.36115370968834,5.94,15.02,Profitable,1,VIP
6504,6,24,78,221,22.5,3.1311169398596385e-07,0.0,1.0,13.0,13.67134241144741,0.0,0.1,Profitable,2,Low-Value
5067,20,11,1378,135,163.63636363636363,8.811130282814031e-21,0.0,1.0,68.9,69.22473547987718,0.0,0.01,Profitable,1,VIP
4216,25,33,1474,492,68.18181818181819,6.616338123522159e-32,0.0,1.0,58.96,59.20198737362601,0.0,0.0,Non-profitable,1,VIP
8581,20,4,751,481,450.0,5.614677344851243e-43,0.0,1.0,37.55,37.804981236552806,0.0,0.0,Non-profitable,0,Moderate-Value
5929,5,14,48,54,32.142857142857146,0.026759494638674136,0.0059,0.9941,9.6,10.376350362241693,0.01,0.7,Profitable,2,Low-Value
3129,5,30,45,38,15.0,4.870705275822001,0.7601,0.2399,9.0,9.770974439940085,2.38,0.78,Profitable,2,Low-Value
1361,15,26,1435,390,51.92307692307692,7.747824162887686e-20,0.0,1.0,95.66666666666667,96.1794359524585,0.0,0.0,Non-profitable,3,High-Value
6932,22,77,2119,442,25.71428571428571,6.924013911352891e-19,0.0,1.0,96.31818181818181,96.66878486922293,0.0,0.0,Non-profitable,3,High-Value
7284,3,8,20,207,33.75,4.957399367791357e-06,0.0,1.0,6.666666666666667,7.924292233871704,0.0,0.09,Profitable,2,Low-Value
1340,26,42,1795,66,55.714285714285715,0.0028220981719929337,0.0002,0.9998,69.03846153846153,69.28836672775805,0.01,20.52,Profitable,1,VIP
8746,17,28,1188,85,54.64285714285714,4.887535196010695e-07,0.0,1.0,69.88235294117646,70.26711723131724,0.0,5.03,Profitable,1,VIP
5987,5,52,43,56,8.653846153846155,4.015241937092714,0.9155,0.08450000000000002,8.6,9.36739049173901,1.88,0.69,Profitable,2,Low-Value
3767,22,1,1008,430,1980.0,5.416052021169581e-55,0.0,1.0,45.81818181818182,46.06665707733673,0.0,0.0,Non-profitable,0,Moderate-Value
3725,15,1,1688,416,1350.0,3.798815925896809e-38,0.0,1.0,112.53333333333333,113.0961778902107,0.0,0.0,Non-profitable,3,High-Value
4324,16,42,684,608,34.285714285714285,1.5707341433012075e-22,0.0,1.0,42.75,43.083374588901755,0.0,0.0,Non-profitable,0,Moderate-Value
238,24,76,1082,522,28.421052631578945,7.248074273664976e-23,0.0,1.0,45.083333333333336,45.30970190586416,0.0,0.0,Non-profitable,0,Moderate-Value
6694,24,27,1068,216,80.0,9.895768492155888e-22,0.0,1.0,44.5,44.725287368608434,0.0,0.0,Non-profitable,0,Moderate-Value
498,5,28,57,147,16.071428571428573,0.00022406279023414445,0.0001,0.9999,11.4,12.19247812914652,0.0,0.35,Profitable,2,Low-Value
9347,4,49,46,373,7.346938775510203,1.104864055766753e-06,0.0,1.0,11.5,12.493944047734628,0.0,0.05,Profitable,2,Low-Value
9699,20,12,733,190,150.0,1.120676192699076e-23,0.0,1.0,36.65,36.90297872239039,0.0,0.0,Non-profitable,0,Moderate-Value
10664,15,14,467,295,96.42857142857143,4.990401679078859e-21,0.0,1.0,31.133333333333333,31.45451027758053,0.0,0.0,Non-profitable,0,Moderate-Value
5455,7,89,122,311,7.078651685393258,1.0169964860869096e-05,0.0,1.0,17.428571428571427,18.031665635759815,0.0,0.11,Profitable,2,Low-Value
456,5,96,36,507,4.6875,1.8886167741085882e-07,0.0,1.0,7.2,7.954846673035258,0.0,0.01,Profitable,2,Low-Value
5012,4,56,34,360,6.428571428571428,3.1247542292724236e-06,0.0,1.0,8.5,9.460269102562592,0.0,0.04,Profitable,2,Low-Value
7495,8,72,156,191,10.0,0.0004280484572804871,0.0002,0.9998,19.5,20.038847673121953,0.0,0.58,Profitable,2,Low-Value
5029,3,14,14,327,19.285714285714285,3.683260611554975e-07,0.0,1.0,4.666666666666667,5.894246528442896,0.0,0.03,Profitable,2,Low-Value
10642,4,13,37,546,27.692307692307693,3.552857947203098e-11,0.0,1.0,9.25,10.218687838855601,0.0,0.0,Non-profitable,2,Low-Value
2106,4,99,34,104,3.6363636363636367,1.7774849323762185,0.9055,0.09450000000000003,8.5,9.460269102562592,0.84,0.45,Profitable,2,Low-Value
10364,3,72,20,351,3.75,4.476563670792345e-05,0.0001,0.9999,6.666666666666667,7.924292233871704,0.0,0.05,Profitable,2,Low-Value
5954,9,92,192,263,8.804347826086957,2.4233124285068707e-05,0.0,1.0,21.333333333333332,21.821101797585087,0.0,0.21,Profitable,2,Low-Value
1137,16,87,1379,182,16.551724137931036,4.46830657864371e-05,0.0,1.0,86.1875,86.64175322941303,0.0,1.96,Profitable,1,VIP
2541,5,7,48,385,64.28571428571429,1.1187290356976905e-11,0.0,1.0,9.6,10.376350362241693,0.0,0.01,Profitable,2,Low-Value
1142,14,91,428,189,13.846153846153847,0.00014735212182855506,0.0,1.0,30.571428571428573,30.913831944538902,0.0,0.89,Profitable,0,Moderate-Value
2276,22,71,868,423,27.88732394366197,4.176955935680118e-19,0.0,1.0,39.45454545454545,39.69015132498382,0.0,0.0,Non-profitable,0,Moderate-Value
2807,24,24,1001,498,90.0,3.3067080129739503e-34,0.0,1.0,41.708333333333336,41.92844636888462,0.0,0.0,Non-profitable,0,Moderate-Value
6471,6,17,59,255,31.764705882352942,8.004137633158449e-09,0.0,1.0,9.833333333333334,10.481066897434493,0.0,0.03,Profitable,2,Low-Value
6131,14,87,431,210,14.482758620689655,1.0128195232254813e-05,0.0,1.0,30.785714285714285,31.128799436218788,0.0,0.32,Profitable,0,Moderate-Value
6233,24,21,971,660,102.85714285714285,8.798646502754021e-40,0.0,1.0,40.458333333333336,40.67612950333664,0.0,0.0,Non-profitable,0,Moderate-Value
4148,12,90,348,678,12.0,4.533471762905851e-15,0.0,1.0,29.0,29.393846463068275,0.0,0.0,Non-profitable,0,Moderate-Value
4947,23,44,2059,652,47.04545454545455,7.081713618274201e-31,0.0,1.0,89.52173913043478,89.84392316892458,0.0,0.0,Non-profitable,1,VIP
3225,10,71,265,454,12.67605633802817,4.554656584479645e-11,0.0,1.0,26.5,26.961817175822844,0.0,0.0,Non-profitable,0,Moderate-Value
10648,18,78,1289,642,20.76923076923077,1.8313135373326712e-20,0.0,1.0,71.61111111111111,71.97872170966464,0.0,0.0,Non-profitable,1,VIP
1992,12,2,893,179,540.0,3.828652812666409e-22,0.0,1.0,74.41666666666667,74.97918465762265,0.0,0.02,Profitable,1,VIP
7851,21,60,926,280,31.499999999999996,6.8691050121852396e-15,0.0,1.0,44.095238095238095,44.35191994119373,0.0,0.0,Non-profitable,0,Moderate-Value
8594,7,25,135,152,25.200000000000003,4.957719095673132e-06,0.0,1.0,19.285714285714285,19.90066368654913,0.0,0.44,Profitable,2,Low-Value
2815,7,46,120,125,13.695652173913045,0.003306930122306384,0.0012,0.9988,17.142857142857142,17.744127474099923,0.0,0.94,Profitable,2,Low-Value
2416,19,83,1288,118,20.602409638554217,0.05735161154398502,0.0077,0.9923,67.78947368421052,68.12873924727378,0.2,11.77,Profitable,1,VIP
7999,16,17,1743,432,84.70588235294117,7.013593090230004e-25,0.0,1.0,108.9375,109.45506233034267,0.0,0.0,Non-profitable,3,High-Value
9213,3,13,15,606,20.76923076923077,2.0241833965740007e-10,0.0,1.0,5.0,6.232587479347697,0.0,0.0,Non-profitable,2,Low-Value
9697,17,86,542,115,17.790697674418603,0.2909934500454788,0.0425,0.9575,31.88235294117647,32.16760686686083,0.47,5.55,Profitable,0,Moderate-Value
3916,22,92,890,683,21.521739130434785,3.342378631277081e-23,0.0,1.0,40.45454545454545,40.692173657496426,0.0,0.0,Non-profitable,0,Moderate-Value
2021,29,47,1388,459,55.53191489361702,7.309301426845936e-31,0.0,1.0,47.86206896551724,48.05360963504851,0.0,0.0,Non-profitable,0,Moderate-Value
1581,3,18,17,262,15.0,6.199897890151493e-06,0.0,1.0,5.666666666666667,6.9092693811573,0.0,0.05,Profitable,2,Low-Value
564,23,81,906,694,25.555555555555554,1.32415215662233e-25,0.0,1.0,39.391304347826086,39.616524347821674,0.0,0.0,Non-profitable,0,Moderate-Value
6619,4,91,44,543,3.956043956043956,1.9963678059160563e-07,0.0,1.0,11.0,11.988331556872621,0.0,0.02,Profitable,2,Low-Value
178,22,40,973,496,49.50000000000001,8.362948215891436e-27,0.0,1.0,44.22727272727273,44.4725306392485,0.0,0.0,Non-profitable,0,Moderate-Value
5512,16,19,518,37,75.78947368421052,0.013421303079789629,0.0007,0.9993,32.375,32.67950285606021,0.02,8.01,Profitable,0,Moderate-Value
8970,15,93,530,614,14.516129032258064,3.8570838074858927e-16,0.0,1.0,35.333333333333336,35.66697961385875,0.0,0.0,Non-profitable,0,Moderate-Value
10581,14,41,506,606,30.731707317073173,1.9038233580266137e-20,0.0,1.0,36.142857142857146,36.50298672821593,0.0,0.0,Non-profitable,0,Moderate-Value
5300,5,60,70,181,7.5,0.001974415381234182,0.0014,0.9986,14.0,14.815773792453491,0.0,0.41,Profitable,2,Low-Value
5154,5,54,54,322,8.333333333333332,2.27245069336884e-06,0.0,1.0,10.8,11.58710220684491,0.0,0.05,Profitable,2,Low-Value
8346,10,26,296,679,34.61538461538462,4.0478927069616736e-19,0.0,1.0,29.6,30.075643036142974,0.0,0.0,Non-profitable,0,Moderate-Value
1676,11,30,266,242,33.0,4.31654675614963e-11,0.0,1.0,24.181818181818183,24.592086555927434,0.0,0.01,Profitable,2,Low-Value
9286,18,93,747,627,17.419354838709676,1.045542100103966e-18,0.0,1.0,41.5,41.7931503056827,0.0,0.0,Non-profitable,0,Moderate-Value
2426,28,35,895,653,72.0,2.5278562924734387e-39,0.0,1.0,31.964285714285715,32.13742774062634,0.0,0.0,Non-profitable,0,Moderate-Value
5172,15,4,1053,227,337.5,5.920471294551638e-26,0.0,1.0,70.2,70.63716156423186,0.0,0.0,Non-profitable,1,VIP
5562,19,92,735,368,18.58695652173913,4.905743447000452e-13,0.0,1.0,38.68421052631579,38.95530003341346,0.0,0.0,Non-profitable,0,Moderate-Value
3436,4,24,20,154,15.0,0.00028062422039719907,0.0002,0.9998,5.0,5.920981666528549,0.0,0.14,Profitable,2,Low-Value
3921,9,96,205,609,8.4375,1.9733441616795772e-11,0.0,1.0,22.77777777777778,23.27270774329143,0.0,0.0,Non-profitable,2,Low-Value
3403,19,11,2092,643,155.45454545454547,2.766050627248764e-37,0.0,1.0,110.10526315789474,110.54364906272353,0.0,0.0,Non-profitable,3,High-Value
22,12,99,309,573,10.90909090909091,8.014005493102972e-13,0.0,1.0,25.75,26.131776390430442,0.0,0.0,Non-profitable,0,Moderate-Value
10965,21,72,1722,492,26.25,3.342191379466628e-20,0.0,1.0,82.0,82.33699589996196,0.0,0.0,Non-profitable,1,VIP
9426,11,77,900,533,12.857142857142856,8.530912630014422e-13,0.0,1.0,81.81818181818181,82.46204237754148,0.0,0.0,Non-profitable,1,VIP
6605,19,85,682,214,20.11764705882353,8.963677775474546e-08,0.0,1.0,35.89473684210526,36.15929229682286,0.0,0.06,Profitable,0,Moderate-Value
3136,19,88,663,442,19.431818181818183,1.3927614029229033e-15,0.0,1.0,34.89473684210526,35.15694990068661,0.0,0.0,Non-profitable,0,Moderate-Value
8737,5,22,43,85,20.454545454545453,0.007086716083156388,0.0024,0.9976,8.6,9.36739049173901,0.0,0.5,Profitable,2,Low-Value
11088,17,83,1816,434,18.433734939759034,1.558828977024072e-14,0.0,1.0,106.82352941176471,107.30503133174855,0.0,0.0,Non-profitable,3,High-Value
466,20,9,746,452,200.0,5.485310092778034e-36,0.0,1.0,37.3,37.554424982618805,0.0,0.0,Non-profitable,0,Moderate-Value
9135,4,92,64,692,3.9130434782608696,5.462988578805473e-09,0.0,1.0,16.0,17.044456465492683,0.0,0.01,Profitable,2,Low-Value
10623,4,2,32,226,180.0,2.0989248246074212e-09,0.0,1.0,8.0,8.954656611700585,0.0,0.07,Profitable,2,Low-Value
8151,8,6,263,547,120.0,1.9618962529113007e-19,0.0,1.0,32.875,33.48849577660263,0.0,0.0,Non-profitable,0,Moderate-Value
5140,19,66,1445,674,25.90909090909091,2.06274264060715e-23,0.0,1.0,76.05263157894737,76.41125273113649,0.0,0.0,Non-profitable,1,VIP
10160,4,49,46,373,7.346938775510203,1.104864055766753e-06,0.0,1.0,11.5,12.493944047734628,0.0,0.05,Profitable,2,Low-Value
4945,26,29,1210,599,80.6896551724138,1.4688943238801097e-37,0.0,1.0,46.53846153846154,46.74987660335743,0.0,0.0,Non-profitable,0,Moderate-Value
10584,23,77,945,209,26.883116883116884,6.004314061562021e-10,0.0,1.0,41.08695652173913,41.31545631141493,0.0,0.01,Profitable,0,Moderate-Value
6071,21,77,1157,345,24.545454545454543,4.681840205662195e-15,0.0,1.0,55.095238095238095,55.37522716038401,0.0,0.0,Non-profitable,1,VIP
3386,7,71,137,373,8.873239436619718,1.2220288284195408e-07,0.0,1.0,19.571428571428573,20.188201848209026,0.0,0.03,Profitable,2,Low-Value
8939,19,49,730,560,34.89795918367347,1.664408542430698e-23,0.0,1.0,38.421052631578945,38.691525718640754,0.0,0.0,Non-profitable,0,Moderate-Value
9925,9,97,216,400,8.350515463917526,5.179510633574252e-08,0.0,1.0,24.0,24.50098969735064,0.0,0.02,Profitable,2,Low-Value
4320,22,6,943,458,330.0,6.485342596904172e-43,0.0,1.0,42.86363636363637,43.1061365494586,0.0,0.0,Non-profitable,0,Moderate-Value
5389,13,93,347,252,12.580645161290322,1.8927551686176866e-06,0.0,1.0,26.692307692307693,27.047845503599977,0.0,0.11,Profitable,0,Moderate-Value
6036,18,78,1924,104,20.76923076923077,0.3266170486077181,0.0409,0.9591,106.88888888888889,107.34373617742943,1.75,20.73,Profitable,3,High-Value
182,13,62,397,414,18.870967741935484,3.308313894389309e-13,0.0,1.0,30.53846153846154,30.907180915981765,0.0,0.0,Non-profitable,0,Moderate-Value
203,21,47,2089,441,40.212765957446805,9.534992411454268e-23,0.0,1.0,99.47619047619048,99.85021559451968,0.0,0.0,Non-profitable,3,High-Value
11025,7,9,138,511,70.0,4.742546317015452e-16,0.0,1.0,19.714285714285715,20.33197092903897,0.0,0.0,Non-profitable,2,Low-Value
10203,4,77,42,364,4.675324675324676,1.349675660654608e-05,0.0,1.0,10.5,11.482719066010615,0.0,0.07,Profitable,2,Low-Value
4607,16,24,777,310,60.0,3.611514173468743e-19,0.0,1.0,48.5625,48.91204971633707,0.0,0.0,Non-profitable,0,Moderate-Value
3711,19,19,1902,120,90.0,2.4906205495425367e-14,0.0,1.0,100.10526315789474,100.52022510136104,0.0,0.15,Profitable,3,High-Value
3696,5,67,52,153,6.716417910447761,0.018311370904754952,0.0111,0.9889,10.4,11.183518258643838,0.01,0.43,Profitable,2,Low-Value
2532,12,95,1651,120,11.368421052631579,1.0430296678144813,0.2219,0.7781,137.58333333333334,138.3804440181221,7.22,17.46,Profitable,3,High-Value
9214,12,48,358,317,22.5,1.4087068898368756e-11,0.0,1.0,29.833333333333332,30.230274686821566,0.0,0.0,Non-profitable,0,Moderate-Value
4943,15,73,1727,637,18.493150684931507,3.026468206239321e-18,0.0,1.0,115.13333333333334,115.70389700314483,0.0,0.0,Non-profitable,3,High-Value
35,7,35,210,659,18.0,4.831346262740492e-14,0.0,1.0,30.0,30.68334474879516,0.0,0.0,Non-profitable,0,Moderate-Value
2258,4,76,42,572,4.7368421052631575,3.6134329711971896e-08,0.0,1.0,10.5,11.482719066010615,0.0,0.01,Profitable,2,Low-Value
4322,19,20,1291,214,85.5,8.965055649666982e-20,0.0,1.0,67.94736842105263,68.2870038361374,0.0,0.0,Non-profitable,1,VIP
4702,16,20,1895,686,72.0,4.6993597495084673e-29,0.0,1.0,118.4375,118.98149909776384,0.0,0.0,Non-profitable,3,High-Value
3281,13,69,411,238,16.956521739130434,8.376375537056357e-08,0.0,1.0,31.615384615384617,31.987794831448664,0.0,0.06,Profitable,0,Moderate-Value
702,15,80,521,499,16.875,6.434644171942234e-15,0.0,1.0,34.733333333333334,35.06519828010472,0.0,0.0,Non-profitable,0,Moderate-Value
2004,16,65,1168,284,22.153846153846153,2.3694363160544244e-11,0.0,1.0,73.0,73.41755482200601,0.0,0.0,Non-profitable,1,VIP
4437,10,65,260,431,13.846153846153847,4.6300586468101095e-11,0.0,1.0,26.0,26.459587198351855,0.0,0.0,Non-profitable,0,Moderate-Value
8724,5,57,46,377,7.894736842105263,4.434433483388316e-07,0.0,1.0,9.2,9.97276641404062,0.0,0.03,Profitable,2,Low-Value
10741,12,70,319,444,15.428571428571429,2.104808834603279e-12,0.0,1.0,26.583333333333332,26.96820461418373,0.0,0.0,Non-profitable,0,Moderate-Value
1991,6,0,96,162,0.0,1.2172054944985263e-14,0.0,1.0,16.0,16.693708687880704,0.0,0.18,Profitable,2,Low-Value
6931,15,19,1062,134,71.05263157894737,2.8036004430919144e-12,0.0,1.0,70.8,71.2389428979859,0.0,0.19,Profitable,1,VIP
11096,10,50,232,325,18.0,4.262148292268894e-10,0.0,1.0,23.2,23.647099324514322,0.0,0.01,Profitable,2,Low-Value
304,6,67,76,188,8.059701492537313,0.0012844997113416628,0.0008,0.9992,12.666666666666666,13.335523936288155,0.0,0.39,Profitable,2,Low-Value
3665,6,46,54,234,11.739130434782608,9.090700323562223e-06,0.0,1.0,9.0,9.641520709536355,0.0,0.1,Profitable,2,Low-Value
10591,9,37,201,692,21.891891891891895,1.3602179172863244e-16,0.0,1.0,22.333333333333332,22.826059759997168,0.0,0.0,Non-profitable,2,Low-Value
5036,12,38,406,578,28.421052631578945,3.497079014344463e-18,0.0,1.0,33.833333333333336,34.24513016083737,0.0,0.0,Non-profitable,0,Moderate-Value
5547,19,9,1919,326,190.0,1.494020646725527e-30,0.0,1.0,101.0,101.4170577715882,0.0,0.0,Non-profitable,3,High-Value
7822,18,56,662,390,28.92857142857143,3.5180609468284904e-17,0.0,1.0,36.77777777777778,37.05925073125749,0.0,0.0,Non-profitable,0,Moderate-Value
8541,6,98,41,113,5.5102040816326525,1.7254052882312962,0.6626,0.33740000000000003,6.833333333333333,7.458700621001201,0.64,0.5,Profitable,2,Low-Value
10955,13,68,1600,173,17.205882352941174,2.1423999152800353e-05,0.0,1.0,123.07692307692308,123.76279093788757,0.0,2.58,Profitable,3,High-Value
4368,7,72,134,208,8.75,0.00032058764360695836,0.0002,0.9998,19.142857142857142,19.756894605719182,0.0,0.46,Profitable,2,Low-Value
9671,6,47,69,154,11.489361702127658,0.0009691769109840244,0.0005,0.9995,11.5,12.160159273230764,0.0,0.42,Profitable,2,Low-Value
2256,4,33,21,92,10.90909090909091,0.05294728407220493,0.0239,0.9761,5.25,6.173787911959551,0.02,0.27,Profitable,2,Low-Value
4279,5,87,54,90,5.172413793103448,2.599244188762378,0.9429,0.05710000000000004,10.8,11.58710220684491,1.51,0.73,Profitable,2,Low-Value
5371,6,0,91,82,0.0,8.275813291961815e-12,0.0,1.0,15.166666666666666,15.854162499982566,0.0,0.78,Profitable,2,Low-Value
9240,16,73,526,142,19.726027397260275,0.0003498381032080763,0.0001,0.9999,32.875,33.18089426487185,0.0,2.06,Profitable,0,Moderate-Value
9460,7,74,162,437,8.513513513513514,1.5458938363482477e-08,0.0,1.0,23.142857142857142,23.7824288689577,0.0,0.01,Profitable,2,Low-Value
9504,24,4,1008,235,540.0,3.6447282725946557e-41,0.0,1.0,42.0,42.220653637512484,0.0,0.0,Non-profitable,0,Moderate-Value
8692,10,50,240,655,18.0,6.652150156386235e-16,0.0,1.0,24.0,24.4506672884679,0.0,0.0,Non-profitable,2,Low-Value
448,19,57,795,485,30.0,1.9532870495979146e-20,0.0,1.0,41.8421052631579,42.12059181068583,0.0,0.0,Non-profitable,0,Moderate-Value
8314,18,30,1772,450,54.0,1.0216406879383557e-23,0.0,1.0,98.44444444444444,98.87840987963376,0.0,0.0,Non-profitable,3,High-Value
8420,6,27,64,330,20.0,4.891518014468927e-09,0.0,1.0,10.666666666666666,11.320613085332628,0.0,0.01,Profitable,2,Low-Value
3174,19,61,1957,403,28.0327868852459,1.2355674896101143e-17,0.0,1.0,103.0,103.4217425638607,0.0,0.0,Non-profitable,3,High-Value
7685,6,4,78,293,135.0,6.879501252792609e-13,0.0,1.0,13.0,13.67134241144741,0.0,0.01,Profitable,2,Low-Value
3179,19,75,1572,378,22.8,4.0366139685408905e-15,0.0,1.0,82.73684210526316,83.11112032636301,0.0,0.0,Non-profitable,1,VIP
9780,24,12,795,369,180.0,6.916798560294524e-37,0.0,1.0,33.125,33.32920389212185,0.0,0.0,Non-profitable,0,Moderate-Value
10681,21,13,889,165,145.3846153846154,1.462824538296544e-22,0.0,1.0,42.333333333333336,42.58628198833641,0.0,0.0,Non-profitable,0,Moderate-Value
10232,12,9,331,236,120.0,1.0712884521602811e-17,0.0,1.0,27.583333333333332,27.97191848268768,0.0,0.0,Non-profitable,0,Moderate-Value
9120,15,80,1065,571,16.875,2.2164078001252146e-16,0.0,1.0,71.0,71.4395366759039,0.0,0.0,Non-profitable,1,VIP
891,3,60,11,295,4.5,0.00011964392365858293,0.0002,0.9998,3.6666666666666665,4.879223675728493,0.0,0.04,Profitable,2,Low-Value
10381,3,43,21,359,6.27906976744186,4.838795246323927e-06,0.0,1.0,7.0,8.262633184776504,0.0,0.04,Profitable,2,Low-Value
3525,3,19,17,569,14.210526315789473,1.4316717320057206e-09,0.0,1.0,5.666666666666667,6.9092693811573,0.0,0.01,Profitable,2,Low-Value
6818,11,26,369,655,38.07692307692307,4.3381751124650515e-20,0.0,1.0,33.54545454545455,33.99367243861868,0.0,0.0,Non-profitable,0,Moderate-Value
3526,4,58,38,153,6.206896551724138,0.014125627498507128,0.0105,0.9895,9.5,10.471494084286604,0.01,0.32,Profitable,2,Low-Value
8181,8,42,177,289,17.142857142857142,1.5012125258381292e-08,0.0,1.0,22.125,22.67849823548732,0.0,0.03,Profitable,2,Low-Value
1029,11,27,279,332,36.666666666666664,5.738098876817694e-14,0.0,1.0,25.363636363636363,25.778694482869042,0.0,0.0,Non-profitable,0,Moderate-Value
7369,5,56,62,270,8.035714285714286,2.1199820993703212e-05,0.0,1.0,12.4,13.201437999649201,0.0,0.12,Profitable,2,Low-Value
2574,18,27,1230,514,60.0,4.225922508339639e-26,0.0,1.0,68.33333333333333,68.69283847565184,0.0,0.0,Non-profitable,1,VIP
8159,8,10,182,89,72.0,5.068771487856757e-07,0.0,1.0,22.75,23.306986464621932,0.0,1.26,Profitable,2,Low-Value
1160,6,48,49,310,11.25,3.981455118710111e-07,0.0,1.0,8.166666666666666,8.801974521638218,0.0,0.03,Profitable,2,Low-Value
10242,6,39,75,286,13.846153846153847,2.8908594721274007e-07,0.0,1.0,12.5,13.16761469870853,0.0,0.05,Profitable,2,Low-Value
5253,10,85,227,355,10.588235294117647,2.8538926717843063e-08,0.0,1.0,22.7,23.144869347043333,0.0,0.01,Profitable,2,Low-Value
5966,10,64,215,596,14.0625,6.733579356454725e-14,0.0,1.0,21.5,21.939517401112962,0.0,0.0,Non-profitable,2,Low-Value
5314,13,69,444,468,16.956521739130434,1.007185443409591e-13,0.0,1.0,34.15384615384615,34.534956203620645,0.0,0.0,Non-profitable,0,Moderate-Value
5081,4,54,47,252,6.666666666666666,0.00011593181772102433,0.0001,0.9999,11.75,12.746750293165631,0.0,0.16,Profitable,2,Low-Value
5123,6,57,143,440,9.473684210526315,1.0387596925574725e-08,0.0,1.0,23.833333333333332,24.585442854123187,0.0,0.02,Profitable,2,Low-Value
5756,5,64,55,87,7.03125,1.2091943129913363,0.4243,0.5757,11.0,11.788894180945446,0.71,0.72,Profitable,2,Low-Value
8036,7,10,63,72,62.99999999999999,2.677914440019366e-05,0.0,1.0,9.0,9.54928986679294,0.0,0.67,Profitable,2,Low-Value
9058,21,65,1867,644,29.07692307692308,7.778002514386135e-25,0.0,1.0,88.9047619047619,89.25638787737577,0.0,0.0,Non-profitable,1,VIP
5057,18,74,611,288,21.891891891891895,1.275498468713399e-11,0.0,1.0,33.94444444444444,34.21891098660236,0.0,0.0,Non-profitable,0,Moderate-Value
254,15,4,473,43,337.5,1.108508025056046e-12,0.0,1.0,31.533333333333335,31.855697833416553,0.0,5.0,Profitable,0,Moderate-Value
4179,5,94,55,313,4.787234042553192,9.176607890253688e-05,0.0001,0.9999,11.0,11.788894180945446,0.0,0.12,Profitable,2,Low-Value
3710,5,41,81,625,10.97560975609756,4.9375612617745967e-11,0.0,1.0,16.2,17.035485507559393,0.0,0.0,Non-profitable,2,Low-Value
7627,21,25,2086,564,75.6,1.0280572414603533e-31,0.0,1.0,99.33333333333333,99.70705576050422,0.0,0.0,Non-profitable,3,High-Value
4501,19,94,1478,231,18.191489361702125,1.0599690992035962e-07,0.0,1.0,77.78947368421052,78.15216320863628,0.0,0.1,Profitable,1,VIP
6424,4,9,49,150,40.0,8.635557529442492e-06,0.0,1.0,12.25,13.252362784027637,0.0,0.28,Profitable,2,Low-Value
3075,14,47,382,291,26.80851063829787,1.919728674341689e-12,0.0,1.0,27.285714285714285,27.617663738780653,0.0,0.0,Non-profitable,0,Moderate-Value
4992,6,12,69,283,45.0,3.2065619205793426e-10,0.0,1.0,11.5,12.160159273230764,0.0,0.02,Profitable,2,Low-Value
5252,5,80,67,611,5.625,3.380611734536083e-09,0.0,1.0,13.4,14.210397870151883,0.0,0.01,Profitable,2,Low-Value
7444,4,20,30,253,18.0,1.5823903635251843e-06,0.0,1.0,7.5,8.449044120838579,0.0,0.06,Profitable,2,Low-Value
6919,6,39,63,390,13.846153846153847,4.950604673318791e-09,0.0,1.0,10.5,11.152703847753001,0.0,0.01,Profitable,2,Low-Value
3537,7,57,79,681,11.052631578947368,9.66600487449136e-13,0.0,1.0,11.285714285714286,11.849595160072093,0.0,0.0,Non-profitable,2,Low-Value
10277,4,27,42,493,13.333333333333332,2.5047150901571472e-09,0.0,1.0,10.5,11.482719066010615,0.0,0.01,Profitable,2,Low-Value
2453,20,83,819,667,21.686746987951807,3.6865346713171523e-22,0.0,1.0,40.95,41.21254629005529,0.0,0.0,Non-profitable,0,Moderate-Value
7972,16,79,1151,285,18.227848101265824,5.805425232816145e-10,0.0,1.0,71.9375,72.35209807828127,0.0,0.01,Profitable,1,VIP
895,17,69,594,567,22.17391304347826,4.850328564120816e-19,0.0,1.0,34.94117647058823,35.2344405184889,0.0,0.0,Non-profitable,0,Moderate-Value
1177,7,77,129,519,8.181818181818182,1.313921395839307e-09,0.0,1.0,18.428571428571427,19.038049201569446,0.0,0.0,Non-profitable,2,Low-Value
7141,8,15,213,547,48.0,1.4950686744298477e-16,0.0,1.0,26.625,27.203613485256522,0.0,0.0,Non-profitable,0,Moderate-Value
7232,5,99,67,138,4.545454545454545,0.45260963457722614,0.2492,0.7508,13.4,14.210397870151883,0.32,0.69,Profitable,2,Low-Value
8477,4,61,28,475,5.901639344262295,1.5595086645464642e-07,0.0,1.0,7.0,7.943431629976573,0.0,0.01,Profitable,2,Low-Value
2457,4,23,45,611,15.652173913043478,6.17791219456121e-11,0.0,1.0,11.25,12.241137802303625,0.0,0.0,Non-profitable,2,Low-Value
7930,10,74,268,314,12.162162162162163,5.019576071652086e-08,0.0,1.0,26.8,27.263155162305438,0.0,0.03,Profitable,0,Moderate-Value
4587,11,90,266,346,11.0,2.6331762782800028e-08,0.0,1.0,24.181818181818183,24.592086555927434,0.0,0.01,Profitable,2,Low-Value
6682,4,41,37,565,8.78048780487805,2.2383500048418118e-09,0.0,1.0,9.25,10.218687838855601,0.0,0.01,Profitable,2,Low-Value
6222,5,28,37,244,16.071428571428573,1.5353619278314393e-06,0.0,1.0,7.4,8.156638647135795,0.0,0.06,Profitable,2,Low-Value
10299,22,73,882,597,27.123287671232877,1.4841122415272902e-23,0.0,1.0,40.09090909090909,40.32780190021912,0.0,0.0,Non-profitable,0,Moderate-Value
3083,13,88,373,338,13.295454545454547,2.85975692402012e-09,0.0,1.0,28.692307692307693,29.054699918038505,0.0,0.01,Profitable,0,Moderate-Value
8953,4,94,35,419,3.829787234042553,7.355932590155083e-06,0.0,1.0,8.75,9.713075347993595,0.0,0.04,Profitable,2,Low-Value
8650,4,31,42,468,11.612903225806452,8.87386640194487e-09,0.0,1.0,10.5,11.482719066010615,0.0,0.01,Profitable,2,Low-Value
10862,12,6,326,681,180.0,6.249120897492089e-29,0.0,1.0,27.166666666666668,27.553704370811037,0.0,0.0,Non-profitable,0,Moderate-Value
2782,14,23,404,353,54.78260869565218,1.603049360552498e-18,0.0,1.0,28.857142857142858,29.194092011099816,0.0,0.0,Non-profitable,0,Moderate-Value
6941,5,92,95,350,4.891304347826087,2.0754932451101112e-05,0.0,1.0,19.0,19.8605731449669,0.0,0.13,Profitable,2,Low-Value
10972,13,52,939,111,22.5,0.0010233083134021331,0.0002,0.9998,72.23076923076923,72.74237678620034,0.0,6.51,Profitable,1,VIP
10708,4,50,33,183,7.2,0.0015499474766657595,0.0014,0.9986,8.25,9.207462857131588,0.0,0.21,Profitable,2,Low-Value
6583,20,54,981,391,33.33333333333333,4.03030143317741e-19,0.0,1.0,49.05,49.33056891751709,0.0,0.0,Non-profitable,0,Moderate-Value
3641,5,93,36,525,4.838709677419355,9.177567122918277e-08,0.0,1.0,7.2,7.954846673035258,0.0,0.01,Profitable,2,Low-Value
10156,19,56,1237,391,30.53571428571429,5.289821410882655e-18,0.0,1.0,65.10526315789474,65.43824123659228,0.0,0.0,Non-profitable,1,VIP
4299,27,28,1825,646,86.78571428571429,1.7309513212271325e-40,0.0,1.0,67.5925925925926,67.83084513877019,0.0,0.0,Non-profitable,1,VIP
3469,6,94,103,661,5.744680851063829,5.041072215404589e-10,0.0,1.0,17.166666666666668,17.8690733509381,0.0,0.0,Non-profitable,2,Low-Value
5063,9,76,191,558,10.657894736842104,1.0156461360603389e-11,0.0,1.0,21.22222222222222,21.709439801761523,0.0,0.0,Non-profitable,2,Low-Value
10727,23,43,1586,222,48.13953488372093,1.3138791695945536e-16,0.0,1.0,68.95652173913044,69.23892781560136,0.0,0.0,Non-profitable,1,VIP
5156,21,13,889,165,145.3846153846154,1.462824538296544e-22,0.0,1.0,42.333333333333336,42.58628198833641,0.0,0.0,Non-profitable,0,Moderate-Value
4376,6,27,93,134,20.0,0.00012342090237360616,0.0001,0.9999,15.5,16.18998097514182,0.0,0.55,Profitable,2,Low-Value
8923,20,12,1587,437,150.0,2.9965150670001264e-33,0.0,1.0,79.35,79.69798689431863,0.0,0.0,Non-profitable,1,VIP
8461,3,3,16,111,90.0,4.310096806740078e-05,0.0,1.0,5.333333333333333,6.570928430252498,0.0,0.16,Profitable,2,Low-Value
6945,31,72,1375,390,38.75,3.456442290259477e-24,0.0,1.0,44.354838709677416,44.52897355531514,0.0,0.0,Non-profitable,0,Moderate-Value
944,13,6,393,537,195.0,2.135461429471991e-28,0.0,1.0,30.23076923076923,30.59843408299122,0.0,0.0,Non-profitable,0,Moderate-Value
1907,21,53,1477,639,35.66037735849057,1.2575808364533341e-26,0.0,1.0,70.33333333333333,70.6456094553662,0.0,0.0,Non-profitable,1,VIP
701,16,58,1179,235,24.82758620689655,2.2655061856424915e-10,0.0,1.0,73.6875,74.10696800912201,0.0,0.02,Profitable,1,VIP
3856,22,78,1005,632,25.384615384615383,1.0213861653358822e-23,0.0,1.0,45.68181818181818,45.930017668357735,0.0,0.0,Non-profitable,0,Moderate-Value
2131,19,37,1307,546,46.21621621621621,1.6361986941219255e-25,0.0,1.0,68.78947368421052,69.13108164341003,0.0,0.0,Non-profitable,1,VIP
2942,13,20,486,418,58.5,1.0501795827842655e-19,0.0,1.0,37.38461538461539,37.77679795002135,0.0,0.0,Non-profitable,0,Moderate-Value
1173,12,73,2252,476,14.794520547945204,8.402830274938112e-13,0.0,1.0,187.66666666666666,188.6497802656949,0.0,0.0,Non-profitable,3,High-Value
4381,10,56,235,315,16.071428571428573,2.3753664235720306e-09,0.0,1.0,23.5,23.948437310996916,0.0,0.01,Profitable,2,Low-Value
4611,30,36,1724,524,75.0,1.5401229175661422e-37,0.0,1.0,57.46666666666667,57.666049545515904,0.0,0.0,Non-profitable,1,VIP
3376,10,9,235,198,100.0,6.466734262759147e-14,0.0,1.0,23.5,23.948437310996916,0.0,0.02,Profitable,2,Low-Value
10928,15,28,599,286,48.214285714285715,2.1848727120274484e-16,0.0,1.0,39.93333333333333,40.28063650597298,0.0,0.0,Non-profitable,0,Moderate-Value
4248,19,23,2008,132,74.34782608695652,9.61843408749839e-14,0.0,1.0,105.6842105263158,106.11224057454221,0.0,0.1,Profitable,3,High-Value
6728,4,38,48,671,9.473684210526315,1.1891357292235627e-10,0.0,1.0,12.0,12.999556538596634,0.0,0.0,Non-profitable,2,Low-Value
6661,27,63,1174,686,38.57142857142857,5.199072795188045e-32,0.0,1.0,43.48148148148148,43.68001797392599,0.0,0.0,Non-profitable,0,Moderate-Value
4725,6,71,67,77,7.605633802816901,3.29490273078939,0.8697,0.13029999999999997,11.166666666666666,11.82434079807151,1.95,0.94,Profitable,2,Low-Value
3277,13,9,365,695,130.0,4.811476584910502e-29,0.0,1.0,28.076923076923077,28.43720625205742,0.0,0.0,Non-profitable,0,Moderate-Value
2564,8,87,165,176,8.275862068965518,0.006757834603961708,0.0031,0.9969,20.625,21.170126485564253,0.01,1.01,Profitable,2,Low-Value
946,9,92,210,645,8.804347826086957,3.965730811652361e-12,0.0,1.0,23.333333333333332,23.83101772240925,0.0,0.0,Non-profitable,2,Low-Value
3867,25,36,1095,302,62.5,5.314852137863548e-24,0.0,1.0,43.8,44.015014385843955,0.0,0.0,Non-profitable,0,Moderate-Value
6940,8,86,223,251,8.372093023255815,5.712733564748334e-05,0.0,1.0,27.875,28.460589943525747,0.0,0.37,Profitable,0,Moderate-Value
55,18,83,597,569,19.518072289156628,1.9576711962673247e-18,0.0,1.0,33.166666666666664,33.43920988022644,0.0,0.0,Non-profitable,0,Moderate-Value
7093,3,74,22,227,3.6486486486486487,0.002930718329535304,0.0041,0.9959,7.333333333333333,8.600974135681305,0.0,0.14,Profitable,2,Low-Value
5084,23,87,1064,186,23.793103448275865,2.8728771409882814e-07,0.0,1.0,46.26086956521739,46.49937691827637,0.0,0.17,Profitable,0,Moderate-Value
1777,5,29,74,660,15.517241379310345,3.2716209608960195e-12,0.0,1.0,14.8,15.622941688855636,0.0,0.0,Non-profitable,2,Low-Value
8162,4,88,26,544,4.090909090909091,1.61887322875395e-07,0.0,1.0,6.5,7.437819139114567,0.0,0.01,Profitable,2,Low-Value
10826,4,77,60,548,4.675324675324676,7.158726228861208e-08,0.0,1.0,15.0,16.03323148376867,0.0,0.02,Profitable,2,Low-Value
8754,3,25,20,409,10.799999999999999,1.9245104529524706e-07,0.0,1.0,6.666666666666667,7.924292233871704,0.0,0.02,Profitable,2,Low-Value
1987,5,34,59,277,13.23529411764706,1.0420736108853836e-06,0.0,1.0,11.8,12.596062077347593,0.0,0.07,Profitable,2,Low-Value
11007,4,43,34,416,8.372093023255815,1.643194995592051e-07,0.0,1.0,8.5,9.460269102562592,0.0,0.02,Profitable,2,Low-Value
7426,9,76,198,234,10.657894736842104,1.9450882087973517e-05,0.0,1.0,22.0,22.491073772526477,0.0,0.25,Profitable,2,Low-Value
9153,25,81,1048,335,27.777777777777775,1.593537093371264e-16,0.0,1.0,41.92,42.13166945068365,0.0,0.0,Non-profitable,0,Moderate-Value
10379,16,87,574,233,16.551724137931036,2.4669062995831206e-07,0.0,1.0,35.875,36.1892427177417,0.0,0.08,Profitable,0,Moderate-Value
9204,13,33,1029,655,35.45454545454545,2.1321929257822195e-21,0.0,1.0,79.15384615384616,79.68918052848755,0.0,0.0,Non-profitable,1,VIP
3197,18,38,670,195,42.63157894736842,5.990704541632342e-13,0.0,1.0,37.22222222222222,37.50479422061515,0.0,0.0,Non-profitable,0,Moderate-Value
2920,14,63,990,575,20.0,3.371382610282976e-17,0.0,1.0,70.71428571428571,71.18440871923751,0.0,0.0,Non-profitable,1,VIP
6961,3,26,11,38,10.384615384615385,2.739042048150034,0.6675,0.3325,3.6666666666666665,4.879223675728493,0.67,0.23,Profitable,2,Low-Value
4673,18,17,1241,607,95.29411764705883,1.1955647978552057e-31,0.0,1.0,68.94444444444444,69.30546077351863,0.0,0.0,Non-profitable,1,VIP
9937,16,75,576,178,19.200000000000003,5.675784335686439e-06,0.0,1.0,36.0,36.314590569944606,0.0,0.48,Profitable,0,Moderate-Value
8779,8,13,172,378,55.38461538461539,2.6456607377021814e-14,0.0,1.0,21.5,22.05001000635271,0.0,0.0,Non-profitable,2,Low-Value
9596,19,19,664,188,90.0,7.792150409973725e-19,0.0,1.0,34.94736842105263,35.209704763641156,0.0,0.0,Non-profitable,0,Moderate-Value
2891,21,51,928,254,37.05882352941176,2.96428627012205e-15,0.0,1.0,44.19047619047619,44.447359830537366,0.0,0.0,Non-profitable,0,Moderate-Value
4910,29,81,2074,668,32.22222222222222,2.6181604964515695e-30,0.0,1.0,71.51724137931035,71.74505571201193,0.0,0.0,Non-profitable,1,VIP
75,14,32,467,339,39.375,3.5703357907063163e-16,0.0,1.0,33.357142857142854,33.708409336377414,0.0,0.0,Non-profitable,0,Moderate-Value
10120,10,84,257,248,10.714285714285714,9.410485655547709e-06,0.0,1.0,25.7,26.15824921186926,0.0,0.21,Profitable,0,Moderate-Value
6327,16,87,1146,192,16.551724137931036,1.4748320771554394e-05,0.0,1.0,71.625,72.03872844777399,0.0,1.02,Profitable,1,VIP
10142,18,99,689,479,16.363636363636363,6.910223438450058e-15,0.0,1.0,38.27777777777778,38.562960007839614,0.0,0.0,Non-profitable,0,Moderate-Value
9826,21,96,2114,655,19.6875,2.288328874475706e-21,0.0,1.0,100.66666666666667,101.04321421131517,0.0,0.0,Non-profitable,3,High-Value
1501,29,21,1717,694,124.28571428571428,6.260441442325676e-48,0.0,1.0,59.206896551724135,59.415833774000355,0.0,0.0,Non-profitable,1,VIP
10767,20,40,1346,44,45.0,16.715255531646704,0.8143,0.18569999999999998,67.3,67.62117545469954,56.52,21.09,Profitable,1,VIP
7279,14,3,1044,272,420.0,2.676435644661031e-27,0.0,1.0,74.57142857142857,75.05382356947545,0.0,0.0,Non-profitable,1,VIP
7230,16,98,493,633,14.693877551020407,7.160670211578709e-17,0.0,1.0,30.8125,31.112654703523834,0.0,0.0,Non-profitable,0,Moderate-Value
143,12,73,957,308,14.794520547945204,4.775334398985271e-09,0.0,1.0,79.75,80.3323252896437,0.0,0.03,Profitable,1,VIP
450,9,90,270,352,9.0,2.0198324640400995e-07,0.0,1.0,30.0,30.530737471823123,0.0,0.04,Profitable,0,Moderate-Value
9316,4,29,29,239,12.413793103448276,1.2352958126468646e-05,0.0,1.0,7.25,8.196237875407576,0.0,0.08,Profitable,2,Low-Value
6379,6,3,121,396,180.0,3.310988466787011e-15,0.0,1.0,20.166666666666668,20.891439627371387,0.0,0.0,Non-profitable,2,Low-Value
9239,7,94,126,338,6.702127659574468,5.0348819197635655e-06,0.0,1.0,18.0,18.606741959079606,0.0,0.08,Profitable,2,Low-Value
8315,3,65,23,95,4.153846153846154,0.6636682223064722,0.3963,0.6037,7.666666666666667,8.939315086586108,0.3,0.32,Profitable,2,Low-Value
2868,5,33,57,447,13.636363636363637,2.347402866241265e-09,0.0,1.0,11.4,12.19247812914652,0.0,0.01,Profitable,2,Low-Value
10888,18,46,636,238,35.21739130434783,1.8666320920894414e-13,0.0,1.0,35.333333333333336,35.61123439084508,0.0,0.0,Non-profitable,0,Moderate-Value
1277,27,29,1004,81,83.79310344827586,2.2901595995993044e-10,0.0,1.0,37.18518518518518,37.373350357914454,0.0,1.01,Profitable,0,Moderate-Value
9977,17,99,734,285,15.454545454545453,1.0872796988182698e-08,0.0,1.0,43.1764705882353,43.491300349795246,0.0,0.01,Profitable,0,Moderate-Value
10196,18,26,614,109,62.30769230769231,2.5856861793725415e-10,0.0,1.0,34.111111111111114,34.38598979511149,0.0,0.34,Profitable,0,Moderate-Value
6384,18,30,1453,138,54.0,1.984231340383827e-11,0.0,1.0,80.72222222222223,81.11236324149681,0.0,0.15,Profitable,1,VIP
8029,14,27,1621,61,46.666666666666664,0.0013757298408641012,0.0001,0.9999,115.78571428571429,116.3992378025735,0.01,19.29,Profitable,3,High-Value
968,9,24,187,185,33.75,1.1304264413029504e-08,0.0,1.0,20.77777777777778,21.262791818467267,0.0,0.11,Profitable,2,Low-Value
6988,20,93,1443,535,19.35483870967742,3.6608143595057005e-18,0.0,1.0,72.15,72.48196678101927,0.0,0.0,Non-profitable,1,VIP
6991,18,88,637,445,18.40909090909091,5.235556862598917e-15,0.0,1.0,35.388888888888886,35.666927327014776,0.0,0.0,Non-profitable,0,Moderate-Value
3336,11,96,948,220,10.3125,0.00014154681394738217,0.0001,0.9999,86.18181818181819,86.84336395394129,0.0,1.81,Profitable,1,VIP
4301,4,10,59,535,36.0,1.8212837976138836e-11,0.0,1.0,14.75,15.780425238337667,0.0,0.01,Profitable,2,Low-Value
1940,3,26,18,352,10.384615384615385,1.1000217913760473e-06,0.0,1.0,6.0,7.247610332062101,0.0,0.03,Profitable,2,Low-Value
1272,22,49,903,616,40.40816326530612,6.820151837401125e-28,0.0,1.0,41.04545454545455,41.284277763072055,0.0,0.0,Non-profitable,0,Moderate-Value
1388,6,11,112,494,49.090909090909086,9.318903569912013e-14,0.0,1.0,18.666666666666668,19.380256489154743,0.0,0.0,Non-profitable,2,Low-Value
1044,17,44,596,411,34.77272727272727,8.98773887656233e-19,0.0,1.0,35.05882352941177,35.35239565893614,0.0,0.0,Non-profitable,0,Moderate-Value
6969,10,75,233,326,12.0,3.0883850142100906e-08,0.0,1.0,23.3,23.74754532000852,0.0,0.02,Profitable,2,Low-Value
10479,10,64,1511,569,14.0625,1.7545662111425221e-13,0.0,1.0,151.1,152.1175275615931,0.0,0.0,Non-profitable,3,High-Value
3619,16,19,1152,644,75.78947368421052,1.2300016025175424e-28,0.0,1.0,72.0,72.41477200438273,0.0,0.0,Non-profitable,1,VIP
1715,5,45,48,503,10.0,2.312517804572631e-09,0.0,1.0,9.6,10.376350362241693,0.0,0.01,Profitable,2,Low-Value
10159,25,77,1185,455,29.22077922077922,1.8003444184486903e-21,0.0,1.0,47.4,47.62141958083178,0.0,0.0,Non-profitable,0,Moderate-Value
1463,3,9,21,92,30.0,0.0019818952980431266,0.0011,0.9989,7.0,8.262633184776504,0.0,0.25,Profitable,2,Low-Value
5114,14,1,965,557,1260.0,9.151334948592132e-39,0.0,1.0,68.92857142857143,69.39301295523846,0.0,0.0,Non-profitable,1,VIP
4990,20,90,869,423,20.0,1.732697128841694e-15,0.0,1.0,43.45,43.718108829395355,0.0,0.0,Non-profitable,0,Moderate-Value
10936,15,79,1947,501,17.08860759493671,4.771640955265106e-15,0.0,1.0,129.8,130.41410738379895,0.0,0.0,Non-profitable,3,High-Value
4692,7,19,71,697,33.1578947368421,2.399006489483149e-16,0.0,1.0,10.142857142857142,10.699442513432516,0.0,0.0,Non-profitable,2,Low-Value
6086,23,62,1380,218,33.38709677419355,1.089808637313225e-12,0.0,1.0,60.0,60.265082059185744,0.0,0.0,Non-profitable,1,VIP
437,22,41,1027,155,48.29268292682927,3.1405877338203476e-12,0.0,1.0,46.68181818181818,46.93204000087033,0.0,0.02,Profitable,0,Moderate-Value
11171,14,60,411,261,21.0,5.84859228844918e-10,0.0,1.0,29.357142857142858,29.69568282501955,0.0,0.01,Profitable,0,Moderate-Value
11101,25,17,836,440,132.3529411764706,2.9218749925620577e-37,0.0,1.0,33.44,33.63658165804567,0.0,0.0,Non-profitable,0,Moderate-Value
5329,3,24,11,275,11.25,9.529103038958188e-06,0.0,1.0,3.6666666666666665,4.879223675728493,0.0,0.04,Profitable,2,Low-Value
610,15,60,480,691,22.5,1.5818791680151232e-20,0.0,1.0,32.0,32.32374998189191,0.0,0.0,Non-profitable,0,Moderate-Value
9384,16,57,606,382,25.263157894736842,2.922639963823197e-15,0.0,1.0,37.875,38.19480835298826,0.0,0.0,Non-profitable,0,Moderate-Value
5956,11,74,284,256,13.378378378378379,4.872926666290161e-07,0.0,1.0,25.818181818181817,26.235082147077357,0.0,0.08,Profitable,0,Moderate-Value
10430,11,22,1472,263,45.0,3.732648055345269e-13,0.0,1.0,133.8181818181818,134.67279116297246,0.0,0.02,Profitable,3,High-Value
7875,25,46,1677,61,48.91304347826087,0.33849860487455236,0.0183,0.9817,67.08,67.33643464676521,1.14,22.84,Profitable,1,VIP
7072,17,69,1335,457,22.17391304347826,1.52053565227466e-16,0.0,1.0,78.52941176470588,78.9368200541889,0.0,0.0,Non-profitable,1,VIP
6516,3,37,18,468,7.297297297297297,1.4475332932783415e-07,0.0,1.0,6.0,7.247610332062101,0.0,0.02,Profitable,2,Low-Value
5564,18,26,1338,689,62.30769230769231,4.643192911488924e-30,0.0,1.0,74.33333333333333,74.70767558198034,0.0,0.0,Non-profitable,1,VIP
5682,26,8,1099,463,292.5,2.3303513776529067e-47,0.0,1.0,42.26923076923077,42.4733425797532,0.0,0.0,Non-profitable,0,Moderate-Value
7458,6,26,97,480,20.76923076923077,1.99046129076125e-11,0.0,1.0,16.166666666666668,16.861617925460333,0.0,0.0,Non-profitable,2,Low-Value
5237,6,79,63,179,6.8354430379746836,0.006910098783130135,0.0042,0.9958,10.5,11.152703847753001,0.0,0.41,Profitable,2,Low-Value
7761,7,71,109,332,8.873239436619718,6.512705783464233e-07,0.0,1.0,15.571428571428571,16.162667584970503,0.0,0.04,Profitable,2,Low-Value
5278,20,83,902,155,21.686746987951807,6.767665347517818e-05,0.0,1.0,45.1,45.3717801053598,0.0,1.74,Profitable,0,Moderate-Value
3560,19,57,1574,413,30.0,1.69302866023304e-18,0.0,1.0,82.84210526315789,83.21663005227208,0.0,0.0,Non-profitable,1,VIP
7235,6,37,38,202,14.594594594594595,1.1921527104068902e-05,0.0,1.0,6.333333333333333,6.954972908262318,0.0,0.1,Profitable,2,Low-Value
10548,23,30,960,112,69.0,4.406127131642415e-12,0.0,1.0,41.73913043478261,41.96889168202771,0.0,0.12,Profitable,0,Moderate-Value
2281,3,34,28,287,7.9411764705882355,1.97395363639569e-05,0.0,1.0,9.333333333333334,10.631019841110113,0.0,0.08,Profitable,2,Low-Value
4073,27,0,1215,151,0.0,3.4507711735157845e-62,0.0,1.0,45.0,45.20103781072878,0.0,0.0,Non-profitable,0,Moderate-Value
6974,21,89,1497,180,21.235955056179776,4.185756072400897e-06,0.0,1.0,71.28571428571429,71.6000083488026,0.0,0.76,Profitable,1,VIP
7938,15,92,449,269,14.673913043478262,7.27186461863335e-08,0.0,1.0,29.933333333333334,30.25094761007247,0.0,0.03,Profitable,0,Moderate-Value
7094,23,87,1064,186,23.793103448275865,2.8728771409882814e-07,0.0,1.0,46.26086956521739,46.49937691827637,0.0,0.17,Profitable,0,Moderate-Value
3667,24,20,1757,486,108.0,1.0742685478028318e-35,0.0,1.0,73.20833333333333,73.48683138069359,0.0,0.0,Non-profitable,1,VIP
7723,20,56,1440,58,32.142857142857146,14.8704193151732,0.9492,0.050799999999999956,72.0,72.33163302865886,53.78,21.07,Profitable,1,VIP
3870,23,28,1006,505,73.92857142857143,1.2464701287297588e-31,0.0,1.0,43.73913043478261,43.972760151906925,0.0,0.0,Non-profitable,0,Moderate-Value
4012,18,55,1226,687,29.454545454545453,3.621975747094164e-24,0.0,1.0,68.11111111111111,68.470066730973,0.0,0.0,Non-profitable,1,VIP
5909,15,25,1171,283,54.0,5.1622723236071287e-17,0.0,1.0,78.06666666666666,78.5271834956736,0.0,0.0,Non-profitable,1,VIP
10470,6,0,92,471,0.0,2.230198895717759e-20,0.0,1.0,15.333333333333334,16.022071737562197,0.0,0.0,Non-profitable,2,Low-Value
10270,6,8,66,269,67.5,6.629638326250809e-11,0.0,1.0,11.0,11.656431560491884,0.0,0.02,Profitable,2,Low-Value
6887,17,33,564,66,46.36363636363636,0.0011336096301658215,0.0001,0.9999,33.1764705882353,33.4651134117804,0.0,6.29,Profitable,0,Moderate-Value
6406,20,13,1427,244,138.46153846153848,9.243250543877603e-26,0.0,1.0,71.35,71.68018676843043,0.0,0.0,Non-profitable,1,VIP
7573,5,12,86,415,37.5,4.625040516780021e-11,0.0,1.0,17.2,18.044445378062072,0.0,0.01,Profitable,2,Low-Value
221,9,90,242,428,9.0,7.400656332586076e-09,0.0,1.0,26.88888888888889,27.404201588763318,0.0,0.01,Profitable,0,Moderate-Value
5331,16,8,1869,656,180.0,1.7672244137458655e-34,0.0,1.0,116.8125,117.35197701912601,0.0,0.0,Non-profitable,3,High-Value
1911,28,6,1364,662,420.0,7.714147991237087e-60,0.0,1.0,48.714285714285715,48.914031552068316,0.0,0.0,Non-profitable,0,Moderate-Value
20,7,91,183,301,6.923076923076923,1.9135907594365123e-05,0.0,1.0,26.142857142857142,26.80157956638659,0.0,0.2,Profitable,0,Moderate-Value
8786,14,52,450,399,24.23076923076923,1.0159938626405058e-14,0.0,1.0,32.142857142857146,32.49026021685806,0.0,0.0,Non-profitable,0,Moderate-Value
10582,19,3,758,361,570.0,1.5194140942820648e-39,0.0,1.0,39.89473684210526,40.16866188136786,0.0,0.0,Non-profitable,0,Moderate-Value
1915,19,57,1507,199,30.0,1.9436436211182643e-10,0.0,1.0,79.3157894736842,79.68205423431793,0.0,0.03,Profitable,1,VIP
8897,17,9,654,431,170.0,1.3737400210864856e-30,0.0,1.0,38.470588235294116,38.77309473190591,0.0,0.0,Non-profitable,0,Moderate-Value
2371,6,22,81,442,24.545454545454543,2.5400949786726753e-11,0.0,1.0,13.5,14.175070124186293,0.0,0.0,Non-profitable,2,Low-Value
4303,1,76,137,568,1.1842105263157894,2.714604337578529e-06,0.0,1.0,137.0,146.94563575514832,0.0,0.27,Profitable,3,High-Value
6825,3,86,16,480,3.13953488372093,2.843922806608371e-06,0.0,1.0,5.333333333333333,6.570928430252498,0.0,0.02,Profitable,2,Low-Value
1072,6,64,93,303,8.4375,3.6313309895596575e-06,0.0,1.0,15.5,16.18998097514182,0.0,0.09,Profitable,2,Low-Value
4964,17,90,1158,154,17.0,0.0015849959186638657,0.0003,0.9997,68.11764705882354,68.49779012460874,0.01,5.25,Profitable,1,VIP
2461,4,79,43,193,4.556962025316456,0.009267035660099173,0.0086,0.9914,10.75,11.735525311441618,0.01,0.3,Profitable,2,Low-Value
10736,20,28,1525,290,64.28571428571429,2.6729110966354253e-21,0.0,1.0,76.25,76.59108934553696,0.0,0.0,Non-profitable,1,VIP
10839,4,42,29,76,8.571428571428571,0.5057053337306155,0.1896,0.8104,7.25,8.196237875407576,0.21,0.41,Profitable,2,Low-Value
49,4,39,25,49,9.23076923076923,3.049182304218311,0.7438,0.2562,6.25,7.185012893683564,1.1,0.43,Profitable,2,Low-Value
4290,3,8,24,102,33.75,0.0007660882750417134,0.0005,0.9995,8.0,9.277656037490909,0.0,0.26,Profitable,2,Low-Value
10219,4,40,38,376,9.0,4.014045787956745e-07,0.0,1.0,9.5,10.471494084286604,0.0,0.03,Profitable,2,Low-Value
4211,5,5,57,608,90.0,3.8435762858986545e-15,0.0,1.0,11.4,12.19247812914652,0.0,0.0,Non-profitable,2,Low-Value
1135,7,96,47,134,6.5625,0.45311404901900026,0.1783,0.8217,6.714285714285714,7.248984573513786,0.16,0.5,Profitable,2,Low-Value
6299,18,28,813,543,57.85714285714286,1.736756694256887e-26,0.0,1.0,45.166666666666664,45.46888409288345,0.0,0.0,Non-profitable,0,Moderate-Value
10846,16,22,629,31,65.45454545454545,2.6916563841766403,0.1157,0.8843,39.3125,39.63630865332173,5.33,10.49,Profitable,0,Moderate-Value
347,13,30,377,659,39.0,5.3570783398119065e-22,0.0,1.0,29.0,29.36344675102905,0.0,0.0,Non-profitable,0,Moderate-Value
6543,13,45,1612,530,25.999999999999996,1.9020625246488567e-17,0.0,1.0,124.0,124.6890314368592,0.0,0.0,Non-profitable,3,High-Value
10446,16,58,729,599,24.82758620689655,4.5411353711206616e-20,0.0,1.0,45.5625,45.903701263467234,0.0,0.0,Non-profitable,0,Moderate-Value
3479,5,49,50,345,9.183673469387756,5.710218311802572e-07,0.0,1.0,10.0,10.779934310442766,0.0,0.03,Profitable,2,Low-Value
11075,11,37,270,243,26.756756756756758,4.0650103056279345e-10,0.0,1.0,24.545454545454547,24.957196687294083,0.0,0.02,Profitable,2,Low-Value
4442,7,70,177,450,9.0,6.255785257507162e-09,0.0,1.0,25.285714285714285,25.938965081406906,0.0,0.01,Profitable,0,Moderate-Value
199,12,33,315,525,32.72727272727273,5.418560554430081e-18,0.0,1.0,26.25,26.633633324682418,0.0,0.0,Non-profitable,0,Moderate-Value
796,23,17,1071,614,121.76470588235294,2.7481219388493185e-39,0.0,1.0,46.56521739130435,46.80431342456234,0.0,0.0,Non-profitable,0,Moderate-Value
3749,23,54,1580,484,38.333333333333336,1.704430606894722e-24,0.0,1.0,68.69565217391305,68.97755366735625,0.0,0.0,Non-profitable,1,VIP
8523,7,39,60,197,16.153846153846153,5.8275825400666984e-06,0.0,1.0,8.571428571428571,9.117982624303098,0.0,0.12,Profitable,2,Low-Value
310,17,81,573,198,18.88888888888889,1.0587722910879685e-06,0.0,1.0,33.705882352941174,33.99591154379295,0.0,0.19,Profitable,0,Moderate-Value
8629,4,71,41,460,5.070422535211268,5.062294055011974e-07,0.0,1.0,10.25,11.229912820579612,0.0,0.03,Profitable,2,Low-Value
236,7,62,170,526,10.161290322580644,1.88105723136904e-10,0.0,1.0,24.285714285714285,24.932581515597278,0.0,0.0,Non-profitable,2,Low-Value
9930,27,8,1167,236,303.75,4.433491138173111e-39,0.0,1.0,43.22222222222222,43.420331660325516,0.0,0.0,Non-profitable,0,Moderate-Value
3483,22,76,1526,449,26.05263157894737,3.17034892361763e-19,0.0,1.0,69.36363636363636,69.65972836104244,0.0,0.0,Non-profitable,1,VIP
4599,15,66,458,237,20.454545454545453,5.0747427652079594e-09,0.0,1.0,30.533333333333335,30.852728943826502,0.0,0.02,Profitable,0,Moderate-Value
7326,5,83,63,98,5.421686746987952,1.6829214332285738,0.6635,0.3365,12.6,13.403229973749736,1.13,0.8,Profitable,2,Low-Value
7352,13,28,405,251,41.785714285714285,1.9855711482842837e-13,0.0,1.0,31.153846153846153,31.52467458196285,0.0,0.0,Non-profitable,0,Moderate-Value
2350,13,87,1027,464,13.448275862068966,3.100147439835041e-12,0.0,1.0,79.0,79.53480711199228,0.0,0.0,Non-profitable,1,VIP
9145,20,43,1478,449,41.860465116279066,7.993408613570728e-23,0.0,1.0,73.9,74.2358605585573,0.0,0.0,Non-profitable,1,VIP
2964,4,0,72,256,0.0,4.7397958049367485e-12,0.0,1.0,18.0,19.066906428940708,0.0,0.1,Profitable,2,Low-Value
5585,5,1,48,435,450.0,1.9289871273043025e-15,0.0,1.0,9.6,10.376350362241693,0.0,0.0,Non-profitable,2,Low-Value
9687,15,1,726,29,1350.0,2.8537501182029075e-16,0.0,1.0,48.4,48.77243977116875,0.0,10.42,Profitable,0,Moderate-Value
3732,21,72,860,510,26.25,1.11624014580412e-20,0.0,1.0,40.95238095238095,41.20240359285364,0.0,0.0,Non-profitable,0,Moderate-Value
6303,22,72,1497,218,27.500000000000004,1.0261082207210613e-10,0.0,1.0,68.04545454545455,68.3388807409122,0.0,0.01,Profitable,1,VIP
11176,16,12,495,48,120.0,1.1498394960777757e-07,0.0,1.0,30.9375,31.23800255572674,0.0,5.46,Profitable,0,Moderate-Value
2986,3,89,20,109,3.033707865168539,0.8971389436067294,0.6128,0.3872,6.666666666666667,7.924292233871704,0.36,0.27,Profitable,2,Low-Value
7462,16,67,570,582,21.492537313432834,1.0759498414118289e-18,0.0,1.0,35.625,35.93854701333588,0.0,0.0,Non-profitable,0,Moderate-Value
3900,20,54,769,92,33.33333333333333,0.00204870723478378,0.0002,0.9998,38.45,38.70698375071524,0.0,6.58,Profitable,0,Moderate-Value
7034,5,34,55,301,13.23529411764706,4.0407704033325745e-07,0.0,1.0,11.0,11.788894180945446,0.0,0.05,Profitable,2,Low-Value
9493,17,15,1808,420,102.0,8.726706128269206e-27,0.0,1.0,106.3529411764706,106.83321076995962,0.0,0.0,Non-profitable,3,High-Value
1143,5,43,55,325,10.465116279069766,5.73194994290659e-07,0.0,1.0,11.0,11.788894180945446,0.0,0.04,Profitable,2,Low-Value
1,17,0,577,14,0.0,2.649258119743802e-19,0.0,1.0,33.94117647058823,34.231821824687415,0.0,10.37,Profitable,0,Moderate-Value
3855,7,74,162,437,8.513513513513514,1.5458938363482477e-08,0.0,1.0,23.142857142857142,23.7824288689577,0.0,0.01,Profitable,2,Low-Value
5536,19,61,1957,403,28.0327868852459,1.2355674896101143e-17,0.0,1.0,103.0,103.4217425638607,0.0,0.0,Non-profitable,3,High-Value
5989,23,51,1576,439,40.588235294117645,1.0185474193801283e-23,0.0,1.0,68.52173913043478,68.80330423519283,0.0,0.0,Non-profitable,1,VIP
9499,14,97,1616,418,12.989690721649483,3.759350346247938e-11,0.0,1.0,115.42857142857143,116.04095864977369,0.0,0.0,Non-profitable,3,High-Value
6768,4,75,36,533,4.800000000000001,9.230675093175173e-08,0.0,1.0,9.0,9.965881593424598,0.0,0.01,Profitable,2,Low-Value
2150,21,83,1482,414,22.771084337349397,1.2844058571427415e-16,0.0,1.0,70.57142857142857,70.8842091787253,0.0,0.0,Non-profitable,1,VIP
6646,4,23,22,120,15.652173913043478,0.0017031922482665894,0.001,0.999,5.5,6.4265941573905545,0.0,0.21,Profitable,2,Low-Value
4887,5,65,63,219,6.923076923076923,0.0004727313961679188,0.0004,0.9996,12.6,13.403229973749736,0.0,0.26,Profitable,2,Low-Value
8560,17,94,680,657,16.27659574468085,2.021882065742985e-18,0.0,1.0,40.0,40.30651155771994,0.0,0.0,Non-profitable,0,Moderate-Value
3321,17,42,542,420,36.42857142857143,2.341245734467387e-19,0.0,1.0,31.88235294117647,32.16760686686083,0.0,0.0,Non-profitable,0,Moderate-Value
11003,5,10,50,270,45.0,3.732973106108825e-09,0.0,1.0,10.0,10.779934310442766,0.0,0.04,Profitable,2,Low-Value
10402,4,94,39,500,3.829787234042553,7.475280571393405e-07,0.0,1.0,9.75,10.724300329717607,0.0,0.03,Profitable,2,Low-Value
9904,23,50,1043,457,41.4,1.7946440639065003e-24,0.0,1.0,45.34782608695652,45.58456739941847,0.0,0.0,Non-profitable,0,Moderate-Value
6141,12,46,385,430,23.478260869565215,2.093971366440641e-14,0.0,1.0,32.083333333333336,32.488630890955456,0.0,0.0,Non-profitable,0,Moderate-Value
5687,26,98,1633,644,23.877551020408166,7.952193858209967e-25,0.0,1.0,62.80769230769231,63.04693869330864,0.0,0.0,Non-profitable,1,VIP
10856,4,42,46,362,8.571428571428571,7.754265424722137e-07,0.0,1.0,11.5,12.493944047734628,0.0,0.04,Profitable,2,Low-Value
5121,18,30,761,100,54.0,2.031277629573955e-08,0.0,1.0,42.27777777777778,42.57285141205862,0.0,1.18,Profitable,0,Moderate-Value
4186,6,11,76,328,49.090909090909086,3.0722370827139974e-11,0.0,1.0,12.666666666666666,13.335523936288155,0.0,0.01,Profitable,2,Low-Value
368,11,61,290,577,16.229508196721312,1.0052134543772388e-14,0.0,1.0,26.363636363636363,26.782747344127333,0.0,0.0,Non-profitable,0,Moderate-Value
3312,7,12,89,48,52.5,0.004085086058573204,0.0006,0.9994,12.714285714285714,13.287285968371563,0.0,1.28,Profitable,2,Low-Value
11121,7,76,70,596,8.289473684210526,1.0783537501764072e-10,0.0,1.0,10.0,10.55567343260257,0.0,0.0,Non-profitable,2,Low-Value
5332,16,2,1066,337,720.0,3.6223962131394817e-35,0.0,1.0,66.625,67.0248143596576,0.0,0.0,Non-profitable,1,VIP
5848,18,43,2009,167,37.674418604651166,1.8561777213369222e-10,0.0,1.0,111.61111111111111,112.07763575185466,0.0,0.11,Profitable,3,High-Value
10343,17,27,1345,638,56.66666666666667,1.8309289182655574e-27,0.0,1.0,79.11764705882354,79.52659575642508,0.0,0.0,Non-profitable,1,VIP
5935,20,60,764,552,30.0,1.5562992276404147e-22,0.0,1.0,38.2,38.45642749678123,0.0,0.0,Non-profitable,0,Moderate-Value
2895,9,79,195,249,10.253164556962025,1.1555481823922798e-05,0.0,1.0,21.666666666666668,22.156087785055785,0.0,0.19,Profitable,2,Low-Value
10262,7,96,53,415,6.5625,2.935182643695245e-07,0.0,1.0,7.571428571428571,8.111599058493468,0.0,0.01,Profitable,2,Low-Value
7848,11,17,368,381,58.235294117647065,3.267437342240378e-17,0.0,1.0,33.45454545454545,33.902394905777015,0.0,0.0,Non-profitable,0,Moderate-Value
9477,17,0,544,169,0.0,3.2190130324810892e-40,0.0,1.0,32.0,32.285562007308066,0.0,0.0,Non-profitable,0,Moderate-Value
4856,24,38,1853,600,56.84210526315789,2.9379750001616177e-32,0.0,1.0,77.20833333333333,77.4942453504471,0.0,0.0,Non-profitable,1,VIP
5794,15,1,446,104,1350.0,6.471218280783044e-26,0.0,1.0,29.733333333333334,30.05035383215446,0.0,0.1,Profitable,0,Moderate-Value
1456,24,25,1180,454,86.39999999999999,1.84524543726492e-32,0.0,1.0,49.166666666666664,49.400603666654206,0.0,0.0,Non-profitable,0,Moderate-Value
4877,4,2,41,117,180.0,5.317634184056974e-07,0.0,1.0,10.25,11.229912820579612,0.0,0.31,Profitable,2,Low-Value
425,19,66,727,495,25.90909090909091,1.9191806311889252e-19,0.0,1.0,38.26315789473684,38.533261129777145,0.0,0.0,Non-profitable,0,Moderate-Value
3007,4,49,40,633,7.346938775510203,9.267550208830341e-10,0.0,1.0,10.0,10.97710657514861,0.0,0.0,Non-profitable,2,Low-Value
1031,25,5,1062,420,450.0,8.795418847056925e-49,0.0,1.0,42.48,42.69266581434842,0.0,0.0,Non-profitable,0,Moderate-Value
4297,5,71,40,154,6.338028169014085,0.02436702162888797,0.0149,0.9851,8.0,8.762014569437403,0.01,0.34,Profitable,2,Low-Value
807,11,35,292,134,28.285714285714285,2.470629712473244e-06,0.0,1.0,26.545454545454547,26.965302409810658,0.0,0.71,Profitable,0,Moderate-Value
9553,3,94,15,536,2.8723404255319145,1.0579691124821208e-06,0.0,1.0,5.0,6.232587479347697,0.0,0.02,Profitable,2,Low-Value
4271,11,80,341,633,12.375000000000002,3.268274790236288e-14,0.0,1.0,31.0,31.437901519052122,0.0,0.0,Non-profitable,0,Moderate-Value
4120,11,61,369,194,16.229508196721312,4.643797292385801e-06,0.0,1.0,33.54545454545455,33.99367243861868,0.0,0.38,Profitable,0,Moderate-Value
2036,14,29,401,383,43.44827586206897,6.627584823173581e-18,0.0,1.0,28.642857142857142,28.97912451941993,0.0,0.0,Non-profitable,0,Moderate-Value
115,14,0,393,460,0.0,4.4391778821007385e-42,0.0,1.0,28.071428571428573,28.405877874940234,0.0,0.0,Non-profitable,0,Moderate-Value
4259,3,80,10,278,3.375,0.0006867970198290277,0.0012,0.9988,3.3333333333333335,4.5408827248236925,0.0,0.05,Profitable,2,Low-Value
8687,13,54,486,419,21.666666666666664,3.9377436033864795e-14,0.0,1.0,37.38461538461539,37.77679795002135,0.0,0.0,Non-profitable,0,Moderate-Value
2447,5,71,69,620,6.338028169014085,1.2843149610585298e-09,0.0,1.0,13.8,14.613981818352956,0.0,0.0,Non-profitable,2,Low-Value
10140,16,27,1727,274,53.33333333333333,3.6322217885254526e-17,0.0,1.0,107.9375,108.4522795127194,0.0,0.0,Non-profitable,3,High-Value
9353,14,61,995,174,20.65573770491803,1.7787095504756833e-06,0.0,1.0,71.07142857142857,71.54268787203732,0.0,0.77,Profitable,1,VIP
738,8,35,182,86,20.57142857142857,0.011369367209999523,0.0026,0.9974,22.75,23.306986464621932,0.01,1.95,Profitable,2,Low-Value
7631,22,34,989,266,58.235294117647065,2.4153563245206126e-20,0.0,1.0,44.95454545454545,45.20127415380311,0.0,0.0,Non-profitable,0,Moderate-Value
4789,17,95,1677,285,16.105263157894736,5.112182705323333e-09,0.0,1.0,98.6470588235294,99.10714907066583,0.0,0.02,Profitable,3,High-Value
773,16,64,595,364,22.5,6.23560378925894e-14,0.0,1.0,37.1875,37.50539516587225,0.0,0.0,Non-profitable,0,Moderate-Value
10602,7,30,156,500,21.0,2.0616668441565092e-12,0.0,1.0,22.285714285714285,22.919814383978018,0.0,0.0,Non-profitable,2,Low-Value
1446,27,12,1226,85,202.5,6.1649932538513846e-21,0.0,1.0,45.407407407407405,45.609116303529525,0.0,0.05,Profitable,0,Moderate-Value
3270,7,96,128,528,6.5625,6.097320827458411e-09,0.0,1.0,18.285714285714285,18.8942801207395,0.0,0.01,Profitable,2,Low-Value
8443,6,16,86,139,33.75,4.033444253643689e-06,0.0,1.0,14.333333333333334,15.01461631208443,0.0,0.39,Profitable,2,Low-Value
9653,5,16,68,621,28.125,4.782727866585841e-13,0.0,1.0,13.6,14.412189844252419,0.0,0.0,Non-profitable,2,Low-Value
8916,3,78,16,341,3.4615384615384617,8.47213688902244e-05,0.0002,0.9998,5.333333333333333,6.570928430252498,0.0,0.05,Profitable,2,Low-Value
5830,21,96,2114,655,19.6875,2.288328874475706e-21,0.0,1.0,100.66666666666667,101.04321421131517,0.0,0.0,Non-profitable,3,High-Value
4597,18,67,2018,362,24.17910447761194,6.648596361946429e-15,0.0,1.0,112.11111111111111,112.57887217738202,0.0,0.0,Non-profitable,3,High-Value
7023,11,87,263,580,11.379310344827587,6.171333842145776e-13,0.0,1.0,23.90909090909091,24.318253957402444,0.0,0.0,Non-profitable,2,Low-Value
8086,5,34,55,200,13.23529411764706,3.2567507526079304e-05,0.0,1.0,11.0,11.788894180945446,0.0,0.19,Profitable,2,Low-Value
8825,16,46,564,454,31.304347826086957,1.3159478387800131e-18,0.0,1.0,35.25,35.56250345672714,0.0,0.0,Non-profitable,0,Moderate-Value
2930,18,7,1281,195,231.42857142857144,1.5588598322751738e-25,0.0,1.0,71.16666666666667,71.53317822030697,0.0,0.0,Non-profitable,1,VIP
1928,5,73,83,505,6.164383561643835,3.5543534671695e-08,0.0,1.0,16.6,17.439069455760468,0.0,0.02,Profitable,2,Low-Value
7108,12,54,353,659,20.0,1.2668065053360548e-17,0.0,1.0,29.416666666666668,29.812060574944923,0.0,0.0,Non-profitable,0,Moderate-Value
10925,24,93,1003,166,23.225806451612904,1.9969060596627852e-05,0.0,1.0,41.791666666666664,42.011934159921154,0.0,0.95,Profitable,0,Moderate-Value
9960,3,52,14,60,5.1923076923076925,2.18478061303503,0.8321,0.16790000000000005,4.666666666666667,5.894246528442896,0.64,0.25,Profitable,2,Low-Value
8800,22,53,902,513,37.35849056603774,1.4614545986242373e-24,0.0,1.0,41.0,41.238731293412386,0.0,0.0,Non-profitable,0,Moderate-Value
9224,23,81,1139,564,25.555555555555554,1.6054212599328518e-22,0.0,1.0,49.52173913043478,49.7665537713403,0.0,0.0,Non-profitable,0,Moderate-Value
5519,19,8,797,326,213.75,1.940668416980558e-31,0.0,1.0,41.94736842105263,42.2261015365949,0.0,0.0,Non-profitable,0,Moderate-Value
5046,23,97,1638,157,21.34020618556701,0.0004144184987891139,0.0001,0.9999,71.21739130434783,71.50417043372569,0.0,4.65,Profitable,1,VIP
7037,14,50,401,322,25.200000000000003,5.75803349952149e-13,0.0,1.0,28.642857142857142,28.97912451941993,0.0,0.0,Non-profitable,0,Moderate-Value
905,7,38,84,250,16.57894736842105,2.5523097052915817e-07,0.0,1.0,12.0,12.568440564221827,0.0,0.05,Profitable,2,Low-Value
8624,17,61,928,508,25.08196721311475,1.0748774207069834e-18,0.0,1.0,54.588235294117645,54.93294897317689,0.0,0.0,Non-profitable,1,VIP
8945,9,46,203,317,17.608695652173914,1.5225466111203978e-09,0.0,1.0,22.555555555555557,23.0493837516443,0.0,0.01,Profitable,2,Low-Value
6445,15,73,858,350,18.493150684931507,5.9451100416678104e-12,0.0,1.0,57.2,57.5985659995612,0.0,0.0,Non-profitable,1,VIP
2727,12,19,409,207,56.84210526315789,4.599161467551792e-13,0.0,1.0,34.083333333333336,34.49605862796336,0.0,0.01,Profitable,0,Moderate-Value
6404,11,10,282,462,99.00000000000001,3.3121464187738976e-21,0.0,1.0,25.636363636363637,26.052527081394032,0.0,0.0,Non-profitable,0,Moderate-Value
10150,18,10,1449,220,162.0,3.330047182312036e-24,0.0,1.0,80.5,80.88959149681797,0.0,0.0,Non-profitable,1,VIP
1968,3,37,28,209,7.297297297297297,0.0004186920892234557,0.0005,0.9995,9.333333333333334,10.631019841110113,0.0,0.15,Profitable,2,Low-Value
6534,5,94,67,176,4.787234042553192,0.040050770232451835,0.0279,0.9721,13.4,14.210397870151883,0.03,0.53,Profitable,2,Low-Value
9485,9,23,199,111,35.21739130434783,6.062116253614861e-06,0.0,1.0,22.11111111111111,22.60273576835004,0.0,0.99,Profitable,2,Low-Value
7053,21,75,1453,365,25.200000000000003,5.324613926048895e-16,0.0,1.0,69.19047619047619,69.50033078324255,0.0,0.0,Non-profitable,1,VIP
4654,18,40,1253,234,40.5,2.211148503972292e-14,0.0,1.0,69.61111111111111,69.97377600755513,0.0,0.0,Non-profitable,1,VIP
9760,25,24,1198,520,93.75,3.9723276060094344e-36,0.0,1.0,47.92,48.14234477566336,0.0,0.0,Non-profitable,0,Moderate-Value
1048,8,11,178,350,65.45454545454545,2.5413835812589854e-14,0.0,1.0,22.25,22.804195881314243,0.0,0.0,Non-profitable,2,Low-Value
10619,17,29,1990,573,52.75862068965517,1.218011203858665e-25,0.0,1.0,117.05882352941177,117.56712855065787,0.0,0.0,Non-profitable,3,High-Value
9308,13,51,976,414,22.941176470588232,2.3599440041578137e-14,0.0,1.0,75.07692307692308,75.59828499136286,0.0,0.0,Non-profitable,1,VIP
10505,14,86,1001,185,14.651162790697676,9.333769804215405e-05,0.0,1.0,71.5,71.97262285539709,0.0,1.9,Profitable,1,VIP
8362,19,9,1919,326,190.0,1.494020646725527e-30,0.0,1.0,101.0,101.4170577715882,0.0,0.0,Non-profitable,3,High-Value
2625,12,30,350,224,36.0,2.4965738079434284e-11,0.0,1.0,29.166666666666668,29.561132107818935,0.0,0.01,Profitable,0,Moderate-Value
4637,24,73,1650,407,29.58904109589041,9.758340070575971e-20,0.0,1.0,68.75,69.02023456023915,0.0,0.0,Non-profitable,1,VIP
9972,4,25,46,77,14.4,0.058143029226218716,0.0221,0.9779,11.5,12.493944047734628,0.04,0.59,Profitable,2,Low-Value
4483,18,67,1228,438,24.17910447761194,4.6441134778037044e-17,0.0,1.0,68.22222222222223,68.58145260331243,0.0,0.0,Non-profitable,1,VIP
4487,6,67,95,521,8.059701492537313,2.380558905727948e-09,0.0,1.0,15.833333333333334,16.525799450301076,0.0,0.01,Profitable,2,Low-Value
5871,13,98,467,667,11.938775510204083,3.5633638414907425e-15,0.0,1.0,35.92307692307692,36.31025049331626,0.0,0.0,Non-profitable,0,Moderate-Value
2008,18,93,1149,139,17.419354838709676,0.018507259742519974,0.0031,0.9969,63.833333333333336,64.18171064590545,0.06,8.41,Profitable,1,VIP
3139,18,53,2052,181,30.566037735849054,1.3746763299042746e-09,0.0,1.0,114.0,114.47243200715211,0.0,0.12,Profitable,3,High-Value
10673,20,6,1416,224,300.0,5.8988047783061255e-31,0.0,1.0,70.8,71.12896300977562,0.0,0.0,Non-profitable,1,VIP
5303,19,42,1113,82,40.714285714285715,0.00031357538113391606,0.0,1.0,58.578947368421055,58.896638230229385,0.0,9.25,Profitable,1,VIP
538,6,78,125,139,6.923076923076923,0.08278305067361949,0.0389,0.9611,20.833333333333332,21.563076577689895,0.09,1.14,Profitable,2,Low-Value
7922,23,29,966,686,71.37931034482759,8.914597333093116e-36,0.0,1.0,42.0,42.23026583027283,0.0,0.0,Non-profitable,0,Moderate-Value
5692,4,82,32,554,4.390243902439025,8.543193242803486e-08,0.0,1.0,8.0,8.954656611700585,0.0,0.01,Profitable,2,Low-Value
1628,16,54,960,248,26.666666666666664,2.181589215032057e-11,0.0,1.0,60.0,60.381378192903355,0.0,0.01,Profitable,1,VIP
1204,27,45,1829,403,54.0,1.8459070919691023e-27,0.0,1.0,67.74074074074075,67.97923731797047,0.0,0.0,Non-profitable,1,VIP
3673,23,59,779,350,35.08474576271187,3.385418375602728e-19,0.0,1.0,33.869565217391305,34.08410487663341,0.0,0.0,Non-profitable,0,Moderate-Value
760,21,8,811,324,236.25,1.9899246870694165e-34,0.0,1.0,38.61904761904762,38.8641263039345,0.0,0.0,Non-profitable,0,Moderate-Value
8957,14,51,1120,384,24.705882352941178,1.7813228492213982e-14,0.0,1.0,80.0,80.49966669203256,0.0,0.0,Non-profitable,1,VIP
4128,18,51,725,344,31.764705882352942,1.5617502713128265e-16,0.0,1.0,40.27777777777778,40.567905709949116,0.0,0.0,Non-profitable,0,Moderate-Value
6810,11,76,1187,397,13.026315789473685,2.6184591085905106e-10,0.0,1.0,107.9090909090909,108.65869430309863,0.0,0.01,Profitable,3,High-Value
5386,18,62,2302,482,26.12903225806452,8.317169851421057e-19,0.0,1.0,127.88888888888889,128.3956660495792,0.0,0.0,Non-profitable,3,High-Value
8700,6,86,66,554,6.27906976744186,5.237566633474436e-09,0.0,1.0,11.0,11.656431560491884,0.0,0.0,Non-profitable,2,Low-Value
3202,18,60,1250,636,27.0,1.7837830606282044e-22,0.0,1.0,69.44444444444444,69.806697199046,0.0,0.0,Non-profitable,1,VIP
1328,17,56,683,133,27.32142857142857,7.440402294668049e-06,0.0,1.0,40.1764705882353,40.4834442683908,0.0,1.3,Profitable,0,Moderate-Value
8405,11,83,305,272,11.927710843373495,6.910104056274609e-07,0.0,1.0,27.727272727272727,28.15191033675227,0.0,0.08,Profitable,0,Moderate-Value
6515,5,92,50,205,4.891304347826087,0.007901205701938944,0.0064,0.9936,10.0,10.779934310442766,0.0,0.31,Profitable,2,Low-Value
2882,14,31,995,636,40.64516129032258,1.122889323727944e-22,0.0,1.0,71.07142857142857,71.54268787203732,0.0,0.0,Non-profitable,1,VIP
6387,6,39,77,52,13.846153846153847,3.148874305506529,0.566,0.43400000000000005,12.833333333333334,13.503433173867784,2.13,1.19,Profitable,2,Low-Value
5320,8,20,171,516,36.0,3.837480300862065e-15,0.0,1.0,21.375,21.92431236052579,0.0,0.0,Non-profitable,2,Low-Value
5048,6,53,131,414,10.18867924528302,1.545219622870777e-08,0.0,1.0,21.833333333333332,22.57053200316766,0.0,0.02,Profitable,2,Low-Value
10031,7,50,53,504,12.600000000000001,7.422570023883507e-11,0.0,1.0,7.571428571428571,8.111599058493468,0.0,0.0,Non-profitable,2,Low-Value
5748,13,96,475,575,12.1875,9.555396099810087e-14,0.0,1.0,36.53846153846154,36.927744159297355,0.0,0.0,Non-profitable,0,Moderate-Value
2134,18,94,694,681,17.23404255319149,1.1136309391405375e-19,0.0,1.0,38.55555555555556,38.84142468868816,0.0,0.0,Non-profitable,0,Moderate-Value
1523,6,25,96,53,21.599999999999998,0.3246630915778278,0.0595,0.9405,16.0,16.693708687880704,0.27,1.41,Profitable,2,Low-Value
9665,12,48,361,428,22.5,3.8938448226673815e-14,0.0,1.0,30.083333333333332,30.481203153947554,0.0,0.0,Non-profitable,0,Moderate-Value
4640,24,65,1079,646,33.23076923076923,9.54933238910422e-28,0.0,1.0,44.958333333333336,45.18447021930936,0.0,0.0,Non-profitable,0,Moderate-Value
3547,5,12,64,546,37.5,9.385689037427613e-13,0.0,1.0,12.8,13.605021947850274,0.0,0.0,Non-profitable,2,Low-Value
2456,8,84,149,258,8.571428571428571,3.1416041107831635e-05,0.0,1.0,18.625,19.1589641523335,0.0,0.21,Profitable,2,Low-Value
7801,18,87,728,290,18.620689655172413,2.3142250487788486e-10,0.0,1.0,40.44444444444444,40.73498451845824,0.0,0.0,Non-profitable,0,Moderate-Value
10489,22,35,1778,314,56.57142857142857,4.1078094385337564e-22,0.0,1.0,80.81818181818181,81.13743871527765,0.0,0.0,Non-profitable,1,VIP
7011,7,47,93,625,13.404255319148936,1.108366105069428e-12,0.0,1.0,13.285714285714286,13.862362291691353,0.0,0.0,Non-profitable,2,Low-Value
2620,3,48,23,442,5.625,7.20017489692591e-07,0.0,1.0,7.666666666666667,8.939315086586108,0.0,0.03,Profitable,2,Low-Value
3933,18,46,662,624,35.21739130434783,2.3762328336300996e-24,0.0,1.0,36.77777777777778,37.05925073125749,0.0,0.0,Non-profitable,0,Moderate-Value
10981,17,27,1198,147,56.66666666666667,3.660861835130975e-12,0.0,1.0,70.47058823529412,70.85689293355341,0.0,0.08,Profitable,1,VIP
1734,7,37,81,528,17.027027027027028,3.703796230076382e-12,0.0,1.0,11.571428571428571,12.137133321731987,0.0,0.0,Non-profitable,2,Low-Value
10995,7,8,92,594,78.75,1.6958814504336522e-17,0.0,1.0,13.142857142857142,13.718593210861405,0.0,0.0,Non-profitable,2,Low-Value
6357,15,29,491,224,46.55172413793104,5.942114929300643e-14,0.0,1.0,32.733333333333334,33.059260500924616,0.0,0.0,Non-profitable,0,Moderate-Value
9209,23,85,1564,623,24.352941176470587,1.766330940699405e-23,0.0,1.0,68.0,68.2805559387026,0.0,0.0,Non-profitable,1,VIP
10286,23,2,926,146,1035.0,3.085888141519266e-39,0.0,1.0,40.26086956521739,40.48777150863873,0.0,0.0,Non-profitable,0,Moderate-Value
2611,18,66,1910,697,24.545454545454543,6.870730345222187e-23,0.0,1.0,106.11111111111111,106.56403507105352,0.0,0.0,Non-profitable,3,High-Value
1600,14,60,411,261,21.0,5.84859228844918e-10,0.0,1.0,29.357142857142858,29.69568282501955,0.0,0.01,Profitable,0,Moderate-Value
3308,6,54,94,177,10.0,0.0005672214878775386,0.0003,0.9997,15.666666666666666,16.357890212721447,0.0,0.46,Profitable,2,Low-Value
5407,23,70,1085,290,29.571428571428573,5.176997512058203e-15,0.0,1.0,47.17391304347826,47.41418643713427,0.0,0.0,Non-profitable,0,Moderate-Value
2166,3,55,23,352,4.909090909090909,1.4765111280301995e-05,0.0,1.0,7.666666666666667,8.939315086586108,0.0,0.05,Profitable,2,Low-Value
6634,5,78,54,326,5.769230769230768,1.7323227787013074e-05,0.0,1.0,10.8,11.58710220684491,0.0,0.08,Profitable,2,Low-Value
3056,26,63,1150,258,37.14285714285714,2.457606165644414e-16,0.0,1.0,44.23076923076923,44.43823659059839,0.0,0.0,Non-profitable,0,Moderate-Value
5718,22,17,1415,318,116.47058823529413,5.398151097297984e-29,0.0,1.0,64.31818181818181,64.6040702288198,0.0,0.0,Non-profitable,1,VIP
6872,14,43,405,312,29.30232558139535,1.289458859018478e-13,0.0,1.0,28.928571428571427,29.265747841659778,0.0,0.0,Non-profitable,0,Moderate-Value
8164,18,13,1908,216,124.61538461538461,4.1639912991533054e-22,0.0,1.0,106.0,106.45264919871411,0.0,0.0,Non-profitable,3,High-Value
4580,25,46,2486,247,48.91304347826087,1.2466486662989988e-18,0.0,1.0,99.44,99.75401023282241,0.0,0.0,Non-profitable,3,High-Value
9305,26,65,1315,413,36.0,1.028189270006263e-22,0.0,1.0,50.57692307692308,50.79524662568575,0.0,0.0,Non-profitable,0,Moderate-Value
8545,16,6,1789,100,240.0,5.494942438305442e-18,0.0,1.0,111.8125,112.3380629310096,0.0,0.54,Profitable,3,High-Value
9850,3,32,19,577,8.4375,6.063644340122732e-09,0.0,1.0,6.333333333333333,7.585951282966902,0.0,0.01,Profitable,2,Low-Value
7378,17,34,573,667,45.0,2.4626637901276147e-26,0.0,1.0,33.705882352941174,33.99591154379295,0.0,0.0,Non-profitable,0,Moderate-Value
7646,20,70,805,131,25.71428571428571,0.00010919074519498477,0.0,1.0,40.25,40.510988779040076,0.0,2.57,Profitable,0,Moderate-Value
5184,3,65,23,95,4.153846153846154,0.6636682223064722,0.3963,0.6037,7.666666666666667,8.939315086586108,0.3,0.32,Profitable,2,Low-Value
8492,22,25,1493,232,79.2,1.384977626298369e-21,0.0,1.0,67.86363636363636,68.15669486227355,0.0,0.0,Non-profitable,1,VIP
11188,6,84,89,124,6.428571428571428,0.39225739199305754,0.1649,0.8351,14.833333333333334,15.518344024823312,0.3,0.94,Profitable,2,Low-Value
1212,22,7,936,320,282.85714285714283,5.88031837063588e-37,0.0,1.0,42.54545454545455,42.78731126184095,0.0,0.0,Non-profitable,0,Moderate-Value
9097,12,34,343,238,31.764705882352942,3.868799583313245e-11,0.0,1.0,28.583333333333332,28.975632351191628,0.0,0.01,Profitable,0,Moderate-Value
10473,19,38,528,657,45.0,1.07632105550607e-27,0.0,1.0,27.789473684210527,28.03504340182379,0.0,0.0,Non-profitable,0,Moderate-Value
7962,11,1,1901,263,990.0,2.9969559310155315e-25,0.0,1.0,172.8181818181818,173.83085275204567,0.0,0.01,Profitable,3,High-Value
9984,17,25,724,459,61.2,3.833065320220292e-24,0.0,1.0,42.588235294117645,42.90152464755908,0.0,0.0,Non-profitable,0,Moderate-Value
5527,5,25,58,501,18.0,1.1324874435414502e-10,0.0,1.0,11.6,12.394270103247056,0.0,0.0,Non-profitable,2,Low-Value
6374,11,50,297,408,19.8,1.1674647337989155e-12,0.0,1.0,27.0,27.42169007401897,0.0,0.0,Non-profitable,0,Moderate-Value
7453,15,46,488,512,29.347826086956523,6.117129904213813e-19,0.0,1.0,32.53333333333333,32.8586667230066,0.0,0.0,Non-profitable,0,Moderate-Value
8952,21,96,859,601,19.6875,3.669264153811016e-20,0.0,1.0,40.904761904761905,41.15468364818183,0.0,0.0,Non-profitable,0,Moderate-Value
241,19,57,1574,413,30.0,1.69302866023304e-18,0.0,1.0,82.84210526315789,83.21663005227208,0.0,0.0,Non-profitable,1,VIP
8975,6,47,69,154,11.489361702127658,0.0009691769109840244,0.0005,0.9995,11.5,12.160159273230764,0.0,0.42,Profitable,2,Low-Value
6119,3,52,17,415,5.1923076923076925,2.0039164268558096e-06,0.0,1.0,5.666666666666667,6.9092693811573,0.0,0.03,Profitable,2,Low-Value
5236,20,30,2194,673,60.0,3.007740340759166e-31,0.0,1.0,109.7,110.11551612190698,0.0,0.0,Non-profitable,3,High-Value
5723,7,63,116,169,10.0,0.001286917453574221,0.0006,0.9994,16.571428571428573,17.169051150780138,0.0,0.62,Profitable,2,Low-Value
1710,11,51,279,479,19.411764705882355,6.207808222816744e-14,0.0,1.0,25.363636363636363,25.778694482869042,0.0,0.0,Non-profitable,0,Moderate-Value
1970,6,14,103,657,38.57142857142857,3.202917368974744e-15,0.0,1.0,17.166666666666668,17.8690733509381,0.0,0.0,Non-profitable,2,Low-Value
5313,6,20,44,72,27.0,0.006618309307168251,0.0016,0.9984,7.333333333333333,7.962428333740083,0.0,0.55,Profitable,2,Low-Value
10634,14,56,406,71,22.5,2.4610944181160486,0.2704,0.7296,29.0,29.33740367221974,3.61,5.45,Profitable,0,Moderate-Value
7010,19,41,1363,83,41.707317073170735,0.00015199056651064562,0.0,1.0,71.73684210526316,72.08535396886425,0.0,10.47,Profitable,1,VIP
8562,10,72,236,397,12.5,6.300388373685754e-10,0.0,1.0,23.6,24.048883306491113,0.0,0.0,Non-profitable,2,Low-Value
3158,4,1,39,542,360.0,1.699085181486135e-14,0.0,1.0,9.75,10.724300329717607,0.0,0.0,Non-profitable,2,Low-Value
4436,7,27,137,494,23.333333333333332,1.201455971063867e-12,0.0,1.0,19.571428571428573,20.188201848209026,0.0,0.0,Non-profitable,2,Low-Value
2445,5,87,63,357,5.172413793103448,1.134266595184851e-05,0.0,1.0,12.6,13.403229973749736,0.0,0.08,Profitable,2,Low-Value
6059,18,81,1314,482,20.0,1.251979028425432e-16,0.0,1.0,73.0,73.37104511390734,0.0,0.0,Non-profitable,1,VIP
4240,5,79,58,603,5.69620253164557,3.859821083420945e-09,0.0,1.0,11.6,12.394270103247056,0.0,0.01,Profitable,2,Low-Value
8911,18,11,702,447,147.27272727272728,3.669691642815405e-31,0.0,1.0,39.0,39.286968178045825,0.0,0.0,Non-profitable,0,Moderate-Value
3706,6,54,94,312,10.0,7.959440332076676e-07,0.0,1.0,15.666666666666666,16.357890212721447,0.0,0.06,Profitable,2,Low-Value
3628,5,93,80,516,4.838709677419355,1.1857332126224791e-07,0.0,1.0,16.0,16.833693533458856,0.0,0.02,Profitable,2,Low-Value
10175,4,0,22,332,0.0,3.127533903498484e-13,0.0,1.0,5.5,6.4265941573905545,0.0,0.01,Profitable,2,Low-Value
8985,27,54,1211,602,45.0,1.1624674250070025e-31,0.0,1.0,44.851851851851855,45.05264563152851,0.0,0.0,Non-profitable,0,Moderate-Value
5204,21,21,1461,365,90.0,1.3040886260333803e-27,0.0,1.0,69.57142857142857,69.8820903406171,0.0,0.0,Non-profitable,1,VIP
9220,19,58,1968,528,29.482758620689655,2.4136454122065157e-21,0.0,1.0,103.57894736842105,104.00204605636064,0.0,0.0,Non-profitable,3,High-Value
9888,15,3,1091,4,450.0,123.54097266685815,0.8403,0.15969999999999995,72.73333333333333,73.17801608452666,452.02,21.9,Profitable,1,VIP
5263,4,99,55,523,3.6363636363636367,5.402800153556367e-07,0.0,1.0,13.75,14.769200256613656,0.0,0.03,Profitable,2,Low-Value
9503,11,65,313,669,15.230769230769232,7.938575799436449e-16,0.0,1.0,28.454545454545453,28.88213059948557,0.0,0.0,Non-profitable,0,Moderate-Value
10613,7,44,62,123,14.318181818181818,0.0028269270765068164,0.001,0.999,8.857142857142858,9.405520785962993,0.0,0.5,Profitable,2,Low-Value
67,6,6,92,284,90.0,7.633489463892389e-12,0.0,1.0,15.333333333333334,16.022071737562197,0.0,0.02,Profitable,2,Low-Value
6019,5,9,72,91,50.0,6.258995539287864e-05,0.0,1.0,14.4,15.219357740654564,0.0,0.68,Profitable,2,Low-Value
5863,17,95,655,396,16.105263157894736,1.8307208649307823e-12,0.0,1.0,38.529411764705884,38.832072302129525,0.0,0.0,Non-profitable,0,Moderate-Value
6730,5,92,54,603,4.891304347826087,1.0135231134893915e-08,0.0,1.0,10.8,11.58710220684491,0.0,0.01,Profitable,2,Low-Value
10749,1,62,178,649,1.4516129032258065,3.372093733253843e-07,0.0,1.0,178.0,189.85068519326492,0.0,0.26,Profitable,3,High-Value
6287,4,2,36,334,180.0,3.8958349446897804e-11,0.0,1.0,9.0,9.965881593424598,0.0,0.02,Profitable,2,Low-Value
5985,7,0,122,624,0.0,3.5896199665188268e-25,0.0,1.0,17.428571428571427,18.031665635759815,0.0,0.0,Non-profitable,2,Low-Value
4754,6,91,122,277,5.934065934065934,0.00013544302809071428,0.0001,0.9999,20.333333333333332,21.059348864951012,0.0,0.28,Profitable,2,Low-Value
4002,26,3,1123,259,780.0,1.6655207852105964e-48,0.0,1.0,43.19230769230769,43.39799858485682,0.0,0.0,Non-profitable,0,Moderate-Value
8870,12,68,497,593,15.882352941176471,2.704550367084938e-15,0.0,1.0,41.416666666666664,41.85662699699231,0.0,0.0,Non-profitable,0,Moderate-Value
966,19,98,691,359,17.448979591836736,3.3965923183837937e-12,0.0,1.0,36.36842105263158,36.634086063413726,0.0,0.0,Non-profitable,0,Moderate-Value
4767,19,41,1363,83,41.707317073170735,0.00015199056651064562,0.0,1.0,71.73684210526316,72.08535396886425,0.0,10.47,Profitable,1,VIP
9725,3,16,12,24,16.875,4.817532464564061,0.7509,0.2491,4.0,5.217564626633294,1.26,0.27,Profitable,2,Low-Value
4475,24,82,2440,498,26.341463414634145,2.3335615689635208e-21,0.0,1.0,101.66666666666667,101.99791201966916,0.0,0.0,Non-profitable,3,High-Value
5740,5,1,56,500,450.0,2.7235872531437945e-16,0.0,1.0,11.2,11.990686155045983,0.0,0.0,Non-profitable,2,Low-Value
5731,4,64,37,450,5.625,3.9885492712194266e-07,0.0,1.0,9.25,10.218687838855601,0.0,0.02,Profitable,2,Low-Value
7290,20,68,968,632,26.47058823529412,3.1805492681653196e-23,0.0,1.0,48.4,48.67912265728867,0.0,0.0,Non-profitable,0,Moderate-Value
3846,11,98,270,669,10.10204081632653,1.121206205258725e-13,0.0,1.0,24.545454545454547,24.957196687294083,0.0,0.0,Non-profitable,2,Low-Value
8104,11,32,278,324,30.9375,5.68443762106124e-13,0.0,1.0,25.272727272727273,25.687416950027384,0.0,0.0,Non-profitable,0,Moderate-Value
4507,21,87,1250,579,21.724137931034484,1.3558388108743014e-20,0.0,1.0,59.523809523809526,59.813182014863216,0.0,0.0,Non-profitable,1,VIP
11013,16,84,938,455,17.142857142857142,2.7523912574076562e-14,0.0,1.0,58.625,59.00255181867134,0.0,0.0,Non-profitable,1,VIP
4491,17,3,1178,636,510.0,4.003732039271216e-42,0.0,1.0,69.29411764705883,69.67734152908108,0.0,0.0,Non-profitable,1,VIP
3759,24,34,1155,339,63.529411764705884,2.941987515552631e-25,0.0,1.0,48.125,48.357006278697554,0.0,0.0,Non-profitable,0,Moderate-Value
1162,18,23,653,535,70.43478260869566,8.274037577951334e-28,0.0,1.0,36.27777777777778,36.55801430573012,0.0,0.0,Non-profitable,0,Moderate-Value
2055,4,37,49,41,9.72972972972973,4.455236623818603,0.913,0.08699999999999997,12.25,13.252362784027637,2.95,0.84,Profitable,2,Low-Value
10766,16,22,506,79,65.45454545454545,1.1905777785683692e-07,0.0,1.0,31.625,31.927415742842747,0.0,2.37,Profitable,0,Moderate-Value
4415,5,19,38,655,23.684210526315788,4.543306808062033e-13,0.0,1.0,7.6,8.35843062123633,0.0,0.0,Non-profitable,2,Low-Value
3005,22,7,1650,59,282.85714285714283,8.497919834497042e-18,0.0,1.0,75.0,75.30749059884073,0.0,2.83,Profitable,1,VIP
2223,25,52,1826,695,43.269230769230774,2.4717722973908733e-32,0.0,1.0,73.04,73.30703880291172,0.0,0.0,Non-profitable,1,VIP
4817,3,91,18,694,2.967032967032967,2.4157953070737063e-08,0.0,1.0,6.0,7.247610332062101,0.0,0.01,Profitable,2,Low-Value
2875,23,93,906,117,22.258064516129032,0.3824361228363771,0.0423,0.9577,39.391304347826086,39.616524347821674,0.76,9.24,Profitable,0,Moderate-Value
11112,19,23,1477,573,74.34782608695652,5.466603028230085e-30,0.0,1.0,77.73684210526316,78.09940834568175,0.0,0.0,Non-profitable,1,VIP
3807,20,83,766,576,21.686746987951807,3.55786829580249e-20,0.0,1.0,38.3,38.55664999835483,0.0,0.0,Non-profitable,0,Moderate-Value
9197,5,92,47,125,4.891304347826087,0.6305336438629892,0.3152,0.6848000000000001,9.4,10.174558388141158,0.32,0.53,Profitable,2,Low-Value
10832,13,4,467,346,292.5,3.109447069161808e-26,0.0,1.0,35.92307692307692,36.31025049331626,0.0,0.0,Non-profitable,0,Moderate-Value
6421,20,32,2116,361,56.25,1.022255030877199e-22,0.0,1.0,105.8,106.20683856053647,0.0,0.0,Non-profitable,3,High-Value
4207,24,27,1298,424,80.0,1.0436857598465741e-30,0.0,1.0,54.083333333333336,54.326383337809574,0.0,0.0,Non-profitable,1,VIP
577,4,10,22,313,36.0,1.3189768852093626e-08,0.0,1.0,5.5,6.4265941573905545,0.0,0.02,Profitable,2,Low-Value
10855,13,9,396,158,130.0,6.641041109620241e-16,0.0,1.0,30.46153846153846,30.829994207734124,0.0,0.03,Profitable,0,Moderate-Value
3081,3,65,20,433,4.153846153846154,2.9467012346258906e-06,0.0,1.0,6.666666666666667,7.924292233871704,0.0,0.03,Profitable,2,Low-Value
3535,12,68,967,104,15.882352941176471,0.1457968257661014,0.027,0.973,80.58333333333333,81.168753513397,0.59,10.15,Profitable,1,VIP
247,13,16,357,589,73.125,2.9159011658408967e-24,0.0,1.0,27.46153846153846,27.81971258607633,0.0,0.0,Non-profitable,0,Moderate-Value
8707,15,12,1401,676,112.5,1.4117083197421363e-30,0.0,1.0,93.4,93.90603980272105,0.0,0.0,Non-profitable,3,High-Value
9523,3,95,15,316,2.8421052631578947,0.00043964374487708897,0.0008,0.9992,5.0,6.232587479347697,0.0,0.06,Profitable,2,Low-Value
6072,19,16,2087,512,106.875,1.8941528945179477e-31,0.0,1.0,109.84210526315789,110.27987474795083,0.0,0.0,Non-profitable,3,High-Value
6295,22,46,981,510,43.04347826086957,7.56915307427264e-26,0.0,1.0,44.59090909090909,44.83690239652581,0.0,0.0,Non-profitable,0,Moderate-Value
10914,4,3,17,260,120.0,1.7103286596348025e-09,0.0,1.0,4.25,5.16256293023554,0.0,0.03,Profitable,2,Low-Value
1509,22,80,523,541,24.750000000000004,2.9331177323267573e-21,0.0,1.0,23.772727272727273,23.976619292399903,0.0,0.0,Non-profitable,2,Low-Value
7348,16,0,1192,104,0.0,1.0525544280661802e-33,0.0,1.0,74.5,74.92172904844094,0.0,0.15,Profitable,1,VIP
4944,16,24,777,310,60.0,3.611514173468743e-19,0.0,1.0,48.5625,48.91204971633707,0.0,0.0,Non-profitable,0,Moderate-Value
9080,6,2,73,372,270.0,1.3275711126221794e-15,0.0,1.0,12.166666666666666,12.831796223549274,0.0,0.0,Non-profitable,2,Low-Value
6466,7,22,121,109,28.636363636363637,7.420710599230818e-05,0.0,1.0,17.285714285714285,17.88789655492987,0.0,0.85,Profitable,2,Low-Value
9964,14,56,424,326,22.5,2.2809113593934636e-12,0.0,1.0,30.285714285714285,30.627208622299054,0.0,0.0,Non-profitable,0,Moderate-Value
10245,14,71,756,606,17.746478873239436,5.344268641111801e-17,0.0,1.0,54.0,54.416944368206416,0.0,0.0,Non-profitable,1,VIP
1109,3,38,12,432,7.105263157894736,4.086047569414875e-07,0.0,1.0,4.0,5.217564626633294,0.0,0.01,Profitable,2,Low-Value
6001,23,62,937,543,33.38709677419355,1.0064314951044968e-24,0.0,1.0,40.73913043478261,40.966957447088106,0.0,0.0,Non-profitable,0,Moderate-Value
5538,17,78,1862,264,19.615384615384617,8.502152928887293e-10,0.0,1.0,109.52941176470588,110.01799956203493,0.0,0.02,Profitable,3,High-Value
10552,12,18,367,405,60.0,1.0214851330593513e-18,0.0,1.0,30.583333333333332,30.98306008819953,0.0,0.0,Non-profitable,0,Moderate-Value
1545,14,95,443,331,13.26315789473684,4.289006243292571e-09,0.0,1.0,31.642857142857142,31.98866940293833,0.0,0.01,Profitable,0,Moderate-Value
7409,11,66,267,246,15.0,2.4530318492429814e-07,0.0,1.0,24.272727272727273,24.683364088769093,0.0,0.07,Profitable,2,Low-Value
4444,5,28,61,97,16.071428571428573,0.008099748295266135,0.0032,0.9968,12.2,12.999646025548664,0.01,0.64,Profitable,2,Low-Value
146,20,78,1323,226,23.076923076923073,1.6435840125170292e-09,0.0,1.0,66.15,66.46861668660311,0.0,0.02,Profitable,1,VIP
10065,6,27,64,330,20.0,4.891518014468927e-09,0.0,1.0,10.666666666666666,11.320613085332628,0.0,0.01,Profitable,2,Low-Value
4741,17,17,562,150,90.0,1.177362719031983e-15,0.0,1.0,33.05882352941177,33.34715827133317,0.0,0.01,Profitable,0,Moderate-Value
375,15,79,1156,489,17.08860759493671,8.630625462065695e-15,0.0,1.0,77.06666666666666,77.52421460608355,0.0,0.0,Non-profitable,1,VIP
1524,15,1,1104,485,1350.0,9.855535177049893e-40,0.0,1.0,73.6,74.04725578883803,0.0,0.0,Non-profitable,1,VIP
10022,3,78,16,140,3.4615384615384617,0.1386644823222277,0.1209,0.8791,5.333333333333333,6.570928430252498,0.05,0.18,Profitable,2,Low-Value
7451,19,23,2008,132,74.34782608695652,9.61843408749839e-14,0.0,1.0,105.6842105263158,106.11224057454221,0.0,0.1,Profitable,3,High-Value
11010,6,75,44,303,7.2,1.096512275210998e-05,0.0,1.0,7.333333333333333,7.962428333740083,0.0,0.05,Profitable,2,Low-Value
4356,11,70,1574,305,14.142857142857142,1.2282994118792403e-08,0.0,1.0,143.0909090909091,143.98309951282204,0.0,0.08,Profitable,3,High-Value
3885,4,10,63,256,36.0,1.0500737208947962e-07,0.0,1.0,15.75,16.79165022006168,0.0,0.1,Profitable,2,Low-Value
1175,11,24,426,282,41.25,2.872304473856152e-13,0.0,1.0,38.72727272727273,39.19649181059344,0.0,0.0,Non-profitable,0,Moderate-Value
880,5,47,96,529,9.574468085106384,1.3972434691973157e-09,0.0,1.0,19.2,20.062365119067437,0.0,0.01,Profitable,2,Low-Value
2320,18,98,635,290,16.53061224489796,2.2743913575315238e-09,0.0,1.0,35.27777777777778,35.555541454675364,0.0,0.01,Profitable,0,Moderate-Value
850,20,4,757,266,450.0,6.643737656069696e-36,0.0,1.0,37.85,38.10564874127362,0.0,0.0,Non-profitable,0,Moderate-Value
4713,7,15,125,584,42.0,1.2875272947623712e-15,0.0,1.0,17.857142857142858,18.46297287824966,0.0,0.0,Non-profitable,2,Low-Value
675,11,67,332,408,14.776119402985074,3.475831480256292e-11,0.0,1.0,30.181818181818183,30.61640372347716,0.0,0.0,Non-profitable,0,Moderate-Value
5025,7,32,135,187,19.6875,2.6056607245562755e-06,0.0,1.0,19.285714285714285,19.90066368654913,0.0,0.26,Profitable,2,Low-Value
2308,12,40,330,588,27.0,4.418709921416689e-18,0.0,1.0,27.5,27.888275660312352,0.0,0.0,Non-profitable,0,Moderate-Value
5995,13,54,384,558,21.666666666666664,6.610708975081452e-17,0.0,1.0,29.53846153846154,29.903753708762498,0.0,0.0,Non-profitable,0,Moderate-Value
6749,14,78,1722,690,16.153846153846153,7.897380943729117e-18,0.0,1.0,123.0,123.63647668912965,0.0,0.0,Non-profitable,3,High-Value
8977,3,51,24,533,5.294117647058823,8.961257805833884e-08,0.0,1.0,8.0,9.277656037490909,0.0,0.02,Profitable,2,Low-Value
4756,24,42,1168,191,51.42857142857142,1.2515927852784675e-15,0.0,1.0,48.666666666666664,48.89967692043501,0.0,0.0,Non-profitable,0,Moderate-Value
3412,13,67,957,530,17.46268656716418,4.091335928424527e-15,0.0,1.0,73.61538461538461,74.13173753465777,0.0,0.0,Non-profitable,1,VIP
606,3,87,15,262,3.103448275862069,0.0017076305092588908,0.0027,0.9973,5.0,6.232587479347697,0.0,0.09,Profitable,2,Low-Value
2975,22,89,1956,594,22.247191011235955,1.6410339109804428e-21,0.0,1.0,88.9090909090909,89.24471031469777,0.0,0.0,Non-profitable,1,VIP
2894,20,74,2013,243,24.324324324324326,8.638175164398429e-11,0.0,1.0,100.65,101.04537972949596,0.0,0.01,Profitable,3,High-Value
10542,6,63,77,693,8.571428571428571,1.2450742358020754e-11,0.0,1.0,12.833333333333334,13.503433173867784,0.0,0.0,Non-profitable,2,Low-Value
8015,19,88,1313,422,19.431818181818183,4.9841300838937945e-15,0.0,1.0,69.10526315789474,69.44761082113727,0.0,0.0,Non-profitable,1,VIP
10617,6,34,30,38,15.882352941176471,6.812615875157214,0.9012,0.0988,5.0,5.6116990076253,1.91,0.54,Profitable,2,Low-Value
11166,12,81,315,512,13.333333333333332,6.786083259713647e-13,0.0,1.0,26.25,26.633633324682418,0.0,0.0,Non-profitable,0,Moderate-Value
849,18,65,660,374,24.923076923076923,1.6400360229358498e-15,0.0,1.0,36.666666666666664,36.947864858918074,0.0,0.0,Non-profitable,0,Moderate-Value
523,6,51,74,514,10.588235294117647,4.680849667389001e-10,0.0,1.0,12.333333333333334,12.999705461128903,0.0,0.0,Non-profitable,2,Low-Value
8414,6,76,86,316,7.105263157894736,7.059261754353367e-06,0.0,1.0,14.333333333333334,15.01461631208443,0.0,0.09,Profitable,2,Low-Value
819,24,84,1103,236,25.71428571428571,6.000056083792839e-11,0.0,1.0,45.958333333333336,46.18632371174773,0.0,0.0,Non-profitable,0,Moderate-Value
4961,7,56,61,159,11.25,0.0010367939699142282,0.0005,0.9995,8.714285714285714,9.261751705133044,0.0,0.35,Profitable,2,Low-Value
749,7,31,145,222,20.32258064516129,2.637664544468256e-07,0.0,1.0,20.714285714285715,21.338354494848602,0.0,0.13,Profitable,2,Low-Value
5430,19,0,684,653,0.0,2.2397670721196668e-60,0.0,1.0,36.0,36.26480202273194,0.0,0.0,Non-profitable,0,Moderate-Value
7755,14,91,411,229,13.846153846153847,3.777007952601027e-06,0.0,1.0,29.357142857142858,29.69568282501955,0.0,0.18,Profitable,0,Moderate-Value
10525,3,40,27,624,6.75,4.36181305854131e-09,0.0,1.0,9.0,10.292678890205313,0.0,0.01,Profitable,2,Low-Value
1453,25,59,1060,358,38.13559322033898,5.55193759483675e-21,0.0,1.0,42.4,42.61252347668203,0.0,0.0,Non-profitable,0,Moderate-Value
8310,21,96,1459,669,19.6875,1.1459370077509659e-21,0.0,1.0,69.47619047619048,69.78665045127346,0.0,0.0,Non-profitable,1,VIP
10710,3,61,18,669,4.426229508196721,7.62779519784821e-09,0.0,1.0,6.0,7.247610332062101,0.0,0.01,Profitable,2,Low-Value
5031,25,14,1833,645,160.71428571428572,4.425074984745519e-45,0.0,1.0,73.32,73.58753698474409,0.0,0.0,Non-profitable,1,VIP
2613,10,16,237,87,56.25,1.2015668745134214e-06,0.0,1.0,23.7,24.149329301985308,0.0,1.53,Profitable,2,Low-Value
967,16,11,515,343,130.9090909090909,2.4276001462506154e-25,0.0,1.0,32.1875,32.49148107775585,0.0,0.0,Non-profitable,0,Moderate-Value
1077,14,52,1020,571,24.23076923076923,2.465090629870685e-18,0.0,1.0,72.85714285714286,73.33408363603637,0.0,0.0,Non-profitable,1,VIP
7959,10,19,1370,31,47.368421052631575,1.9117314279602828,0.1288,0.8712,137.0,137.95464219691124,13.19,22.72,Profitable,3,High-Value
640,23,61,1026,475,33.9344262295082,5.399044592268828e-23,0.0,1.0,44.608695652173914,44.844007312723974,0.0,0.0,Non-profitable,0,Moderate-Value
4252,11,73,301,98,13.561643835616438,0.8938606410830734,0.1695,0.8305,27.363636363636363,27.78680020538562,1.24,3.5,Profitable,0,Moderate-Value
8432,19,0,684,653,0.0,2.2397670721196668e-60,0.0,1.0,36.0,36.26480202273194,0.0,0.0,Non-profitable,0,Moderate-Value
6218,16,74,499,617,19.45945945945946,1.1856875689178682e-18,0.0,1.0,31.1875,31.488698260132562,0.0,0.0,Non-profitable,0,Moderate-Value
6905,20,55,1004,676,32.72727272727273,4.8790694130632497e-26,0.0,1.0,50.2,50.483127685613525,0.0,0.0,Non-profitable,0,Moderate-Value
5922,10,48,218,259,18.75,1.157353841954619e-08,0.0,1.0,21.8,22.240855387595555,0.0,0.03,Profitable,2,Low-Value
3598,18,53,606,402,30.566037735849054,5.809607409837963e-18,0.0,1.0,33.666666666666664,33.94044630575382,0.0,0.0,Non-profitable,0,Moderate-Value
6116,5,13,75,359,34.61538461538462,4.3317914703362097e-10,0.0,1.0,15.0,15.824733662956172,0.0,0.02,Profitable,2,Low-Value
6263,6,34,106,676,15.882352941176471,3.5628464495920995e-13,0.0,1.0,17.666666666666668,18.372801063676977,0.0,0.0,Non-profitable,2,Low-Value
10486,16,54,990,396,26.666666666666664,5.07947361879231e-16,0.0,1.0,61.875,62.261595975947,0.0,0.0,Non-profitable,1,VIP
2410,15,69,1097,158,19.565217391304348,3.2021042689116474e-05,0.0,1.0,73.13333333333334,73.57920364036268,0.0,2.11,Profitable,1,VIP
193,3,81,16,132,3.333333333333333,0.23433630403523628,0.1929,0.8071,5.333333333333333,6.570928430252498,0.08,0.19,Profitable,2,Low-Value
3363,4,99,34,104,3.6363636363636367,1.7774849323762185,0.9055,0.09450000000000003,8.5,9.460269102562592,0.84,0.45,Profitable,2,Low-Value
8278,15,3,1711,672,450.0,2.1461165101073213e-38,0.0,1.0,114.06666666666666,114.63406352091543,0.0,0.0,Non-profitable,3,High-Value
10660,14,61,438,168,20.65573770491803,3.3999239609173802e-06,0.0,1.0,31.285714285714285,31.63039025013852,0.0,0.44,Profitable,0,Moderate-Value
8686,5,65,75,537,6.923076923076923,7.124390882776431e-09,0.0,1.0,15.0,15.824733662956172,0.0,0.01,Profitable,2,Low-Value
1604,10,93,225,228,9.67741935483871,0.00010948597460947582,0.0001,0.9999,22.5,22.943977356054937,0.0,0.42,Profitable,2,Low-Value
5907,3,24,18,603,11.25,1.313845772186751e-09,0.0,1.0,6.0,7.247610332062101,0.0,0.01,Profitable,2,Low-Value
10669,15,8,470,408,168.75,1.5372300034218373e-27,0.0,1.0,31.333333333333332,31.65510405549854,0.0,0.0,Non-profitable,0,Moderate-Value
2918,6,72,91,442,7.5,4.826362194815867e-08,0.0,1.0,15.166666666666666,15.854162499982566,0.0,0.02,Profitable,2,Low-Value
5735,17,29,2525,136,52.75862068965517,6.159559254508497e-11,0.0,1.0,148.52941176470588,149.12012862029283,0.0,0.42,Profitable,3,High-Value
359,16,33,504,532,43.63636363636364,1.1337106014500395e-22,0.0,1.0,31.5,31.802067890639837,0.0,0.0,Non-profitable,0,Moderate-Value
8387,10,68,235,540,13.23529411764706,9.744688062412856e-13,0.0,1.0,23.5,23.948437310996916,0.0,0.0,Non-profitable,2,Low-Value
1829,18,55,1232,526,29.454545454545453,8.176714196019133e-21,0.0,1.0,68.44444444444444,68.80422434799125,0.0,0.0,Non-profitable,1,VIP
3839,7,76,88,422,8.289473684210526,3.294481522998728e-08,0.0,1.0,12.571428571428571,13.143516887541617,0.0,0.01,Profitable,2,Low-Value
9392,3,17,17,52,15.882352941176471,0.28656585267552537,0.0949,0.9051,5.666666666666667,6.9092693811573,0.1,0.29,Profitable,2,Low-Value
2292,4,94,24,331,3.829787234042553,0.00011579488243208325,0.0002,0.9998,6.0,6.932206648252561,0.0,0.07,Profitable,2,Low-Value
10466,5,86,60,311,5.232558139534883,5.5855949598579064e-05,0.0001,0.9999,12.0,12.797854051448128,0.0,0.12,Profitable,2,Low-Value
9855,25,25,1020,308,90.0,3.6491410665504762e-28,0.0,1.0,40.8,41.009676723354104,0.0,0.0,Non-profitable,0,Moderate-Value
4088,8,22,155,570,32.72727272727273,1.3252106565024775e-15,0.0,1.0,19.375,19.913150027295032,0.0,0.0,Non-profitable,2,Low-Value
5231,4,15,51,122,24.0,0.0002851997704090565,0.0002,0.9998,12.75,13.757975274889644,0.0,0.41,Profitable,2,Low-Value
590,15,35,1812,554,38.57142857142857,1.3762874983552207e-21,0.0,1.0,120.8,121.38738737748845,0.0,0.0,Non-profitable,3,High-Value
8732,21,81,1461,589,23.333333333333332,1.6379479006978385e-21,0.0,1.0,69.57142857142857,69.8820903406171,0.0,0.0,Non-profitable,1,VIP
2315,5,55,96,70,8.181818181818182,2.1378585150117306,0.6064,0.39359999999999995,19.2,20.062365119067437,2.14,1.35,Profitable,2,Low-Value
3515,8,94,160,132,7.659574468085106,0.4131381911203583,0.1415,0.8585,20.0,20.541638256429643,0.42,1.6,Profitable,2,Low-Value
2245,7,50,139,433,12.600000000000001,8.511405434667384e-10,0.0,1.0,19.857142857142858,20.475740009868918,0.0,0.01,Profitable,2,Low-Value
6283,21,64,908,434,29.53125,1.1199429121530092e-19,0.0,1.0,43.23809523809524,43.49296093710098,0.0,0.0,Non-profitable,0,Moderate-Value
2246,7,91,183,301,6.923076923076923,1.9135907594365123e-05,0.0,1.0,26.142857142857142,26.80157956638659,0.0,0.2,Profitable,0,Moderate-Value
6606,17,11,1161,455,139.0909090909091,7.937960112566921e-30,0.0,1.0,68.29411764705883,68.6747228352796,0.0,0.0,Non-profitable,1,VIP
5545,13,72,988,85,16.25,3.5736181624406886,0.5027,0.49729999999999996,76.0,76.52452549033448,13.67,12.49,Profitable,1,VIP
7342,24,6,1072,658,360.0,6.776630005716363e-52,0.0,1.0,44.666666666666664,44.892262950681484,0.0,0.0,Non-profitable,0,Moderate-Value
837,8,0,174,291,0.0,1.62003862920614e-22,0.0,1.0,21.75,22.301405298006554,0.0,0.0,Non-profitable,2,Low-Value
9500,19,66,758,520,25.90909090909091,4.686341287189465e-20,0.0,1.0,39.89473684210526,40.16866188136786,0.0,0.0,Non-profitable,0,Moderate-Value
3602,9,42,195,180,19.285714285714285,2.5881988062410916e-06,0.0,1.0,21.666666666666668,22.156087785055785,0.0,0.29,Profitable,2,Low-Value
234,4,60,31,627,6.0,2.8039913666216902e-09,0.0,1.0,7.75,8.701850366269582,0.0,0.0,Non-profitable,2,Low-Value
2995,16,64,1084,316,22.5,1.6487466290421058e-12,0.0,1.0,67.75,68.15294502948379,0.0,0.0,Non-profitable,1,VIP
1118,19,87,685,494,19.655172413793103,4.8903944470736094e-17,0.0,1.0,36.05263157894737,36.317556885686486,0.0,0.0,Non-profitable,0,Moderate-Value
7789,25,96,1672,219,23.4375,7.303661544271191e-09,0.0,1.0,66.88,67.13607880259922,0.0,0.03,Profitable,1,VIP
3068,5,1,43,243,450.0,2.115600067309673e-12,0.0,1.0,8.6,9.36739049173901,0.0,0.04,Profitable,2,Low-Value
8955,4,54,49,133,6.666666666666666,0.030706117119659444,0.0199,0.9801,12.25,13.252362784027637,0.02,0.46,Profitable,2,Low-Value
945,7,53,133,403,11.88679245283019,3.9788068708794375e-09,0.0,1.0,19.0,19.613125524889234,0.0,0.01,Profitable,2,Low-Value
5644,13,96,363,260,12.1875,1.653196544556619e-06,0.0,1.0,27.923076923076923,28.282832835562147,0.0,0.1,Profitable,0,Moderate-Value
7192,16,58,545,440,24.82758620689655,1.2688111996340624e-16,0.0,1.0,34.0625,34.3716988607995,0.0,0.0,Non-profitable,0,Moderate-Value
2324,29,12,1065,245,217.5,1.0136468622449114e-37,0.0,1.0,36.724137931034484,36.898599310180906,0.0,0.0,Non-profitable,0,Moderate-Value
697,20,78,2047,474,23.076923076923073,3.2479032537123423e-18,0.0,1.0,102.35,102.74916225624719,0.0,0.0,Non-profitable,3,High-Value
3439,10,64,296,606,14.0625,4.755072014952766e-14,0.0,1.0,29.6,30.075643036142974,0.0,0.0,Non-profitable,0,Moderate-Value
1506,7,26,140,366,24.23076923076923,9.573574090343301e-11,0.0,1.0,20.0,20.619509090698866,0.0,0.01,Profitable,2,Low-Value
232,16,8,530,347,180.0,1.7312963724921995e-27,0.0,1.0,33.125,33.431589969277674,0.0,0.0,Non-profitable,0,Moderate-Value
8876,8,49,152,690,14.693877551020407,2.1998900602481788e-14,0.0,1.0,19.0,19.536057089814264,0.0,0.0,Non-profitable,2,Low-Value
4500,23,56,1598,266,36.964285714285715,3.3928436738537443e-16,0.0,1.0,69.47826086956522,69.76167611209159,0.0,0.0,Non-profitable,1,VIP
9739,6,55,114,526,9.818181818181818,5.358316235498625e-10,0.0,1.0,19.0,19.716074964313997,0.0,0.0,Non-profitable,2,Low-Value
10395,7,25,101,676,25.200000000000003,2.7976915189667993e-15,0.0,1.0,14.428571428571429,15.012514938330929,0.0,0.0,Non-profitable,2,Low-Value
1176,3,50,25,280,5.3999999999999995,9.708600866959594e-05,0.0002,0.9998,8.333333333333334,9.615996988395711,0.0,0.09,Profitable,2,Low-Value
1627,21,84,789,519,22.5,1.896953405564597e-19,0.0,1.0,37.57142857142857,37.81428752115447,0.0,0.0,Non-profitable,0,Moderate-Value
938,5,30,87,334,15.0,6.161688801611423e-08,0.0,1.0,17.4,18.24623735216261,0.0,0.04,Profitable,2,Low-Value
2740,7,81,90,280,7.777777777777778,1.9290176916653483e-05,0.0,1.0,12.857142857142858,13.431055049201511,0.0,0.11,Profitable,2,Low-Value
257,18,74,1215,427,21.891891891891895,5.876206863751054e-16,0.0,1.0,67.5,67.85744443310621,0.0,0.0,Non-profitable,1,VIP
4058,21,76,811,260,24.868421052631582,8.513204723654648e-12,0.0,1.0,38.61904761904762,38.8641263039345,0.0,0.0,Non-profitable,0,Moderate-Value
7736,5,36,61,615,12.5,3.2007385275521484e-11,0.0,1.0,12.2,12.999646025548664,0.0,0.0,Non-profitable,2,Low-Value
8210,13,64,405,318,18.28125,1.149750922732964e-10,0.0,1.0,31.153846153846153,31.52467458196285,0.0,0.0,Non-profitable,0,Moderate-Value
833,6,62,72,91,8.709677419354838,0.7810694450779864,0.2428,0.7572,12.0,12.663886985969647,0.49,0.9,Profitable,2,Low-Value
6230,9,53,189,499,15.283018867924527,2.4931751807582536e-12,0.0,1.0,21.0,21.486115810114395,0.0,0.0,Non-profitable,2,Low-Value
7325,4,86,40,365,4.186046511627907,2.352680853092097e-05,0.0,1.0,10.0,10.97710657514861,0.0,0.07,Profitable,2,Low-Value
1307,7,15,63,140,42.0,3.9092141896523673e-07,0.0,1.0,9.0,9.54928986679294,0.0,0.21,Profitable,2,Low-Value
1502,5,67,52,465,6.716417910447761,6.908167714781522e-08,0.0,1.0,10.4,11.183518258643838,0.0,0.01,Profitable,2,Low-Value
6211,4,47,39,58,7.659574468085106,2.545315070082341,0.7323,0.26770000000000005,9.75,10.724300329717607,1.36,0.62,Profitable,2,Low-Value
9757,23,98,1631,268,21.122448979591837,1.6377187485129241e-10,0.0,1.0,70.91304347826087,71.19923392743972,0.0,0.0,Non-profitable,1,VIP
6918,4,56,34,360,6.428571428571428,3.1247542292724236e-06,0.0,1.0,8.5,9.460269102562592,0.0,0.04,Profitable,2,Low-Value
286,8,48,152,212,15.0,3.2589190528138334e-06,0.0,1.0,19.0,19.536057089814264,0.0,0.19,Profitable,2,Low-Value
11086,4,18,21,162,20.0,5.9233708755359774e-05,0.0,1.0,5.25,6.173787911959551,0.0,0.13,Profitable,2,Low-Value
1921,5,74,71,269,6.081081081081082,0.00011473036261402056,0.0001,0.9999,14.2,15.017565766554027,0.0,0.19,Profitable,2,Low-Value
7718,9,36,711,70,22.5,0.08584677807267631,0.0142,0.9858,79.0,79.77367763001509,0.34,8.9,Profitable,1,VIP
1291,12,90,351,694,12.0,2.5888034902676853e-15,0.0,1.0,29.25,29.644774930194263,0.0,0.0,Non-profitable,0,Moderate-Value
4136,7,63,119,573,10.0,4.8854949533326896e-11,0.0,1.0,17.0,17.600358393269975,0.0,0.0,Non-profitable,2,Low-Value
803,3,82,21,450,3.292682926829268,5.004656812990288e-06,0.0,1.0,7.0,8.262633184776504,0.0,0.03,Profitable,2,Low-Value
4298,3,63,10,97,4.285714285714286,0.5434425193450027,0.3312,0.6688000000000001,3.3333333333333335,4.5408827248236925,0.12,0.16,Profitable,2,Low-Value
9606,12,64,1536,306,16.875,1.0015497851410396e-09,0.0,1.0,128.0,128.76151944495925,0.0,0.03,Profitable,3,High-Value
8534,24,51,992,348,42.35294117647059,2.1663182410543854e-21,0.0,1.0,41.333333333333336,41.55275130922023,0.0,0.0,Non-profitable,0,Moderate-Value
5153,32,97,1529,492,29.690721649484537,9.819257654724236e-25,0.0,1.0,47.78125,47.954696485066755,0.0,0.0,Non-profitable,0,Moderate-Value
961,15,92,860,290,14.673913043478262,1.4744591849956793e-08,0.0,1.0,57.333333333333336,57.73229518483988,0.0,0.02,Profitable,1,VIP
5011,21,51,928,254,37.05882352941176,2.96428627012205e-15,0.0,1.0,44.19047619047619,44.447359830537366,0.0,0.0,Non-profitable,0,Moderate-Value
6653,14,72,418,699,17.5,1.7083334003251929e-18,0.0,1.0,29.857142857142858,30.197273638939283,0.0,0.0,Non-profitable,0,Moderate-Value
9094,14,39,587,695,32.30769230769231,2.836421072583233e-22,0.0,1.0,41.92857142857143,42.30710900357285,0.0,0.0,Non-profitable,0,Moderate-Value
5493,3,21,23,102,12.857142857142856,0.011272515651550147,0.0072,0.9928,7.666666666666667,8.939315086586108,0.01,0.26,Profitable,2,Low-Value
2147,22,91,2279,317,21.75824175824176,6.228105188293752e-13,0.0,1.0,103.5909090909091,103.9562200147691,0.0,0.0,Non-profitable,3,High-Value
5107,4,37,49,41,9.72972972972973,4.455236623818603,0.913,0.08699999999999997,12.25,13.252362784027637,2.95,0.84,Profitable,2,Low-Value
3979,16,98,1779,403,14.693877551020407,7.604774607962192e-12,0.0,1.0,111.1875,111.71132366999505,0.0,0.0,Non-profitable,3,High-Value
6049,26,85,1804,206,27.529411764705884,8.634890855961985e-10,0.0,1.0,69.38461538461539,69.6351127296719,0.0,0.02,Profitable,1,VIP
8147,5,40,48,358,11.25,1.190328538546343e-07,0.0,1.0,9.6,10.376350362241693,0.0,0.02,Profitable,2,Low-Value
1857,5,2,83,115,225.0,2.1896391485779876e-08,0.0,1.0,16.6,17.439069455760468,0.0,0.52,Profitable,2,Low-Value
3910,17,78,1862,264,19.615384615384617,8.502152928887293e-10,0.0,1.0,109.52941176470588,110.01799956203493,0.0,0.02,Profitable,3,High-Value
5207,19,41,793,643,41.707317073170735,8.809103942446213e-27,0.0,1.0,41.73684210526316,42.01508208477674,0.0,0.0,Non-profitable,0,Moderate-Value
11114,6,94,84,506,5.744680851063829,4.2837869762241155e-08,0.0,1.0,14.0,14.678797836925176,0.0,0.01,Profitable,2,Low-Value
5429,9,10,183,313,81.0,2.9189366776489794e-15,0.0,1.0,20.333333333333332,20.81614383517301,0.0,0.0,Non-profitable,2,Low-Value
1740,14,22,999,83,57.27272727272727,4.912538835302443e-07,0.0,1.0,71.35714285714286,71.82931119427717,0.0,5.22,Profitable,1,VIP
7488,21,30,825,523,62.99999999999999,4.588880324114235e-29,0.0,1.0,39.285714285714285,39.53220552933997,0.0,0.0,Non-profitable,0,Moderate-Value
195,10,21,246,672,42.857142857142854,6.308076004075232e-20,0.0,1.0,24.6,25.053343261433092,0.0,0.0,Non-profitable,2,Low-Value
635,17,51,610,467,30.0,4.339864896013907e-19,0.0,1.0,35.88235294117647,36.17808164206677,0.0,0.0,Non-profitable,0,Moderate-Value
7527,6,97,76,585,5.56701030927835,5.210163621033125e-09,0.0,1.0,12.666666666666666,13.335523936288155,0.0,0.0,Non-profitable,2,Low-Value
10319,18,56,1286,488,28.92857142857143,9.030711490324184e-20,0.0,1.0,71.44444444444444,71.81164290115551,0.0,0.0,Non-profitable,1,VIP
2296,3,4,30,195,67.5,1.4706023021204619e-06,0.0,1.0,10.0,11.307701742919715,0.0,0.14,Profitable,2,Low-Value
10637,6,77,99,544,7.012987012987013,3.1695952500025353e-09,0.0,1.0,16.5,17.197436400619587,0.0,0.01,Profitable,2,Low-Value
2931,22,95,1192,646,20.842105263157894,4.6009598477470835e-22,0.0,1.0,54.18181818181818,54.44720749471482,0.0,0.0,Non-profitable,1,VIP
907,13,36,362,212,32.5,1.1548064148932143e-10,0.0,1.0,27.846153846153847,28.205646127314512,0.0,0.02,Profitable,0,Moderate-Value
3698,18,13,2130,689,124.61538461538461,2.9157415624502473e-35,0.0,1.0,118.33333333333333,118.81648102838936,0.0,0.0,Non-profitable,3,High-Value
9516,26,90,1229,680,25.999999999999996,1.0146542531231847e-26,0.0,1.0,47.26923076923077,47.48189594073112,0.0,0.0,Non-profitable,0,Moderate-Value
679,4,49,38,647,7.346938775510203,6.612328413705215e-10,0.0,1.0,9.5,10.471494084286604,0.0,0.0,Non-profitable,2,Low-Value
7384,15,18,485,343,75.0,6.694146430731076e-21,0.0,1.0,32.333333333333336,32.65807294508859,0.0,0.0,Non-profitable,0,Moderate-Value
5043,11,89,434,601,11.123595505617978,3.7559692305409116e-13,0.0,1.0,39.45454545454545,39.92671207332674,0.0,0.0,Non-profitable,0,Moderate-Value
5267,4,43,44,472,8.372093023255815,3.2945561735853545e-08,0.0,1.0,11.0,11.988331556872621,0.0,0.02,Profitable,2,Low-Value
339,16,82,496,583,17.5609756097561,3.0938767464086254e-17,0.0,1.0,31.0,31.300676481828198,0.0,0.0,Non-profitable,0,Moderate-Value
2516,5,84,78,386,5.357142857142857,3.3773597496445832e-06,0.0,1.0,15.6,16.43010958525778,0.0,0.07,Profitable,2,Low-Value
9010,22,80,2346,504,24.750000000000004,2.79419330882135e-20,0.0,1.0,106.63636363636364,107.00783348196657,0.0,0.0,Non-profitable,3,High-Value
378,19,68,794,546,25.147058823529413,2.0505057106501236e-20,0.0,1.0,41.78947368421053,42.06783694773129,0.0,0.0,Non-profitable,0,Moderate-Value
4808,3,12,17,297,22.5,6.135380839842175e-07,0.0,1.0,5.666666666666667,6.9092693811573,0.0,0.04,Profitable,2,Low-Value
5068,4,75,26,333,4.800000000000001,3.222997520112448e-05,0.0001,0.9999,6.5,7.437819139114567,0.0,0.06,Profitable,2,Low-Value
7628,6,10,76,103,54.0,5.308266565968953e-06,0.0,1.0,12.666666666666666,13.335523936288155,0.0,0.55,Profitable,2,Low-Value
7128,3,91,15,204,2.967032967032967,0.01741139816599101,0.0219,0.9781,5.0,6.232587479347697,0.01,0.12,Profitable,2,Low-Value
2811,5,21,62,78,21.428571428571427,0.011159994226703667,0.0035,0.9965,12.4,13.201437999649201,0.01,0.74,Profitable,2,Low-Value
3551,8,28,198,92,25.71428571428571,0.0008953689759767867,0.0002,0.9998,24.75,25.31814879785269,0.0,1.81,Profitable,0,Moderate-Value
1663,4,97,49,247,3.711340206185567,0.002870500413296879,0.0034,0.9966,12.25,13.252362784027637,0.0,0.25,Profitable,2,Low-Value
5543,20,49,802,370,36.734693877551024,2.599298221659094e-19,0.0,1.0,40.1,40.36065502667967,0.0,0.0,Non-profitable,0,Moderate-Value
1577,14,14,1736,130,90.0,4.89300609802846e-13,0.0,1.0,124.0,124.63965831696912,0.0,0.41,Profitable,3,High-Value
10641,6,5,57,549,108.0,2.7975918366098975e-16,0.0,1.0,9.5,10.145248422275237,0.0,0.0,Non-profitable,2,Low-Value
5336,2,37,59,390,4.864864864864865,6.4950563812930174e-06,0.0,1.0,29.5,31.919142265248905,0.0,0.13,Profitable,0,Moderate-Value
6024,18,62,2302,482,26.12903225806452,8.317169851421057e-19,0.0,1.0,127.88888888888889,128.3956660495792,0.0,0.0,Non-profitable,3,High-Value
1878,5,83,37,131,5.421686746987952,0.25204861253636646,0.1319,0.8681,7.4,8.156638647135795,0.1,0.4,Profitable,2,Low-Value
3099,11,48,310,489,20.625,2.0440013869884648e-14,0.0,1.0,28.181818181818183,28.608298000960584,0.0,0.0,Non-profitable,0,Moderate-Value
6055,18,94,1305,605,17.23404255319149,3.630597622785155e-18,0.0,1.0,72.5,72.86980868837996,0.0,0.0,Non-profitable,1,VIP
5841,21,61,832,366,30.983606557377048,5.622237472449797e-18,0.0,1.0,39.61904761904762,39.86624514204271,0.0,0.0,Non-profitable,0,Moderate-Value
3972,13,70,401,452,16.714285714285715,2.6359914070523174e-13,0.0,1.0,30.846153846153847,31.215927748972305,0.0,0.0,Non-profitable,0,Moderate-Value
5758,27,23,1189,166,105.65217391304348,1.626820377849003e-22,0.0,1.0,44.03703703703704,44.23648864592702,0.0,0.0,Non-profitable,0,Moderate-Value
6658,25,37,1194,342,60.81081081081081,1.9920383013132104e-25,0.0,1.0,47.76,47.982060100330564,0.0,0.0,Non-profitable,0,Moderate-Value
4603,19,50,656,149,34.2,1.3703945167081312e-08,0.0,1.0,34.526315789473685,34.787665860004836,0.0,0.16,Profitable,0,Moderate-Value
8427,22,78,1540,583,25.384615384615383,1.4620599409379488e-22,0.0,1.0,70.0,70.29737893627774,0.0,0.0,Non-profitable,1,VIP
10260,12,74,311,307,14.594594594594595,6.047962618379359e-09,0.0,1.0,25.916666666666668,26.2990620351811,0.0,0.01,Profitable,0,Moderate-Value
7143,21,14,820,235,135.0,6.719252421210433e-26,0.0,1.0,39.04761904761905,39.293605805980874,0.0,0.0,Non-profitable,0,Moderate-Value
8789,11,77,274,169,12.857142857142856,0.0006308193106093433,0.0002,0.9998,24.90909090909091,25.32230681866073,0.0,1.1,Profitable,0,Moderate-Value
6197,6,39,57,435,13.846153846153847,1.0426474490700758e-09,0.0,1.0,9.5,10.145248422275237,0.0,0.0,Non-profitable,2,Low-Value
4554,13,89,448,271,13.146067415730336,2.553451747251814e-07,0.0,1.0,34.46153846153846,34.84370303661118,0.0,0.06,Profitable,0,Moderate-Value
1920,6,59,102,335,9.152542372881356,5.739734497382387e-07,0.0,1.0,17.0,17.70116411335847,0.0,0.05,Profitable,2,Low-Value
8749,4,68,61,148,5.294117647058823,0.04012385258468357,0.0288,0.9712,15.25,16.286037729199673,0.03,0.54,Profitable,2,Low-Value
1650,26,13,1643,433,180.0,2.918420113440281e-41,0.0,1.0,63.19230769230769,63.43221202876848,0.0,0.0,Non-profitable,1,VIP
10377,12,37,397,388,29.18918918918919,1.1739106754314311e-14,0.0,1.0,33.083333333333336,33.49234475945941,0.0,0.0,Non-profitable,0,Moderate-Value
9206,24,36,1121,173,60.0,5.339021615110893e-16,0.0,1.0,46.708333333333336,46.93771383107652,0.0,0.0,Non-profitable,0,Moderate-Value
10971,12,28,473,664,38.57142857142857,3.632760751324423e-21,0.0,1.0,39.416666666666664,39.84919925998441,0.0,0.0,Non-profitable,0,Moderate-Value
6398,6,2,50,92,270.0,5.859006079602518e-09,0.0,1.0,8.333333333333334,8.969883759217847,0.0,0.39,Profitable,2,Low-Value
9212,22,17,1678,500,116.47058823529413,6.6058460062716e-35,0.0,1.0,76.27272727272727,76.5827917493113,0.0,0.0,Non-profitable,1,VIP
839,8,54,170,277,13.333333333333332,2.2969611106527996e-07,0.0,1.0,21.25,21.798614714698868,0.0,0.06,Profitable,2,Low-Value
4246,2,2,373,199,90.0,9.59374484681684e-06,0.0,1.0,186.5,192.4837997416133,0.0,1.92,Profitable,3,High-Value
158,16,3,1196,224,480.0,4.332833092949355e-29,0.0,1.0,74.75,75.17242475284675,0.0,0.0,Non-profitable,1,VIP
4832,6,84,101,114,6.428571428571428,0.7765127463426407,0.3008,0.6992,16.833333333333332,17.53325487577884,0.68,1.14,Profitable,2,Low-Value
5621,12,8,316,564,135.0,1.0542682169670823e-25,0.0,1.0,26.333333333333332,26.717276147057742,0.0,0.0,Non-profitable,0,Moderate-Value
1945,18,4,1400,284,405.0,3.580824048571071e-33,0.0,1.0,77.77777777777777,78.16063762450226,0.0,0.0,Non-profitable,1,VIP
5147,26,57,1424,335,41.05263157894736,3.65392337431061e-21,0.0,1.0,54.76923076923077,54.99472598219799,0.0,0.0,Non-profitable,1,VIP
2535,19,24,844,680,71.25,6.805813944072945e-32,0.0,1.0,44.421052631578945,44.70558009545826,0.0,0.0,Non-profitable,0,Moderate-Value
11039,11,51,311,285,19.411764705882355,1.0091009163311909e-09,0.0,1.0,28.272727272727273,28.699575533802246,0.0,0.01,Profitable,0,Moderate-Value
9495,16,29,1149,417,49.6551724137931,6.650660366890698e-21,0.0,1.0,71.8125,72.22675022607837,0.0,0.0,Non-profitable,1,VIP
9635,7,13,129,70,48.46153846153846,0.00019056878718194794,0.0,1.0,18.428571428571427,19.038049201569446,0.0,1.43,Profitable,2,Low-Value
2173,4,23,32,256,15.652173913043478,2.4524221121160793e-06,0.0,1.0,8.0,8.954656611700585,0.0,0.07,Profitable,2,Low-Value
942,11,36,299,690,27.500000000000004,4.657338998701163e-19,0.0,1.0,27.181818181818183,27.604245139702297,0.0,0.0,Non-profitable,0,Moderate-Value
5510,13,2,441,585,585.0,2.867700878755566e-34,0.0,1.0,33.92307692307692,34.30339607887773,0.0,0.0,Non-profitable,0,Moderate-Value
873,17,3,1178,636,510.0,4.003732039271216e-42,0.0,1.0,69.29411764705883,69.67734152908108,0.0,0.0,Non-profitable,1,VIP
2253,5,15,85,498,30.0,1.036795371637377e-11,0.0,1.0,17.0,17.84265340396154,0.0,0.0,Non-profitable,2,Low-Value
5181,3,58,24,466,4.655172413793103,7.869616457247938e-07,0.0,1.0,8.0,9.277656037490909,0.0,0.03,Profitable,2,Low-Value
979,6,11,112,494,49.090909090909086,9.318903569912013e-14,0.0,1.0,18.666666666666668,19.380256489154743,0.0,0.0,Non-profitable,2,Low-Value
10390,4,27,30,504,13.333333333333332,1.8590470367677776e-09,0.0,1.0,7.5,8.449044120838579,0.0,0.01,Profitable,2,Low-Value
4698,14,32,410,374,39.375,4.352608674727106e-17,0.0,1.0,29.285714285714285,29.624026994459587,0.0,0.0,Non-profitable,0,Moderate-Value
7793,21,12,800,302,157.5,3.634831213606797e-30,0.0,1.0,38.095238095238095,38.33920691254448,0.0,0.0,Non-profitable,0,Moderate-Value
1745,19,88,1313,422,19.431818181818183,4.9841300838937945e-15,0.0,1.0,69.10526315789474,69.44761082113727,0.0,0.0,Non-profitable,1,VIP
10590,22,91,1483,456,21.75824175824176,1.2312336357309646e-17,0.0,1.0,67.4090909090909,67.70123016567692,0.0,0.0,Non-profitable,1,VIP
5080,16,12,1258,251,120.0,9.881774773562895e-22,0.0,1.0,78.625,79.05820817113697,0.0,0.0,Non-profitable,1,VIP
8369,3,21,28,598,12.857142857142856,9.792909605536981e-10,0.0,1.0,9.333333333333334,10.631019841110113,0.0,0.01,Profitable,2,Low-Value
5232,10,23,227,153,39.130434782608695,1.8856120235586966e-08,0.0,1.0,22.7,23.144869347043333,0.0,0.22,Profitable,2,Low-Value
2407,19,10,1555,597,171.0,4.835253959212161e-37,0.0,1.0,81.84210526315789,82.21428765613582,0.0,0.0,Non-profitable,1,VIP
3834,21,35,861,469,54.0,3.1064509781036466e-26,0.0,1.0,41.0,41.25012353752547,0.0,0.0,Non-profitable,0,Moderate-Value
7912,6,69,103,433,7.826086956521739,4.8434818306367295e-08,0.0,1.0,17.166666666666668,17.8690733509381,0.0,0.02,Profitable,2,Low-Value
1065,18,85,1918,182,19.058823529411764,8.259986257911208e-06,0.0,1.0,106.55555555555556,107.00957856041119,0.0,1.43,Profitable,3,High-Value
7275,7,34,131,268,18.52941176470588,4.665001769447112e-08,0.0,1.0,18.714285714285715,19.325587363229342,0.0,0.05,Profitable,2,Low-Value
1343,16,55,586,641,26.18181818181818,3.0070539201347077e-21,0.0,1.0,36.625,36.941329830959155,0.0,0.0,Non-profitable,0,Moderate-Value
1384,5,10,62,218,45.0,3.664165825215201e-08,0.0,1.0,12.4,13.201437999649201,0.0,0.1,Profitable,2,Low-Value
9967,14,30,447,395,42.0,5.388943518330298e-18,0.0,1.0,31.928571428571427,32.275292725178176,0.0,0.0,Non-profitable,0,Moderate-Value
6181,26,36,939,698,65.0,1.2135020278246455e-37,0.0,1.0,36.11538461538461,36.30896921239577,0.0,0.0,Non-profitable,0,Moderate-Value
10507,11,14,797,339,70.71428571428571,3.736720368798056e-17,0.0,1.0,72.45454545454545,73.06045649485024,0.0,0.0,Non-profitable,1,VIP
2674,15,79,1143,663,17.08860759493671,3.674266202423217e-18,0.0,1.0,76.2,76.65497490177216,0.0,0.0,Non-profitable,1,VIP
2698,14,52,415,234,24.23076923076923,6.332143521092301e-10,0.0,1.0,29.642857142857142,29.982306147259397,0.0,0.01,Profitable,0,Moderate-Value
3231,4,97,30,216,3.711340206185567,0.010207412691373477,0.0106,0.9894,7.5,8.449044120838579,0.0,0.2,Profitable,2,Low-Value
4096,9,24,187,185,33.75,1.1304264413029504e-08,0.0,1.0,20.77777777777778,21.262791818467267,0.0,0.11,Profitable,2,Low-Value
10476,10,0,251,47,0.0,1.212431371163114e-16,0.0,1.0,25.1,25.555573238904078,0.0,2.88,Profitable,0,Moderate-Value
9140,6,89,91,186,6.067415730337078,0.010883038333026456,0.0068,0.9932,15.166666666666666,15.854162499982566,0.01,0.6,Profitable,2,Low-Value
10258,4,94,35,419,3.829787234042553,7.355932590155083e-06,0.0,1.0,8.75,9.713075347993595,0.0,0.04,Profitable,2,Low-Value
5675,16,98,493,633,14.693877551020407,7.160670211578709e-17,0.0,1.0,30.8125,31.112654703523834,0.0,0.0,Non-profitable,0,Moderate-Value
4743,23,72,971,483,28.749999999999996,1.5752568330760472e-21,0.0,1.0,42.21739130434783,42.44807762047709,0.0,0.0,Non-profitable,0,Moderate-Value
8805,13,1,371,574,1170.0,1.2871755297784958e-36,0.0,1.0,28.53846153846154,28.900326501543233,0.0,0.0,Non-profitable,0,Moderate-Value
1542,14,26,396,181,48.46153846153846,4.987209712186583e-12,0.0,1.0,28.285714285714285,28.62084536662012,0.0,0.02,Profitable,0,Moderate-Value
6770,5,5,68,313,90.0,3.453629536270088e-11,0.0,1.0,13.6,14.412189844252419,0.0,0.02,Profitable,2,Low-Value
8773,12,22,322,369,49.090909090909086,6.632838511738427e-17,0.0,1.0,26.833333333333332,27.219133081309717,0.0,0.0,Non-profitable,0,Moderate-Value
7514,8,74,177,361,9.72972972972973,7.18623306257729e-08,0.0,1.0,22.125,22.67849823548732,0.0,0.02,Profitable,2,Low-Value
793,5,24,45,631,18.75,2.6438845053303026e-12,0.0,1.0,9.0,9.770974439940085,0.0,0.0,Non-profitable,2,Low-Value
10909,20,9,1899,165,200.0,1.7247312209345394e-24,0.0,1.0,94.95,95.33269713980062,0.0,0.0,Non-profitable,3,High-Value
8702,4,10,22,313,36.0,1.3189768852093626e-08,0.0,1.0,5.5,6.4265941573905545,0.0,0.02,Profitable,2,Low-Value
4791,4,35,41,560,10.285714285714285,1.2721770204068972e-09,0.0,1.0,10.25,11.229912820579612,0.0,0.01,Profitable,2,Low-Value
2963,20,56,1440,58,32.142857142857146,14.8704193151732,0.9492,0.050799999999999956,72.0,72.33163302865886,53.78,21.07,Profitable,1,VIP
8216,11,7,325,261,141.42857142857142,3.4118215340047446e-18,0.0,1.0,29.545454545454547,29.977460993585524,0.0,0.0,Non-profitable,0,Moderate-Value
8140,7,51,95,269,12.352941176470589,8.70984163446362e-07,0.0,1.0,13.571428571428571,14.149900453351245,0.0,0.06,Profitable,2,Low-Value
10146,4,17,42,119,21.176470588235293,0.000555314810527431,0.0003,0.9997,10.5,11.482719066010615,0.0,0.36,Profitable,2,Low-Value
5289,4,30,72,597,12.0,2.5949510143737523e-10,0.0,1.0,18.0,19.066906428940708,0.0,0.01,Profitable,2,Low-Value
2587,5,21,20,45,21.428571428571427,0.6422595265568384,0.1182,0.8818,4.0,4.726175087426677,0.15,0.35,Profitable,2,Low-Value
4405,21,2,789,334,945.0,2.5752193858440128e-45,0.0,1.0,37.57142857142857,37.81428752115447,0.0,0.0,Non-profitable,0,Moderate-Value
2589,6,65,59,142,8.307692307692308,0.019045835379277214,0.0091,0.9909,9.833333333333334,10.481066897434493,0.01,0.5,Profitable,2,Low-Value
3421,21,64,908,434,29.53125,1.1199429121530092e-19,0.0,1.0,43.23809523809524,43.49296093710098,0.0,0.0,Non-profitable,0,Moderate-Value
10490,12,11,417,566,98.18181818181817,3.1897586626596265e-24,0.0,1.0,34.75,35.16520120696598,0.0,0.0,Non-profitable,0,Moderate-Value
4094,11,92,289,673,10.760869565217392,4.4847844350162244e-14,0.0,1.0,26.272727272727273,26.69146981128567,0.0,0.0,Non-profitable,0,Moderate-Value
9958,20,54,769,92,33.33333333333333,0.00204870723478378,0.0002,0.9998,38.45,38.70698375071524,0.0,6.58,Profitable,0,Moderate-Value
2534,8,4,188,69,180.0,1.400538190216907e-08,0.0,1.0,23.5,24.061172339583468,0.0,1.73,Profitable,2,Low-Value
4188,11,53,354,685,18.67924528301887,4.3195953745641685e-17,0.0,1.0,32.18181818181818,32.62450944599374,0.0,0.0,Non-profitable,0,Moderate-Value
6613,20,39,727,625,46.153846153846146,5.645937164315779e-28,0.0,1.0,36.35,36.60231121766958,0.0,0.0,Non-profitable,0,Moderate-Value
10827,7,49,146,691,12.857142857142856,2.326146457787786e-13,0.0,1.0,20.857142857142858,21.48212357567855,0.0,0.0,Non-profitable,2,Low-Value
5491,12,70,319,444,15.428571428571429,2.104808834603279e-12,0.0,1.0,26.583333333333332,26.96820461418373,0.0,0.0,Non-profitable,0,Moderate-Value
8402,20,40,794,194,45.0,9.106420028871213e-14,0.0,1.0,39.7,39.95976502038527,0.0,0.0,Non-profitable,0,Moderate-Value
8783,15,40,454,659,33.75,1.1332670654919703e-22,0.0,1.0,30.266666666666666,30.585270573269153,0.0,0.0,Non-profitable,0,Moderate-Value
10010,7,43,152,661,14.651162790697676,2.0386285591027205e-13,0.0,1.0,21.714285714285715,22.34473806065823,0.0,0.0,Non-profitable,2,Low-Value
618,21,17,797,639,111.1764705882353,7.654875240404976e-37,0.0,1.0,37.95238095238095,38.19604707852902,0.0,0.0,Non-profitable,0,Moderate-Value
9121,14,40,1690,405,31.499999999999996,1.7332326671299196e-16,0.0,1.0,120.71428571428571,121.34349011121087,0.0,0.0,Non-profitable,3,High-Value
361,3,84,20,131,3.214285714285714,0.282655824984527,0.231,0.769,6.666666666666667,7.924292233871704,0.11,0.24,Profitable,2,Low-Value
4310,20,25,1428,158,72.0,1.2927367241097046e-15,0.0,1.0,71.4,71.73029801921724,0.0,0.01,Profitable,1,VIP
2678,8,62,209,501,11.612903225806452,6.755100556302243e-11,0.0,1.0,26.125,26.700822901948833,0.0,0.0,Non-profitable,0,Moderate-Value
6376,15,83,545,384,16.265060240963855,5.676085106642223e-12,0.0,1.0,36.333333333333336,36.6699485034488,0.0,0.0,Non-profitable,0,Moderate-Value
524,5,47,96,529,9.574468085106384,1.3972434691973157e-09,0.0,1.0,19.2,20.062365119067437,0.0,0.01,Profitable,2,Low-Value
10341,9,45,222,126,18.0,0.0005358445345664656,0.0002,0.9998,24.666666666666668,25.170961672292027,0.0,1.37,Profitable,0,Moderate-Value
5654,5,34,61,105,13.23529411764706,0.011408108591262126,0.0048,0.9952,12.2,12.999646025548664,0.01,0.62,Profitable,2,Low-Value
4098,6,3,44,152,180.0,2.779987716045799e-10,0.0,1.0,7.333333333333333,7.962428333740083,0.0,0.12,Profitable,2,Low-Value
5824,3,1,8,79,270.0,4.520846974124737e-05,0.0,1.0,2.6666666666666665,3.864200823014089,0.0,0.13,Profitable,2,Low-Value
7000,22,18,817,259,110.00000000000001,6.04320072005257e-26,0.0,1.0,37.13636363636363,37.36728137234098,0.0,0.0,Non-profitable,0,Moderate-Value
2561,19,45,1371,595,38.0,5.400136436797364e-25,0.0,1.0,72.15789473684211,72.50739287250057,0.0,0.0,Non-profitable,1,VIP
5229,4,81,42,133,4.444444444444445,0.21600633176130057,0.1399,0.8601,10.5,11.482719066010615,0.12,0.44,Profitable,2,Low-Value
4086,4,77,60,548,4.675324675324676,7.158726228861208e-08,0.0,1.0,15.0,16.03323148376867,0.0,0.02,Profitable,2,Low-Value
2428,6,23,78,421,23.478260869565215,6.700731815240256e-11,0.0,1.0,13.0,13.67134241144741,0.0,0.0,Non-profitable,2,Low-Value
8254,3,48,23,442,5.625,7.20017489692591e-07,0.0,1.0,7.666666666666667,8.939315086586108,0.0,0.03,Profitable,2,Low-Value
2836,3,61,19,286,4.426229508196721,0.00017106988383507277,0.0003,0.9997,6.333333333333333,7.585951282966902,0.0,0.07,Profitable,2,Low-Value
8418,5,60,61,91,7.5,0.6879911075740403,0.2523,0.7477,12.2,12.999646025548664,0.45,0.77,Profitable,2,Low-Value
1362,13,75,449,482,15.600000000000001,1.663332236949098e-13,0.0,1.0,34.53846153846154,34.920889744858826,0.0,0.0,Non-profitable,0,Moderate-Value
7152,4,64,37,450,5.625,3.9885492712194266e-07,0.0,1.0,9.25,10.218687838855601,0.0,0.02,Profitable,2,Low-Value
10033,4,54,38,136,6.666666666666666,0.0258008934723646,0.0171,0.9829,9.5,10.471494084286604,0.01,0.36,Profitable,2,Low-Value
9349,22,84,1131,192,23.571428571428573,1.0717576454525076e-07,0.0,1.0,51.40909090909091,51.66887284547534,0.0,0.12,Profitable,0,Moderate-Value
274,5,75,34,188,6.0,0.005161601537546562,0.0038,0.9962,6.8,7.551262724834185,0.0,0.22,Profitable,2,Low-Value
3388,12,16,294,242,67.5,4.259870548917531e-15,0.0,1.0,24.5,24.877134054800504,0.0,0.0,Non-profitable,2,Low-Value
922,4,79,48,421,4.556962025316456,2.7065461186431835e-06,0.0,1.0,12.0,12.999556538596634,0.0,0.05,Profitable,2,Low-Value
8588,11,92,289,673,10.760869565217392,4.4847844350162244e-14,0.0,1.0,26.272727272727273,26.69146981128567,0.0,0.0,Non-profitable,0,Moderate-Value
2518,3,16,30,520,16.875,2.828062716744744e-09,0.0,1.0,10.0,11.307701742919715,0.0,0.01,Profitable,2,Low-Value
3220,7,30,156,500,21.0,2.0616668441565092e-12,0.0,1.0,22.285714285714285,22.919814383978018,0.0,0.0,Non-profitable,2,Low-Value
5967,6,60,70,346,9.0,4.198505917516992e-07,0.0,1.0,11.666666666666666,12.328068510810391,0.0,0.03,Profitable,2,Low-Value
1183,3,11,22,281,24.545454545454543,8.145530158020002e-07,0.0,1.0,7.333333333333333,8.600974135681305,0.0,0.05,Profitable,2,Low-Value
6856,6,75,65,664,7.2,9.012311419863656e-11,0.0,1.0,10.833333333333334,11.488522322912257,0.0,0.0,Non-profitable,2,Low-Value
4530,20,36,1930,613,50.0,2.0941663597853524e-28,0.0,1.0,96.5,96.88614591419145,0.0,0.0,Non-profitable,3,High-Value
1553,22,71,2283,275,27.88732394366197,1.2089897409828986e-13,0.0,1.0,103.77272727272727,104.13840589340775,0.0,0.0,Non-profitable,3,High-Value
4682,12,88,310,257,12.272727272727272,1.4916909666455461e-06,0.0,1.0,25.833333333333332,26.21541921280577,0.0,0.1,Profitable,0,Moderate-Value
8204,17,93,1319,560,16.451612903225808,1.4531751003360295e-16,0.0,1.0,77.58823529411765,77.99317893061104,0.0,0.0,Non-profitable,1,VIP
5221,22,93,879,575,21.290322580645164,1.3116926705022516e-20,0.0,1.0,39.95454545454545,40.19116249124013,0.0,0.0,Non-profitable,0,Moderate-Value
1232,16,54,1244,247,26.666666666666664,2.381669315361136e-11,0.0,1.0,77.75,78.18077320571659,0.0,0.01,Profitable,1,VIP
1927,13,41,690,98,28.536585365853657,0.00033128329260919786,0.0001,0.9999,53.07692307692308,53.52288643253904,0.0,4.99,Profitable,0,Moderate-Value
5788,9,46,209,497,17.608695652173914,7.039547886868404e-13,0.0,1.0,23.22222222222222,23.719355726585686,0.0,0.0,Non-profitable,2,Low-Value
6246,22,40,1507,228,49.50000000000001,6.03038825226887e-17,0.0,1.0,68.5,68.79434543750884,0.0,0.0,Non-profitable,1,VIP
5975,5,82,57,272,5.48780487804878,0.00019141694470755727,0.0002,0.9998,11.4,12.19247812914652,0.0,0.17,Profitable,2,Low-Value
6875,15,38,529,670,35.526315789473685,3.3595619310090973e-23,0.0,1.0,35.266666666666666,35.60011502121941,0.0,0.0,Non-profitable,0,Moderate-Value
4399,15,3,1091,4,450.0,123.54097266685815,0.8403,0.15969999999999995,72.73333333333333,73.17801608452666,452.02,21.9,Profitable,1,VIP
4042,8,87,180,624,8.275862068965518,2.527133300486571e-11,0.0,1.0,22.5,23.05559117296809,0.0,0.0,Non-profitable,2,Low-Value
2157,6,49,77,533,11.020408163265305,2.0252047252337628e-10,0.0,1.0,12.833333333333334,13.503433173867784,0.0,0.0,Non-profitable,2,Low-Value
10133,25,16,2349,137,140.625,2.9494888430050496e-22,0.0,1.0,93.96,94.26426010267427,0.0,0.0,Non-profitable,3,High-Value
2525,16,65,534,653,22.153846153846153,2.864009320999893e-20,0.0,1.0,33.375,33.682285673683495,0.0,0.0,Non-profitable,0,Moderate-Value
8233,17,9,556,154,170.0,2.705461760598352e-20,0.0,1.0,32.705882352941174,32.99329284999146,0.0,0.0,Non-profitable,0,Moderate-Value
9483,18,24,637,314,67.5,2.093430884677849e-21,0.0,1.0,35.388888888888886,35.666927327014776,0.0,0.0,Non-profitable,0,Moderate-Value
2945,4,25,46,77,14.4,0.058143029226218716,0.0221,0.9779,11.5,12.493944047734628,0.04,0.59,Profitable,2,Low-Value
5074,4,10,47,356,36.0,3.159539407422071e-09,0.0,1.0,11.75,12.746750293165631,0.0,0.03,Profitable,2,Low-Value
10524,18,29,795,374,55.862068965517246,7.163848879183507e-22,0.0,1.0,44.166666666666664,44.4664112418287,0.0,0.0,Non-profitable,0,Moderate-Value
4690,17,45,586,501,34.0,7.892105646760513e-21,0.0,1.0,34.470588235294116,34.762619956699965,0.0,0.0,Non-profitable,0,Moderate-Value
7521,19,57,1574,413,30.0,1.69302866023304e-18,0.0,1.0,82.84210526315789,83.21663005227208,0.0,0.0,Non-profitable,1,VIP
7196,3,20,13,141,13.5,0.0011341596810307006,0.001,0.999,4.333333333333333,5.555905577538095,0.0,0.12,Profitable,2,Low-Value
4406,21,29,1471,529,65.17241379310344,1.6016520855969498e-29,0.0,1.0,70.04761904761905,70.3592897873353,0.0,0.0,Non-profitable,1,VIP
9672,5,82,65,190,5.48780487804878,0.00807910987240708,0.0061,0.9939,13.0,13.80681392195081,0.01,0.43,Profitable,2,Low-Value
4864,8,68,175,423,10.588235294117647,2.6932283736061995e-09,0.0,1.0,21.875,22.42710294383348,0.0,0.01,Profitable,2,Low-Value
4706,4,65,40,428,5.538461538461538,8.12513122786317e-07,0.0,1.0,10.0,10.97710657514861,0.0,0.03,Profitable,2,Low-Value
4070,17,99,1078,666,15.454545454545453,3.530000777601614e-18,0.0,1.0,63.411764705882355,63.7795845067194,0.0,0.0,Non-profitable,1,VIP
25,19,9,1115,590,190.0,1.0887588367399535e-37,0.0,1.0,58.68421052631579,59.00214795613846,0.0,0.0,Non-profitable,1,VIP
3697,7,20,134,502,31.499999999999996,1.17219311263101e-13,0.0,1.0,19.142857142857142,19.756894605719182,0.0,0.0,Non-profitable,2,Low-Value
217,22,78,1540,583,25.384615384615383,1.4620599409379488e-22,0.0,1.0,70.0,70.29737893627774,0.0,0.0,Non-profitable,1,VIP
4220,6,26,87,239,20.76923076923077,2.0564347901116133e-07,0.0,1.0,14.5,15.182525549664057,0.0,0.08,Profitable,2,Low-Value
5286,9,68,217,244,11.911764705882353,3.4988583949187763e-06,0.0,1.0,24.11111111111111,24.612651693174204,0.0,0.16,Profitable,2,Low-Value
9559,25,79,1034,156,28.48101265822785,1.0772603963112951e-06,0.0,1.0,41.36,41.57067308701888,0.0,0.44,Profitable,0,Moderate-Value
2849,24,25,1180,454,86.39999999999999,1.84524543726492e-32,0.0,1.0,49.166666666666664,49.400603666654206,0.0,0.0,Non-profitable,0,Moderate-Value
7787,20,83,819,667,21.686746987951807,3.6865346713171523e-22,0.0,1.0,40.95,41.21254629005529,0.0,0.0,Non-profitable,0,Moderate-Value
3102,4,32,32,256,11.25,9.559822744363202e-06,0.0,1.0,8.0,8.954656611700585,0.0,0.08,Profitable,2,Low-Value
5868,4,49,46,311,7.346938775510203,8.474468889129544e-06,0.0,1.0,11.5,12.493944047734628,0.0,0.08,Profitable,2,Low-Value
8370,16,50,1159,696,28.8,6.407868098873384e-23,0.0,1.0,72.4375,72.85348948709292,0.0,0.0,Non-profitable,1,VIP
9988,22,84,860,483,23.571428571428573,3.2575639658061794e-19,0.0,1.0,39.09090909090909,39.32577956770652,0.0,0.0,Non-profitable,0,Moderate-Value
9743,27,85,1910,534,28.588235294117645,2.8079276633578848e-24,0.0,1.0,70.74074074074075,70.98417894677597,0.0,0.0,Non-profitable,1,VIP
5763,13,63,380,231,18.57142857142857,4.176481227920546e-08,0.0,1.0,29.23076923076923,29.595006875771954,0.0,0.05,Profitable,0,Moderate-Value
3478,20,17,736,370,105.88235294117648,2.354229735140265e-28,0.0,1.0,36.8,37.05331247475079,0.0,0.0,Non-profitable,0,Moderate-Value
7494,11,11,269,524,90.0,6.649472509214835e-22,0.0,1.0,24.454545454545453,24.865919154452417,0.0,0.0,Non-profitable,2,Low-Value
1763,28,62,2524,337,40.64516129032258,1.0998337307966658e-21,0.0,1.0,90.14285714285714,90.40840345243652,0.0,0.0,Non-profitable,1,VIP
7250,18,48,612,271,33.75,1.8391063073904086e-14,0.0,1.0,34.0,34.27460392277207,0.0,0.0,Non-profitable,0,Moderate-Value
2005,6,86,75,200,6.27906976744186,0.003858902323802578,0.0026,0.9974,12.5,13.16761469870853,0.0,0.42,Profitable,2,Low-Value
10770,24,73,1045,154,29.58904109589041,3.972468915422415e-07,0.0,1.0,43.541666666666664,43.765177771688315,0.0,0.36,Profitable,0,Moderate-Value
6885,5,36,55,210,12.5,2.6922344478640858e-05,0.0,1.0,11.0,11.788894180945446,0.0,0.17,Profitable,2,Low-Value
2072,15,34,1064,682,39.705882352941174,3.932534602994011e-24,0.0,1.0,70.93333333333334,71.37267208326456,0.0,0.0,Non-profitable,1,VIP
9463,21,16,1443,593,118.125,2.495563828669859e-36,0.0,1.0,68.71428571428571,69.02313133652434,0.0,0.0,Non-profitable,1,VIP
6318,29,48,1366,532,54.375,4.644635403763892e-33,0.0,1.0,47.10344827586207,47.29382565007302,0.0,0.0,Non-profitable,0,Moderate-Value
4093,12,61,436,503,17.704918032786885,2.6124488287139778e-14,0.0,1.0,36.333333333333336,36.75441483209724,0.0,0.0,Non-profitable,0,Moderate-Value
5751,4,54,38,136,6.666666666666666,0.0258008934723646,0.0171,0.9829,9.5,10.471494084286604,0.01,0.36,Profitable,2,Low-Value
3340,14,56,436,681,22.5,8.470123809568573e-20,0.0,1.0,31.142857142857142,31.487078589018598,0.0,0.0,Non-profitable,0,Moderate-Value
3594,19,74,747,601,23.108108108108105,6.403627376644229e-21,0.0,1.0,39.31578947368421,39.58835838886793,0.0,0.0,Non-profitable,0,Moderate-Value
3584,20,35,1396,678,51.42857142857142,5.012379513279544e-30,0.0,1.0,69.8,70.1267379940396,0.0,0.0,Non-profitable,1,VIP
3643,13,65,928,101,18.0,0.09723983277490078,0.0162,0.9838,71.38461538461539,71.89332299547634,0.35,9.7,Profitable,1,VIP
851,17,48,642,355,31.875,1.5202760074934545e-16,0.0,1.0,37.76470588235294,38.0653638892225,0.0,0.0,Non-profitable,0,Moderate-Value
7706,24,88,1048,599,24.545454545454543,2.482697959635033e-23,0.0,1.0,43.666666666666664,43.89040945824311,0.0,0.0,Non-profitable,0,Moderate-Value
3967,23,19,943,247,108.94736842105263,6.148914124953436e-26,0.0,1.0,41.0,41.228331595333216,0.0,0.0,Non-profitable,0,Moderate-Value
10128,22,21,907,386,94.28571428571429,1.6106581609367442e-29,0.0,1.0,41.22727272727273,41.4664636417107,0.0,0.0,Non-profitable,0,Moderate-Value
486,17,27,1198,147,56.66666666666667,3.660861835130975e-12,0.0,1.0,70.47058823529412,70.85689293355341,0.0,0.08,Profitable,1,VIP
9,7,86,120,680,7.325581395348838,2.6198953688840746e-11,0.0,1.0,17.142857142857142,17.744127474099923,0.0,0.0,Non-profitable,2,Low-Value
9451,23,92,1658,581,22.5,1.2635797039411226e-21,0.0,1.0,72.08695652173913,72.37541759454272,0.0,0.0,Non-profitable,1,VIP
9264,21,1,1638,63,1890.0,3.4514686692164614e-31,0.0,1.0,78.0,78.32852054752914,0.0,1.09,Profitable,1,VIP
3865,6,14,73,425,38.57142857142857,3.3590496853546252e-12,0.0,1.0,12.166666666666666,12.831796223549274,0.0,0.0,Non-profitable,2,Low-Value
2853,10,74,275,110,12.162162162162163,0.2770407863874556,0.0644,0.9356,27.5,27.966277130764823,0.39,2.92,Profitable,0,Moderate-Value
1490,21,84,854,578,22.5,6.61205484679331e-21,0.0,1.0,40.666666666666664,40.91608392482273,0.0,0.0,Non-profitable,0,Moderate-Value
6310,6,4,78,293,135.0,6.879501252792609e-13,0.0,1.0,13.0,13.67134241144741,0.0,0.01,Profitable,2,Low-Value
10380,6,50,106,282,10.799999999999999,1.6986030388757638e-06,0.0,1.0,17.666666666666668,18.372801063676977,0.0,0.1,Profitable,2,Low-Value
3887,5,2,106,595,225.0,1.6587016541112575e-16,0.0,1.0,21.2,22.080284860072798,0.0,0.0,Non-profitable,2,Low-Value
4278,18,73,1923,391,22.191780821917806,4.570609759597411e-15,0.0,1.0,106.83333333333333,107.28804324125973,0.0,0.0,Non-profitable,3,High-Value
8643,21,21,1662,399,90.0,1.003975625661488e-28,0.0,1.0,79.14285714285714,79.47379921965279,0.0,0.0,Non-profitable,1,VIP
1998,6,82,84,142,6.585365853658536,0.09536312163103403,0.0458,0.9542,14.0,14.678797836925176,0.07,0.77,Profitable,2,Low-Value
10795,5,14,48,54,32.142857142857146,0.026759494638674136,0.0059,0.9941,9.6,10.376350362241693,0.01,0.7,Profitable,2,Low-Value
2408,20,20,733,586,90.0,8.389329949806338e-33,0.0,1.0,36.65,36.90297872239039,0.0,0.0,Non-profitable,0,Moderate-Value
202,17,54,1234,85,28.333333333333336,0.035291372893782084,0.0038,0.9962,72.58823529411765,72.98008546160362,0.13,13.51,Profitable,1,VIP
7998,6,77,112,565,7.012987012987013,1.7106591741310845e-09,0.0,1.0,18.666666666666668,19.380256489154743,0.0,0.01,Profitable,2,Low-Value
830,14,5,1658,125,251.99999999999997,2.127569586427056e-18,0.0,1.0,118.42857142857143,119.05050353329209,0.0,0.24,Profitable,3,High-Value
3536,5,65,55,462,6.923076923076923,6.317634870145844e-08,0.0,1.0,11.0,11.788894180945446,0.0,0.01,Profitable,2,Low-Value
6050,22,33,1513,565,60.0,1.9518848782428033e-30,0.0,1.0,68.77272727272727,69.06762425546681,0.0,0.0,Non-profitable,1,VIP
125,11,65,271,410,15.230769230769232,2.215266554218576e-11,0.0,1.0,24.636363636363637,25.048474220135745,0.0,0.0,Non-profitable,2,Low-Value
2804,7,86,120,680,7.325581395348838,2.6198953688840746e-11,0.0,1.0,17.142857142857142,17.744127474099923,0.0,0.0,Non-profitable,2,Low-Value
3745,6,92,103,663,5.869565217391304,4.071282925482536e-10,0.0,1.0,17.166666666666668,17.8690733509381,0.0,0.0,Non-profitable,2,Low-Value
9771,11,97,269,632,10.206185567010309,3.5635622930761337e-13,0.0,1.0,24.454545454545453,24.865919154452417,0.0,0.0,Non-profitable,2,Low-Value
451,4,91,22,191,3.956043956043956,0.021621249588076184,0.0199,0.9801,5.5,6.4265941573905545,0.01,0.18,Profitable,2,Low-Value
10530,15,0,1156,204,0.0,3.6957219306649192e-37,0.0,1.0,77.06666666666666,77.52421460608355,0.0,0.0,Non-profitable,1,VIP
1079,16,59,1086,621,24.406779661016948,2.272540627909186e-20,0.0,1.0,67.875,68.2782928816867,0.0,0.0,Non-profitable,1,VIP
8920,25,4,1128,533,562.5,2.2021513045981286e-54,0.0,1.0,45.12,45.337362957339494,0.0,0.0,Non-profitable,0,Moderate-Value
6678,7,5,72,93,125.99999999999999,3.008474491682268e-08,0.0,1.0,10.285714285714286,10.843211594262463,0.0,0.49,Profitable,2,Low-Value
3852,23,48,964,478,43.125,1.650996945213941e-25,0.0,1.0,41.91304347826087,42.14314111419112,0.0,0.0,Non-profitable,0,Moderate-Value
528,19,99,1383,577,17.27272727272727,7.364632748259227e-18,0.0,1.0,72.78947368421052,73.14045122795504,0.0,0.0,Non-profitable,1,VIP
73,3,81,18,399,3.333333333333333,1.8784778499087476e-05,0.0,1.0,6.0,7.247610332062101,0.0,0.04,Profitable,2,Low-Value
5589,21,95,793,667,19.894736842105264,1.0016778090970212e-21,0.0,1.0,37.76190476190476,38.005167299841744,0.0,0.0,Non-profitable,0,Moderate-Value
10212,6,43,100,532,12.55813953488372,8.967694873654815e-11,0.0,1.0,16.666666666666668,17.365345638199216,0.0,0.0,Non-profitable,2,Low-Value
6365,5,5,80,300,90.0,5.6672788284124595e-11,0.0,1.0,16.0,16.833693533458856,0.0,0.03,Profitable,2,Low-Value
5636,7,50,167,597,12.600000000000001,4.027867635966987e-12,0.0,1.0,23.857142857142858,24.501274273107438,0.0,0.0,Non-profitable,2,Low-Value
591,18,76,677,525,21.31578947368421,3.561211236963579e-18,0.0,1.0,37.611111111111114,37.894644773803115,0.0,0.0,Non-profitable,0,Moderate-Value
2217,3,46,23,457,5.869565217391304,4.15411367748805e-07,0.0,1.0,7.666666666666667,8.939315086586108,0.0,0.02,Profitable,2,Low-Value
2544,6,68,92,260,7.9411764705882355,3.610579249044647e-05,0.0,1.0,15.333333333333334,16.022071737562197,0.0,0.18,Profitable,2,Low-Value
7725,15,33,641,113,40.90909090909091,2.205240656596067e-07,0.0,1.0,42.733333333333334,43.08894939682513,0.0,1.21,Profitable,0,Moderate-Value
8091,16,50,1106,665,28.8,2.2891911184562454e-22,0.0,1.0,69.125,69.5317714037158,0.0,0.0,Non-profitable,1,VIP
5462,27,63,1174,686,38.57142857142857,5.199072795188045e-32,0.0,1.0,43.48148148148148,43.68001797392599,0.0,0.0,Non-profitable,0,Moderate-Value
7791,4,89,25,287,4.044943820224719,0.000394475480808432,0.0005,0.9995,6.25,7.185012893683564,0.0,0.09,Profitable,2,Low-Value
955,10,81,240,609,11.11111111111111,5.603714867024935e-13,0.0,1.0,24.0,24.4506672884679,0.0,0.0,Non-profitable,2,Low-Value
4037,3,77,20,380,3.5064935064935066,2.571093906127314e-05,0.0001,0.9999,6.666666666666667,7.924292233871704,0.0,0.05,Profitable,2,Low-Value
6642,7,50,102,522,12.600000000000001,4.129788285201289e-11,0.0,1.0,14.571428571428571,15.156284019160875,0.0,0.0,Non-profitable,2,Low-Value
2793,23,10,1034,343,206.99999999999997,3.427360173952657e-36,0.0,1.0,44.95652173913044,45.192506177050795,0.0,0.0,Non-profitable,0,Moderate-Value
5424,7,30,156,500,21.0,2.0616668441565092e-12,0.0,1.0,22.285714285714285,22.919814383978018,0.0,0.0,Non-profitable,2,Low-Value
879,15,66,458,237,20.454545454545453,5.0747427652079594e-09,0.0,1.0,30.533333333333335,30.852728943826502,0.0,0.02,Profitable,0,Moderate-Value
9530,3,16,17,605,16.875,3.730191566397334e-10,0.0,1.0,5.666666666666667,6.9092693811573,0.0,0.0,Non-profitable,2,Low-Value
1497,14,8,407,526,157.5,1.8248486253187537e-28,0.0,1.0,29.071428571428573,29.4090595027797,0.0,0.0,Non-profitable,0,Moderate-Value
7476,19,93,1269,574,18.387096774193548,2.4217965735578234e-18,0.0,1.0,66.78947368421052,67.12639685113753,0.0,0.0,Non-profitable,1,VIP
4390,21,14,841,75,135.0,1.467174291286983e-13,0.0,1.0,40.04761904761905,40.295724644089084,0.0,0.9,Profitable,0,Moderate-Value
10478,18,53,633,640,30.566037735849054,1.5062902646291552e-23,0.0,1.0,35.166666666666664,35.444155582335945,0.0,0.0,Non-profitable,0,Moderate-Value
1081,14,26,1019,459,48.46153846153846,2.570296371811846e-20,0.0,1.0,72.78571428571429,73.2624278054764,0.0,0.0,Non-profitable,1,VIP
4261,25,23,1315,582,97.82608695652173,2.6765951599688177e-38,0.0,1.0,52.6,52.83067152914752,0.0,0.0,Non-profitable,0,Moderate-Value
9916,5,92,54,603,4.891304347826087,1.0135231134893915e-08,0.0,1.0,10.8,11.58710220684491,0.0,0.01,Profitable,2,Low-Value
5350,17,29,2525,136,52.75862068965517,6.159559254508497e-11,0.0,1.0,148.52941176470588,149.12012862029283,0.0,0.42,Profitable,3,High-Value
8135,4,41,52,244,8.78048780487805,4.486189727780637e-05,0.0001,0.9999,13.0,14.010781520320647,0.0,0.16,Profitable,2,Low-Value
8685,14,56,436,681,22.5,8.470123809568573e-20,0.0,1.0,31.142857142857142,31.487078589018598,0.0,0.0,Non-profitable,0,Moderate-Value
4967,11,19,268,457,52.10526315789474,3.1293453727288806e-18,0.0,1.0,24.363636363636363,24.774641621610755,0.0,0.0,Non-profitable,2,Low-Value
2130,7,4,147,98,157.5,4.85864058727072e-09,0.0,1.0,21.0,21.625892656508494,0.0,0.86,Profitable,2,Low-Value
8175,7,71,137,373,8.873239436619718,1.2220288284195408e-07,0.0,1.0,19.571428571428573,20.188201848209026,0.0,0.03,Profitable,2,Low-Value
6257,16,81,507,522,17.77777777777778,4.561753035577426e-16,0.0,1.0,31.6875,31.990089668944204,0.0,0.0,Non-profitable,0,Moderate-Value
3790,3,31,15,157,8.709677419354838,0.0020813145320803562,0.002,0.998,5.0,6.232587479347697,0.0,0.13,Profitable,2,Low-Value
9952,16,53,1105,200,27.169811320754715,1.5757165972963794e-09,0.0,1.0,69.0625,69.46909747761434,0.0,0.06,Profitable,1,VIP
3503,14,78,974,209,16.153846153846153,2.1451345652869467e-06,0.0,1.0,69.57142857142857,70.03791543027812,0.0,0.46,Profitable,1,VIP
4608,26,18,778,124,130.0,1.4000411533086393e-20,0.0,1.0,29.923076923076923,30.106068511492353,0.0,0.0,Non-profitable,0,Moderate-Value
1626,4,37,49,41,9.72972972972973,4.455236623818603,0.913,0.08699999999999997,12.25,13.252362784027637,2.95,0.84,Profitable,2,Low-Value
4764,8,52,169,679,13.846153846153847,5.028658455734285e-14,0.0,1.0,21.125,21.672917068871943,0.0,0.0,Non-profitable,2,Low-Value
5892,10,11,221,445,81.81818181818181,5.784094616112259e-19,0.0,1.0,22.1,22.54219337407815,0.0,0.0,Non-profitable,2,Low-Value
2612,24,33,1682,187,65.45454545454545,7.309949045193944e-18,0.0,1.0,70.08333333333333,70.35603921682365,0.0,0.0,Non-profitable,1,VIP
4971,8,22,155,570,32.72727272727273,1.3252106565024775e-15,0.0,1.0,19.375,19.913150027295032,0.0,0.0,Non-profitable,2,Low-Value
5185,12,83,892,500,13.012048192771084,1.5581915445920696e-12,0.0,1.0,74.33333333333333,74.89554183524731,0.0,0.0,Non-profitable,1,VIP
10069,4,43,58,667,8.372093023255815,2.262326007942448e-10,0.0,1.0,14.5,15.527618992906664,0.0,0.0,Non-profitable,2,Low-Value
2262,12,74,311,307,14.594594594594595,6.047962618379359e-09,0.0,1.0,25.916666666666668,26.2990620351811,0.0,0.01,Profitable,0,Moderate-Value
1131,6,54,95,85,10.0,0.607244638783051,0.1766,0.8234,15.833333333333334,16.525799450301076,0.5,1.2,Profitable,2,Low-Value
1041,14,3,424,619,420.0,2.7672906505554453e-35,0.0,1.0,30.285714285714285,30.627208622299054,0.0,0.0,Non-profitable,0,Moderate-Value
24,7,96,47,134,6.5625,0.45311404901900026,0.1783,0.8217,6.714285714285714,7.248984573513786,0.16,0.5,Profitable,2,Low-Value
3409,12,68,339,257,15.882352941176471,5.247112682362749e-08,0.0,1.0,28.25,28.641061061690316,0.0,0.04,Profitable,0,Moderate-Value
7022,20,2,1410,639,900.0,1.8892802534367277e-51,0.0,1.0,70.5,70.82829550505481,0.0,0.0,Non-profitable,1,VIP
7943,5,40,35,65,11.25,0.9871943510812687,0.2604,0.7396,7.0,7.753054698934721,0.38,0.52,Profitable,2,Low-Value
5272,16,64,562,367,22.5,5.1393948188959246e-14,0.0,1.0,35.125,35.437155604524236,0.0,0.0,Non-profitable,0,Moderate-Value
5453,23,26,2352,641,79.61538461538461,8.020969610773099e-36,0.0,1.0,102.26086956521739,102.60769407489434,0.0,0.0,Non-profitable,3,High-Value
2565,19,69,1334,393,24.782608695652176,2.732474036624385e-16,0.0,1.0,70.21052631578948,70.5554629431826,0.0,0.0,Non-profitable,1,VIP
800,4,57,32,303,6.315789473684211,2.2846476765879598e-05,0.0,1.0,8.0,8.954656611700585,0.0,0.07,Profitable,2,Low-Value
11092,5,78,41,119,5.769230769230768,0.37931464263468356,0.1808,0.8192,8.2,8.963806543537938,0.17,0.46,Profitable,2,Low-Value
5062,4,71,39,337,5.070422535211268,2.1292777275294484e-05,0.0,1.0,9.75,10.724300329717607,0.0,0.07,Profitable,2,Low-Value
8969,21,59,1141,529,32.03389830508475,4.9135016907903764e-23,0.0,1.0,54.333333333333336,54.6117080456349,0.0,0.0,Non-profitable,1,VIP
4656,19,28,710,456,61.07142857142858,1.4730571689861033e-25,0.0,1.0,37.36842105263158,37.636428459549975,0.0,0.0,Non-profitable,0,Moderate-Value
4480,14,61,401,112,20.65573770491803,0.004814659359446333,0.0008,0.9992,28.642857142857142,28.97912451941993,0.01,3.19,Profitable,0,Moderate-Value
9971,16,22,506,79,65.45454545454545,1.1905777785683692e-07,0.0,1.0,31.625,31.927415742842747,0.0,2.37,Profitable,0,Moderate-Value
6729,20,95,1538,688,18.94736842105263,2.3687710364553803e-21,0.0,1.0,76.9,77.24253560576538,0.0,0.0,Non-profitable,1,VIP
1773,5,38,57,572,11.842105263157894,1.3411238820732377e-10,0.0,1.0,11.4,12.19247812914652,0.0,0.0,Non-profitable,2,Low-Value
9242,18,19,1722,316,85.26315789473684,3.049866212122523e-23,0.0,1.0,95.66666666666667,96.09376307114836,0.0,0.0,Non-profitable,3,High-Value
1764,11,92,270,324,10.760869565217392,1.1324556894468517e-07,0.0,1.0,24.545454545454547,24.957196687294083,0.0,0.02,Profitable,2,Low-Value
6215,4,24,31,182,15.0,6.845529213617714e-05,0.0001,0.9999,7.75,8.701850366269582,0.0,0.15,Profitable,2,Low-Value
10099,21,21,882,267,90.0,7.630676247843188e-24,0.0,1.0,42.0,42.25224237563368,0.0,0.0,Non-profitable,0,Moderate-Value
5423,3,35,16,245,7.714285714285714,9.095640355449977e-05,0.0001,0.9999,5.333333333333333,6.570928430252498,0.0,0.07,Profitable,2,Low-Value
940,12,9,311,42,120.0,3.895911715568707e-06,0.0,1.0,25.916666666666668,26.2990620351811,0.0,4.22,Profitable,0,Moderate-Value
3011,10,23,227,153,39.130434782608695,1.8856120235586966e-08,0.0,1.0,22.7,23.144869347043333,0.0,0.22,Profitable,2,Low-Value
3298,24,92,1152,598,23.478260869565215,8.023787357934548e-23,0.0,1.0,48.0,48.231774592142756,0.0,0.0,Non-profitable,0,Moderate-Value
8286,7,55,122,313,11.454545454545453,2.0220044850328377e-07,0.0,1.0,17.428571428571427,18.031665635759815,0.0,0.04,Profitable,2,Low-Value
9668,6,14,77,533,38.57142857142857,1.0753875663232727e-13,0.0,1.0,12.833333333333334,13.503433173867784,0.0,0.0,Non-profitable,2,Low-Value
5120,18,78,1289,642,20.76923076923077,1.8313135373326712e-20,0.0,1.0,71.61111111111111,71.97872170966464,0.0,0.0,Non-profitable,1,VIP
6097,15,64,561,529,21.09375,4.4616914575422056e-17,0.0,1.0,37.4,37.739781985678185,0.0,0.0,Non-profitable,0,Moderate-Value
7019,9,49,211,522,16.53061224489796,5.106093164687795e-13,0.0,1.0,23.444444444444443,23.942679718232814,0.0,0.0,Non-profitable,2,Low-Value
7408,10,8,233,118,112.5,3.4732786602581946e-11,0.0,1.0,23.3,23.74754532000852,0.0,0.37,Profitable,2,Low-Value
8041,15,35,1092,659,38.57142857142857,1.522284610799889e-23,0.0,1.0,72.8,73.244880677166,0.0,0.0,Non-profitable,1,VIP
252,16,11,601,469,130.9090909090909,1.2874000370668865e-28,0.0,1.0,37.5625,37.881438722480986,0.0,0.0,Non-profitable,0,Moderate-Value
9986,7,8,54,127,78.75,2.004162134898953e-08,0.0,1.0,7.714285714285714,8.255368139323416,0.0,0.19,Profitable,2,Low-Value
3276,6,53,78,247,10.18867924528302,1.2246281925757256e-05,0.0,1.0,13.0,13.67134241144741,0.0,0.13,Profitable,2,Low-Value
3859,25,36,1095,302,62.5,5.314852137863548e-24,0.0,1.0,43.8,44.015014385843955,0.0,0.0,Non-profitable,0,Moderate-Value
3570,10,64,244,251,14.0625,3.9743953194584647e-07,0.0,1.0,24.4,24.852451270444693,0.0,0.08,Profitable,2,Low-Value
3783,7,43,116,97,14.651162790697676,0.02828177187664573,0.0081,0.9919,16.571428571428573,17.169051150780138,0.02,1.22,Profitable,2,Low-Value
10207,3,40,15,375,6.75,2.3602638008346142e-06,0.0,1.0,5.0,6.232587479347697,0.0,0.03,Profitable,2,Low-Value
10906,14,52,425,264,24.23076923076923,5.851948257181815e-11,0.0,1.0,30.357142857142858,30.698864452859016,0.0,0.0,Non-profitable,0,Moderate-Value
3427,20,11,734,443,163.63636363636363,3.992385367897173e-34,0.0,1.0,36.7,36.95308997317719,0.0,0.0,Non-profitable,0,Moderate-Value
5209,17,21,638,377,72.85714285714286,3.1308212058591045e-23,0.0,1.0,37.529411764705884,37.82945360832804,0.0,0.0,Non-profitable,0,Moderate-Value
10711,21,23,894,270,82.17391304347825,3.5956079905130985e-23,0.0,1.0,42.57142857142857,42.824881711695504,0.0,0.0,Non-profitable,0,Moderate-Value
2814,4,6,31,367,60.0,3.794185240677301e-10,0.0,1.0,7.75,8.701850366269582,0.0,0.01,Profitable,2,Low-Value
6866,4,56,34,98,6.428571428571428,0.32966899055706556,0.1585,0.8415,8.5,9.460269102562592,0.16,0.43,Profitable,2,Low-Value
1665,13,71,1750,279,16.47887323943662,6.1704509537057e-09,0.0,1.0,134.6153846153846,135.34079717503292,0.0,0.06,Profitable,3,High-Value
6575,17,51,612,610,30.0,3.199860918775498e-22,0.0,1.0,36.0,36.296036782514,0.0,0.0,Non-profitable,0,Moderate-Value
3829,4,94,29,201,3.829787234042553,0.016455291404787235,0.0159,0.9841,7.25,8.196237875407576,0.01,0.21,Profitable,2,Low-Value
3091,20,27,823,58,66.66666666666666,6.996085663505144e-05,0.0,1.0,41.15,41.412991293202495,0.0,8.98,Profitable,0,Moderate-Value
10141,3,1,20,415,270.0,7.976185377470024e-11,0.0,1.0,6.666666666666667,7.924292233871704,0.0,0.01,Profitable,2,Low-Value
5177,14,56,396,199,22.5,4.153288001107537e-08,0.0,1.0,28.285714285714285,28.62084536662012,0.0,0.07,Profitable,0,Moderate-Value
6409,19,18,1179,407,95.0,9.722342161446e-28,0.0,1.0,62.05263157894737,62.37845918522899,0.0,0.0,Non-profitable,1,VIP
7485,7,48,138,53,13.125,5.521307243927834,0.8773,0.12270000000000003,19.714285714285715,20.33197092903897,5.61,2.12,Profitable,2,Low-Value
8079,6,86,55,123,6.27906976744186,0.4874545369191404,0.2034,0.7966,9.166666666666666,9.809429947115982,0.24,0.6,Profitable,2,Low-Value
8395,21,48,1511,678,39.375,2.212031224894044e-28,0.0,1.0,71.95238095238095,72.26808757420807,0.0,0.0,Non-profitable,1,VIP
10352,6,2,117,660,270.0,1.7961022605217745e-19,0.0,1.0,19.5,20.21980267705288,0.0,0.0,Non-profitable,2,Low-Value
4931,28,13,1730,426,193.84615384615384,6.107446519550011e-44,0.0,1.0,61.785714285714285,62.00622130683966,0.0,0.0,Non-profitable,1,VIP
13,4,57,32,342,6.315789473684211,6.090979700891311e-06,0.0,1.0,8.0,8.954656611700585,0.0,0.05,Profitable,2,Low-Value
1834,5,77,67,113,5.844155844155844,0.5200612526265145,0.2356,0.7644,13.4,14.210397870151883,0.37,0.76,Profitable,2,Low-Value
2285,12,0,335,397,0.0,2.9591920821989656e-35,0.0,1.0,27.916666666666668,28.306489772189,0.0,0.0,Non-profitable,0,Moderate-Value
2295,21,57,825,147,33.1578947368421,4.3772454323871434e-08,0.0,1.0,39.285714285714285,39.53220552933997,0.0,0.23,Profitable,0,Moderate-Value
1378,17,24,694,340,63.75,3.543990792821381e-21,0.0,1.0,40.8235294117647,41.132197540850576,0.0,0.0,Non-profitable,0,Moderate-Value
1165,15,62,496,423,21.774193548387096,6.008420827905162e-15,0.0,1.0,33.06666666666667,33.3935834641213,0.0,0.0,Non-profitable,0,Moderate-Value
1404,9,89,231,410,9.101123595505618,1.3909778262711979e-08,0.0,1.0,25.666666666666668,26.17591963470411,0.0,0.01,Profitable,0,Moderate-Value
2639,6,45,68,170,12.0,0.0002632822783462227,0.0002,0.9998,11.333333333333334,11.99225003565114,0.0,0.32,Profitable,2,Low-Value
8299,5,46,71,291,9.782608695652174,3.0193432621973782e-06,0.0,1.0,14.2,15.017565766554027,0.0,0.09,Profitable,2,Low-Value
6437,5,80,76,375,5.625,3.6011533471194856e-06,0.0,1.0,15.2,16.02652563705671,0.0,0.07,Profitable,2,Low-Value
6912,21,60,772,313,31.499999999999996,3.2159806295085244e-16,0.0,1.0,36.76190476190476,37.00304846173354,0.0,0.0,Non-profitable,0,Moderate-Value
7327,6,71,47,182,7.605633802816901,0.0027220045490408693,0.0017,0.9983,7.833333333333333,8.466156046478964,0.0,0.28,Profitable,2,Low-Value
5299,23,43,1586,222,48.13953488372093,1.3138791695945536e-16,0.0,1.0,68.95652173913044,69.23892781560136,0.0,0.0,Non-profitable,1,VIP
4127,32,97,1529,492,29.690721649484537,9.819257654724236e-25,0.0,1.0,47.78125,47.954696485066755,0.0,0.0,Non-profitable,0,Moderate-Value
8143,11,49,265,334,20.20408163265306,3.8556057434206716e-11,0.0,1.0,24.09090909090909,24.50080902308577,0.0,0.0,Non-profitable,2,Low-Value
1964,17,66,1603,297,23.18181818181818,2.821213165987234e-12,0.0,1.0,94.29411764705883,94.7428088741182,0.0,0.0,Non-profitable,3,High-Value
3690,21,20,2091,534,94.5,5.990553753977037e-33,0.0,1.0,99.57142857142857,99.94565548386332,0.0,0.0,Non-profitable,3,High-Value
3433,20,54,981,391,33.33333333333333,4.03030143317741e-19,0.0,1.0,49.05,49.33056891751709,0.0,0.0,Non-profitable,0,Moderate-Value
3389,30,61,1533,584,44.26229508196721,1.4783885968641964e-32,0.0,1.0,51.1,51.289945922295274,0.0,0.0,Non-profitable,0,Moderate-Value
4712,6,18,82,578,30.0,1.1973847811237407e-13,0.0,1.0,13.666666666666666,14.34297936176592,0.0,0.0,Non-profitable,2,Low-Value
1170,10,45,244,461,20.0,2.7227951629183667e-13,0.0,1.0,24.4,24.852451270444693,0.0,0.0,Non-profitable,2,Low-Value
6347,4,26,36,367,13.846153846153847,8.537662240227165e-08,0.0,1.0,9.0,9.965881593424598,0.0,0.03,Profitable,2,Low-Value
4065,14,0,404,502,0.0,5.8252009061536856e-43,0.0,1.0,28.857142857142858,29.194092011099816,0.0,0.0,Non-profitable,0,Moderate-Value
8230,5,28,71,157,16.071428571428573,0.00012247351342188926,0.0001,0.9999,14.2,15.017565766554027,0.0,0.38,Profitable,2,Low-Value
1215,22,49,1572,264,40.40816326530612,9.222811326765744e-17,0.0,1.0,71.45454545454545,71.75486596538697,0.0,0.0,Non-profitable,1,VIP
5939,7,84,122,163,7.5,0.019335530478598123,0.0092,0.9908,17.428571428571427,18.031665635759815,0.02,0.9,Profitable,2,Low-Value
2156,6,38,41,603,14.210526315789473,5.215180721859924e-12,0.0,1.0,6.833333333333333,7.458700621001201,0.0,0.0,Non-profitable,2,Low-Value
10323,11,88,304,247,11.25,7.193047034930421e-06,0.0,1.0,27.636363636363637,28.060632803910607,0.0,0.2,Profitable,0,Moderate-Value
1891,15,12,1754,690,112.5,8.120064018655001e-31,0.0,1.0,116.93333333333334,117.50924100440693,0.0,0.0,Non-profitable,3,High-Value
2570,21,35,815,341,54.0,3.292600189829568e-22,0.0,1.0,38.80952380952381,39.05500608262177,0.0,0.0,Non-profitable,0,Moderate-Value
9256,23,5,1001,541,413.99999999999994,1.1766733963788304e-48,0.0,1.0,43.52173913043478,43.75494836170266,0.0,0.0,Non-profitable,0,Moderate-Value
295,21,77,1157,345,24.545454545454543,4.681840205662195e-15,0.0,1.0,55.095238095238095,55.37522716038401,0.0,0.0,Non-profitable,1,VIP
7397,18,45,688,345,36.0,1.480086350016135e-17,0.0,1.0,38.22222222222222,38.50726707166991,0.0,0.0,Non-profitable,0,Moderate-Value
6349,18,71,1319,358,22.816901408450704,2.6116687303221156e-14,0.0,1.0,73.27777777777777,73.64950979475587,0.0,0.0,Non-profitable,1,VIP
10790,3,40,21,495,6.75,9.530042393585466e-08,0.0,1.0,7.0,8.262633184776504,0.0,0.02,Profitable,2,Low-Value
10398,3,82,31,671,3.292682926829268,2.508283594687451e-08,0.0,1.0,10.333333333333334,11.646042693824517,0.0,0.01,Profitable,2,Low-Value
2431,5,70,67,545,6.428571428571428,8.871225258469744e-09,0.0,1.0,13.4,14.210397870151883,0.0,0.01,Profitable,2,Low-Value
550,19,87,708,402,19.655172413793103,1.4870478397083003e-14,0.0,1.0,37.26315789473684,37.53091873364089,0.0,0.0,Non-profitable,0,Moderate-Value
1890,3,95,25,648,2.8421052631578947,8.150389824631849e-08,0.0,1.0,8.333333333333334,9.615996988395711,0.0,0.01,Profitable,2,Low-Value
10742,11,72,746,487,13.750000000000002,2.4691135322082035e-12,0.0,1.0,67.81818181818181,68.40530231992544,0.0,0.0,Non-profitable,1,VIP
10356,4,5,32,645,72.0,1.0806164352861482e-13,0.0,1.0,8.0,8.954656611700585,0.0,0.0,Non-profitable,2,Low-Value
4676,23,86,1695,116,24.069767441860463,0.07529587179887037,0.0083,0.9917,73.69565217391305,73.98722484205427,0.28,15.85,Profitable,1,VIP
8852,23,80,1080,667,25.874999999999996,3.936780925793458e-25,0.0,1.0,46.95652173913044,47.19637464693001,0.0,0.0,Non-profitable,0,Moderate-Value
3565,6,62,72,91,8.709677419354838,0.7810694450779864,0.2428,0.7572,12.0,12.663886985969647,0.49,0.9,Profitable,2,Low-Value
5294,7,49,57,221,12.857142857142856,7.806951965534353e-06,0.0,1.0,8.142857142857142,8.686675381813256,0.0,0.09,Profitable,2,Low-Value
1958,19,85,660,100,20.11764705882353,2.69944612597138,0.3086,0.6914,34.73684210526316,34.998685311822996,4.72,7.74,Profitable,0,Moderate-Value
7349,7,7,103,635,90.0,2.22476979311614e-18,0.0,1.0,14.714285714285714,15.300053099990823,0.0,0.0,Non-profitable,2,Low-Value
8799,8,6,153,279,120.0,9.564798573552375e-15,0.0,1.0,19.125,19.66175473564119,0.0,0.01,Profitable,2,Low-Value
1351,28,25,1220,647,100.80000000000001,3.492365110732306e-43,0.0,1.0,43.57142857142857,43.763006074781224,0.0,0.0,Non-profitable,0,Moderate-Value
1045,11,55,279,682,18.0,7.317893157220679e-17,0.0,1.0,25.363636363636363,25.778694482869042,0.0,0.0,Non-profitable,0,Moderate-Value
7732,19,81,745,178,21.11111111111111,2.76787183860659e-06,0.0,1.0,39.21052631578947,39.48284866295885,0.0,0.39,Profitable,0,Moderate-Value
8070,11,98,264,120,10.10204081632653,1.4584510430611188,0.3371,0.6629,24.0,24.409531490244106,1.78,2.86,Profitable,2,Low-Value
7832,22,30,1526,305,66.0,3.31672253758678e-23,0.0,1.0,69.36363636363636,69.65972836104244,0.0,0.0,Non-profitable,1,VIP
2202,5,98,69,446,4.591836734693878,1.3329222986314779e-06,0.0,1.0,13.8,14.613981818352956,0.0,0.04,Profitable,2,Low-Value
7396,25,92,1597,596,24.456521739130434,1.5152160204487152e-23,0.0,1.0,63.88,64.13074114010938,0.0,0.0,Non-profitable,1,VIP
10340,12,68,497,593,15.882352941176471,2.704550367084938e-15,0.0,1.0,41.416666666666664,41.85662699699231,0.0,0.0,Non-profitable,0,Moderate-Value
10091,15,78,1067,405,17.30769230769231,6.178158436825555e-13,0.0,1.0,71.13333333333334,71.57326586118258,0.0,0.0,Non-profitable,1,VIP
7629,5,46,31,52,9.782608695652174,4.054430735005836,0.8597,0.14029999999999998,6.2,6.945886802532576,1.41,0.52,Profitable,2,Low-Value
10640,9,71,211,297,11.408450704225352,2.7613028330623687e-07,0.0,1.0,23.444444444444443,23.942679718232814,0.0,0.05,Profitable,2,Low-Value
3498,21,6,877,581,315.0,2.702295969478716e-44,0.0,1.0,41.76190476190476,42.01364265227458,0.0,0.0,Non-profitable,0,Moderate-Value
6742,3,82,11,532,3.292682926829268,6.292516232511328e-07,0.0,1.0,3.6666666666666665,4.879223675728493,0.0,0.01,Profitable,2,Low-Value
1172,24,71,2034,424,30.422535211267604,1.3109715548033069e-20,0.0,1.0,84.75,85.04989043925323,0.0,0.0,Non-profitable,1,VIP
569,18,32,1991,197,50.625,2.188918279166736e-14,0.0,1.0,110.61111111111111,111.07516290079991,0.0,0.01,Profitable,3,High-Value
4686,24,28,1686,88,77.14285714285714,1.7868057658744043e-10,0.0,1.0,70.25,70.52301479889671,0.0,1.34,Profitable,1,VIP
1381,12,20,324,152,54.0,1.3967312617558617e-10,0.0,1.0,27.0,27.386418726060377,0.0,0.11,Profitable,0,Moderate-Value
2634,6,10,69,72,54.0,0.00013489302601814876,0.0,1.0,11.5,12.160159273230764,0.0,0.78,Profitable,2,Low-Value
10905,11,7,252,608,141.42857142857142,3.044318863454527e-25,0.0,1.0,22.90909090909091,23.314201096144156,0.0,0.0,Non-profitable,2,Low-Value
1744,4,67,54,538,5.3731343283582085,4.555962814612211e-08,0.0,1.0,13.5,14.516394011182653,0.0,0.02,Profitable,2,Low-Value
1000,23,48,964,478,43.125,1.650996945213941e-25,0.0,1.0,41.91304347826087,42.14314111419112,0.0,0.0,Non-profitable,0,Moderate-Value
3828,26,61,1327,497,38.36065573770492,3.0237768049617316e-26,0.0,1.0,51.03846153846154,51.25757462823755,0.0,0.0,Non-profitable,0,Moderate-Value
8605,5,36,68,98,12.5,0.02721033180657529,0.0107,0.9893,13.6,14.412189844252419,0.02,0.74,Profitable,2,Low-Value
10304,4,77,60,548,4.675324675324676,7.158726228861208e-08,0.0,1.0,15.0,16.03323148376867,0.0,0.02,Profitable,2,Low-Value
4351,4,90,55,428,4.0,4.4411262109718624e-06,0.0,1.0,13.75,14.769200256613656,0.0,0.06,Profitable,2,Low-Value
10129,20,35,1456,109,51.42857142857142,6.595238148865477e-09,0.0,1.0,72.8,73.13341304124766,0.0,1.1,Profitable,1,VIP
2499,17,38,563,419,40.26315789473684,4.510408462671955e-20,0.0,1.0,33.11764705882353,33.40613584155678,0.0,0.0,Non-profitable,0,Moderate-Value
10092,22,46,1504,496,43.04347826086957,1.821419231806477e-25,0.0,1.0,68.36363636363636,68.65770602852984,0.0,0.0,Non-profitable,1,VIP
7500,17,33,564,66,46.36363636363636,0.0011336096301658215,0.0001,0.9999,33.1764705882353,33.4651134117804,0.0,6.29,Profitable,0,Moderate-Value
5796,22,70,1125,215,28.285714285714285,7.889659016267678e-11,0.0,1.0,51.13636363636363,51.395594027517355,0.0,0.01,Profitable,0,Moderate-Value
1064,4,18,42,200,20.0,9.556195452145369e-06,0.0,1.0,10.5,11.482719066010615,0.0,0.15,Profitable,2,Low-Value
7610,14,32,460,437,39.375,1.385903620520163e-18,0.0,1.0,32.857142857142854,33.20681852245768,0.0,0.0,Non-profitable,0,Moderate-Value
263,7,9,145,32,70.0,0.0262842446848717,0.0026,0.9974,20.714285714285715,21.338354494848602,0.03,2.37,Profitable,2,Low-Value
10814,24,6,1376,529,360.0,1.3328270480081342e-48,0.0,1.0,57.333333333333336,57.58240718823431,0.0,0.0,Non-profitable,1,VIP
9710,21,80,792,525,23.625,4.5620032722462726e-20,0.0,1.0,37.714285714285715,37.95744735516993,0.0,0.0,Non-profitable,0,Moderate-Value
9292,22,74,1382,611,26.756756756756758,9.427642960863849e-24,0.0,1.0,62.81818181818182,63.10103673005089,0.0,0.0,Non-profitable,1,VIP
10250,3,49,28,586,5.5102040816326525,2.177920217590064e-08,0.0,1.0,9.333333333333334,10.631019841110113,0.0,0.01,Profitable,2,Low-Value
7881,23,21,1033,274,98.57142857142858,2.8262605028828846e-26,0.0,1.0,44.91304347826087,45.148943819009936,0.0,0.0,Non-profitable,0,Moderate-Value
5847,20,95,882,396,18.94736842105263,3.4971875954813604e-14,0.0,1.0,44.1,44.36955508962377,0.0,0.0,Non-profitable,0,Moderate-Value
737,13,56,2231,483,20.892857142857142,2.897494318679003e-15,0.0,1.0,171.6153846153846,172.4676038421457,0.0,0.0,Non-profitable,3,High-Value
3571,16,48,1101,621,30.0,7.70774492217901e-22,0.0,1.0,68.8125,69.21840177320851,0.0,0.0,Non-profitable,1,VIP
7807,11,26,369,655,38.07692307692307,4.3381751124650515e-20,0.0,1.0,33.54545454545455,33.99367243861868,0.0,0.0,Non-profitable,0,Moderate-Value
3878,4,3,48,122,120.0,1.2214035786059338e-06,0.0,1.0,12.0,12.999556538596634,0.0,0.34,Profitable,2,Low-Value
5092,15,39,467,502,34.61538461538462,8.138260101835423e-20,0.0,1.0,31.133333333333333,31.45451027758053,0.0,0.0,Non-profitable,0,Moderate-Value
2154,5,33,44,551,13.636363636363637,1.133851688538552e-10,0.0,1.0,8.8,9.569182465839548,0.0,0.0,Non-profitable,2,Low-Value
5394,6,42,38,469,12.857142857142856,5.459890368584065e-10,0.0,1.0,6.333333333333333,6.954972908262318,0.0,0.0,Non-profitable,2,Low-Value
3798,6,80,81,235,6.75,0.00037269183702273837,0.0003,0.9997,13.5,14.175070124186293,0.0,0.27,Profitable,2,Low-Value
3524,8,9,167,329,80.0,1.5075113921369544e-14,0.0,1.0,20.875,21.4215217772181,0.0,0.0,Non-profitable,2,Low-Value
5883,18,78,664,399,20.76923076923077,9.412495459215437e-15,0.0,1.0,36.888888888888886,37.170636603596904,0.0,0.0,Non-profitable,0,Moderate-Value
2118,17,68,622,292,22.5,7.124107772748045e-12,0.0,1.0,36.588235294117645,36.88581248475017,0.0,0.0,Non-profitable,0,Moderate-Value
8812,5,45,48,476,10.0,5.112489049514036e-09,0.0,1.0,9.6,10.376350362241693,0.0,0.01,Profitable,2,Low-Value
6616,14,47,461,249,26.80851063829787,4.386069510740648e-11,0.0,1.0,32.92857142857143,33.27847435301764,0.0,0.01,Profitable,0,Moderate-Value
2797,25,34,1073,313,66.1764705882353,4.1615290906106865e-25,0.0,1.0,42.92,43.133448671513605,0.0,0.0,Non-profitable,0,Moderate-Value
4328,6,81,55,295,6.666666666666666,2.6590546704171416e-05,0.0,1.0,9.166666666666666,9.809429947115982,0.0,0.09,Profitable,2,Low-Value
9167,23,72,976,460,28.749999999999996,7.542104116399311e-21,0.0,1.0,42.43478260869565,42.665889410681345,0.0,0.0,Non-profitable,0,Moderate-Value
2631,16,29,1149,417,49.6551724137931,6.650660366890698e-21,0.0,1.0,71.8125,72.22675022607837,0.0,0.0,Non-profitable,1,VIP
5534,8,30,224,252,24.0,6.650081326900509e-09,0.0,1.0,28.0,28.58628758935267,0.0,0.05,Profitable,0,Moderate-Value
5093,6,15,101,649,36.0,5.860031799816934e-15,0.0,1.0,16.833333333333332,17.53325487577884,0.0,0.0,Non-profitable,2,Low-Value
7592,9,86,209,437,9.418604651162791,3.2219494302182696e-09,0.0,1.0,23.22222222222222,23.719355726585686,0.0,0.0,Non-profitable,2,Low-Value
8895,20,68,968,632,26.47058823529412,3.1805492681653196e-23,0.0,1.0,48.4,48.67912265728867,0.0,0.0,Non-profitable,0,Moderate-Value
8584,16,54,1165,386,26.666666666666664,9.369240944506163e-16,0.0,1.0,72.8125,73.22953304370165,0.0,0.0,Non-profitable,1,VIP
2694,4,44,24,103,8.181818181818182,0.08158449597498423,0.0412,0.9588,6.0,6.932206648252561,0.03,0.29,Profitable,2,Low-Value
8910,11,7,252,608,141.42857142857142,3.044318863454527e-25,0.0,1.0,22.90909090909091,23.314201096144156,0.0,0.0,Non-profitable,2,Low-Value
7433,8,87,165,669,8.275862068965518,6.495918593720414e-12,0.0,1.0,20.625,21.170126485564253,0.0,0.0,Non-profitable,2,Low-Value
164,11,59,269,624,16.779661016949152,1.227809251443728e-15,0.0,1.0,24.454545454545453,24.865919154452417,0.0,0.0,Non-profitable,2,Low-Value
10477,6,16,102,327,33.75,2.5882364084314347e-10,0.0,1.0,17.0,17.70116411335847,0.0,0.02,Profitable,2,Low-Value
2681,18,1,461,332,1620.0,1.1906596579100964e-42,0.0,1.0,25.61111111111111,25.86497056114611,0.0,0.0,Non-profitable,0,Moderate-Value
5150,5,64,47,559,7.03125,3.531813803779368e-09,0.0,1.0,9.4,10.174558388141158,0.0,0.0,Non-profitable,2,Low-Value
5283,7,72,144,132,8.75,0.05685394457847688,0.022,0.978,20.571428571428573,21.194585414018654,0.06,1.31,Profitable,2,Low-Value
9645,23,98,1338,623,21.122448979591837,5.46602118243622e-22,0.0,1.0,58.17391304347826,58.43546302146994,0.0,0.0,Non-profitable,1,VIP
10678,23,91,917,213,22.747252747252745,1.9303689183288697e-08,0.0,1.0,39.869565217391305,40.09571028627106,0.0,0.03,Profitable,0,Moderate-Value
7261,12,8,318,544,135.0,2.355714386400833e-25,0.0,1.0,26.5,26.8845617918084,0.0,0.0,Non-profitable,0,Moderate-Value
9648,10,20,253,603,45.0,3.991353638686516e-19,0.0,1.0,25.3,25.756465229892473,0.0,0.0,Non-profitable,0,Moderate-Value
2870,15,6,502,646,225.0,3.7683094252053358e-34,0.0,1.0,33.46666666666667,33.79477101995732,0.0,0.0,Non-profitable,0,Moderate-Value
8008,6,54,119,202,10.0,0.00013623014527113113,0.0001,0.9999,19.833333333333332,20.555621152212133,0.0,0.41,Profitable,2,Low-Value
1513,16,72,1250,670,20.0,7.779896720233717e-20,0.0,1.0,78.125,78.55681676232533,0.0,0.0,Non-profitable,1,VIP
6173,23,46,969,239,45.0,7.647668336830098e-17,0.0,1.0,42.130434782608695,42.36095290439538,0.0,0.0,Non-profitable,0,Moderate-Value
1419,6,11,76,328,49.090909090909086,3.0722370827139974e-11,0.0,1.0,12.666666666666666,13.335523936288155,0.0,0.01,Profitable,2,Low-Value
9150,5,21,62,78,21.428571428571427,0.011159994226703667,0.0035,0.9965,12.4,13.201437999649201,0.01,0.74,Profitable,2,Low-Value
7960,25,89,1382,318,25.280898876404496,9.702970301005394e-15,0.0,1.0,55.28,55.515439840971794,0.0,0.0,Non-profitable,1,VIP
1250,6,82,84,142,6.585365853658536,0.09536312163103403,0.0458,0.9542,14.0,14.678797836925176,0.07,0.77,Profitable,2,Low-Value
9905,9,69,255,351,11.739130434782608,1.4555052556323144e-08,0.0,1.0,28.333333333333332,28.855807534469655,0.0,0.02,Profitable,0,Moderate-Value
10691,4,55,43,380,6.545454545454545,1.5277616016043823e-06,0.0,1.0,10.75,11.735525311441618,0.0,0.04,Profitable,2,Low-Value
7002,13,13,398,269,90.0,3.648664197151492e-18,0.0,1.0,30.615384615384617,30.9843676242294,0.0,0.0,Non-profitable,0,Moderate-Value
762,20,27,823,58,66.66666666666666,6.996085663505144e-05,0.0,1.0,41.15,41.412991293202495,0.0,8.98,Profitable,0,Moderate-Value
6977,28,87,1921,623,28.96551724137931,2.4798013366436714e-27,0.0,1.0,68.60714285714286,68.83848426629685,0.0,0.0,Non-profitable,1,VIP
6289,8,85,185,427,8.470588235294118,1.735153887774034e-08,0.0,1.0,23.125,23.6840794021027,0.0,0.01,Profitable,2,Low-Value
4168,14,30,433,466,42.0,1.3056335524792075e-19,0.0,1.0,30.928571428571427,31.272111097338712,0.0,0.0,Non-profitable,0,Moderate-Value
8397,4,82,34,170,4.390243902439025,0.03355273384137932,0.0276,0.9724,8.5,9.460269102562592,0.02,0.29,Profitable,2,Low-Value
9284,22,21,907,386,94.28571428571429,1.6106581609367442e-29,0.0,1.0,41.22727272727273,41.4664636417107,0.0,0.0,Non-profitable,0,Moderate-Value
6237,25,92,416,204,24.456521739130434,2.0309853280387335e-08,0.0,1.0,16.64,16.806690748102508,0.0,0.01,Profitable,2,Low-Value
3130,6,95,44,390,5.684210526315789,2.1574644178256734e-06,0.0,1.0,7.333333333333333,7.962428333740083,0.0,0.03,Profitable,2,Low-Value
1619,16,2,1588,62,720.0,2.86706226021853e-20,0.0,1.0,99.25,99.74060378461714,0.0,4.83,Profitable,3,High-Value
1990,16,74,1797,601,19.45945945945946,2.4107266275550108e-18,0.0,1.0,112.3125,112.83945433982124,0.0,0.0,Non-profitable,3,High-Value
5513,4,49,40,633,7.346938775510203,9.267550208830341e-10,0.0,1.0,10.0,10.97710657514861,0.0,0.0,Non-profitable,2,Low-Value
269,15,71,1143,590,19.014084507042252,1.4378121944910096e-17,0.0,1.0,76.2,76.65497490177216,0.0,0.0,Non-profitable,1,VIP
10513,11,68,1502,525,14.558823529411766,2.668223423965905e-13,0.0,1.0,136.54545454545453,137.4111171482223,0.0,0.0,Non-profitable,3,High-Value
10177,17,4,1338,500,382.5,1.582832273337281e-37,0.0,1.0,78.70588235294117,79.11375276485975,0.0,0.0,Non-profitable,1,VIP
2549,4,80,27,343,4.5,3.247364594581833e-05,0.0001,0.9999,6.75,7.69062538454557,0.0,0.06,Profitable,2,Low-Value
5782,20,15,763,274,120.0,6.877269172350785e-26,0.0,1.0,38.15,38.406316245994425,0.0,0.0,Non-profitable,0,Moderate-Value
10057,21,70,1331,345,27.0,5.878892250390119e-16,0.0,1.0,63.38095238095238,63.678497533280584,0.0,0.0,Non-profitable,1,VIP
10307,16,91,525,302,15.824175824175825,1.7672454578431254e-09,0.0,1.0,32.8125,33.1182203387704,0.0,0.0,Non-profitable,0,Moderate-Value
8566,3,10,9,14,27.0,9.464049692914061,0.8792,0.12080000000000002,3.0,4.202541773918891,1.99,0.23,Profitable,2,Low-Value
5684,5,25,68,261,18.0,4.1802514904896234e-07,0.0,1.0,13.6,14.412189844252419,0.0,0.08,Profitable,2,Low-Value
8334,7,34,131,268,18.52941176470588,4.665001769447112e-08,0.0,1.0,18.714285714285715,19.325587363229342,0.0,0.05,Profitable,2,Low-Value
9166,20,57,882,324,31.57894736842105,2.0966002814508552e-16,0.0,1.0,44.1,44.36955508962377,0.0,0.0,Non-profitable,0,Moderate-Value
1440,23,84,1149,663,24.642857142857146,1.5590563110165339e-24,0.0,1.0,49.95652173913044,50.20217735174883,0.0,0.0,Non-profitable,0,Moderate-Value
78,4,51,37,287,7.0588235294117645,2.3836915547311972e-05,0.0,1.0,9.25,10.218687838855601,0.0,0.09,Profitable,2,Low-Value
5441,13,97,388,308,12.061855670103093,7.298179646541815e-08,0.0,1.0,29.846153846153847,30.21250054175304,0.0,0.02,Profitable,0,Moderate-Value
5302,15,13,1428,499,103.84615384615384,1.0474844570616164e-26,0.0,1.0,95.2,95.71138380398314,0.0,0.0,Non-profitable,3,High-Value
4687,23,92,1633,402,22.5,1.8515679122568762e-16,0.0,1.0,71.0,71.28635864352142,0.0,0.0,Non-profitable,1,VIP
1087,7,30,173,403,21.0,6.236867509709892e-11,0.0,1.0,24.714285714285715,25.36388875808712,0.0,0.01,Profitable,0,Moderate-Value
6859,7,30,99,264,21.0,2.3329282241323082e-08,0.0,1.0,14.142857142857142,14.724976776671035,0.0,0.04,Profitable,2,Low-Value
9860,9,11,215,471,73.63636363636364,6.479877858464973e-18,0.0,1.0,23.88888888888889,24.389327701527073,0.0,0.0,Non-profitable,2,Low-Value
7129,23,72,929,497,28.749999999999996,6.248208412608775e-22,0.0,1.0,40.391304347826086,40.618458582761285,0.0,0.0,Non-profitable,0,Moderate-Value
5866,9,39,219,101,20.76923076923077,0.0022457119776838914,0.0005,0.9995,24.333333333333332,24.83597568482133,0.0,1.91,Profitable,2,Low-Value
10521,8,0,174,291,0.0,1.62003862920614e-22,0.0,1.0,21.75,22.301405298006554,0.0,0.0,Non-profitable,2,Low-Value
7393,6,15,92,566,36.0,5.988294291355686e-14,0.0,1.0,15.333333333333334,16.022071737562197,0.0,0.0,Non-profitable,2,Low-Value
7849,24,12,1052,293,180.0,8.784664090554236e-34,0.0,1.0,43.833333333333336,44.05738504031618,0.0,0.0,Non-profitable,0,Moderate-Value
332,11,56,275,464,17.678571428571427,3.4500955397573477e-13,0.0,1.0,25.0,25.413584351502394,0.0,0.0,Non-profitable,0,Moderate-Value
9847,14,39,587,695,32.30769230769231,2.836421072583233e-22,0.0,1.0,41.92857142857143,42.30710900357285,0.0,0.0,Non-profitable,0,Moderate-Value
531,22,55,1662,645,36.0,1.932691326333875e-27,0.0,1.0,75.54545454545455,75.85404823475669,0.0,0.0,Non-profitable,1,VIP
9576,8,60,159,503,12.0,4.731096700615126e-11,0.0,1.0,19.875,20.41594061060272,0.0,0.0,Non-profitable,2,Low-Value
6906,17,73,1024,391,20.95890410958904,2.1779151698704265e-14,0.0,1.0,60.23529411764706,60.5947957146441,0.0,0.0,Non-profitable,1,VIP
3170,14,86,1042,302,14.651162790697676,6.3609582271793316e-09,0.0,1.0,74.42857142857143,74.91051190835553,0.0,0.02,Profitable,1,VIP
8527,14,37,395,204,34.054054054054056,7.035673942201133e-11,0.0,1.0,28.214285714285715,28.549189536060158,0.0,0.02,Profitable,0,Moderate-Value
7872,22,7,557,655,282.85714285714283,1.3228626247027289e-46,0.0,1.0,25.318181818181817,25.52519926082846,0.0,0.0,Non-profitable,0,Moderate-Value
10595,5,19,69,356,23.684210526315788,2.8979504219681937e-09,0.0,1.0,13.8,14.613981818352956,0.0,0.02,Profitable,2,Low-Value
4609,15,14,486,169,96.42857142857143,4.2261625549531495e-16,0.0,1.0,32.4,32.724937537727925,0.0,0.01,Profitable,0,Moderate-Value
5010,4,72,34,147,5.0,0.05627245491368408,0.0402,0.9598,8.5,9.460269102562592,0.03,0.32,Profitable,2,Low-Value
4427,27,56,1365,649,43.392857142857146,1.7728050620182034e-32,0.0,1.0,50.55555555555556,50.765744530738964,0.0,0.0,Non-profitable,0,Moderate-Value
11148,3,85,13,406,3.176470588235294,1.9154141361644948e-05,0.0,1.0,4.333333333333333,5.555905577538095,0.0,0.03,Profitable,2,Low-Value
1168,20,62,1401,608,29.032258064516128,1.5841919656158206e-23,0.0,1.0,70.05,70.3772942479736,0.0,0.0,Non-profitable,1,VIP
9595,13,1,1574,534,1170.0,6.909586061476124e-36,0.0,1.0,121.07692307692308,121.75593652344904,0.0,0.0,Non-profitable,3,High-Value
10163,19,28,1323,292,61.07142857142858,2.0562684527815024e-20,0.0,1.0,69.63157894736842,69.97515945068267,0.0,0.0,Non-profitable,1,VIP
2886,28,70,1217,321,36.0,1.920314297076317e-19,0.0,1.0,43.464285714285715,43.655693044004416,0.0,0.0,Non-profitable,0,Moderate-Value
6710,6,84,103,589,6.428571428571428,1.6045174528320584e-09,0.0,1.0,17.166666666666668,17.8690733509381,0.0,0.0,Non-profitable,2,Low-Value
5316,6,89,84,360,6.067415730337078,3.983372847339352e-06,0.0,1.0,14.0,14.678797836925176,0.0,0.06,Profitable,2,Low-Value
9029,22,73,1536,519,27.123287671232877,1.3657673809610077e-21,0.0,1.0,69.81818181818181,70.11519305763908,0.0,0.0,Non-profitable,1,VIP
521,16,42,581,649,34.285714285714285,2.6509883643553085e-23,0.0,1.0,36.3125,36.62796020045188,0.0,0.0,Non-profitable,0,Moderate-Value
1459,13,16,928,599,73.125,1.952903453119246e-24,0.0,1.0,71.38461538461539,71.89332299547634,0.0,0.0,Non-profitable,1,VIP
10241,3,16,14,196,16.875,5.080825234970185e-05,0.0001,0.9999,4.666666666666667,5.894246528442896,0.0,0.08,Profitable,2,Low-Value
1630,14,56,424,326,22.5,2.2809113593934636e-12,0.0,1.0,30.285714285714285,30.627208622299054,0.0,0.0,Non-profitable,0,Moderate-Value
3254,13,65,960,258,18.0,8.129892546507058e-09,0.0,1.0,73.84615384615384,74.36329765940069,0.0,0.05,Profitable,1,VIP
9064,19,10,1555,597,171.0,4.835253959212161e-37,0.0,1.0,81.84210526315789,82.21428765613582,0.0,0.0,Non-profitable,1,VIP
3678,18,13,656,630,124.61538461538461,4.150662023345902e-34,0.0,1.0,36.44444444444444,36.725093114239236,0.0,0.0,Non-profitable,0,Moderate-Value
4227,6,78,55,296,6.923076923076923,1.9442122215659628e-05,0.0,1.0,9.166666666666666,9.809429947115982,0.0,0.08,Profitable,2,Low-Value
8486,13,27,367,636,43.33333333333333,3.311954126545392e-22,0.0,1.0,28.23076923076923,28.59157966855269,0.0,0.0,Non-profitable,0,Moderate-Value
2186,21,30,2257,111,62.99999999999999,6.181239989529923e-11,0.0,1.0,107.47619047619048,107.86716629938535,0.0,0.61,Profitable,3,High-Value
3286,5,71,42,120,6.338028169014085,0.2111876797311355,0.1015,0.8985,8.4,9.165598517638475,0.1,0.46,Profitable,2,Low-Value
8602,24,97,1049,382,22.2680412371134,8.941685657391723e-16,0.0,1.0,43.708333333333336,43.93215335376138,0.0,0.0,Non-profitable,0,Moderate-Value
6715,19,3,685,543,570.0,1.8449853369932465e-44,0.0,1.0,36.05263157894737,36.317556885686486,0.0,0.0,Non-profitable,0,Moderate-Value
4796,4,71,39,71,5.070422535211268,2.8516604034282733,1.0,0.0,9.75,10.724300329717607,1.53,0.59,Profitable,2,Low-Value
9612,4,3,43,142,120.0,3.7154138417631223e-07,0.0,1.0,10.75,11.735525311441618,0.0,0.25,Profitable,2,Low-Value
3766,18,15,835,682,108.0,4.516121342644871e-34,0.0,1.0,46.388888888888886,46.694128688617035,0.0,0.0,Non-profitable,0,Moderate-Value
1399,19,52,1515,159,32.88461538461538,6.493453558201209e-09,0.0,1.0,79.73684210526316,80.10409313795425,0.0,0.22,Profitable,1,VIP
1570,24,8,1039,495,270.0,6.149814370141298e-45,0.0,1.0,43.291666666666664,43.51471439857872,0.0,0.0,Non-profitable,0,Moderate-Value
3426,23,89,1596,349,23.258426966292138,6.374788796635143e-15,0.0,1.0,69.3913043478261,69.67455139600989,0.0,0.0,Non-profitable,1,VIP
3074,17,66,1828,622,23.18181818181818,1.6831300895526905e-20,0.0,1.0,107.52941176470588,108.01276217443196,0.0,0.0,Non-profitable,3,High-Value
8341,4,22,34,60,16.363636363636363,0.18102678085958918,0.0538,0.9462,8.5,9.460269102562592,0.09,0.51,Profitable,2,Low-Value
5180,8,56,149,72,12.857142857142856,2.435272420292812,0.4613,0.5387,18.625,19.1589641523335,2.33,2.03,Profitable,2,Low-Value
6461,22,74,946,406,26.756756756756758,3.705404089035669e-18,0.0,1.0,43.0,43.24277595843758,0.0,0.0,Non-profitable,0,Moderate-Value
10702,15,67,450,603,20.149253731343283,3.2830105614632836e-18,0.0,1.0,30.0,30.317812202711806,0.0,0.0,Non-profitable,0,Moderate-Value
7505,4,24,46,161,15.0,0.00019425235386197833,0.0002,0.9998,11.5,12.493944047734628,0.0,0.27,Profitable,2,Low-Value
5113,15,67,1702,234,20.149253731343283,8.347287377506564e-09,0.0,1.0,113.46666666666667,114.03228218716141,0.0,0.09,Profitable,3,High-Value
10858,21,38,820,293,49.736842105263165,1.243380699913312e-19,0.0,1.0,39.04761904761905,39.293605805980874,0.0,0.0,Non-profitable,0,Moderate-Value
2961,13,86,382,488,13.604651162790697,8.6027659176305e-13,0.0,1.0,29.384615384615383,29.749380292267226,0.0,0.0,Non-profitable,0,Moderate-Value
2747,19,90,2126,667,19.0,1.353368555218662e-20,0.0,1.0,111.89473684210526,112.33731440317787,0.0,0.0,Non-profitable,3,High-Value
5790,5,62,72,518,7.258064516129032,9.229868896269305e-09,0.0,1.0,14.4,15.219357740654564,0.0,0.01,Profitable,2,Low-Value
6892,20,23,732,26,78.26086956521739,27.644069046863944,0.8067,0.19330000000000003,36.6,36.85286747160359,50.94,12.74,Profitable,0,Moderate-Value
3578,10,29,236,252,31.03448275862069,1.072716289146961e-10,0.0,1.0,23.6,24.048883306491113,0.0,0.01,Profitable,2,Low-Value
8462,4,52,80,658,6.923076923076923,6.706997553667377e-10,0.0,1.0,20.0,21.089356392388733,0.0,0.01,Profitable,2,Low-Value
5558,14,90,1685,90,14.0,7.217282606700474,1.0,0.0,120.35714285714286,120.98521095841106,43.66,21.35,Profitable,3,High-Value
4619,27,9,277,32,270.0,1.0427656183242485e-11,0.0,1.0,10.25925925925926,10.403071788265091,0.0,3.44,Profitable,2,Low-Value
8780,16,71,507,381,20.281690140845072,1.1998167636675144e-13,0.0,1.0,31.6875,31.990089668944204,0.0,0.0,Non-profitable,0,Moderate-Value
10789,5,13,68,491,34.61538461538462,6.5212975119154615e-12,0.0,1.0,13.6,14.412189844252419,0.0,0.0,Non-profitable,2,Low-Value
10779,4,16,49,77,22.5,0.010209656046425502,0.0039,0.9961,12.25,13.252362784027637,0.01,0.6,Profitable,2,Low-Value
5896,14,94,397,103,13.404255319148936,4.634526385000393,0.7327,0.2673,28.357142857142858,28.692501197180082,6.65,4.72,Profitable,0,Moderate-Value
2337,6,77,39,248,7.012987012987013,0.00015143944107820663,0.0001,0.9999,6.5,7.122882145841946,0.0,0.11,Profitable,2,Low-Value
10951,12,20,306,155,54.0,1.0181963304013088e-10,0.0,1.0,25.5,25.880847923304454,0.0,0.09,Profitable,0,Moderate-Value
544,13,51,976,414,22.941176470588232,2.3599440041578137e-14,0.0,1.0,75.07692307692308,75.59828499136286,0.0,0.0,Non-profitable,1,VIP
17,24,81,1028,296,26.666666666666664,2.727019556557286e-14,0.0,1.0,42.833333333333336,43.055531547877806,0.0,0.0,Non-profitable,0,Moderate-Value
10680,6,71,70,144,7.605633802816901,0.03042822115581676,0.0148,0.9852,11.666666666666666,12.328068510810391,0.02,0.6,Profitable,2,Low-Value
3265,4,36,46,467,10.0,1.7289410837674433e-08,0.0,1.0,11.5,12.493944047734628,0.0,0.02,Profitable,2,Low-Value
5623,4,95,51,276,3.789473684210526,0.0008454660404349963,0.0011,0.9989,12.75,13.757975274889644,0.0,0.21,Profitable,2,Low-Value
5832,21,32,1263,70,59.0625,1.475163856398007e-05,0.0,1.0,60.142857142857146,60.43354129559687,0.0,9.95,Profitable,1,VIP
5544,20,32,1490,596,56.25,4.8380765970833234e-29,0.0,1.0,74.5,74.83719556799892,0.0,0.0,Non-profitable,1,VIP
6417,23,85,1564,623,24.352941176470587,1.766330940699405e-23,0.0,1.0,68.0,68.2805559387026,0.0,0.0,Non-profitable,1,VIP
5831,15,93,1815,676,14.516129032258064,3.020186213835965e-17,0.0,1.0,121.0,121.58798115540647,0.0,0.0,Non-profitable,3,High-Value
7101,25,24,1198,520,93.75,3.9723276060094344e-36,0.0,1.0,47.92,48.14234477566336,0.0,0.0,Non-profitable,0,Moderate-Value
10176,16,44,416,674,32.72727272727273,1.9729424354980303e-23,0.0,1.0,26.0,26.286762393711793,0.0,0.0,Non-profitable,0,Moderate-Value
2326,5,15,85,498,30.0,1.036795371637377e-11,0.0,1.0,17.0,17.84265340396154,0.0,0.0,Non-profitable,2,Low-Value
4385,6,82,47,394,6.585365853658536,6.340123298682825e-07,0.0,1.0,7.833333333333333,8.466156046478964,0.0,0.02,Profitable,2,Low-Value
2929,7,27,137,494,23.333333333333332,1.201455971063867e-12,0.0,1.0,19.571428571428573,20.188201848209026,0.0,0.0,Non-profitable,2,Low-Value
10686,3,72,21,550,3.75,2.3274076539099274e-07,0.0,1.0,7.0,8.262633184776504,0.0,0.02,Profitable,2,Low-Value
2546,5,7,70,7,64.28571428571429,32.06891252610488,1.0,0.0,14.0,14.815773792453491,23.76,1.45,Profitable,2,Low-Value
3283,20,57,909,161,31.57894736842105,1.1335692895137393e-08,0.0,1.0,45.45,45.72255886086741,0.0,0.13,Profitable,0,Moderate-Value
3138,22,84,1676,617,23.571428571428573,1.239213394889526e-22,0.0,1.0,76.18181818181819,76.49169880999199,0.0,0.0,Non-profitable,1,VIP
4994,25,53,1735,271,42.45283018867924,2.5143789335000177e-18,0.0,1.0,69.4,69.6605624390907,0.0,0.0,Non-profitable,1,VIP
7966,27,48,1191,537,50.625,3.4186953701645477e-31,0.0,1.0,44.111111111111114,44.310684735527154,0.0,0.0,Non-profitable,0,Moderate-Value
3112,4,2,24,297,180.0,1.3863625123856702e-10,0.0,1.0,6.0,6.932206648252561,0.0,0.02,Profitable,2,Low-Value
10872,17,65,1182,583,23.53846153846154,7.836830879052968e-20,0.0,1.0,69.52941176470588,69.91325180997555,0.0,0.0,Non-profitable,1,VIP
2181,13,45,1280,371,25.999999999999996,4.430125195299841e-14,0.0,1.0,98.46153846153847,99.06304429864413,0.0,0.0,Non-profitable,3,High-Value
1867,18,42,1336,593,38.57142857142857,1.998942476606866e-24,0.0,1.0,74.22222222222223,74.59628970964093,0.0,0.0,Non-profitable,1,VIP
1518,19,29,749,377,58.96551724137931,5.099383379870924e-23,0.0,1.0,39.421052631578945,39.69386811477701,0.0,0.0,Non-profitable,0,Moderate-Value
5734,6,83,91,221,6.506024096385542,0.0009806725420647357,0.0007,0.9993,15.166666666666666,15.854162499982566,0.0,0.38,Profitable,2,Low-Value
2878,13,93,414,274,12.580645161290322,3.86800570833934e-07,0.0,1.0,31.846153846153847,32.219354956191566,0.0,0.06,Profitable,0,Moderate-Value
1458,6,40,44,173,13.5,0.00010325233277742559,0.0001,0.9999,7.333333333333333,7.962428333740083,0.0,0.19,Profitable,2,Low-Value
7007,6,47,63,89,11.489361702127658,0.17917104077797383,0.0545,0.9455,10.5,11.152703847753001,0.1,0.76,Profitable,2,Low-Value
6200,21,50,901,447,37.8,2.3702031908894126e-22,0.0,1.0,42.904761904761905,43.15892132439824,0.0,0.0,Non-profitable,0,Moderate-Value
1403,4,40,38,661,9.0,1.8888604909640422e-10,0.0,1.0,9.5,10.471494084286604,0.0,0.0,Non-profitable,2,Low-Value
4827,15,3,455,476,450.0,1.3909678192477563e-34,0.0,1.0,30.333333333333332,30.652135165908486,0.0,0.0,Non-profitable,0,Moderate-Value
6250,21,62,775,587,30.483870967741932,5.492716084135405e-24,0.0,1.0,36.904761904761905,37.146208295749,0.0,0.0,Non-profitable,0,Moderate-Value
9291,3,25,15,98,10.799999999999999,0.024687341665443764,0.0152,0.9848,5.0,6.232587479347697,0.01,0.19,Profitable,2,Low-Value
2478,5,48,38,302,9.375,2.4919089619583822e-06,0.0,1.0,7.6,8.35843062123633,0.0,0.04,Profitable,2,Low-Value
1139,21,56,1512,143,33.75,5.971452120913971e-08,0.0,1.0,72.0,72.3158075188799,0.0,0.51,Profitable,1,VIP
5138,4,68,43,531,5.294117647058823,5.896863337593229e-08,0.0,1.0,10.75,11.735525311441618,0.0,0.01,Profitable,2,Low-Value
5393,4,64,42,691,5.625,8.392374960978622e-10,0.0,1.0,10.5,11.482719066010615,0.0,0.0,Non-profitable,2,Low-Value
5015,7,94,162,653,6.702127659574468,1.1779921820416244e-10,0.0,1.0,23.142857142857142,23.7824288689577,0.0,0.0,Non-profitable,2,Low-Value
10868,17,82,1272,508,18.65853658536585,2.0625150634693175e-16,0.0,1.0,74.82352941176471,75.22123313010106,0.0,0.0,Non-profitable,1,VIP
10676,18,3,1173,604,540.0,1.171438642286338e-43,0.0,1.0,65.16666666666667,65.51834111397847,0.0,0.0,Non-profitable,1,VIP
7842,6,54,74,455,10.0,4.4114620548615115e-09,0.0,1.0,12.333333333333334,12.999705461128903,0.0,0.01,Profitable,2,Low-Value
9955,7,20,134,502,31.499999999999996,1.17219311263101e-13,0.0,1.0,19.142857142857142,19.756894605719182,0.0,0.0,Non-profitable,2,Low-Value
6663,8,96,157,356,7.5,9.802108846853043e-07,0.0,1.0,19.625,20.16454531894888,0.0,0.05,Profitable,2,Low-Value
2162,16,19,561,284,75.78947368421052,6.944492259956713e-20,0.0,1.0,35.0625,35.37448167842278,0.0,0.0,Non-profitable,0,Moderate-Value
7919,22,2,2092,685,990.0,3.886764474696417e-57,0.0,1.0,95.0909090909091,95.43903018841202,0.0,0.0,Non-profitable,3,High-Value
5626,15,13,463,218,103.84615384615384,9.55515055456817e-19,0.0,1.0,30.866666666666667,31.187051907023182,0.0,0.0,Non-profitable,0,Moderate-Value
6428,16,37,1130,57,38.91891891891892,0.18261321246703502,0.0142,0.9858,70.625,71.03594563015072,0.65,15.58,Profitable,1,VIP
8514,4,59,20,163,6.101694915254237,0.009100042658563757,0.0072,0.9928,5.0,5.920981666528549,0.0,0.17,Profitable,2,Low-Value
10448,13,55,377,615,21.272727272727273,8.441881234113015e-18,0.0,1.0,29.0,29.36344675102905,0.0,0.0,Non-profitable,0,Moderate-Value
2109,27,60,1544,432,40.5,3.974856544962995e-25,0.0,1.0,57.18518518518518,57.40629454995111,0.0,0.0,Non-profitable,1,VIP
7530,7,48,138,53,13.125,5.521307243927834,0.8773,0.12270000000000003,19.714285714285715,20.33197092903897,5.61,2.12,Profitable,2,Low-Value
8925,23,38,1012,361,54.473684210526315,4.991963475490061e-24,0.0,1.0,44.0,44.234134300152036,0.0,0.0,Non-profitable,0,Moderate-Value
3009,14,8,1766,355,157.5,1.3074787592039471e-24,0.0,1.0,126.14285714285714,126.78933323376798,0.0,0.0,Non-profitable,3,High-Value
3517,7,32,161,419,19.6875,5.4394670766780233e-11,0.0,1.0,23.0,23.638659788127754,0.0,0.0,Non-profitable,2,Low-Value
1158,7,27,144,175,23.333333333333332,1.7073611439101235e-06,0.0,1.0,20.571428571428573,21.194585414018654,0.0,0.31,Profitable,2,Low-Value
6203,25,58,1734,309,38.79310344827586,4.0188598400661894e-19,0.0,1.0,69.36,69.62049127025749,0.0,0.0,Non-profitable,1,VIP
7165,20,59,823,250,30.508474576271183,3.8931254112709115e-13,0.0,1.0,41.15,41.412991293202495,0.0,0.0,Non-profitable,0,Moderate-Value
3595,26,29,1138,121,80.6896551724138,4.896295534622703e-15,0.0,1.0,43.76923076923077,43.97590858804658,0.0,0.02,Profitable,0,Moderate-Value
8537,20,60,1429,487,30.0,6.485634041533087e-21,0.0,1.0,71.45,71.78040927000404,0.0,0.0,Non-profitable,1,VIP
4331,20,41,1371,157,43.90243902439024,2.6661407884885197e-11,0.0,1.0,68.55,68.87395672436956,0.0,0.05,Profitable,1,VIP
6281,14,27,982,500,46.666666666666664,5.920449753651675e-21,0.0,1.0,70.14285714285714,70.61116207475781,0.0,0.0,Non-profitable,1,VIP
4338,4,28,44,96,12.857142857142856,0.019765203368326788,0.0093,0.9907,11.0,11.988331556872621,0.01,0.49,Profitable,2,Low-Value
2452,12,8,318,544,135.0,2.355714386400833e-25,0.0,1.0,26.5,26.8845617918084,0.0,0.0,Non-profitable,0,Moderate-Value
9507,14,18,434,448,70.0,3.042644821646532e-22,0.0,1.0,31.0,31.343766927898674,0.0,0.0,Non-profitable,0,Moderate-Value
8360,9,76,198,234,10.657894736842104,1.9450882087973517e-05,0.0,1.0,22.0,22.491073772526477,0.0,0.25,Profitable,2,Low-Value
10311,25,0,359,267,0.0,5.453906102702009e-65,0.0,1.0,14.36,14.522634124610219,0.0,0.0,Non-profitable,2,Low-Value
5117,16,32,576,696,45.0,4.889831796386596e-26,0.0,1.0,36.0,36.314590569944606,0.0,0.0,Non-profitable,0,Moderate-Value
4867,7,2,88,282,315.0,6.205639900581784e-16,0.0,1.0,12.571428571428571,13.143516887541617,0.0,0.01,Profitable,2,Low-Value
9289,5,16,63,80,28.125,0.0024699873339380117,0.0008,0.9992,12.6,13.403229973749736,0.0,0.72,Profitable,2,Low-Value
10913,3,56,27,571,4.821428571428571,5.134745842016753e-08,0.0,1.0,9.0,10.292678890205313,0.0,0.01,Profitable,2,Low-Value
3032,8,97,193,487,7.422680412371134,6.450945124079644e-09,0.0,1.0,24.125,24.68966056871808,0.0,0.01,Profitable,2,Low-Value
8524,6,15,101,649,36.0,5.860031799816934e-15,0.0,1.0,16.833333333333332,17.53325487577884,0.0,0.0,Non-profitable,2,Low-Value
3334,21,35,2211,137,54.0,8.552460610389992e-12,0.0,1.0,105.28571428571429,105.67204884448165,0.0,0.12,Profitable,3,High-Value
4470,7,3,140,384,210.0,6.616301161627855e-17,0.0,1.0,20.0,20.619509090698866,0.0,0.0,Non-profitable,2,Low-Value
1406,14,49,415,502,25.71428571428571,2.3128078983758154e-17,0.0,1.0,29.642857142857142,29.982306147259397,0.0,0.0,Non-profitable,0,Moderate-Value
8619,3,4,22,552,67.5,3.6099488238688826e-11,0.0,1.0,7.333333333333333,8.600974135681305,0.0,0.01,Profitable,2,Low-Value
10821,10,45,263,508,20.0,4.1819022446696525e-14,0.0,1.0,26.3,26.76092518483445,0.0,0.0,Non-profitable,0,Moderate-Value
4552,11,37,393,372,26.756756756756758,2.2588802302040673e-13,0.0,1.0,35.72727272727273,36.18433322681858,0.0,0.0,Non-profitable,0,Moderate-Value
898,7,39,147,251,16.153846153846153,2.928669419220387e-07,0.0,1.0,21.0,21.625892656508494,0.0,0.09,Profitable,2,Low-Value
9797,14,38,443,77,33.1578947368421,0.0033181475770107933,0.0004,0.9996,31.642857142857142,31.98866940293833,0.01,4.68,Profitable,0,Moderate-Value
10949,18,8,1958,195,202.5,1.36013476025096e-24,0.0,1.0,108.77777777777777,109.23729600719952,0.0,0.0,Non-profitable,3,High-Value
8212,8,89,174,458,8.089887640449438,8.239278176561456e-09,0.0,1.0,21.75,22.301405298006554,0.0,0.01,Profitable,2,Low-Value
6248,27,47,2217,255,51.70212765957447,3.2461771591942886e-20,0.0,1.0,82.11111111111111,82.37327870039681,0.0,0.0,Non-profitable,1,VIP
10164,15,75,1691,87,18.0,4.108684098180833,0.5153,0.4847,112.73333333333333,113.29677166812871,23.28,21.19,Profitable,3,High-Value
4547,4,86,25,438,4.186046511627907,2.5932113143044996e-06,0.0,1.0,6.25,7.185012893683564,0.0,0.03,Profitable,2,Low-Value
6815,21,4,809,37,472.5,1.0354842105330019e-16,0.0,1.0,38.523809523809526,38.76868641459086,0.0,7.59,Profitable,0,Moderate-Value
4122,15,73,895,669,18.493150684931507,8.221461290473309e-19,0.0,1.0,59.666666666666664,60.072555927216655,0.0,0.0,Non-profitable,1,VIP
10841,15,46,484,551,29.347826086956523,9.795977597833831e-20,0.0,1.0,32.266666666666666,32.59120835244925,0.0,0.0,Non-profitable,0,Moderate-Value
5370,14,38,413,529,33.1578947368421,1.8042798791000145e-19,0.0,1.0,29.5,29.838994486139473,0.0,0.0,Non-profitable,0,Moderate-Value
176,11,73,331,178,13.561643835616438,0.00014910091451903428,0.0001,0.9999,30.09090909090909,30.525126190635497,0.0,0.92,Profitable,0,Moderate-Value
4860,4,66,25,478,5.454545454545455,2.1184698057366316e-07,0.0,1.0,6.25,7.185012893683564,0.0,0.01,Profitable,2,Low-Value
10757,3,36,13,187,7.5,0.0009227758569102237,0.0011,0.9989,4.333333333333333,5.555905577538095,0.0,0.09,Profitable,2,Low-Value
4023,7,29,115,661,21.724137931034484,1.200900892198136e-14,0.0,1.0,16.428571428571427,17.025282069950187,0.0,0.0,Non-profitable,2,Low-Value
9923,6,6,92,284,90.0,7.633489463892389e-12,0.0,1.0,15.333333333333334,16.022071737562197,0.0,0.02,Profitable,2,Low-Value
7181,5,97,52,234,4.639175257731958,0.002865113997090585,0.0026,0.9974,10.4,11.183518258643838,0.0,0.26,Profitable,2,Low-Value
3599,20,61,1464,580,29.508196721311474,4.8477336694896796e-23,0.0,1.0,73.2,73.53430304754208,0.0,0.0,Non-profitable,1,VIP
405,13,68,441,501,17.205882352941174,1.8028168910728734e-14,0.0,1.0,33.92307692307692,34.30339607887773,0.0,0.0,Non-profitable,0,Moderate-Value
6870,11,73,283,285,13.561643835616438,6.617664565840811e-08,0.0,1.0,25.727272727272727,26.143804614235695,0.0,0.03,Profitable,0,Moderate-Value
832,20,90,747,119,20.0,0.1978643136032861,0.0255,0.9745,37.35,37.604536233405604,0.37,7.33,Profitable,0,Moderate-Value
2002,16,81,1870,405,17.77777777777778,2.568488784030464e-13,0.0,1.0,116.875,117.41465094522746,0.0,0.0,Non-profitable,3,High-Value
3657,8,1,165,500,720.0,2.6699091957459574e-23,0.0,1.0,20.625,21.170126485564253,0.0,0.0,Non-profitable,2,Low-Value
500,23,79,1941,327,26.20253164556962,2.6044347881698564e-15,0.0,1.0,84.3913043478261,84.70356492010399,0.0,0.0,Non-profitable,1,VIP
1951,21,92,839,518,20.543478260869563,1.4989135055374312e-18,0.0,1.0,39.95238095238095,40.20028475474544,0.0,0.0,Non-profitable,0,Moderate-Value
3262,24,31,1655,691,69.6774193548387,1.5576202954140298e-36,0.0,1.0,68.95833333333333,69.22895403783048,0.0,0.0,Non-profitable,1,VIP
4102,3,46,23,457,5.869565217391304,4.15411367748805e-07,0.0,1.0,7.666666666666667,8.939315086586108,0.0,0.02,Profitable,2,Low-Value
7042,5,14,66,485,32.142857142857146,1.0983131954219371e-11,0.0,1.0,13.2,14.008605896051346,0.0,0.0,Non-profitable,2,Low-Value
10598,5,89,37,440,5.056179775280898,8.582450393934356e-07,0.0,1.0,7.4,8.156638647135795,0.0,0.02,Profitable,2,Low-Value
255,4,31,21,91,11.612903225806452,0.04404916068501423,0.0197,0.9803,5.25,6.173787911959551,0.01,0.27,Profitable,2,Low-Value
2375,3,75,22,642,3.6,3.2562823040908493e-08,0.0,1.0,7.333333333333333,8.600974135681305,0.0,0.01,Profitable,2,Low-Value
9829,6,42,78,137,12.857142857142856,0.0015248131693247399,0.0007,0.9993,13.0,13.67134241144741,0.0,0.55,Profitable,2,Low-Value
6214,5,53,79,450,8.49056603773585,2.7948455344250786e-08,0.0,1.0,15.8,16.63190155935832,0.0,0.02,Profitable,2,Low-Value
4954,11,53,265,159,18.67924528301887,2.016591659427174e-05,0.0,1.0,24.09090909090909,24.50080902308577,0.0,0.61,Profitable,2,Low-Value
7861,17,23,1175,144,66.52173913043478,3.940633985299344e-13,0.0,1.0,69.11764705882354,69.50040881841024,0.0,0.07,Profitable,1,VIP
4837,26,57,1305,498,41.05263157894736,4.703387066323517e-27,0.0,1.0,50.19230769230769,50.409973290225906,0.0,0.0,Non-profitable,0,Moderate-Value
9423,6,49,46,126,11.020408163265305,0.009362222258090021,0.004,0.996,7.666666666666667,8.298246808899338,0.0,0.41,Profitable,2,Low-Value
4198,3,6,25,474,45.0,6.569526985967873e-10,0.0,1.0,8.333333333333334,9.615996988395711,0.0,0.01,Profitable,2,Low-Value
153,4,29,46,255,12.413793103448276,6.570850168188925e-06,0.0,1.0,11.5,12.493944047734628,0.0,0.11,Profitable,2,Low-Value
9323,22,5,874,660,396.00000000000006,1.4914635566208375e-49,0.0,1.0,39.72727272727273,39.96343014294181,0.0,0.0,Non-profitable,0,Moderate-Value
10001,6,98,100,697,5.5102040816326525,2.662398515673962e-10,0.0,1.0,16.666666666666668,17.365345638199216,0.0,0.0,Non-profitable,2,Low-Value
3945,23,80,930,476,25.874999999999996,3.094352410293881e-20,0.0,1.0,40.43478260869565,40.66202094080214,0.0,0.0,Non-profitable,0,Moderate-Value
3799,20,4,868,215,450.0,1.5376828897119781e-33,0.0,1.0,43.4,43.66799757860855,0.0,0.0,Non-profitable,0,Moderate-Value
8625,6,70,45,229,7.714285714285714,0.00019491141387802382,0.0001,0.9999,7.5,8.13033757131971,0.0,0.15,Profitable,2,Low-Value
3491,25,32,1260,426,70.3125,4.090871034967228e-30,0.0,1.0,50.4,50.626757243321634,0.0,0.0,Non-profitable,0,Moderate-Value
983,11,82,414,274,12.073170731707318,5.263213654290059e-07,0.0,1.0,37.63636363636363,38.10116141649349,0.0,0.09,Profitable,0,Moderate-Value
9119,13,27,392,206,43.33333333333333,4.731927333697281e-12,0.0,1.0,30.153846153846153,30.521247374743584,0.0,0.01,Profitable,0,Moderate-Value
4786,25,94,1109,633,23.93617021276596,3.027378241939794e-24,0.0,1.0,44.36,44.57601074950873,0.0,0.0,Non-profitable,0,Moderate-Value
5872,18,23,639,393,70.43478260869566,3.363783603892126e-24,0.0,1.0,35.5,35.778313199354194,0.0,0.0,Non-profitable,0,Moderate-Value
6568,5,97,79,458,4.639175257731958,8.626560020501908e-07,0.0,1.0,15.8,16.63190155935832,0.0,0.04,Profitable,2,Low-Value
5628,23,25,1665,506,82.8,9.128846409505033e-33,0.0,1.0,72.3913043478261,72.68035410082871,0.0,0.0,Non-profitable,1,VIP
5631,17,92,692,423,16.630434782608695,1.934380202624779e-13,0.0,1.0,40.705882352941174,41.01424240040334,0.0,0.0,Non-profitable,0,Moderate-Value
4974,19,98,1392,642,17.448979591836736,2.4362794336125216e-19,0.0,1.0,73.26315789473684,73.61524499454589,0.0,0.0,Non-profitable,1,VIP
8416,5,19,44,212,23.684210526315788,9.731703535421671e-07,0.0,1.0,8.8,9.569182465839548,0.0,0.09,Profitable,2,Low-Value
5454,5,80,50,210,5.625,0.002557277313748005,0.0021,0.9979,10.0,10.779934310442766,0.0,0.27,Profitable,2,Low-Value
4095,13,80,467,656,14.625,3.017442383010749e-16,0.0,1.0,35.92307692307692,36.31025049331626,0.0,0.0,Non-profitable,0,Moderate-Value
5474,9,79,223,211,10.253164556962025,0.00012638549325559218,0.0001,0.9999,24.77777777777778,25.28262366811559,0.0,0.53,Profitable,0,Moderate-Value
10701,27,60,1211,291,40.5,3.1728761922188003e-19,0.0,1.0,44.851851851851855,45.05264563152851,0.0,0.0,Non-profitable,0,Moderate-Value
3507,12,44,1575,681,24.545454545454543,4.600192960870028e-19,0.0,1.0,131.25,132.0235895175971,0.0,0.0,Non-profitable,3,High-Value
2079,21,0,1208,184,0.0,1.5454999341712328e-50,0.0,1.0,57.523809523809526,57.8089443386468,0.0,0.0,Non-profitable,1,VIP
626,4,28,43,477,12.857142857142856,4.516226980050494e-09,0.0,1.0,10.75,11.735525311441618,0.0,0.01,Profitable,2,Low-Value
4426,15,35,527,280,38.57142857142857,9.461885539636264e-15,0.0,1.0,35.13333333333333,35.466385835940734,0.0,0.0,Non-profitable,0,Moderate-Value
6673,6,51,129,467,10.588235294117647,2.0473216102829146e-09,0.0,1.0,21.5,22.234713528008406,0.0,0.01,Profitable,2,Low-Value
7441,24,80,1615,631,27.0,3.7078614515237567e-25,0.0,1.0,67.29166666666667,67.55919821709985,0.0,0.0,Non-profitable,1,VIP
1071,23,10,1034,343,206.99999999999997,3.427360173952657e-36,0.0,1.0,44.95652173913044,45.192506177050795,0.0,0.0,Non-profitable,0,Moderate-Value
10061,23,29,1088,540,71.37931034482759,3.052810766901758e-32,0.0,1.0,47.30434782608695,47.544873511256824,0.0,0.0,Non-profitable,0,Moderate-Value
8775,7,74,137,184,8.513513513513514,0.0017168847742911547,0.0009,0.9991,19.571428571428573,20.188201848209026,0.0,0.7,Profitable,2,Low-Value
2345,16,54,1244,247,26.666666666666664,2.381669315361136e-11,0.0,1.0,77.75,78.18077320571659,0.0,0.01,Profitable,1,VIP
322,5,93,41,533,4.838709677419355,7.322255354557703e-08,0.0,1.0,8.2,8.963806543537938,0.0,0.01,Profitable,2,Low-Value
10897,27,63,1174,686,38.57142857142857,5.199072795188045e-32,0.0,1.0,43.48148148148148,43.68001797392599,0.0,0.0,Non-profitable,0,Moderate-Value
123,13,92,993,539,12.717391304347824,2.346627440477523e-13,0.0,1.0,76.38461538461539,76.91045903157267,0.0,0.0,Non-profitable,1,VIP
6103,6,40,100,296,13.5,2.2128749034079822e-07,0.0,1.0,16.666666666666668,17.365345638199216,0.0,0.06,Profitable,2,Low-Value
7899,15,70,1680,608,19.285714285714285,5.281118957377441e-18,0.0,1.0,112.0,112.561261149096,0.0,0.0,Non-profitable,3,High-Value
1655,4,81,48,253,4.444444444444445,0.0008488626186970484,0.001,0.999,12.0,12.999556538596634,0.0,0.21,Profitable,2,Low-Value
2406,16,63,519,328,22.857142857142854,5.406433135890319e-13,0.0,1.0,32.4375,32.74217678216167,0.0,0.0,Non-profitable,0,Moderate-Value
2712,19,85,715,186,20.11764705882353,2.5676406963453133e-06,0.0,1.0,37.63157894736842,37.900202774322665,0.0,0.32,Profitable,0,Moderate-Value
5517,4,51,37,287,7.0588235294117645,2.3836915547311972e-05,0.0,1.0,9.25,10.218687838855601,0.0,0.09,Profitable,2,Low-Value
10643,18,23,653,535,70.43478260869566,8.274037577951334e-28,0.0,1.0,36.27777777777778,36.55801430573012,0.0,0.0,Non-profitable,0,Moderate-Value
2254,20,95,1455,357,18.94736842105263,6.184562960015691e-13,0.0,1.0,72.75,73.08330179046087,0.0,0.0,Non-profitable,1,VIP
10281,17,11,602,142,139.0909090909091,3.47215171172871e-18,0.0,1.0,35.411764705882355,35.70626108027784,0.0,0.01,Profitable,0,Moderate-Value
6958,4,42,26,359,8.571428571428571,8.533212904440107e-07,0.0,1.0,6.5,7.437819139114567,0.0,0.03,Profitable,2,Low-Value
954,6,77,102,94,7.012987012987013,1.7940857087757338,0.5756,0.4244,17.0,17.70116411335847,1.59,1.28,Profitable,2,Low-Value
4643,7,40,176,672,15.749999999999998,8.800944016676498e-14,0.0,1.0,25.142857142857142,25.79519600057696,0.0,0.0,Non-profitable,0,Moderate-Value
6497,13,32,433,599,36.5625,1.2498081319873366e-20,0.0,1.0,33.30769230769231,33.685902412896645,0.0,0.0,Non-profitable,0,Moderate-Value
5396,29,48,1366,532,54.375,4.644635403763892e-33,0.0,1.0,47.10344827586207,47.29382565007302,0.0,0.0,Non-profitable,0,Moderate-Value
1052,24,24,1001,498,90.0,3.3067080129739503e-34,0.0,1.0,41.708333333333336,41.92844636888462,0.0,0.0,Non-profitable,0,Moderate-Value
2802,17,61,961,561,25.08196721311475,7.382793990688173e-20,0.0,1.0,56.529411764705884,56.87920879055625,0.0,0.0,Non-profitable,1,VIP
6343,22,6,1518,90,330.0,1.2507289288962415e-23,0.0,1.0,69.0,69.29535660376514,0.0,0.09,Profitable,1,VIP
6507,6,16,56,268,33.75,3.123984159178712e-09,0.0,1.0,9.333333333333334,9.97733918469561,0.0,0.02,Profitable,2,Low-Value
7901,3,39,22,235,6.923076923076923,0.00018890779081277628,0.0003,0.9997,7.333333333333333,8.600974135681305,0.0,0.1,Profitable,2,Low-Value
4865,14,2,400,302,630.0,4.301504456116293e-30,0.0,1.0,28.571428571428573,28.907468688859968,0.0,0.0,Non-profitable,0,Moderate-Value
2686,3,49,26,251,5.5102040816326525,0.0002418534250047219,0.0004,0.9996,8.666666666666666,9.95433793930051,0.0,0.11,Profitable,2,Low-Value
3107,12,31,350,58,34.83870967741935,0.05383077509154941,0.0056,0.9944,29.166666666666668,29.561132107818935,0.08,4.71,Profitable,0,Moderate-Value
7734,21,58,1216,557,32.58620689655172,6.846521598226775e-24,0.0,1.0,57.904761904761905,58.190703896021354,0.0,0.0,Non-profitable,1,VIP
1146,22,5,874,660,396.00000000000006,1.4914635566208375e-49,0.0,1.0,39.72727272727273,39.96343014294181,0.0,0.0,Non-profitable,0,Moderate-Value
11031,4,90,40,404,4.0,9.044294034109518e-06,0.0,1.0,10.0,10.97710657514861,0.0,0.05,Profitable,2,Low-Value
7428,18,47,1367,272,34.46808510638298,1.1465051075782349e-14,0.0,1.0,75.94444444444444,76.32277073090188,0.0,0.0,Non-profitable,1,VIP
975,10,25,264,397,36.0,1.1688069450958407e-14,0.0,1.0,26.4,26.861371180328646,0.0,0.0,Non-profitable,0,Moderate-Value
1103,18,60,2053,638,27.0,1.6266118760943354e-22,0.0,1.0,114.05555555555556,114.52812494332181,0.0,0.0,Non-profitable,3,High-Value
3422,9,67,1376,577,12.08955223880597,1.5164690069186553e-12,0.0,1.0,152.88888888888889,154.02890485268554,0.0,0.0,Non-profitable,3,High-Value
1055,4,40,45,101,9.0,0.06193831796135075,0.0307,0.9693,11.25,12.241137802303625,0.04,0.51,Profitable,2,Low-Value
1241,4,1,51,650,360.0,1.149375849203873e-15,0.0,1.0,12.75,13.757975274889644,0.0,0.0,Non-profitable,2,Low-Value
2909,18,89,1264,130,18.202247191011235,0.03425287441886933,0.0053,0.9947,70.22222222222223,70.58639830542192,0.12,10.38,Profitable,1,VIP
5802,6,40,75,486,13.5,2.3299510487148817e-10,0.0,1.0,12.5,13.16761469870853,0.0,0.0,Non-profitable,2,Low-Value
1407,5,5,57,608,90.0,3.8435762858986545e-15,0.0,1.0,11.4,12.19247812914652,0.0,0.0,Non-profitable,2,Low-Value
6183,7,3,140,384,210.0,6.616301161627855e-17,0.0,1.0,20.0,20.619509090698866,0.0,0.0,Non-profitable,2,Low-Value
340,17,1,497,561,1530.0,3.0922657495146617e-46,0.0,1.0,29.235294117647058,29.513616206798076,0.0,0.0,Non-profitable,0,Moderate-Value
5991,10,24,266,386,37.5,1.2974509270301195e-14,0.0,1.0,26.6,27.062263171317042,0.0,0.0,Non-profitable,0,Moderate-Value
3104,20,89,2006,650,20.224719101123593,3.6255429260421285e-21,0.0,1.0,100.3,100.69460097398834,0.0,0.0,Non-profitable,3,High-Value
9729,17,48,615,392,31.875,1.317491581035588e-17,0.0,1.0,36.1764705882353,36.472969493184856,0.0,0.0,Non-profitable,0,Moderate-Value
1008,23,31,1021,555,66.7741935483871,5.565756950367033e-32,0.0,1.0,44.391304347826086,44.62619552251971,0.0,0.0,Non-profitable,0,Moderate-Value
3969,6,46,133,240,11.739130434782608,6.781187630011201e-06,0.0,1.0,22.166666666666668,22.906350478326917,0.0,0.21,Profitable,2,Low-Value
1916,14,92,437,340,13.695652173913045,1.49173942352067e-09,0.0,1.0,31.214285714285715,31.55873441957856,0.0,0.0,Non-profitable,0,Moderate-Value
9907,24,80,1013,207,27.0,8.253210576017638e-10,0.0,1.0,42.208333333333336,42.429373115103814,0.0,0.01,Profitable,0,Moderate-Value
87,5,16,57,307,28.125,7.580348610237304e-09,0.0,1.0,11.4,12.19247812914652,0.0,0.03,Profitable,2,Low-Value
8659,25,50,1038,159,45.0,5.320728246539509e-12,0.0,1.0,41.52,41.73095776235168,0.0,0.01,Profitable,0,Moderate-Value
6262,21,93,1573,445,20.32258064516129,1.8798983509844282e-16,0.0,1.0,74.9047619047619,75.22672414386086,0.0,0.0,Non-profitable,1,VIP
6147,3,51,28,619,5.294117647058823,1.1782769040150605e-08,0.0,1.0,9.333333333333334,10.631019841110113,0.0,0.01,Profitable,2,Low-Value
8832,7,24,123,655,26.25,3.814941761447207e-15,0.0,1.0,17.571428571428573,18.175434716589766,0.0,0.0,Non-profitable,2,Low-Value
10067,3,79,13,323,3.4177215189873418,0.00015456726359211015,0.0003,0.9997,4.333333333333333,5.555905577538095,0.0,0.05,Profitable,2,Low-Value
7532,7,26,132,668,24.23076923076923,4.595696984976291e-15,0.0,1.0,18.857142857142858,19.46935644405929,0.0,0.0,Non-profitable,2,Low-Value
4915,19,86,732,695,19.88372093023256,1.520417437902277e-21,0.0,1.0,38.526315789473685,38.79703544454984,0.0,0.0,Non-profitable,0,Moderate-Value
2088,23,98,1631,268,21.122448979591837,1.6377187485129241e-10,0.0,1.0,70.91304347826087,71.19923392743972,0.0,0.0,Non-profitable,1,VIP
2493,16,34,608,331,42.35294117647059,1.9506888947059763e-17,0.0,1.0,38.0,38.32015620519117,0.0,0.0,Non-profitable,0,Moderate-Value
6292,17,60,1822,456,25.5,1.3694241334552429e-17,0.0,1.0,107.17647058823529,107.65889675309025,0.0,0.0,Non-profitable,3,High-Value
1631,19,3,1282,664,570.0,4.504598781328245e-47,0.0,1.0,67.47368421052632,67.81221006954655,0.0,0.0,Non-profitable,1,VIP
10104,3,65,8,238,4.153846153846154,0.0011462526322129547,0.0017,0.9983,2.6666666666666665,3.864200823014089,0.0,0.05,Profitable,2,Low-Value
3006,4,83,43,433,4.337349397590362,2.4763490994528956e-06,0.0,1.0,10.75,11.735525311441618,0.0,0.04,Profitable,2,Low-Value
3919,19,64,1931,475,26.71875,3.3715170168270196e-19,0.0,1.0,101.63157894736842,102.05011612704267,0.0,0.0,Non-profitable,3,High-Value
642,5,69,103,684,6.521739130434783,2.120893406657953e-10,0.0,1.0,20.6,21.474908937771193,0.0,0.0,Non-profitable,2,Low-Value
4369,14,48,1169,170,26.25,8.554203733492329e-08,0.0,1.0,83.5,84.0108023894707,0.0,0.47,Profitable,1,VIP
10127,14,21,395,84,60.0,2.1341973194430694e-07,0.0,1.0,28.214285714285715,28.549189536060158,0.0,1.88,Profitable,0,Moderate-Value
271,10,30,258,270,30.0,5.000884906722719e-11,0.0,1.0,25.8,26.258695207363463,0.0,0.01,Profitable,0,Moderate-Value
4973,4,39,25,49,9.23076923076923,3.049182304218311,0.7438,0.2562,6.25,7.185012893683564,1.1,0.43,Profitable,2,Low-Value
2948,9,76,185,120,10.657894736842104,0.1517267260669407,0.0424,0.9576,20.555555555555557,21.03946782682014,0.16,1.85,Profitable,2,Low-Value
2715,7,11,180,692,57.27272727272727,7.570744373918671e-18,0.0,1.0,25.714285714285715,26.37027232389675,0.0,0.0,Non-profitable,0,Moderate-Value
10432,4,26,22,150,13.846153846153847,0.00048175746558717117,0.0004,0.9996,5.5,6.4265941573905545,0.0,0.16,Profitable,2,Low-Value
9216,5,34,44,157,13.23529411764706,0.0003333438329755972,0.0002,0.9998,8.8,9.569182465839548,0.0,0.26,Profitable,2,Low-Value
7124,7,72,94,513,8.75,9.306551769692663e-10,0.0,1.0,13.428571428571429,14.006131372521299,0.0,0.0,Non-profitable,2,Low-Value
9727,6,13,81,121,41.53846153846154,4.876839070427697e-06,0.0,1.0,13.5,14.175070124186293,0.0,0.46,Profitable,2,Low-Value
5136,21,58,798,163,32.58620689655172,4.722852096467621e-09,0.0,1.0,38.0,38.243767023200846,0.0,0.07,Profitable,0,Moderate-Value
9790,18,12,1334,218,135.0,8.701837586514025e-23,0.0,1.0,74.11111111111111,74.48490383730152,0.0,0.0,Non-profitable,1,VIP
1818,4,23,38,96,15.652173913043478,0.00890217452059963,0.0042,0.9958,9.5,10.471494084286604,0.0,0.42,Profitable,2,Low-Value
1100,7,33,61,97,19.09090909090909,0.004180686288307456,0.0012,0.9988,8.714285714285714,9.261751705133044,0.0,0.61,Profitable,2,Low-Value
7873,12,30,300,358,36.0,4.620042548668718e-15,0.0,1.0,25.0,25.37899098905248,0.0,0.0,Non-profitable,0,Moderate-Value
10609,6,15,88,260,36.0,3.1180384402361007e-09,0.0,1.0,14.666666666666666,15.350434787243683,0.0,0.04,Profitable,2,Low-Value
6950,5,25,54,196,18.0,8.257347136301977e-06,0.0,1.0,10.8,11.58710220684491,0.0,0.16,Profitable,2,Low-Value
7233,14,4,1782,650,315.0,2.111989971742098e-34,0.0,1.0,127.28571428571429,127.93582652272737,0.0,0.0,Non-profitable,3,High-Value
9481,7,80,68,152,7.874999999999999,0.02840703585144135,0.0126,0.9874,9.714285714285714,10.268135270942674,0.01,0.56,Profitable,2,Low-Value
7699,10,30,258,270,30.0,5.000884906722719e-11,0.0,1.0,25.8,26.258695207363463,0.0,0.01,Profitable,0,Moderate-Value
2711,4,6,31,367,60.0,3.794185240677301e-10,0.0,1.0,7.75,8.701850366269582,0.0,0.01,Profitable,2,Low-Value
8933,6,16,66,48,33.75,0.05786615558205496,0.0096,0.9904,11.0,11.656431560491884,0.03,0.99,Profitable,2,Low-Value
8726,8,57,174,61,12.631578947368421,5.640066038695914,0.9083,0.0917,21.75,22.301405298006554,6.29,2.55,Profitable,2,Low-Value
1515,4,9,28,158,40.0,5.634609510313656e-06,0.0,1.0,7.0,7.943431629976573,0.0,0.15,Profitable,2,Low-Value
5186,20,59,731,109,30.508474576271183,0.00024503824337956514,0.0,1.0,36.55,36.80275622081678,0.0,3.87,Profitable,0,Moderate-Value
10157,11,78,274,155,12.692307692307692,0.002768929909504039,0.0008,0.9992,24.90909090909091,25.32230681866073,0.0,1.55,Profitable,0,Moderate-Value
5667,23,90,1701,626,23.0,5.921540994754364e-23,0.0,1.0,73.95652173913044,74.24859899029939,0.0,0.0,Non-profitable,1,VIP
902,12,74,312,117,14.594594594594595,0.07104062414255394,0.0147,0.9853,26.0,26.38270485755643,0.09,2.98,Profitable,0,Moderate-Value
977,14,10,414,332,125.99999999999999,9.353987590756695e-23,0.0,1.0,29.571428571428573,29.910650316699435,0.0,0.0,Non-profitable,0,Moderate-Value
7313,22,63,1565,391,31.428571428571427,2.999343845908392e-19,0.0,1.0,71.13636363636364,71.43604067776933,0.0,0.0,Non-profitable,1,VIP
7600,4,13,29,244,27.692307692307693,4.3663355762601336e-07,0.0,1.0,7.25,8.196237875407576,0.0,0.06,Profitable,2,Low-Value
9706,6,98,94,370,5.5102040816326525,5.632278748709244e-06,0.0,1.0,15.666666666666666,16.357890212721447,0.0,0.07,Profitable,2,Low-Value
2429,17,4,1338,500,382.5,1.582832273337281e-37,0.0,1.0,78.70588235294117,79.11375276485975,0.0,0.0,Non-profitable,1,VIP
3520,14,94,1092,459,13.404255319148936,2.795861870904908e-12,0.0,1.0,78.0,78.49330343635363,0.0,0.0,Non-profitable,1,VIP
10394,17,91,1479,188,16.813186813186814,2.6903661075467316e-05,0.0,1.0,87.0,87.42959016638972,0.0,1.57,Profitable,1,VIP
4548,4,66,54,218,5.454545454545455,0.0012264412146020666,0.0013,0.9987,13.5,14.516394011182653,0.0,0.28,Profitable,2,Low-Value
9362,17,14,568,116,109.28571428571428,1.067894380767981e-14,0.0,1.0,33.411764705882355,33.701023692674866,0.0,0.08,Profitable,0,Moderate-Value
3968,26,77,1199,366,30.38961038961039,5.640734970526789e-19,0.0,1.0,46.11538461538461,46.3260759343516,0.0,0.0,Non-profitable,0,Moderate-Value
4084,21,41,873,163,46.09756097560976,3.0083763527623625e-12,0.0,1.0,41.57142857142857,41.8227628735873,0.0,0.01,Profitable,0,Moderate-Value
6721,14,21,1213,335,60.0,1.4151892753674828e-18,0.0,1.0,86.64285714285714,87.16365893410902,0.0,0.0,Non-profitable,1,VIP
2829,20,25,731,111,72.0,5.722423384950375e-12,0.0,1.0,36.55,36.80275622081678,0.0,0.16,Profitable,0,Moderate-Value
1772,18,2,2043,534,810.0,1.489036519143511e-44,0.0,1.0,113.5,113.97119558162474,0.0,0.0,Non-profitable,3,High-Value
1544,16,51,1893,554,28.235294117647058,4.3725625984446966e-20,0.0,1.0,118.3125,118.85615124556094,0.0,0.0,Non-profitable,3,High-Value
492,14,3,424,619,420.0,2.7672906505554453e-35,0.0,1.0,30.285714285714285,30.627208622299054,0.0,0.0,Non-profitable,0,Moderate-Value
4377,13,32,575,538,36.5625,1.5524208223193756e-19,0.0,1.0,44.23076923076923,44.646414984060925,0.0,0.0,Non-profitable,0,Moderate-Value
4541,10,84,257,248,10.714285714285714,9.410485655547709e-06,0.0,1.0,25.7,26.15824921186926,0.0,0.21,Profitable,0,Moderate-Value
1321,6,49,56,237,11.020408163265305,1.1831957708556259e-05,0.0,1.0,9.333333333333334,9.97733918469561,0.0,0.1,Profitable,2,Low-Value
8858,17,69,542,479,22.17391304347826,4.466076748140559e-17,0.0,1.0,31.88235294117647,32.16760686686083,0.0,0.0,Non-profitable,0,Moderate-Value
11187,6,23,69,405,23.478260869565215,1.1651562958702915e-10,0.0,1.0,11.5,12.160159273230764,0.0,0.0,Non-profitable,2,Low-Value
8207,4,18,40,103,20.0,0.0020365633242539656,0.001,0.999,10.0,10.97710657514861,0.0,0.4,Profitable,2,Low-Value
9723,24,8,1016,535,270.0,4.4792850339739965e-46,0.0,1.0,42.333333333333336,42.55460480165861,0.0,0.0,Non-profitable,0,Moderate-Value
2666,22,21,907,143,94.28571428571429,1.3264278683721688e-17,0.0,1.0,41.22727272727273,41.4664636417107,0.0,0.0,Non-profitable,0,Moderate-Value
10652,14,48,1169,170,26.25,8.554203733492329e-08,0.0,1.0,83.5,84.0108023894707,0.0,0.47,Profitable,1,VIP
1646,5,36,46,105,12.5,0.015388014557015009,0.0065,0.9935,9.2,9.97276641404062,0.01,0.48,Profitable,2,Low-Value
4418,24,36,1644,489,60.0,8.655189940147054e-30,0.0,1.0,68.5,68.76977118712955,0.0,0.0,Non-profitable,1,VIP
2656,4,63,59,493,5.7142857142857135,1.1140405439154212e-07,0.0,1.0,14.75,15.780425238337667,0.0,0.02,Profitable,2,Low-Value
7990,3,2,17,696,135.0,3.065385938310419e-13,0.0,1.0,5.666666666666667,6.9092693811573,0.0,0.0,Non-profitable,2,Low-Value
8722,24,38,1853,600,56.84210526315789,2.9379750001616177e-32,0.0,1.0,77.20833333333333,77.4942453504471,0.0,0.0,Non-profitable,1,VIP
7118,20,61,1528,697,29.508196721311474,1.5213370653208158e-25,0.0,1.0,76.4,76.74142309789737,0.0,0.0,Non-profitable,1,VIP
2980,6,52,35,464,10.384615384615385,2.5635870048731424e-09,0.0,1.0,5.833333333333333,6.451245195523437,0.0,0.0,Non-profitable,2,Low-Value
1839,7,25,141,69,25.200000000000003,0.0175887489300252,0.0036,0.9964,20.142857142857142,20.76327817152881,0.02,1.75,Profitable,2,Low-Value
10722,15,63,546,312,21.428571428571427,7.359826381605535e-12,0.0,1.0,36.4,36.736813096088135,0.0,0.0,Non-profitable,0,Moderate-Value
2632,13,10,500,376,117.0,1.990211629507573e-22,0.0,1.0,38.46153846153846,38.857411865488245,0.0,0.0,Non-profitable,0,Moderate-Value
7620,6,71,106,328,7.605633802816901,2.6996118554751316e-06,0.0,1.0,17.666666666666668,18.372801063676977,0.0,0.08,Profitable,2,Low-Value
10968,22,0,704,583,0.0,1.5184646795104263e-67,0.0,1.0,32.0,32.220530300799005,0.0,0.0,Non-profitable,0,Moderate-Value
11133,14,3,424,619,420.0,2.7672906505554453e-35,0.0,1.0,30.285714285714285,30.627208622299054,0.0,0.0,Non-profitable,0,Moderate-Value
2736,21,88,849,543,21.477272727272727,1.3053593184187402e-19,0.0,1.0,40.42857142857143,40.677484201463635,0.0,0.0,Non-profitable,0,Moderate-Value
1876,5,15,85,498,30.0,1.036795371637377e-11,0.0,1.0,17.0,17.84265340396154,0.0,0.0,Non-profitable,2,Low-Value
5959,9,80,199,622,10.125,1.9917587142181705e-12,0.0,1.0,22.11111111111111,22.60273576835004,0.0,0.0,Non-profitable,2,Low-Value
1092,16,17,1147,687,84.70588235294117,3.715178214693845e-30,0.0,1.0,71.6875,72.10140237387546,0.0,0.0,Non-profitable,1,VIP
4333,6,76,54,98,7.105263157894736,1.3264668075503465,0.4433,0.5567,9.0,9.641520709536355,0.64,0.68,Profitable,2,Low-Value
3850,4,52,43,569,6.923076923076923,5.98913530487546e-09,0.0,1.0,10.75,11.735525311441618,0.0,0.01,Profitable,2,Low-Value
6168,4,28,53,349,12.857142857142856,2.0611957115553693e-07,0.0,1.0,13.25,14.26358776575165,0.0,0.05,Profitable,2,Low-Value
607,16,31,521,501,46.45161290322581,1.9727948192852502e-22,0.0,1.0,32.5625,32.86752463436458,0.0,0.0,Non-profitable,0,Moderate-Value
10469,17,42,1623,144,36.42857142857143,9.829509331557318e-09,0.0,1.0,95.47058823529412,95.92236027859052,0.0,0.53,Profitable,3,High-Value
6983,5,24,45,59,18.75,0.17952843938003155,0.0431,0.9569,9.0,9.770974439940085,0.09,0.66,Profitable,2,Low-Value
3661,18,42,1435,625,38.57142857142857,4.3528764884353045e-25,0.0,1.0,79.72222222222223,80.10989039044206,0.0,0.0,Non-profitable,1,VIP
9303,1,12,32,334,7.5,2.2823971901961846e-05,0.0001,0.9999,32.0,37.06685060875216,0.0,0.12,Profitable,0,Moderate-Value
692,3,88,16,556,3.068181818181818,4.827843604046381e-07,0.0,1.0,5.333333333333333,6.570928430252498,0.0,0.01,Profitable,2,Low-Value
736,5,67,52,465,6.716417910447761,6.908167714781522e-08,0.0,1.0,10.4,11.183518258643838,0.0,0.01,Profitable,2,Low-Value
9589,17,54,1234,85,28.333333333333336,0.035291372893782084,0.0038,0.9962,72.58823529411765,72.98008546160362,0.13,13.51,Profitable,1,VIP
4838,3,40,15,375,6.75,2.3602638008346142e-06,0.0,1.0,5.0,6.232587479347697,0.0,0.03,Profitable,2,Low-Value
9246,13,73,415,623,16.027397260273972,2.967513005087782e-16,0.0,1.0,31.923076923076923,32.296541664439204,0.0,0.0,Non-profitable,0,Moderate-Value
6261,15,81,470,215,16.666666666666664,9.474875964196553e-07,0.0,1.0,31.333333333333332,31.65510405549854,0.0,0.14,Profitable,0,Moderate-Value
7366,20,12,1438,360,150.0,6.845425971104635e-31,0.0,1.0,71.9,72.23141052708526,0.0,0.0,Non-profitable,1,VIP
10659,7,7,53,418,90.0,2.4787100836589384e-15,0.0,1.0,7.571428571428571,8.111599058493468,0.0,0.0,Non-profitable,2,Low-Value
4286,19,24,679,171,71.25,5.35570858494187e-16,0.0,1.0,35.73684210526316,36.001027707959246,0.0,0.0,Non-profitable,0,Moderate-Value
4749,16,55,586,641,26.18181818181818,3.0070539201347077e-21,0.0,1.0,36.625,36.941329830959155,0.0,0.0,Non-profitable,0,Moderate-Value
4478,18,87,653,462,18.620689655172413,1.5382993866037914e-15,0.0,1.0,36.27777777777778,36.55801430573012,0.0,0.0,Non-profitable,0,Moderate-Value
4201,14,39,468,483,32.30769230769231,2.22537742965793e-18,0.0,1.0,33.42857142857143,33.780065166937376,0.0,0.0,Non-profitable,0,Moderate-Value
10084,5,9,50,42,50.0,0.022529844083554327,0.0039,0.9961,10.0,10.779934310442766,0.01,0.79,Profitable,2,Low-Value
7004,6,82,84,470,6.585365853658536,4.880052282687575e-08,0.0,1.0,14.0,14.678797836925176,0.0,0.01,Profitable,2,Low-Value
9817,25,71,1049,677,31.69014084507042,1.803563068896393e-28,0.0,1.0,41.96,42.171740619516854,0.0,0.0,Non-profitable,0,Moderate-Value
8080,3,50,22,681,5.3999999999999995,2.726661056369167e-09,0.0,1.0,7.333333333333333,8.600974135681305,0.0,0.01,Profitable,2,Low-Value
8372,3,81,30,363,3.333333333333333,5.219040836848708e-05,0.0001,0.9999,10.0,11.307701742919715,0.0,0.08,Profitable,2,Low-Value
10870,16,46,1341,381,31.304347826086957,9.334088871918578e-17,0.0,1.0,83.8125,84.26014403755774,0.0,0.0,Non-profitable,1,VIP
7270,18,91,1241,155,17.802197802197803,0.0011087711249227476,0.0002,0.9998,68.94444444444444,69.30546077351863,0.0,5.08,Profitable,1,VIP
8235,21,8,843,156,236.25,4.7873027373527594e-26,0.0,1.0,40.142857142857146,40.39116453343272,0.0,0.0,Non-profitable,0,Moderate-Value
9405,8,40,172,622,18.0,3.087416695258863e-14,0.0,1.0,21.5,22.05001000635271,0.0,0.0,Non-profitable,2,Low-Value
