ID,Year_Birth,Education,Marital_Status,Income,Kidhome,Teenhome,Dt_Customer,Recency,MntWines,MntFruits,MntMeatProducts,MntFishProducts,MntSweetProducts,MntGoldProds,NumDealsPurchases,NumWebPurchases,NumCatalogPurchases,NumStorePurchases,NumWebVisitsMonth,AcceptedCmp3,AcceptedCmp4,AcceptedCmp5,AcceptedCmp1,AcceptedCmp2,Complain,Z_CostContact,Z_Revenue,Response,Age,Is_parent,Children,Day,Month,Quarter,Year,Monetary,Frequency,Tenure,T,Actual_Avg_Monetary,Actual_Purchases,Actual_cltv,CLTV_label,Cluster,Customer_Segment,Predicted_Avg_Monetary,Predicted_Purchases,Predicted_cltv,p_alive,p_not_alive
5524,1957,Graduation,Single,58138.0,0,0,2012-09-04,58,635,88,546,172,88,88,3,8,10,4,7,0,0,0,0,0,0,3,11,1,58,0,0,4,9,3,2012,1617,22,28,663,73.5,34.137931034482754,0.0,Non-profitable,1,VIP,73.80445710007183,2.5165441898577326e-27,0.0,0.0,1.0
2174,1954,Graduation,Single,46344.0,1,1,2014-03-08,38,11,1,6,2,1,6,2,1,1,2,5,0,0,0,0,0,0,3,11,0,61,1,2,8,3,1,2014,27,4,9,113,6.75,9.473684210526317,0.01,Profitable,2,Low-Value,7.69062538454557,0.0217910957557539,0.29,0.012,0.988
4141,1965,Graduation,Partner,71613.0,0,0,2013-08-21,26,426,49,127,111,21,42,1,8,2,10,4,0,0,0,0,0,0,3,11,0,50,0,0,21,8,3,2013,776,20,16,312,38.8,69.23076923076924,0.0,Non-profitable,0,Moderate-Value,39.05776250622284,8.974189900703664e-23,0.0,0.0,1.0
6182,1984,Graduation,Partner,26646.0,1,0,2014-02-10,26,11,4,20,10,3,5,2,2,0,4,6,0,0,0,0,0,0,3,11,0,31,1,1,10,2,1,2014,53,6,10,139,8.833333333333334,20.76923076923077,0.0,Profitable,2,Low-Value,9.473611471956728,6.84477831185136e-05,0.29,0.0,1.0
5324,1981,PhD,Partner,58293.0,1,0,2014-01-19,94,173,43,118,46,27,15,5,5,3,6,5,0,0,0,0,0,0,3,11,0,34,1,1,19,1,1,2014,422,14,11,161,30.142857142857142,13.404255319148936,0.01,Profitable,0,Moderate-Value,30.48389696117913,0.0047061861847234,2.33,0.0011,0.9989
7446,1967,PostGraduation,Partner,62513.0,0,1,2013-09-09,16,520,42,98,0,42,14,2,6,4,10,6,0,0,0,0,0,0,3,11,0,48,1,1,9,9,3,2013,716,20,15,293,35.8,112.5,0.0,Non-profitable,0,Moderate-Value,36.05108745901477,4.032303009412976e-26,0.0,0.0,1.0
965,1971,Graduation,Single,55635.0,0,1,2012-11-13,34,235,65,164,50,49,27,4,7,3,7,6,0,0,0,0,0,0,3,11,0,44,1,1,13,11,4,2012,590,17,25,593,34.705882352941174,45.0,0.0,Non-profitable,0,Moderate-Value,34.99853023759443,6.846237600820806e-25,0.0,0.0,1.0
6177,1985,PhD,Partner,33454.0,1,0,2013-05-08,32,76,10,56,3,1,23,2,4,0,4,8,0,0,0,0,0,0,3,11,0,30,1,1,8,5,2,2013,169,8,20,417,21.125,22.5,0.0,Non-profitable,2,Low-Value,21.672917068871943,5.893712155087017e-12,0.0,0.0,1.0
4855,1974,PhD,Partner,30351.0,1,0,2013-06-06,19,14,0,24,3,3,2,1,3,0,2,9,0,0,0,0,0,0,3,11,1,41,1,1,6,6,2,2013,46,5,19,388,9.2,23.684210526315788,0.0,Profitable,2,Low-Value,9.97276641404062,9.738179095266083e-10,0.01,0.0,1.0
5899,1950,PhD,Partner,5648.0,1,1,2014-03-13,68,28,0,6,1,1,13,1,1,0,0,20,1,0,0,0,0,0,3,11,0,65,1,2,13,3,1,2014,49,1,9,108,49.0,1.3235294117647058,0.7,Profitable,1,VIP,54.85674915626392,0.2541013716661905,0.61,0.3922,0.6078
387,1976,UnderGraduation,Partner,7500.0,0,0,2012-11-13,59,6,16,11,11,1,16,1,2,0,3,8,0,0,0,0,0,0,3,11,0,39,0,0,13,11,4,2012,61,5,25,593,12.2,7.627118644067796,0.0,Non-profitable,2,Low-Value,12.999646025548664,8.751609528379508e-10,0.0,0.0,1.0
2125,1959,Graduation,Single,63033.0,0,0,2013-11-15,82,194,61,480,225,112,30,1,3,4,8,2,0,0,0,0,0,0,3,11,0,56,0,0,15,11,4,2013,1102,15,13,226,73.46666666666667,16.463414634146343,0.0,Profitable,1,VIP,73.91352660355936,4.1919693835527474e-07,0.22,0.0,1.0
8180,1952,PostGraduation,Single,59354.0,1,1,2013-11-15,53,233,2,53,3,5,14,3,6,1,5,6,0,0,0,0,0,0,3,11,0,63,1,2,15,11,4,2013,310,12,13,226,25.83333333333333,20.37735849056604,0.0,Profitable,0,Moderate-Value,26.21541921280577,2.1771837004871236e-08,0.04,0.0,1.0
2569,1987,Graduation,Partner,17323.0,0,0,2012-10-10,38,3,14,17,6,1,5,1,1,0,3,8,0,0,0,0,0,0,3,11,0,28,0,0,10,10,4,2012,46,4,27,627,11.5,9.473684210526317,0.0,Non-profitable,2,Low-Value,12.493944047734628,3.4131045895584936e-10,0.0,0.0,1.0
2114,1946,PhD,Single,82800.0,0,0,2012-11-24,23,1006,22,115,59,68,45,1,7,6,12,3,0,0,1,1,0,0,3,11,1,69,0,0,24,11,4,2012,1315,25,25,582,52.6,97.82608695652172,0.0,Non-profitable,0,Moderate-Value,52.83067152914752,2.676595159968817e-38,0.0,0.0,1.0
9736,1980,Graduation,Partner,41850.0,1,1,2012-12-24,51,53,5,19,2,13,4,3,3,0,3,8,0,0,0,0,0,0,3,11,0,35,1,2,24,12,4,2012,96,6,24,552,16.0,10.588235294117649,0.0,Non-profitable,2,Low-Value,16.693708687880704,1.4969079701020394e-10,0.0,0.0,1.0
4939,1946,Graduation,Partner,37760.0,0,0,2012-08-31,20,84,5,38,150,12,28,2,4,1,6,7,0,0,0,0,0,0,3,11,0,69,0,0,31,8,3,2012,317,11,28,667,28.818181818181817,49.50000000000001,0.0,Non-profitable,0,Moderate-Value,29.24724073085222,1.7279128731136014e-21,0.0,0.0,1.0
6565,1949,PostGraduation,Partner,76995.0,0,1,2013-03-28,91,1012,80,498,0,16,176,2,11,4,9,5,0,0,0,1,0,0,3,11,0,66,1,1,28,3,1,2013,1782,24,21,458,74.25,23.736263736263737,0.0,Non-profitable,1,VIP,74.53042876865024,5.0792135119287225e-19,0.0,0.0,1.0
2278,1985,PostGraduation,Single,33812.0,1,0,2012-11-03,86,4,17,19,30,24,39,2,2,1,3,6,0,0,0,0,0,0,3,11,0,30,1,1,3,11,4,2012,133,6,26,603,22.166666666666668,6.27906976744186,0.0,Profitable,2,Low-Value,22.90635047832692,1.2821807818443214e-09,0.01,0.0,1.0
9360,1982,Graduation,Partner,37040.0,0,0,2012-08-08,41,86,2,73,69,38,48,1,4,2,5,8,0,0,0,0,0,0,3,11,0,33,0,0,8,8,3,2012,316,11,29,690,28.727272727272727,24.14634146341464,0.0,Non-profitable,0,Moderate-Value,29.15596319801056,1.9854244878226506e-18,0.0,0.0,1.0
5376,1979,Graduation,Partner,2447.0,1,0,2013-01-06,42,1,1,1725,1,1,1,15,0,28,0,1,0,0,0,0,0,0,3,11,0,36,1,1,6,1,1,2013,1730,28,24,539,61.785714285714285,60.0,0.0,Non-profitable,1,VIP,62.00622130683966,6.865921231972186e-34,0.0,0.0,1.0
1993,1949,PhD,Partner,58607.0,0,1,2012-12-23,63,867,0,86,0,0,19,3,2,3,9,8,0,1,0,0,0,0,3,11,0,66,1,1,23,12,4,2012,972,14,24,553,69.42857142857143,20.0,0.0,Non-profitable,1,VIP,69.8946037691582,8.734741478005629e-17,0.0,0.0,1.0
4047,1954,PhD,Partner,65324.0,0,1,2014-01-11,0,384,0,102,21,32,5,3,6,2,9,4,0,0,0,0,0,0,3,11,0,61,1,1,11,1,1,2014,544,17,11,169,32.0,0.0,0.0,Non-profitable,0,Moderate-Value,32.285562007308066,3.2190130324810884e-40,0.0,0.0,1.0
1409,1951,Graduation,Partner,40689.0,0,1,2013-03-18,69,270,3,27,39,6,99,7,7,1,5,8,0,0,0,0,0,0,3,11,0,64,1,1,18,3,1,2013,444,13,21,468,34.15384615384615,16.956521739130434,0.0,Non-profitable,0,Moderate-Value,34.534956203620645,1.0071854434095911e-13,0.0,0.0,1.0
7892,1969,Graduation,Single,18589.0,0,0,2013-01-02,89,6,4,25,15,12,13,2,2,1,3,7,0,0,0,0,0,0,3,11,0,46,0,0,2,1,1,2013,75,6,24,543,12.5,6.067415730337078,0.0,Profitable,2,Low-Value,13.16761469870853,9.321604953600128e-09,0.01,0.0,1.0
2404,1976,Graduation,Partner,53359.0,1,1,2013-05-27,4,173,4,30,3,6,41,4,5,1,4,7,0,0,0,0,0,0,3,11,0,39,1,2,27,5,2,2013,257,10,19,398,25.7,225.0,0.0,Non-profitable,0,Moderate-Value,26.15824921186926,6.29609645151306e-22,0.0,0.0,1.0
9422,1989,Graduation,Partner,38360.0,1,0,2013-05-31,26,36,2,42,20,21,10,2,2,1,4,3,0,0,0,0,0,0,3,11,0,26,1,1,31,5,2,2013,131,7,19,394,18.714285714285715,24.23076923076923,0.0,Non-profitable,2,Low-Value,19.325587363229342,3.2187218362769135e-11,0.0,0.0,1.0
1966,1965,PhD,Partner,84618.0,0,0,2013-11-22,96,684,100,801,21,66,0,1,6,9,10,2,0,0,1,0,0,0,3,11,0,50,0,0,22,11,4,2013,1672,25,13,219,66.88,23.4375,0.0,Profitable,1,VIP,67.13607880259922,7.303661544271191e-09,0.03,0.0,1.0
6864,1989,PostGraduation,Single,10979.0,0,0,2014-05-22,34,8,4,10,2,2,4,2,3,0,3,5,0,0,0,0,0,0,3,11,0,26,0,0,22,5,2,2014,30,6,7,38,5.0,15.882352941176473,1.91,Profitable,2,Low-Value,5.6116990076253,6.812615875157214,0.54,0.9012,0.0988
3033,1963,PostGraduation,Partner,38620.0,0,0,2013-05-11,56,112,17,44,34,22,89,1,2,5,3,3,0,0,0,0,0,0,3,11,0,52,0,0,11,5,2,2013,318,10,20,414,31.8,16.071428571428573,0.0,Non-profitable,0,Moderate-Value,32.28545493701532,1.981327843300417e-11,0.0,0.0,1.0
5710,1970,Graduation,Partner,40548.0,0,1,2012-10-10,31,110,0,5,2,0,3,2,2,1,4,5,0,1,0,0,0,0,3,11,0,45,1,1,10,10,4,2012,120,7,27,627,17.142857142857142,20.32258064516129,0.0,Non-profitable,2,Low-Value,17.744127474099923,5.1002746836253164e-14,0.0,0.0,1.0
7373,1952,PhD,Single,46610.0,0,2,2012-10-29,8,96,12,96,33,22,43,6,4,1,6,6,0,0,0,0,0,0,3,11,1,63,1,2,29,10,4,2012,302,11,26,608,27.454545454545453,123.75,0.0,Non-profitable,0,Moderate-Value,27.878077738227283,1.1298809825013226e-24,0.0,0.0,1.0
8755,1946,PostGraduation,Partner,68657.0,0,0,2013-02-20,4,482,34,471,119,68,22,1,3,5,9,7,0,0,0,0,0,0,3,11,0,69,0,0,20,2,1,2013,1196,17,22,494,70.3529411764706,382.5,0.0,Non-profitable,1,VIP,70.73893779310619,2.1788156962000885e-37,0.0,0.0,1.0
10738,1951,PostGraduation,Single,49389.0,1,1,2013-08-29,55,40,0,19,2,1,3,1,2,0,3,7,0,0,0,0,0,0,3,11,0,64,1,2,29,8,3,2013,65,5,16,304,13.0,8.181818181818182,0.0,Profitable,2,Low-Value,13.80681392195081,4.966689578170952e-06,0.08,0.0,1.0
4339,1970,PhD,Partner,67353.0,0,1,2013-12-31,37,702,17,151,0,8,35,5,5,6,12,2,0,0,0,0,0,0,3,11,0,45,1,1,31,12,4,2013,913,23,12,180,39.69565217391305,55.94594594594594,0.0,Non-profitable,0,Moderate-Value,39.92146085410765,1.459228716242796e-15,0.0,0.0,1.0
10755,1976,PostGraduation,Partner,23718.0,1,0,2013-09-02,76,6,3,14,15,7,36,3,3,1,2,7,0,0,0,0,0,0,3,11,0,39,1,1,2,9,3,2013,81,6,16,300,13.5,7.105263157894736,0.0,Profitable,2,Low-Value,14.175070124186291,1.3653865207488797e-05,0.1,0.0,1.0
8595,1973,Graduation,Single,42429.0,0,1,2014-02-11,99,55,0,6,2,0,4,2,1,1,3,5,0,0,0,0,0,0,3,11,0,42,1,1,11,2,1,2014,67,5,10,138,13.4,4.545454545454545,0.32,Profitable,2,Low-Value,14.210397870151883,0.4526096345772261,0.69,0.2492,0.7508
2968,1943,PhD,Single,48948.0,0,0,2013-02-01,53,437,8,206,160,49,42,2,7,10,5,6,1,0,0,0,0,0,3,11,1,72,0,0,1,2,1,2013,902,22,23,513,41.0,37.35849056603774,0.0,Non-profitable,0,Moderate-Value,41.23873129341239,1.4614545986242371e-24,0.0,0.0,1.0
8601,1980,Graduation,Partner,80011.0,0,1,2013-04-29,3,421,76,536,82,178,102,2,8,6,5,4,0,0,0,0,0,0,3,11,0,35,1,1,29,4,2,2013,1395,19,20,426,73.42105263157895,570.0,0.0,Non-profitable,1,VIP,73.7735095834095,1.7522792440221424e-41,0.0,0.0,1.0
503,1985,PostGraduation,Partner,20559.0,1,0,2013-03-12,88,13,1,29,3,0,7,2,2,0,3,8,0,0,0,0,0,0,3,11,0,30,1,1,12,3,1,2013,53,5,22,474,10.6,5.113636363636363,0.0,Profitable,2,Low-Value,11.385310232744374,2.8338118130768137e-07,0.02,0.0,1.0
8430,1957,Graduation,Partner,21994.0,0,1,2012-12-24,4,9,0,6,3,1,3,1,0,0,3,5,0,0,0,0,0,0,3,11,0,58,1,1,24,12,4,2012,22,3,24,552,7.333333333333333,67.5,0.0,Profitable,2,Low-Value,8.600974135681305,3.6099488238688826e-11,0.01,0.0,1.0
2139,1975,PostGraduation,Partner,7500.0,1,0,2013-10-02,19,3,1,10,3,2,12,3,2,0,3,5,0,0,0,0,0,0,3,11,0,40,1,1,2,10,4,2013,31,5,15,270,6.2,23.684210526315788,0.0,Profitable,2,Low-Value,6.945886802532576,7.453291606056718e-08,0.03,0.0,1.0
9909,1996,PostGraduation,Partner,7500.0,0,0,2012-11-09,24,3,18,14,15,22,50,3,3,1,3,9,0,0,0,0,0,0,3,11,1,19,0,0,9,11,4,2012,122,7,26,597,17.428571428571427,26.25,0.0,Non-profitable,2,Low-Value,18.03166563575981,2.0694633220987474e-14,0.0,0.0,1.0
7286,1968,Graduation,Partner,41728.0,1,0,2013-05-24,92,13,6,15,3,5,13,1,2,0,2,10,0,0,0,0,0,0,3,11,0,47,1,1,24,5,2,2013,55,4,19,401,13.75,3.9130434782608696,0.0,Profitable,2,Low-Value,14.769200256613656,1.1173662036740615e-05,0.08,0.0,1.0
6566,1954,PhD,Partner,72550.0,1,1,2012-11-08,39,826,50,317,50,38,38,9,5,2,12,8,0,0,0,0,0,0,3,11,0,61,1,2,8,11,4,2012,1319,19,26,598,69.42105263157895,43.84615384615385,0.0,Non-profitable,1,VIP,69.76413999886451,3.033569748524855e-26,0.0,0.0,1.0
8614,1957,Graduation,Single,65486.0,0,1,2014-05-12,29,245,19,125,37,67,14,1,4,2,10,2,0,0,0,0,0,0,3,11,0,58,1,1,12,5,2,2014,507,16,7,48,31.6875,49.6551724137931,0.14,Profitable,0,Moderate-Value,31.990089668944204,0.0886998341726895,7.37,0.0058,0.9942
4114,1964,PostGraduation,Partner,79143.0,0,0,2012-08-11,2,650,37,780,27,167,32,1,6,9,13,3,0,0,0,0,0,0,3,11,0,51,0,0,11,8,3,2012,1693,28,29,687,60.46428571428572,1260.0,0.0,Non-profitable,1,VIP,60.68269392725896,2.047045538125648e-71,0.0,0.0,1.0
1331,1977,Graduation,Single,35790.0,1,0,2013-01-02,54,12,6,20,30,1,3,2,2,0,3,7,0,0,0,0,0,0,3,11,0,38,1,1,2,1,1,2013,72,5,24,543,14.4,8.333333333333332,0.0,Profitable,2,Low-Value,15.219357740654564,2.055461777813437e-09,0.01,0.0,1.0
9381,1978,Graduation,Partner,66373.0,1,1,2013-06-12,57,328,9,124,12,24,109,7,4,2,10,3,0,0,0,0,0,0,3,11,0,37,1,2,12,6,2,2013,606,16,18,382,37.875,25.26315789473684,0.0,Non-profitable,0,Moderate-Value,38.19480835298826,2.922639963823197e-15,0.0,0.0,1.0
6260,1955,PostGraduation,Partner,82384.0,0,0,2012-11-19,55,984,51,432,180,120,190,1,3,10,13,1,0,0,1,0,0,0,3,11,1,60,0,0,19,11,4,2012,1957,26,25,587,75.26923076923077,42.54545454545455,0.0,Non-profitable,1,VIP,75.52979476220746,4.8775005093576304e-30,0.0,0.0,1.0
10383,1966,Graduation,Single,70287.0,0,0,2013-04-02,30,295,35,482,121,120,40,1,5,5,10,3,0,0,0,0,0,0,3,11,1,49,0,0,2,4,2,2013,1093,20,21,453,54.65,60.0,0.0,Non-profitable,1,VIP,54.94302900563883,4.810227185021194e-26,0.0,0.0,1.0
7437,1988,Graduation,Single,27938.0,1,0,2014-04-28,31,13,0,8,2,1,5,1,1,0,4,3,0,0,0,0,0,0,3,11,0,27,1,1,28,4,2,2014,29,5,8,62,5.8,14.516129032258064,0.14,Profitable,2,Low-Value,6.542302854331504,0.4269767741288697,0.44,0.1075,0.8925
8375,1968,PhD,Partner,55954.0,0,1,2014-03-03,63,447,0,28,0,0,43,3,8,2,6,7,0,0,0,0,0,0,3,11,0,47,1,1,3,3,1,2014,518,16,10,118,32.375,22.85714285714285,0.0,Profitable,0,Moderate-Value,32.67950285606021,0.0011515301002273,3.24,0.0002,0.9998
6853,1982,PostGraduation,Single,75777.0,0,0,2013-07-04,12,712,26,538,69,13,80,1,3,6,11,1,0,1,1,0,0,0,3,11,1,33,0,0,4,7,3,2013,1438,20,18,360,71.9,150.0,0.0,Non-profitable,1,VIP,72.23141052708526,6.845425971104635e-31,0.0,0.0,1.0
3076,1975,Graduation,Partner,66653.0,1,1,2012-09-07,18,452,18,102,16,18,6,4,4,2,12,3,0,0,0,0,0,0,3,11,0,40,1,2,7,9,3,2012,612,18,28,660,34.0,90.0,0.0,Non-profitable,0,Moderate-Value,34.27460392277207,2.7498105318200577e-32,0.0,0.0,1.0
1012,1952,Graduation,Single,61823.0,0,1,2013-02-18,26,523,7,134,37,14,169,4,8,2,10,7,0,0,0,0,0,0,3,11,0,63,1,1,18,2,1,2013,884,20,22,496,44.2,69.23076923076924,0.0,Non-profitable,0,Moderate-Value,44.46977759119738,2.0626321685717675e-28,0.0,0.0,1.0
6518,1951,PhD,Single,67680.0,0,1,2013-06-11,8,546,0,48,0,6,6,1,7,3,8,5,0,0,0,0,0,0,3,11,0,64,1,1,11,6,2,2013,606,18,18,383,33.666666666666664,202.5,0.0,Non-profitable,0,Moderate-Value,33.94044630575382,1.0985084043879966e-31,0.0,0.0,1.0
4137,1948,Graduation,Partner,70666.0,0,0,2013-12-06,29,398,40,367,119,122,30,1,7,4,4,4,0,0,0,0,0,0,3,11,0,67,0,0,6,12,4,2013,1076,15,13,205,71.73333333333333,46.55172413793104,0.0,Profitable,1,VIP,72.17504719493661,3.5547452347973017e-13,0.01,0.0,1.0
8082,1971,Graduation,Partner,25721.0,1,0,2013-05-21,75,1,3,6,3,6,15,1,1,1,2,7,0,0,0,0,0,0,3,11,1,44,1,1,21,5,2,2013,34,4,19,404,8.5,4.800000000000001,0.0,Profitable,2,Low-Value,9.460269102562592,3.4217864084513257e-06,0.04,0.0,1.0
1386,1967,Graduation,Partner,32474.0,1,1,2014-05-11,0,10,0,1,0,0,0,1,1,0,2,7,0,0,0,0,0,0,3,11,0,48,1,2,11,5,2,2014,11,3,7,49,3.6666666666666665,0.0,0.0,Profitable,2,Low-Value,4.879223675728493,6.534300678481104e-05,0.2,0.0,1.0
9369,1979,PostGraduation,Single,88194.0,0,1,2014-03-19,19,688,14,309,201,24,38,1,11,10,10,5,1,0,0,1,0,0,3,11,1,36,1,1,19,3,1,2014,1274,31,9,102,41.096774193548384,146.8421052631579,0.0,Non-profitable,0,Moderate-Value,41.26623579667231,6.164571198874376e-21,0.0,0.0,1.0
4477,1958,Graduation,Partner,69096.0,0,1,2013-09-27,4,247,49,159,7,82,109,1,5,2,10,4,0,0,0,0,0,0,3,11,0,57,1,1,27,9,3,2013,653,17,15,275,38.41176470588236,382.5,0.0,Non-profitable,0,Moderate-Value,38.71411716168229,4.097131318200439e-31,0.0,0.0,1.0
1357,1970,Graduation,Partner,74854.0,1,2,2013-04-08,90,856,59,487,58,29,73,7,2,5,5,5,0,0,0,0,0,0,3,11,0,45,1,3,8,4,2,2013,1562,12,21,447,130.16666666666666,12.0,0.0,Non-profitable,3,High-Value,130.9362328267178,4.8309074888135126e-11,0.0,0.0,1.0
1402,1954,PostGraduation,Partner,66991.0,0,0,2012-09-11,1,496,36,460,189,60,12,3,4,8,6,3,0,0,0,0,0,0,3,11,0,61,0,0,11,9,3,2012,1253,18,28,656,69.61111111111111,1620.0,0.0,Non-profitable,1,VIP,69.97377600755513,1.120997000432203e-50,0.0,0.0,1.0
6312,1959,Graduation,Partner,65031.0,0,1,2013-03-17,29,258,107,291,84,37,86,4,10,3,13,7,0,0,0,0,0,0,3,11,0,56,1,1,17,3,1,2013,863,26,21,469,33.19230769230769,80.6896551724138,0.0,Non-profitable,0,Moderate-Value,33.380891862900995,9.663721577587592e-34,0.0,0.0,1.0
8132,1975,PhD,Partner,60631.0,1,1,2013-04-05,88,565,6,65,0,6,19,5,9,2,8,7,0,1,0,0,0,0,3,11,0,40,1,2,5,4,2,2013,661,19,21,450,34.78947368421053,19.431818181818183,0.0,Non-profitable,0,Moderate-Value,35.05144017477754,8.468070059426286e-16,0.0,0.0,1.0
1050,1952,Graduation,Partner,28332.0,0,0,2014-04-30,58,14,10,13,4,15,9,1,2,1,4,2,0,0,0,0,0,0,3,11,0,63,0,0,30,4,2,2014,65,7,8,60,9.285714285714286,10.862068965517242,2.63,Profitable,2,Low-Value,9.836828028452834,5.350290777183311,0.99,0.9599,0.0401
5846,1977,Graduation,Single,40246.0,1,0,2012-12-19,68,2,1,6,2,1,1,1,1,0,2,6,0,0,0,0,0,0,3,11,0,38,1,1,19,12,4,2012,13,3,24,557,4.333333333333333,3.9705882352941178,0.0,Profitable,2,Low-Value,5.555905577538095,1.5519131968540836e-07,0.01,0.0,1.0
1859,1972,PostGraduation,Partner,75251.0,0,0,2012-08-27,34,721,111,925,97,18,18,1,7,6,5,5,0,0,0,0,0,0,3,11,1,43,0,0,27,8,3,2012,1890,18,28,671,105.0,47.64705882352941,0.0,Non-profitable,3,High-Value,105.45017634765937,1.197207365922404e-27,0.0,0.0,1.0
7503,1976,Graduation,Single,75825.0,0,0,2012-10-12,40,1032,105,779,137,105,51,0,5,8,9,4,1,0,0,0,0,0,3,11,1,39,0,0,12,10,4,2012,2209,22,27,625,100.4090909090909,49.50000000000001,0.0,Non-profitable,3,High-Value,100.76796713859264,4.7727509441850366e-30,0.0,0.0,1.0
10401,1976,PostGraduation,Partner,26326.0,0,0,2013-09-04,12,1,0,5,0,3,9,1,0,0,3,3,0,0,0,0,0,1,3,11,0,39,0,0,4,9,3,2013,18,3,16,298,6.0,22.5,0.0,Profitable,2,Low-Value,7.247610332062101,5.941732625453485e-07,0.04,0.0,1.0
1618,1965,Graduation,Partner,56046.0,0,0,2013-01-02,9,577,0,64,0,0,51,2,10,1,8,8,1,0,0,0,0,0,3,11,1,50,0,0,2,1,1,2013,692,19,24,543,36.42105263157895,190.0,0.0,Non-profitable,0,Moderate-Value,36.686840926368255,1.2526145468887805e-36,0.0,0.0,1.0
3332,1985,Graduation,Single,29760.0,1,0,2012-08-29,87,64,4,68,7,5,17,4,3,1,4,8,0,0,0,0,0,0,3,11,0,30,1,1,29,8,3,2012,165,8,28,669,20.625,8.275862068965518,0.0,Non-profitable,2,Low-Value,21.170126485564253,6.495918593720414e-12,0.0,0.0,1.0
2261,1969,Graduation,Partner,26304.0,1,0,2013-06-23,5,4,1,5,2,0,4,1,1,0,2,7,0,0,0,0,0,0,3,11,0,46,1,1,23,6,2,2013,16,3,18,371,5.333333333333333,54.0,0.0,Profitable,2,Low-Value,6.570928430252498,6.869797795046261e-09,0.02,0.0,1.0
5346,1973,PostGraduation,Partner,23559.0,1,0,2013-07-03,87,25,5,19,7,0,23,3,3,0,3,7,0,0,0,0,0,0,3,11,0,42,1,1,3,7,3,2013,79,6,18,361,13.166666666666666,6.206896551724138,0.0,Profitable,2,Low-Value,13.839251649027036,3.246933182810695e-06,0.05,0.0,1.0
4119,1963,PostGraduation,Partner,38620.0,0,0,2013-05-11,56,112,17,44,34,22,89,1,2,5,3,3,0,0,0,0,0,0,3,11,0,52,0,0,11,5,2,2013,318,10,20,414,31.8,16.071428571428573,0.0,Non-profitable,0,Moderate-Value,32.28545493701532,1.981327843300417e-11,0.0,0.0,1.0
535,1987,Graduation,Single,81361.0,0,0,2014-02-25,18,163,23,424,27,65,76,1,3,10,13,1,0,0,0,0,0,0,3,11,0,28,0,0,25,2,1,2014,778,26,10,124,29.923076923076923,130.0,0.0,Non-profitable,0,Moderate-Value,30.106068511492357,1.400041153308639e-20,0.0,0.0,1.0
5268,1960,Graduation,Partner,29440.0,1,1,2013-08-11,95,17,8,14,10,4,3,2,1,0,4,7,0,0,0,0,0,0,3,11,0,55,1,2,11,8,3,2013,56,5,16,322,11.2,4.7368421052631575,0.0,Profitable,2,Low-Value,11.990686155045983,7.02769140922343e-05,0.11,0.0001,0.9999
273,1970,PostGraduation,Partner,36138.0,1,1,2013-07-16,48,130,0,16,0,0,5,5,3,1,4,7,0,1,0,0,0,0,3,11,0,45,1,2,16,7,3,2013,151,8,17,348,18.875,15.0,0.0,Profitable,2,Low-Value,19.410359443987343,2.917603122091393e-09,0.01,0.0,1.0
4452,1957,Graduation,Single,50388.0,0,1,2014-05-28,3,292,6,37,0,3,34,4,6,1,6,7,0,1,0,1,0,0,3,11,1,58,1,1,28,5,2,2014,372,13,7,32,28.615384615384617,390.0,0.0,Profitable,0,Moderate-Value,28.97751320979087,2.903919634762942e-10,5.42,0.0,1.0
771,1967,Graduation,Partner,54178.0,0,1,2014-01-21,79,135,9,39,4,0,7,1,2,2,5,2,0,0,0,0,0,0,3,11,0,48,1,1,21,1,1,2014,194,9,11,159,21.55555555555556,10.253164556962023,0.01,Profitable,2,Low-Value,22.04442578923222,0.0060801726046851,1.24,0.0022,0.9978
11178,1972,PostGraduation,Single,42394.0,1,0,2014-03-23,69,15,2,10,0,1,4,1,1,0,3,7,0,0,0,0,0,0,3,11,0,43,1,1,23,3,1,2014,32,4,9,98,8.0,5.217391304347826,0.34,Profitable,2,Low-Value,8.954656611700585,0.7694182317705998,0.42,0.3698,0.6302
7516,1983,Graduation,Partner,30096.0,1,0,2014-05-22,30,5,3,11,12,5,9,1,2,0,3,6,0,0,0,0,0,0,3,11,0,32,1,1,22,5,2,2014,45,5,7,38,9.0,15.0,2.38,Profitable,2,Low-Value,9.770974439940083,4.870705275822001,0.78,0.7601,0.2399
7247,1960,Graduation,Single,47916.0,0,1,2012-11-22,72,505,0,26,0,0,75,5,7,4,6,6,0,1,0,0,0,0,3,11,0,55,1,1,22,11,4,2012,606,17,25,584,35.64705882352941,21.25,0.0,Non-profitable,0,Moderate-Value,35.942171361172306,4.576188331110486e-19,0.0,0.0,1.0
11100,1972,Graduation,Single,51813.0,1,1,2013-04-11,37,51,2,7,0,1,2,2,2,0,3,7,0,0,0,0,0,0,3,11,0,43,1,2,11,4,2,2013,63,5,21,444,12.6,12.162162162162163,0.0,Profitable,2,Low-Value,13.403229973749736,4.698731301335133e-09,0.01,0.0,1.0
4646,1951,PostGraduation,Partner,78497.0,0,0,2013-12-01,44,207,26,447,75,0,223,1,5,7,12,2,0,0,0,1,0,0,3,11,0,64,0,0,1,12,4,2013,978,24,13,210,40.75,49.090909090909086,0.0,Non-profitable,0,Moderate-Value,40.9683367719645,2.4633120548143597e-16,0.0,0.0,1.0
3037,1983,PhD,Partner,50150.0,0,0,2013-06-20,32,135,46,92,65,61,11,2,5,2,7,5,0,0,0,0,0,0,3,11,0,32,0,0,20,6,2,2013,410,14,18,374,29.285714285714285,39.375,0.0,Non-profitable,0,Moderate-Value,29.624026994459587,4.352608674727106e-17,0.0,0.0,1.0
1473,1960,PostGraduation,Single,47823.0,0,1,2013-07-23,0,53,1,5,2,1,10,2,2,0,3,8,0,0,0,0,0,0,3,11,0,55,1,1,23,7,3,2013,72,5,17,341,14.4,0.0,0.0,Profitable,2,Low-Value,15.219357740654564,7.328693374047074e-16,0.01,0.0,1.0
1016,1959,PhD,Single,34554.0,0,1,2014-03-30,43,41,1,6,2,0,5,2,2,0,3,6,0,0,0,0,0,0,3,11,0,56,1,1,30,3,1,2014,55,5,9,91,11.0,10.465116279069766,0.07,Profitable,2,Low-Value,11.788894180945446,0.1258785903957127,0.66,0.0462,0.9538
4518,1979,Graduation,Partner,85693.0,0,1,2013-04-20,59,386,172,183,185,132,111,2,9,5,11,5,0,0,0,0,0,0,3,11,0,36,1,1,20,4,2,2013,1169,25,20,435,46.76,38.13559322033898,0.0,Non-profitable,0,Moderate-Value,46.98028087950061,8.99329811719033e-24,0.0,0.0,1.0
9370,1945,PhD,Partner,65846.0,0,0,2013-05-17,68,562,81,276,80,40,81,1,6,3,6,4,0,0,0,0,0,0,3,11,0,70,0,0,17,5,2,2013,1120,15,19,408,74.66666666666667,19.852941176470587,0.0,Non-profitable,1,VIP,75.11708927106743,5.927028380786882e-14,0.0,0.0,1.0
8908,1959,Graduation,Partner,87195.0,0,0,2014-05-08,35,217,76,690,50,26,38,1,3,11,5,1,0,0,0,0,0,0,3,11,1,56,0,0,8,5,2,2014,1097,19,7,52,57.73684210526316,48.85714285714285,0.51,Profitable,1,VIP,58.052560422956745,0.1761392720618637,15.63,0.0106,0.9894
8373,1979,UnderGraduation,Partner,24594.0,1,0,2013-12-10,94,1,3,6,10,0,9,1,1,0,3,5,0,0,0,0,0,0,3,11,0,36,1,1,10,12,4,2013,29,4,12,201,7.25,3.829787234042553,0.01,Profitable,2,Low-Value,8.196237875407576,0.0164552914047872,0.21,0.0159,0.9841
7533,1964,Graduation,Partner,49096.0,1,1,2013-09-24,15,144,1,32,2,1,7,4,4,1,4,7,0,0,0,0,0,0,3,11,0,51,1,2,24,9,3,2013,187,9,15,278,20.77777777777778,54.0,0.0,Profitable,2,Low-Value,21.262791818467267,5.431509955474765e-13,0.01,0.0,1.0
2683,1969,Graduation,Partner,52413.0,0,2,2013-02-02,56,295,106,271,75,98,65,4,6,4,12,6,0,0,0,0,0,0,3,11,0,46,1,2,2,2,1,2013,910,22,23,512,41.36363636363637,35.357142857142854,0.0,Non-profitable,0,Moderate-Value,41.6031030506897,5.317424258339415e-24,0.0,0.0,1.0
3629,1978,Graduation,Single,38557.0,1,0,2012-12-19,17,76,3,31,4,4,27,2,3,1,3,7,0,0,0,0,0,0,3,11,0,37,1,1,19,12,4,2012,145,7,24,557,20.714285714285715,37.05882352941176,0.0,Non-profitable,2,Low-Value,21.3383544948486,6.762584265789891e-15,0.0,0.0,1.0
10991,1960,PostGraduation,Partner,89058.0,0,0,2012-12-07,18,454,194,106,31,22,43,1,5,4,4,2,0,0,0,0,0,0,3,11,0,55,0,0,7,12,4,2012,850,13,25,569,65.38461538461539,65.0,0.0,Non-profitable,1,VIP,65.87275975216076,2.8429524248737143e-23,0.0,0.0,1.0
5077,1979,Graduation,Partner,77298.0,0,1,2013-11-02,46,425,115,292,23,35,79,1,6,6,11,3,0,0,0,0,0,0,3,11,0,36,1,1,2,11,4,2013,969,23,14,239,42.130434782608695,45.0,0.0,Non-profitable,0,Moderate-Value,42.36095290439538,7.647668336830098e-17,0.0,0.0,1.0
7431,1991,PhD,Single,68126.0,0,0,2012-11-10,40,1332,17,311,23,51,86,1,7,4,5,9,0,1,0,0,0,0,3,11,1,24,0,0,10,11,4,2012,1820,16,26,596,113.75,36.0,0.0,Non-profitable,3,High-Value,114.28095464015472,1.2241910024761109e-22,0.0,0.0,1.0
999,1991,Graduation,Single,86037.0,0,0,2013-01-02,95,490,44,125,29,20,22,1,6,7,11,3,0,1,1,0,0,0,3,11,1,24,0,0,2,1,1,2013,730,24,24,543,30.416666666666668,22.73684210526316,0.0,Non-profitable,0,Moderate-Value,30.61585068343458,5.004188003147581e-21,0.0,0.0,1.0
9215,1980,PhD,Partner,43974.0,1,0,2012-12-12,19,378,0,101,0,0,72,5,6,4,6,7,0,0,0,0,0,0,3,11,0,35,1,1,12,12,4,2012,551,16,25,564,34.4375,75.78947368421052,0.0,Non-profitable,0,Moderate-Value,34.74774241740823,4.376615793011968e-27,0.0,0.0,1.0
2286,1962,Graduation,Single,50785.0,1,1,2013-09-10,27,64,1,21,0,1,27,2,2,1,3,6,0,0,0,0,0,0,3,11,0,53,1,2,10,9,3,2013,114,6,15,292,19.0,20.0,0.0,Profitable,2,Low-Value,19.716074964314,2.323718949624389e-08,0.05,0.0,1.0
1592,1970,Graduation,Partner,90765.0,0,0,2014-01-24,25,547,99,812,151,82,33,0,4,6,5,1,0,0,1,1,0,0,3,11,0,45,0,0,24,1,1,2014,1724,15,11,156,114.93333333333334,54.0,0.0,Profitable,3,High-Value,115.50330322522682,8.441186117790165e-12,0.15,0.0,1.0
367,1978,PostGraduation,Partner,36550.0,1,0,2013-02-19,74,47,90,94,123,103,120,5,9,1,5,9,0,0,0,0,0,0,3,11,0,37,1,1,19,2,1,2013,577,15,22,495,38.46666666666667,18.24324324324325,0.0,Non-profitable,0,Moderate-Value,38.80961546790758,2.2643492809325384e-15,0.0,0.0,1.0
5234,1967,PostGraduation,Partner,30753.0,1,1,2013-07-11,85,12,5,25,0,9,30,2,1,1,3,5,0,0,0,0,0,0,3,11,0,48,1,2,11,7,3,2013,81,5,17,353,16.2,5.294117647058823,0.0,Profitable,2,Low-Value,17.035485507559393,1.1254817039461143e-05,0.1,0.0,1.0
9862,1969,Graduation,Partner,21918.0,1,0,2013-11-14,37,1,6,7,11,5,3,2,2,0,3,6,0,0,0,0,0,0,3,11,0,46,1,1,14,11,4,2013,33,5,13,227,6.6,12.162162162162163,0.0,Profitable,2,Low-Value,7.349470750733649,1.398270370634252e-05,0.08,0.0,1.0
9805,1953,PostGraduation,Partner,56129.0,0,1,2013-06-20,65,320,48,133,39,72,48,4,6,2,10,4,0,0,0,0,0,0,3,11,0,62,1,1,20,6,2,2013,660,18,18,374,36.66666666666666,24.923076923076923,0.0,Non-profitable,0,Moderate-Value,36.94786485891808,1.6400360229358498e-15,0.0,0.0,1.0
6205,1967,PostGraduation,Single,32557.0,1,0,2014-02-24,13,34,3,29,0,4,10,3,2,1,3,5,0,0,0,0,0,0,3,11,1,48,1,1,24,2,1,2014,80,6,10,125,13.333333333333334,41.53846153846154,0.0,Profitable,2,Low-Value,14.007160886606666,3.5598964225191464e-06,0.43,0.0,1.0
8442,1985,PostGraduation,Partner,19510.0,2,0,2013-09-04,63,9,0,7,3,4,7,2,1,0,3,7,0,0,0,0,0,0,3,11,0,30,1,2,4,9,3,2013,30,4,16,298,7.5,5.7142857142857135,0.0,Profitable,2,Low-Value,8.449044120838579,4.435253103273898e-05,0.08,0.0001,0.9999
7386,1976,Graduation,Single,30992.0,1,0,2013-04-22,83,17,0,14,7,3,2,1,1,0,3,7,0,0,0,0,0,0,3,11,0,39,1,1,22,4,2,2013,43,4,20,433,10.75,4.337349397590362,0.0,Profitable,2,Low-Value,11.735525311441618,2.476349099452896e-06,0.04,0.0,1.0
7215,1983,Graduation,Single,101970.0,0,0,2013-03-12,69,722,27,102,44,72,168,0,6,8,13,2,0,1,1,1,0,0,3,11,1,32,0,0,12,3,1,2013,1135,27,22,474,42.03703703703704,35.21739130434783,0.0,Non-profitable,0,Moderate-Value,42.23319422672335,6.682492224845837e-25,0.0,0.0,1.0
1491,1965,PostGraduation,Partner,71488.0,0,0,2013-02-18,87,162,33,124,40,28,172,2,3,4,7,1,0,0,0,0,0,0,3,11,0,50,0,0,18,2,1,2013,559,14,22,496,39.92857142857143,14.482758620689657,0.0,Non-profitable,0,Moderate-Value,40.30074574789391,1.426933492406631e-13,0.0,0.0,1.0
11071,1984,Graduation,Single,79607.0,0,0,2013-04-21,37,450,133,951,173,0,216,1,3,6,6,1,0,0,0,0,0,0,3,11,1,31,0,0,21,4,2,2013,1923,15,20,434,128.2,36.48648648648649,0.0,Non-profitable,3,High-Value,128.80935716045482,1.2208860638539108e-18,0.0,0.0,1.0
8026,1952,Graduation,Partner,62998.0,0,1,2013-09-30,10,120,58,73,65,89,58,5,5,4,5,5,0,0,0,0,0,0,3,11,0,63,1,1,30,9,3,2013,463,14,15,272,33.07142857142857,126.0,0.0,Non-profitable,0,Moderate-Value,33.42178601413757,5.6448088762517426e-21,0.0,0.0,1.0
433,1958,PostGraduation,Single,61331.0,1,1,2013-03-10,42,534,5,47,0,5,41,5,11,1,6,8,0,0,0,0,0,0,3,11,0,57,1,2,10,3,1,2013,632,18,22,476,35.111111111111114,38.57142857142857,0.0,Non-profitable,0,Moderate-Value,35.38846264616624,9.321269429072428e-22,0.0,0.0,1.0
9597,1969,Graduation,Partner,73448.0,0,0,2014-02-10,10,236,106,189,23,41,130,1,7,2,9,4,0,0,0,0,0,0,3,11,0,46,0,0,10,2,1,2014,725,18,10,139,40.27777777777778,162.0,0.0,Profitable,0,Moderate-Value,40.56790570994912,1.0376043949352784e-19,0.01,0.0,1.0
5290,1964,PhD,Partner,41551.0,1,1,2013-08-14,51,220,0,33,3,0,23,5,5,1,5,8,0,0,0,0,0,0,3,11,0,51,1,2,14,8,3,2013,279,11,16,319,25.363636363636363,19.411764705882355,0.0,Non-profitable,0,Moderate-Value,25.77869448286904,1.390283702943147e-10,0.0,0.0,1.0
1685,1967,PhD,Partner,62981.0,0,0,2013-03-17,21,796,14,590,38,44,0,1,4,5,13,3,0,1,0,0,0,0,3,11,0,48,0,0,17,3,1,2013,1482,22,21,469,67.36363636363636,94.28571428571428,0.0,Non-profitable,1,VIP,67.65568369601725,4.2848809174376765e-32,0.0,0.0,1.0
5342,1976,UnderGraduation,Single,9548.0,1,0,2012-08-08,31,0,1,3,10,6,9,2,1,0,3,8,0,0,0,0,0,0,3,11,0,39,1,1,8,8,3,2012,29,4,29,690,7.25,11.612903225806452,0.0,Non-profitable,2,Low-Value,8.196237875407576,3.175790348811181e-11,0.0,0.0,1.0
9579,1959,PhD,Partner,33762.0,2,1,2013-07-07,61,53,1,34,2,0,16,3,2,2,2,8,0,0,0,0,0,0,3,11,0,56,1,3,7,7,3,2013,106,6,18,357,17.666666666666668,8.852459016393443,0.0,Profitable,2,Low-Value,18.372801063676977,3.091435831144401e-07,0.04,0.0,1.0
7660,1973,PhD,Single,35860.0,1,1,2014-05-19,37,15,0,8,4,2,20,2,1,1,2,5,1,0,0,0,0,0,3,11,1,42,1,2,19,5,2,2014,49,4,7,41,12.25,9.72972972972973,2.95,Profitable,2,Low-Value,13.252362784027635,4.455236623818603,0.84,0.913,0.0869999999999999
1461,1965,PhD,Single,36921.0,1,1,2013-07-28,74,17,1,12,3,1,4,2,2,0,3,7,0,0,0,0,0,0,3,11,0,50,1,2,28,7,3,2013,38,5,17,336,7.6,6.081081081081082,0.0,Profitable,2,Low-Value,8.35843062123633,8.708090513508974e-06,0.05,0.0,1.0
821,1992,PostGraduation,Single,92859.0,0,0,2012-10-19,46,962,61,921,52,61,20,1,5,4,12,2,0,0,0,0,0,0,3,11,0,23,0,0,19,10,4,2012,2077,21,26,618,98.9047619047619,41.086956521739125,0.0,Non-profitable,3,High-Value,99.27757625845784,1.8275313718887692e-27,0.0,0.0,1.0
11084,1976,PostGraduation,Partner,65104.0,0,1,2013-11-14,4,738,0,232,13,20,50,2,3,5,7,7,0,0,0,0,0,0,3,11,1,39,1,1,14,11,4,2013,1053,15,13,227,70.2,337.5,0.0,Non-profitable,1,VIP,70.63716156423186,5.920471294551638e-26,0.0,0.0,1.0
8690,1962,Graduation,Partner,86111.0,0,0,2013-04-19,73,399,28,756,36,40,126,1,5,7,10,2,0,0,0,0,0,0,3,11,0,53,0,0,19,4,2,2013,1385,22,20,436,62.95454545454545,27.12328767123288,0.0,Non-profitable,1,VIP,63.23767613902988,3.120150677214542e-19,0.0,0.0,1.0
2937,1974,PhD,Single,68352.0,0,1,2013-08-28,47,614,16,132,43,33,33,3,8,5,9,6,0,0,0,0,0,0,3,11,0,41,1,1,28,8,3,2013,871,22,16,305,39.59090909090909,42.12765957446808,0.0,Non-profitable,0,Moderate-Value,39.82679073396282,6.169116305516319e-19,0.0,0.0,1.0
9701,1988,Graduation,Partner,41883.0,1,0,2013-03-19,13,32,34,41,73,16,116,3,4,2,3,7,0,0,0,0,0,0,3,11,0,27,1,1,19,3,1,2013,312,9,21,467,34.666666666666664,62.30769230769231,0.0,Non-profitable,0,Moderate-Value,35.22054129641283,3.046970737177555e-17,0.0,0.0,1.0
9949,1976,Graduation,Partner,59809.0,0,2,2012-10-18,36,598,16,141,32,41,49,3,3,3,6,8,0,0,0,0,0,0,3,11,0,39,1,2,18,10,4,2012,877,12,26,619,73.08333333333333,30.0,0.0,Non-profitable,1,VIP,73.64089949961738,3.7948332931454313e-19,0.0,0.0,1.0
10837,1975,Graduation,Partner,23957.0,1,0,2012-10-28,47,2,1,18,20,11,16,1,2,0,3,6,0,0,0,0,0,0,3,11,1,40,1,1,28,10,4,2012,68,5,26,609,13.6,9.574468085106384,0.0,Non-profitable,2,Low-Value,14.41218984425242,1.5820619399035223e-10,0.0,0.0,1.0
3120,1981,Graduation,Partner,38547.0,1,0,2013-08-28,49,6,1,10,0,1,4,1,1,0,2,8,0,0,0,0,0,1,3,11,0,34,1,1,28,8,3,2013,22,3,16,305,7.333333333333333,5.5102040816326525,0.0,Profitable,2,Low-Value,8.600974135681305,4.010500207898168e-05,0.07,0.0001,0.9999
5885,1973,PostGraduation,Partner,35688.0,2,1,2012-08-22,94,73,3,90,12,1,32,7,4,1,4,8,0,0,0,0,0,0,3,11,0,42,1,3,22,8,3,2012,211,9,28,676,23.444444444444443,8.617021276595745,0.0,Non-profitable,2,Low-Value,23.942679718232814,1.8756652473673005e-12,0.0,0.0,1.0
3830,1953,PostGraduation,Partner,59354.0,0,2,2014-04-24,59,295,21,78,39,13,13,1,4,4,7,3,0,0,0,0,0,0,3,11,0,62,1,2,24,4,2,2014,459,15,8,66,30.6,22.881355932203387,11.88,Profitable,0,Moderate-Value,30.91959353646584,7.682784151088482,6.44,0.7353,0.2647
7987,1969,Graduation,Partner,65747.0,0,1,2014-03-07,96,346,17,48,23,13,13,4,8,1,6,6,0,1,0,0,0,0,3,11,0,46,1,1,7,3,1,2014,460,15,10,114,30.666666666666668,14.0625,3.23,Profitable,0,Moderate-Value,30.986458129105173,2.0825443087373228,5.1,0.3402,0.6597999999999999
7798,1972,PostGraduation,Partner,46344.0,0,1,2012-12-14,28,233,20,57,8,20,91,4,7,1,5,7,0,0,0,0,0,0,3,11,0,43,1,1,14,12,4,2012,429,13,24,562,33.0,41.785714285714285,0.0,Non-profitable,0,Moderate-Value,33.37715557990611,1.0101895714724016e-20,0.0,0.0,1.0
92,1988,Graduation,Single,34176.0,1,0,2014-05-12,12,5,7,24,19,14,20,4,3,0,4,6,0,0,0,0,0,0,3,11,0,27,1,1,12,5,2,2014,89,7,7,48,12.714285714285714,52.5,0.0,Profitable,2,Low-Value,13.287285968371563,0.0040850860585732,1.28,0.0006,0.9994
7055,1952,PhD,Partner,61010.0,0,1,2012-10-09,57,888,0,57,0,0,76,2,8,5,11,5,0,0,0,0,0,0,3,11,0,63,1,1,9,10,4,2012,1021,24,27,628,42.54166666666666,37.89473684210526,0.0,Non-profitable,0,Moderate-Value,42.76332427924993,1.0449900910890879e-28,0.0,0.0,1.0
10240,1949,Graduation,Partner,69372.0,0,0,2013-02-19,10,997,26,269,34,13,42,1,10,4,6,4,0,1,1,0,0,0,3,11,1,66,0,0,19,2,1,2013,1381,20,22,495,69.05,180.0,0.0,Non-profitable,1,VIP,69.37506923223758,2.706261781411089e-36,0.0,0.0,1.0
3025,1958,Graduation,Single,49967.0,0,1,2013-07-08,4,212,6,69,4,12,3,3,6,1,5,7,0,0,0,0,0,0,3,11,0,57,1,1,8,7,3,2013,306,12,18,356,25.5,270.0,0.0,Non-profitable,0,Moderate-Value,25.88084792330445,1.1296941224635015e-24,0.0,0.0,1.0
9283,1978,Graduation,Single,60199.0,1,2,2013-09-12,49,8,1,7,2,0,0,1,0,0,3,4,0,0,0,0,0,0,3,11,0,37,1,3,12,9,3,2013,18,3,15,290,6.0,5.5102040816326525,0.0,Profitable,2,Low-Value,7.247610332062101,6.488417359092702e-05,0.06,0.0001,0.9999
9970,1977,Graduation,Partner,55375.0,0,1,2013-10-17,3,42,11,57,10,28,14,1,1,1,6,2,0,0,0,0,0,0,3,11,0,38,1,1,17,10,4,2013,162,8,14,255,20.25,240.0,0.0,Profitable,2,Low-Value,20.79303354808349,3.533910866765957e-16,0.01,0.0,1.0
2730,1955,Graduation,Single,80317.0,0,0,2013-08-20,64,536,11,387,149,91,57,1,3,4,10,1,0,0,0,0,0,0,3,11,0,60,0,0,20,8,3,2013,1231,17,16,313,72.41176470588235,23.90625,0.0,Non-profitable,1,VIP,72.80315275093275,4.74566976673598e-13,0.0,0.0,1.0
2795,1958,PostGraduation,Single,30523.0,2,1,2013-07-01,0,5,0,3,0,0,5,1,1,0,2,7,0,0,0,0,0,0,3,11,0,57,1,3,1,7,3,2013,13,3,18,363,4.333333333333333,0.0,0.0,Profitable,2,Low-Value,5.555905577538095,3.377639898693427e-11,0.02,0.0,1.0
9260,1945,PhD,Partner,70356.0,0,0,2012-11-05,20,1349,16,249,43,16,33,2,10,6,9,6,0,0,0,0,0,0,3,11,0,70,0,0,5,11,4,2012,1706,25,26,601,68.24,112.5,0.0,Non-profitable,1,VIP,68.49849854292795,2.87953365386157e-40,0.0,0.0,1.0
8182,1984,Graduation,Partner,23228.0,1,0,2014-01-05,91,53,3,49,7,4,5,4,3,0,4,8,0,0,0,0,0,0,3,11,0,31,1,1,5,1,1,2014,121,7,12,175,17.285714285714285,6.923076923076923,0.01,Profitable,2,Low-Value,17.88789655492987,0.0166616272503252,0.84,0.0085,0.9915
10095,1975,PhD,Single,74165.0,0,0,2013-05-01,9,1001,12,240,16,12,12,1,5,4,10,2,0,0,0,0,0,0,3,11,0,40,0,0,1,5,2,2013,1293,19,20,424,68.05263157894737,190.0,0.0,Non-profitable,1,VIP,68.39251356204649,1.3536138496780189e-33,0.0,0.0,1.0
8475,1973,PhD,Partner,157243.0,0,1,2014-03-01,98,20,2,1582,1,2,1,15,0,22,0,0,0,0,0,0,0,0,3,11,0,42,1,1,1,3,1,2014,1608,22,10,120,73.0909090909091,20.20408163265306,2.74,Profitable,1,VIP,73.39453887313486,0.7460456610090611,16.62,0.0884,0.9116
4370,1966,Graduation,Partner,43482.0,2,1,2013-11-13,83,18,1,32,6,3,28,3,2,0,4,6,0,0,0,0,0,0,3,11,0,49,1,3,13,11,4,2013,88,6,13,228,14.666666666666666,6.506024096385542,0.0,Profitable,2,Low-Value,15.350434787243683,0.0006879108220554,0.34,0.0005,0.9995
10573,1953,Graduation,Single,62551.0,0,0,2013-11-18,27,125,16,98,134,21,27,1,6,7,4,3,1,0,0,0,0,0,3,11,0,62,0,0,18,11,4,2013,421,17,13,223,24.764705882352946,56.66666666666667,0.0,Non-profitable,2,Low-Value,25.031320869803206,4.436842709936378e-16,0.0,0.0,1.0
3712,1959,Graduation,Single,52332.0,0,0,2013-08-28,63,212,5,33,7,0,2,1,3,2,6,4,0,1,0,0,0,0,3,11,0,56,0,0,28,8,3,2013,259,11,16,305,23.545454545454547,15.714285714285714,0.0,Profitable,2,Low-Value,23.953143826035795,3.552958989903939e-09,0.01,0.0,1.0
6637,1988,Graduation,Single,66951.0,0,0,2013-11-02,46,277,162,305,173,76,124,1,3,4,7,1,0,0,0,0,0,0,3,11,0,27,0,0,2,11,4,2013,1117,14,14,239,79.78571428571429,27.39130434782609,0.0,Profitable,1,VIP,80.28469920035268,7.224399300912937e-11,0.02,0.0,1.0
3152,1957,Graduation,Partner,26091.0,1,1,2014-02-25,84,15,10,19,8,17,20,3,2,1,3,5,0,0,0,0,0,0,3,11,0,58,1,2,25,2,1,2014,89,6,10,124,14.833333333333334,6.428571428571428,0.3,Profitable,2,Low-Value,15.518344024823312,0.3922573919930575,0.94,0.1649,0.8351
5610,1965,Graduation,Partner,33456.0,1,1,2014-04-21,58,7,3,10,8,1,7,2,1,0,3,7,0,0,0,0,0,0,3,11,0,50,1,2,21,4,2,2014,36,4,8,69,9.0,6.206896551724138,1.1,Profitable,2,Low-Value,9.965881593424598,2.2002842376793548,0.54,0.7503,0.2497
6460,1982,Graduation,Partner,28718.0,1,0,2013-07-13,78,12,4,6,11,8,16,2,2,0,3,8,0,0,0,0,0,0,3,11,0,33,1,1,13,7,3,2013,57,5,17,351,11.4,5.769230769230768,0.0,Profitable,2,Low-Value,12.19247812914652,7.051146797905058e-06,0.06,0.0,1.0
1349,1970,Graduation,Partner,50447.0,2,0,2014-04-21,4,85,7,24,2,3,27,1,3,1,3,6,0,0,0,0,0,0,3,11,0,45,1,2,21,4,2,2014,148,7,8,69,21.142857142857142,157.5,0.0,Profitable,2,Low-Value,21.76966173733844,1.5981599376251953e-07,1.49,0.0,1.0
1880,1959,PhD,Partner,53537.0,1,1,2014-01-30,17,81,0,6,0,0,6,2,2,1,3,5,0,0,0,0,0,0,3,11,0,56,1,2,30,1,1,2014,93,6,11,150,15.5,31.764705882352946,0.0,Profitable,2,Low-Value,16.18998097514182,2.6518541314434143e-06,0.35,0.0,1.0
641,1967,Graduation,Single,52074.0,0,1,2014-04-04,77,59,0,12,0,0,48,1,2,2,2,4,1,0,0,0,0,0,3,11,0,48,1,1,4,4,2,2014,119,6,9,86,19.83333333333333,7.012987012987013,2.78,Profitable,2,Low-Value,20.555621152212133,2.7055121932570665,1.56,0.7957,0.2043
8717,1975,PhD,Partner,80427.0,0,1,2012-09-12,56,1149,71,449,69,71,26,1,11,8,8,5,0,0,0,0,0,0,3,11,0,40,1,1,12,9,3,2012,1835,27,28,655,67.96296296296296,43.392857142857146,0.0,Non-profitable,1,VIP,68.20182558677087,1.2431754160203046e-32,0.0,0.0,1.0
10314,1948,PhD,Partner,83837.0,0,0,2012-12-16,79,847,66,119,86,89,111,1,9,10,5,4,0,1,0,1,0,0,3,11,1,67,0,0,16,12,4,2012,1318,24,24,560,54.91666666666666,27.34177215189873,0.0,Non-profitable,1,VIP,55.16126124817488,1.7288590839860158e-23,0.0,0.0,1.0
6935,1951,PostGraduation,Partner,78497.0,0,0,2013-12-01,44,207,26,447,75,0,223,1,5,7,12,2,0,0,0,1,0,0,3,11,0,64,0,0,1,12,4,2013,978,24,13,210,40.75,49.090909090909086,0.0,Non-profitable,0,Moderate-Value,40.9683367719645,2.4633120548143597e-16,0.0,0.0,1.0
10562,1946,PostGraduation,Partner,66835.0,0,0,2013-09-28,21,620,26,195,34,17,141,1,6,4,13,2,0,0,0,0,0,0,3,11,0,69,0,0,28,9,3,2013,1033,23,15,274,44.91304347826087,98.57142857142858,0.0,Non-profitable,0,Moderate-Value,45.148943819009936,2.8262605028828846e-26,0.0,0.0,1.0
10796,1984,PostGraduation,Partner,30477.0,1,0,2014-01-22,16,47,1,6,0,0,12,1,1,1,3,6,0,0,0,0,0,0,3,11,0,31,1,1,22,1,1,2014,66,5,11,158,13.2,28.125,0.0,Profitable,2,Low-Value,14.008605896051346,7.4192570564292275e-06,0.29,0.0,1.0
3518,1983,Graduation,Partner,25271.0,1,0,2012-12-05,45,10,1,18,10,4,7,1,1,1,2,9,0,0,0,0,0,0,3,11,0,32,1,1,5,12,4,2012,50,4,25,571,12.5,8.0,0.0,Profitable,2,Low-Value,13.50516902945864,2.919500594855568e-09,0.01,0.0,1.0
5823,1970,PhD,Single,32303.0,0,1,2014-03-08,63,35,0,2,0,0,2,2,1,0,4,5,0,0,0,0,0,0,3,11,0,45,1,1,8,3,1,2014,39,5,9,113,7.8,7.142857142857142,0.08,Profitable,2,Low-Value,8.560222595336867,0.1760061811919108,0.44,0.0797,0.9203
3934,1966,Graduation,Partner,61286.0,0,1,2013-08-02,34,356,0,107,19,9,117,2,7,1,8,5,0,0,0,0,0,0,3,11,0,49,1,1,2,8,3,2013,608,16,17,331,38.0,42.35294117647059,0.0,Non-profitable,0,Moderate-Value,38.32015620519117,1.9506888947059766e-17,0.0,0.0,1.0
6982,1976,Graduation,Partner,74068.0,0,0,2013-03-19,14,783,30,537,140,76,15,1,4,10,9,2,0,0,0,0,0,0,3,11,0,39,0,0,19,3,1,2013,1581,23,21,467,68.73913043478261,147.85714285714286,0.0,Non-profitable,1,VIP,69.02111602539709,3.290524520117808e-37,0.0,0.0,1.0
6431,1964,PhD,Partner,45759.0,1,1,2013-02-23,13,42,1,18,3,0,4,2,2,0,3,7,0,0,0,0,0,0,3,11,0,51,1,2,23,2,1,2013,68,5,22,491,13.6,34.61538461538462,0.0,Non-profitable,2,Low-Value,14.41218984425242,6.521297511915462e-12,0.0,0.0,1.0
9733,1978,UnderGraduation,Partner,24882.0,1,0,2012-09-09,52,1,4,10,29,0,36,1,1,1,2,6,1,0,0,0,0,0,3,11,0,37,1,1,9,9,3,2012,80,4,28,658,20.0,6.923076923076923,0.0,Profitable,2,Low-Value,21.089356392388733,6.706997553667377e-10,0.01,0.0,1.0
5602,1989,PhD,Partner,66973.0,0,0,2013-05-17,98,466,22,432,147,113,102,1,8,7,12,3,0,0,0,0,0,0,3,11,0,26,0,0,17,5,2,2013,1282,27,19,408,47.48148148148148,24.795918367346932,0.0,Non-profitable,0,Moderate-Value,47.68660681233333,2.490636982447241e-18,0.0,0.0,1.0
7829,1900,PostGraduation,Single,36640.0,1,0,2013-09-26,99,15,6,8,7,4,25,1,2,1,2,5,0,0,0,0,0,1,3,11,0,115,1,1,26,9,3,2013,65,5,15,276,13.0,4.545454545454545,0.0,Profitable,2,Low-Value,13.80681392195081,0.0005465109390982,0.22,0.0006,0.9994
1324,1988,Graduation,Partner,38872.0,1,0,2013-05-30,93,23,3,21,3,19,22,2,3,0,3,8,0,0,0,0,0,0,3,11,0,27,1,1,30,5,2,2013,91,6,19,395,15.166666666666666,5.806451612903226,0.0,Profitable,2,Low-Value,15.854162499982566,1.5403849856906732e-06,0.05,0.0,1.0
326,1973,Graduation,Partner,51148.0,1,1,2013-02-18,38,235,6,45,8,9,12,4,5,1,6,6,0,0,0,0,0,0,3,11,0,42,1,2,18,2,1,2013,315,12,22,496,26.25,28.421052631578945,0.0,Non-profitable,0,Moderate-Value,26.633633324682418,1.015750528371612e-16,0.0,0.0,1.0
7224,1977,Graduation,Partner,31353.0,1,1,2013-12-29,24,10,0,10,3,1,7,2,1,1,2,8,0,0,0,0,0,0,3,11,0,38,1,2,29,12,4,2013,31,4,12,182,7.75,15.0,0.0,Profitable,2,Low-Value,8.701850366269582,6.845529213617714e-05,0.15,0.0001,0.9999
9938,1954,Graduation,Partner,80067.0,0,0,2013-09-19,82,519,17,813,27,173,51,1,4,6,6,2,0,0,1,0,0,0,3,11,0,61,0,0,19,9,3,2013,1600,16,15,283,100.0,17.5609756097561,0.0,Profitable,3,High-Value,100.4926908978346,1.279081224809975e-09,0.02,0.0,1.0
6422,1954,Graduation,Partner,86718.0,0,0,2013-01-17,20,344,189,482,50,33,172,1,5,6,5,2,0,0,0,0,0,0,3,11,0,61,0,0,17,1,1,2013,1270,16,23,528,79.375,72.0,0.0,Non-profitable,1,VIP,79.81029528435442,5.414950942563364e-26,0.0,0.0,1.0
3182,1973,PhD,Single,46854.0,1,1,2014-03-31,81,96,1,79,7,1,79,6,5,1,3,8,1,0,0,0,0,0,3,11,1,42,1,2,31,3,1,2014,263,9,9,90,29.22222222222222,10.0,5.42,Profitable,0,Moderate-Value,29.749103501058173,3.641553179181388,3.33,0.7684,0.2316
10424,1968,Graduation,Single,75922.0,0,0,2013-12-09,60,265,138,553,224,23,92,1,4,4,9,1,0,0,0,0,0,0,3,11,0,47,0,0,9,12,4,2013,1295,17,12,202,76.17647058823529,25.5,0.0,Profitable,1,VIP,76.57771724524423,3.319821691939725e-09,0.07,0.0,1.0
8727,1978,Graduation,Single,63693.0,0,1,2013-10-14,63,587,43,337,42,87,54,3,11,6,9,6,0,0,0,0,0,0,3,11,0,37,1,1,14,10,4,2013,1150,26,14,258,44.23076923076923,37.14285714285714,0.0,Non-profitable,0,Moderate-Value,44.43823659059839,2.457606165644414e-16,0.0,0.0,1.0
2798,1977,PhD,Partner,102160.0,0,0,2012-11-02,54,763,29,138,76,176,58,0,7,9,10,4,0,1,1,1,0,0,3,11,1,38,0,0,2,11,4,2012,1240,26,26,604,47.69230769230769,43.33333333333333,0.0,Non-profitable,0,Moderate-Value,47.90569660973695,1.0527481739621358e-30,0.0,0.0,1.0
1030,1965,PhD,Single,40637.0,1,1,2013-07-17,72,22,0,13,0,0,3,2,1,0,3,7,0,0,0,0,0,0,3,11,0,50,1,2,17,7,3,2013,38,4,17,347,9.5,5.0,0.0,Profitable,2,Low-Value,10.471494084286604,1.647243044208824e-05,0.07,0.0,1.0
624,1984,PostGraduation,Single,18890.0,0,0,2012-11-10,5,6,4,1,7,2,15,1,0,1,2,6,1,0,0,0,0,0,3,11,1,31,0,0,10,11,4,2012,35,3,26,596,11.666666666666666,54.0,0.0,Profitable,2,Low-Value,12.99940649744372,2.1561707512780077e-11,0.01,0.0,1.0
5176,1988,Graduation,Partner,29604.0,1,0,2013-12-08,88,7,6,13,7,6,14,1,1,0,3,9,1,0,0,0,0,0,3,11,0,27,1,1,8,12,4,2013,53,4,12,203,13.25,4.090909090909091,0.01,Profitable,2,Low-Value,14.26358776575165,0.0104993358790978,0.35,0.0102,0.9898
5552,1963,PostGraduation,Single,48721.0,1,1,2013-05-13,50,81,18,113,47,13,21,6,4,2,5,6,0,0,0,0,0,0,3,11,0,52,1,2,13,5,2,2013,293,11,19,412,26.63636363636364,19.8,0.0,Non-profitable,0,Moderate-Value,27.05657994265232,9.677864408515188e-13,0.0,0.0,1.0
380,1954,Graduation,Single,64497.0,0,1,2012-09-10,17,1170,48,320,42,32,192,5,11,4,9,8,1,0,0,0,0,0,3,11,1,61,1,1,10,9,3,2012,1804,24,28,657,75.16666666666667,127.05882352941175,0.0,Non-profitable,1,VIP,75.44879447005209,7.863858006647896e-42,0.0,0.0,1.0
2677,1956,Graduation,Partner,46097.0,0,1,2013-03-31,11,72,24,68,65,4,8,5,3,1,6,4,0,0,0,0,0,0,3,11,0,59,1,1,31,3,1,2013,241,10,21,455,24.1,81.81818181818181,0.0,Non-profitable,2,Low-Value,24.551113283962103,3.807932607380472e-19,0.0,0.0,1.0
6521,1954,Graduation,Partner,77972.0,0,0,2014-03-18,18,613,22,319,33,102,12,1,4,6,9,1,0,0,0,0,0,0,3,11,0,61,0,0,18,3,1,2014,1101,19,9,103,57.94736842105263,95.0,0.0,Profitable,1,VIP,58.263579874774905,2.8404352317970064e-13,0.3,0.0,1.0
6927,1968,PhD,Partner,44377.0,1,1,2012-10-05,70,224,0,30,0,0,10,8,5,1,5,8,0,0,0,0,0,0,3,11,0,47,1,2,5,10,4,2012,264,11,27,632,24.0,14.142857142857142,0.0,Non-profitable,2,Low-Value,24.409531490244103,6.867239908849536e-15,0.0,0.0,1.0
2877,1974,PostGraduation,Partner,46014.0,1,1,2013-01-21,21,410,0,59,19,9,44,10,7,1,8,7,0,0,0,0,0,0,3,11,0,41,1,2,21,1,1,2013,541,16,23,524,33.8125,68.57142857142857,0.0,Non-profitable,0,Moderate-Value,34.12100315639368,1.401521933228326e-25,0.0,0.0,1.0
0,1985,Graduation,Partner,70951.0,0,0,2013-05-04,66,239,10,554,254,87,54,1,3,4,9,1,0,0,0,0,0,0,3,11,0,30,0,0,4,5,2,2013,1198,16,20,421,74.875,21.81818181818182,0.0,Non-profitable,1,VIP,75.29777260504966,3.194782732799711e-15,0.0,0.0,1.0
1584,1977,Graduation,Partner,41443.0,1,0,2014-04-01,79,171,7,171,25,19,89,6,8,1,5,8,0,0,0,0,0,0,3,11,0,38,1,1,1,4,2,2014,482,14,9,89,34.42857142857143,15.949367088607596,8.31,Profitable,0,Moderate-Value,34.783246794776844,4.7777354307603455,6.05,0.6548,0.3451999999999999
7264,1978,PostGraduation,Single,52195.0,2,1,2014-05-12,2,12,0,4,0,0,1,1,1,0,2,8,0,0,0,0,0,0,3,11,0,37,1,3,12,5,2,2014,17,3,7,48,5.666666666666667,135.0,0.0,Profitable,2,Low-Value,6.9092693811573,0.0025163036265144,0.29,0.0008,0.9992
6274,1948,PostGraduation,Partner,83790.0,0,0,2013-11-15,81,1076,16,417,42,48,16,1,8,10,6,3,0,1,1,0,0,0,3,11,0,67,0,0,15,11,4,2013,1615,24,13,226,67.29166666666667,26.666666666666664,0.0,Profitable,1,VIP,67.55919821709985,8.665423603156655e-11,0.01,0.0,1.0
1377,1954,PostGraduation,Single,44551.0,0,1,2013-08-31,24,182,4,33,0,0,66,2,4,1,5,7,0,0,0,0,0,0,3,11,0,61,1,1,31,8,3,2013,285,10,16,302,28.5,37.5,0.0,Non-profitable,0,Moderate-Value,28.9707370857068,8.864079134673862e-13,0.0,0.0,1.0
454,1980,Graduation,Partner,69508.0,1,0,2012-11-14,48,824,32,162,42,32,43,2,11,4,11,6,0,0,0,0,0,0,3,11,0,35,1,1,14,11,4,2012,1135,26,25,592,43.65384615384615,48.75,0.0,Non-profitable,0,Moderate-Value,43.86032658740863,1.008906941061854e-31,0.0,0.0,1.0
2075,1969,Graduation,Partner,72460.0,0,0,2013-11-14,56,377,10,540,80,30,10,1,3,5,7,1,0,0,0,0,0,0,3,11,0,46,0,0,14,11,4,2013,1047,15,13,227,69.8,24.107142857142858,0.0,Profitable,1,VIP,70.23597400839583,9.476294852680086e-10,0.03,0.0,1.0
4785,1970,PhD,Partner,77622.0,0,2,2014-04-14,3,520,7,154,19,0,14,2,6,3,11,3,0,0,0,0,0,0,3,11,0,45,1,2,14,4,2,2014,714,20,8,76,35.7,600.0,0.0,Profitable,0,Moderate-Value,35.95086495744117,7.556726811295919e-25,0.24,0.0,1.0
9076,1980,PhD,Partner,30732.0,1,0,2013-01-05,44,155,1,25,0,1,3,4,4,1,4,8,0,0,0,0,0,0,3,11,0,35,1,1,5,1,1,2013,185,9,24,540,20.55555555555556,18.40909090909091,0.0,Non-profitable,2,Low-Value,21.03946782682014,9.778637676703648e-14,0.0,0.0,1.0
7079,1962,Graduation,Single,63887.0,0,1,2012-09-08,38,897,23,207,15,11,92,5,9,6,12,6,0,0,0,0,0,0,3,11,0,53,1,1,8,9,3,2012,1245,27,28,659,46.11111111111112,63.94736842105263,0.0,Non-profitable,0,Moderate-Value,46.313979154730816,2.734849193552705e-37,0.0,0.0,1.0
4653,1978,Graduation,Partner,42011.0,1,0,2013-03-26,46,131,0,16,2,1,39,4,3,1,4,8,0,0,0,0,0,0,3,11,0,37,1,1,26,3,1,2013,189,8,21,460,23.625,15.652173913043478,0.0,Non-profitable,2,Low-Value,24.18686998541039,2.281348166632585e-11,0.0,0.0,1.0
7375,1976,Graduation,Partner,51369.0,0,1,2012-10-25,84,297,7,79,0,11,182,2,8,2,4,8,0,0,0,0,0,0,3,11,0,39,1,1,25,10,4,2012,576,14,26,612,41.142857142857146,15.0,0.0,Non-profitable,0,Moderate-Value,41.51889486741327,5.154403625763147e-16,0.0,0.0,1.0
709,1952,Graduation,Single,51537.0,0,1,2012-12-09,27,787,20,204,0,0,92,3,2,2,11,8,0,0,0,0,0,0,3,11,0,63,1,1,9,12,4,2012,1103,15,25,567,73.53333333333333,50.0,0.0,Non-profitable,1,VIP,73.9803911961987,1.6211806588228938e-23,0.0,0.0,1.0
460,1972,PhD,Partner,79930.0,0,0,2012-08-08,72,792,86,740,67,51,17,1,3,5,8,2,0,0,0,0,0,0,3,11,0,43,0,0,8,8,3,2012,1753,16,29,690,109.5625,20.0,0.0,Non-profitable,3,High-Value,110.08180159135722,3.420290519596052e-20,0.0,0.0,1.0
3726,1986,PhD,Partner,34320.0,1,0,2014-02-16,66,4,1,9,3,0,0,1,1,0,2,8,0,0,0,0,0,0,3,11,0,29,1,1,16,2,1,2014,17,3,10,133,5.666666666666667,4.090909090909091,0.03,Profitable,2,Low-Value,6.9092693811573,0.1003040495361696,0.19,0.0832,0.9168
6798,1966,Graduation,Single,37070.0,1,1,2013-03-20,30,231,7,137,4,15,39,9,5,1,8,7,0,0,0,0,0,0,3,11,1,49,1,2,20,3,1,2013,433,14,21,466,30.928571428571427,42.0,0.0,Non-profitable,0,Moderate-Value,31.272111097338712,1.3056335524792075e-19,0.0,0.0,1.0
5341,1962,PostGraduation,Single,81975.0,0,1,2013-01-05,2,983,76,184,180,138,27,1,6,3,4,7,0,0,1,0,0,0,3,11,0,53,1,1,5,1,1,2013,1588,13,24,540,122.15384615384616,585.0,0.0,Non-profitable,3,High-Value,122.83655043891596,1.8631890522498565e-33,0.0,0.0,1.0
1606,1971,Graduation,Partner,38590.0,1,0,2013-05-15,65,3,1,8,4,3,3,1,1,0,2,8,0,0,0,0,0,0,3,11,0,44,1,1,15,5,2,2013,22,3,19,410,7.333333333333333,4.153846153846154,0.0,Profitable,2,Low-Value,8.600974135681305,5.491886784487358e-06,0.04,0.0,1.0
9617,1951,Graduation,Single,15033.0,0,0,2014-04-16,37,0,4,5,6,0,4,1,1,0,3,3,0,0,0,0,0,0,3,11,0,64,0,0,16,4,2,2014,19,4,8,74,4.75,9.72972972972973,0.1,Profitable,2,Low-Value,5.668175421097546,0.3634936072301876,0.29,0.1327,0.8673
3233,1965,PhD,Partner,62745.0,0,1,2013-03-23,89,562,21,464,28,10,32,3,7,8,11,5,0,0,0,0,0,0,3,11,0,50,1,1,23,3,1,2013,1117,26,21,463,42.96153846153846,26.29213483146067,0.0,Non-profitable,0,Moderate-Value,43.16683458358092,8.881297718175238e-21,0.0,0.0,1.0
89,1975,PostGraduation,Partner,22212.0,1,0,2013-12-09,49,5,9,20,6,8,21,2,2,0,4,6,0,0,0,0,0,0,3,11,0,40,1,1,9,12,4,2013,69,6,12,202,11.5,11.020408163265303,0.0,Profitable,2,Low-Value,12.160159273230764,7.182396961368651e-05,0.22,0.0,1.0
2936,1982,PostGraduation,Partner,23661.0,1,0,2013-12-04,46,18,0,4,0,0,1,1,1,0,3,7,0,0,0,0,0,0,3,11,0,33,1,1,4,12,4,2013,23,4,13,207,5.75,7.826086956521739,0.0,Profitable,2,Low-Value,6.679400402821558,0.0003528441783293,0.12,0.0004,0.9996
9449,1958,PhD,Single,79761.0,0,1,2013-10-04,32,415,5,124,15,35,11,1,5,2,11,3,0,0,0,0,0,0,3,11,0,57,1,1,4,10,4,2013,605,18,15,268,33.611111111111114,50.625,0.0,Non-profitable,0,Moderate-Value,33.88475336958412,1.6121800316305052e-17,0.0,0.0,1.0
7297,1973,Graduation,Single,7500.0,1,0,2013-12-26,54,5,3,10,12,7,20,4,3,1,3,7,0,0,0,0,0,0,3,11,0,42,1,1,26,12,4,2013,57,7,12,185,8.142857142857142,11.666666666666666,0.0,Profitable,2,Low-Value,8.686675381813256,0.0001376525737377,0.21,0.0001,0.9999
11004,1893,PostGraduation,Single,60182.0,0,1,2014-05-17,23,8,0,5,7,0,2,1,1,0,2,4,0,0,0,0,0,0,3,11,0,122,1,1,17,5,2,2014,22,3,7,43,7.333333333333333,11.739130434782608,0.62,Profitable,2,Low-Value,8.600974135681305,1.4500206471274275,0.39,0.3987,0.6013
313,1968,Graduation,Single,73455.0,0,0,2013-10-28,98,901,61,757,186,163,20,1,6,5,10,3,0,1,0,0,0,0,3,11,0,47,0,0,28,10,4,2013,2088,21,14,244,99.42857142857144,19.285714285714285,0.0,Profitable,3,High-Value,99.80249564984786,1.2652535971088678e-08,0.04,0.0,1.0
9940,1958,Graduation,Partner,64961.0,0,1,2012-12-23,97,382,114,276,75,124,38,2,6,4,4,3,0,0,0,0,0,0,3,11,0,57,1,1,23,12,4,2012,1009,14,24,553,72.07142857142857,12.989690721649485,0.0,Non-profitable,1,VIP,72.54586949987679,5.5927079536261134e-14,0.0,0.0,1.0
10735,1971,Graduation,Single,22804.0,1,0,2013-07-31,75,14,1,7,2,1,1,1,2,0,2,9,0,0,0,0,0,0,3,11,0,44,1,1,31,7,3,2013,26,4,17,333,6.5,4.800000000000001,0.0,Profitable,2,Low-Value,7.437819139114567,3.222997520112448e-05,0.06,0.0001,0.9999
9529,1990,Graduation,Partner,73687.0,0,0,2013-11-28,8,559,153,503,218,13,181,1,3,9,9,2,0,0,0,1,0,0,3,11,1,25,0,0,28,11,4,2013,1627,21,13,213,77.47619047619048,236.25,0.0,Non-profitable,1,VIP,77.80360115613912,1.6314653656177308e-29,0.0,0.0,1.0
6439,1958,Graduation,Partner,61074.0,0,1,2012-08-17,37,789,0,133,0,28,152,7,11,5,8,7,0,0,0,0,0,0,3,11,0,57,1,1,17,8,3,2012,1102,24,28,681,45.91666666666666,58.37837837837838,0.0,Non-profitable,0,Moderate-Value,46.14457981622947,1.7566591423589555e-34,0.0,0.0,1.0
2176,1972,Graduation,Partner,80134.0,1,0,2013-05-20,40,1218,16,272,104,0,80,2,5,3,6,6,0,1,1,1,0,0,3,11,1,43,1,1,20,5,2,2013,1690,14,19,405,120.71428571428572,31.5,0.0,Non-profitable,3,High-Value,121.34349011121088,1.7332326671299196e-16,0.0,0.0,1.0
9265,1953,Graduation,Partner,75027.0,0,1,2013-01-09,74,925,64,179,133,12,77,2,9,4,6,5,0,0,0,0,0,0,3,11,0,62,1,1,9,1,1,2013,1390,19,24,536,73.15789473684211,23.108108108108105,0.0,Non-profitable,1,VIP,73.50973526863682,1.8635052844208081e-19,0.0,0.0,1.0
8867,1988,PhD,Partner,67546.0,0,0,2012-08-31,90,864,134,768,150,38,172,1,4,10,5,3,0,0,0,0,0,0,3,11,0,27,0,0,31,8,3,2012,2126,19,28,667,111.89473684210526,19.0,0.0,Non-profitable,3,High-Value,112.33731440317788,1.353368555218662e-20,0.0,0.0,1.0
8932,1969,PostGraduation,Partner,65176.0,0,1,2012-10-29,57,960,28,183,220,70,70,4,9,6,6,6,0,0,0,0,0,0,3,11,0,46,1,1,29,10,4,2012,1531,21,26,608,72.9047619047619,33.1578947368421,0.0,Non-profitable,1,VIP,73.22248646764444,2.949934593239696e-25,0.0,0.0,1.0
10236,1975,PostGraduation,Single,31160.0,1,0,2013-09-16,59,16,3,25,6,1,13,2,2,0,3,8,0,0,0,0,0,0,3,11,0,40,1,1,16,9,3,2013,64,5,15,286,12.8,7.627118644067796,0.0,Profitable,2,Low-Value,13.605021947850274,1.5001083723334817e-05,0.11,0.0,1.0
6340,1985,Graduation,Single,29938.0,1,0,2013-10-27,52,3,3,7,0,2,11,2,1,0,3,6,0,0,0,0,0,0,3,11,0,30,1,1,27,10,4,2013,26,4,14,245,6.5,6.923076923076923,0.0,Profitable,2,Low-Value,7.437819139114567,0.0001277467202568,0.1,0.0001,0.9999
10089,1974,Graduation,Single,102692.0,0,0,2013-04-05,5,168,148,444,32,172,148,1,6,9,13,2,0,1,1,1,1,0,3,11,1,41,0,0,5,4,2,2013,1112,28,21,450,39.71428571428572,504.0,0.0,Non-profitable,0,Moderate-Value,39.89973696681591,2.1907401940755373e-55,0.0,0.0,1.0
2227,1958,PostGraduation,Partner,26490.0,0,0,2012-09-22,92,45,47,52,21,20,25,2,3,1,5,6,0,0,0,0,0,0,3,11,0,57,0,0,22,9,3,2012,210,9,27,645,23.33333333333333,8.804347826086957,0.0,Non-profitable,2,Low-Value,23.83101772240925,3.965730811652361e-12,0.0,0.0,1.0
10992,1967,Graduation,Partner,75702.0,1,1,2012-08-29,77,650,28,353,45,42,30,5,4,6,11,8,0,0,0,0,0,0,3,11,0,48,1,2,29,8,3,2012,1148,21,28,669,54.66666666666666,24.545454545454543,0.0,Non-profitable,1,VIP,54.94574765833763,8.888651413096838e-24,0.0,0.0,1.0
5304,1974,PhD,Single,30899.0,1,0,2012-10-13,35,24,0,8,0,0,1,2,1,0,3,6,0,0,0,0,0,0,3,11,0,41,1,1,13,10,4,2012,33,4,27,624,8.25,10.285714285714285,0.0,Non-profitable,2,Low-Value,9.207462857131588,2.5684728081337784e-10,0.0,0.0,1.0
309,1961,PhD,Partner,63342.0,0,1,2012-10-16,48,918,21,118,13,10,21,3,8,3,5,6,0,1,0,0,0,0,3,11,0,54,1,1,16,10,4,2012,1101,16,26,621,68.8125,30.0,0.0,Non-profitable,1,VIP,69.21840177320851,7.70774492217901e-22,0.0,0.0,1.0
3406,1964,Graduation,Single,45989.0,0,1,2012-10-22,97,138,33,87,28,24,12,4,3,2,7,3,0,0,0,0,0,0,3,11,0,51,1,1,22,10,4,2012,322,12,26,615,26.83333333333333,11.1340206185567,0.0,Non-profitable,0,Moderate-Value,27.21913308130972,1.2147494292588697e-13,0.0,0.0,1.0
2661,1964,Graduation,Single,18701.0,1,1,2013-06-04,95,12,4,2,10,6,10,4,2,0,4,5,0,0,0,0,0,0,3,11,0,51,1,2,4,6,2,2013,44,6,19,390,7.333333333333333,5.684210526315789,0.0,Profitable,2,Low-Value,7.962428333740083,2.1574644178256734e-06,0.03,0.0,1.0
3153,1957,PhD,Single,40737.0,2,1,2013-12-08,24,11,0,4,0,0,2,1,1,0,2,8,0,0,0,0,0,0,3,11,0,58,1,3,8,12,4,2013,17,3,12,203,5.666666666666667,11.25,0.0,Profitable,2,Low-Value,6.9092693811573,0.000129146369755,0.09,0.0002,0.9998
10264,1979,Graduation,Single,15287.0,1,0,2012-10-10,60,1,2,8,4,3,13,2,1,1,2,7,1,0,0,0,0,0,3,11,1,36,1,1,10,10,4,2012,31,4,27,627,7.75,6.0,0.0,Non-profitable,2,Low-Value,8.701850366269582,2.8039913666216902e-09,0.0,0.0,1.0
1184,1968,PhD,Single,69674.0,0,2,2013-05-22,46,554,41,215,11,0,24,3,10,2,10,5,0,0,0,0,0,0,3,11,0,47,1,2,22,5,2,2013,845,22,19,403,38.40909090909091,43.04347826086957,0.0,Non-profitable,0,Moderate-Value,38.642582522811566,1.0818383216918125e-22,0.0,0.0,1.0
9396,1978,PhD,Partner,37717.0,1,0,2012-11-23,31,9,0,6,4,1,5,1,1,0,2,9,0,0,0,0,0,0,3,11,0,37,1,1,23,11,4,2012,25,3,25,583,8.333333333333334,8.709677419354838,0.0,Profitable,2,Low-Value,9.615996988395713,4.742320242279253e-09,0.01,0.0,1.0
2387,1952,PostGraduation,Partner,43776.0,1,1,2013-02-03,9,177,2,71,3,2,20,6,5,2,4,8,0,0,0,0,0,0,3,11,1,63,1,2,3,2,1,2013,275,11,23,511,25.0,110.0,0.0,Non-profitable,0,Moderate-Value,25.413584351502397,1.4826367776250032e-22,0.0,0.0,1.0
6690,1966,PostGraduation,Partner,38179.0,1,1,2013-03-14,30,38,4,22,4,2,20,4,3,1,3,7,0,0,0,0,0,0,3,11,0,49,1,2,14,3,1,2013,90,7,21,472,12.857142857142858,21.0,0.0,Non-profitable,2,Low-Value,13.431055049201513,5.2826424979626e-12,0.0,0.0,1.0
9703,1970,PhD,Partner,38097.0,1,1,2012-10-15,70,77,2,35,0,1,69,4,3,2,2,7,1,0,0,0,0,0,3,11,1,45,1,2,15,10,4,2012,184,7,26,622,26.285714285714285,9.0,0.0,Non-profitable,0,Moderate-Value,26.945348647216537,2.5862996425778295e-11,0.0,0.0,1.0
291,1970,Graduation,Partner,72940.0,0,0,2013-06-19,13,182,74,298,162,149,116,1,3,3,6,1,0,0,0,0,0,0,3,11,0,45,0,0,19,6,2,2013,981,12,18,375,81.75,83.07692307692308,0.0,Non-profitable,1,VIP,82.33975302665161,1.1702786128401545e-19,0.0,0.0,1.0
4557,1970,Graduation,Partner,22070.0,1,0,2013-10-04,11,10,7,19,8,2,21,2,2,2,2,6,0,0,0,0,0,0,3,11,0,45,1,1,4,10,4,2013,67,6,15,268,11.166666666666666,49.090909090909086,0.0,Profitable,2,Low-Value,11.82434079807151,3.8582958722315105e-10,0.02,0.0,1.0
2379,1953,Graduation,Single,69267.0,0,0,2012-09-22,31,778,44,499,95,73,146,2,3,4,5,7,0,0,0,0,0,0,3,11,1,62,0,0,22,9,3,2012,1635,12,27,645,136.25,34.83870967741935,0.0,Non-profitable,3,High-Value,137.04215886011684,2.417979371081159e-20,0.0,0.0,1.0
5726,1983,PostGraduation,Single,31788.0,1,0,2014-03-20,15,16,7,23,0,8,6,3,3,0,4,5,0,0,0,0,0,1,3,11,0,32,1,1,20,3,1,2014,60,7,9,101,8.571428571428571,42.0,0.0,Profitable,2,Low-Value,9.117982624303098,1.249234445819448e-05,0.44,0.0,1.0
3066,1975,PhD,Partner,61905.0,0,1,2014-02-04,2,167,0,43,6,2,13,2,4,2,4,5,0,0,0,0,0,0,3,11,0,40,1,1,4,2,1,2014,231,10,11,145,23.1,450.0,0.0,Profitable,2,Low-Value,23.546653329020124,2.4234598614872915e-17,0.09,0.0,1.0
6336,1960,Graduation,Partner,29315.0,1,1,2014-04-06,55,13,2,14,8,7,4,4,2,0,4,6,0,0,0,0,0,0,3,11,0,55,1,2,6,4,2,2014,48,6,9,84,8.0,9.818181818181818,0.32,Profitable,2,Low-Value,8.634065284058591,0.7379249962252327,0.63,0.2121,0.7879
10967,1963,Graduation,Single,33378.0,1,1,2013-02-06,38,33,6,40,3,7,10,3,2,0,4,7,0,0,0,0,0,0,3,11,0,52,1,2,6,2,1,2013,99,6,23,508,16.5,14.210526315789473,0.0,Non-profitable,2,Low-Value,17.197436400619587,8.49360500451753e-11,0.0,0.0,1.0
2304,1963,PhD,Partner,66313.0,0,1,2013-09-16,86,625,7,99,10,22,7,2,6,3,12,4,0,0,0,0,0,0,3,11,0,52,1,1,16,9,3,2013,770,21,15,286,36.66666666666666,21.97674418604651,0.0,Non-profitable,0,Moderate-Value,36.9076085723899,9.661937962593202e-12,0.0,0.0,1.0
3445,1956,Graduation,Single,60714.0,0,0,2013-01-17,56,216,162,224,101,92,162,2,7,4,10,5,0,0,0,0,0,0,3,11,1,59,0,0,17,1,1,2013,957,21,23,528,45.57142857142857,33.75,0.0,Non-profitable,0,Moderate-Value,45.831238226020126,1.7035141742222084e-23,0.0,0.0,1.0
7828,1981,PostGraduation,Partner,77882.0,0,0,2014-04-30,29,68,129,396,188,22,15,1,3,3,5,1,0,0,0,0,0,0,3,11,0,34,0,0,30,4,2,2014,818,11,8,60,74.36363636363636,34.137931034482754,0.1,Profitable,1,VIP,74.97728468452515,0.0258127362252597,10.64,0.003,0.997
3762,1986,PhD,Single,69867.0,0,0,2013-04-02,30,196,0,512,33,130,54,1,3,5,8,1,0,0,0,1,0,0,3,11,1,29,0,0,2,4,2,2013,925,16,21,453,57.8125,48.0,0.0,Non-profitable,1,VIP,58.187790779352426,1.483587530535175e-21,0.0,0.0,1.0
4391,1968,PostGraduation,Single,63841.0,0,1,2013-04-21,64,635,15,100,20,7,131,1,9,3,9,6,0,0,0,0,0,0,3,11,0,47,1,1,21,4,2,2013,908,21,20,434,43.23809523809524,29.53125,0.0,Non-profitable,0,Moderate-Value,43.49296093710098,1.1199429121530092e-19,0.0,0.0,1.0
4669,1981,UnderGraduation,Partner,24480.0,1,0,2013-02-11,46,4,19,9,28,25,17,3,3,0,4,7,0,0,0,0,0,0,3,11,0,34,1,1,11,2,1,2013,102,7,22,503,14.571428571428571,13.695652173913045,0.0,Non-profitable,2,Low-Value,15.156284019160877,4.112464487071716e-11,0.0,0.0,1.0
10144,1976,Graduation,Partner,51369.0,0,1,2012-10-25,84,297,7,79,0,11,182,2,8,2,4,8,0,0,0,0,0,0,3,11,0,39,1,1,25,10,4,2012,576,14,26,612,41.142857142857146,15.0,0.0,Non-profitable,0,Moderate-Value,41.51889486741327,5.154403625763147e-16,0.0,0.0,1.0
8652,1946,Graduation,Partner,37760.0,0,0,2012-08-31,20,84,5,38,150,12,28,2,4,1,6,7,0,0,0,0,0,0,3,11,0,69,0,0,31,8,3,2012,317,11,28,667,28.818181818181817,49.50000000000001,0.0,Non-profitable,0,Moderate-Value,29.24724073085222,1.7279128731136014e-21,0.0,0.0,1.0
1672,1974,PhD,Partner,65640.0,0,1,2014-03-01,74,204,7,149,20,15,66,1,5,1,8,2,0,0,0,0,0,0,3,11,0,41,1,1,1,3,1,2014,461,14,10,120,32.92857142857143,17.027027027027028,0.04,Profitable,0,Moderate-Value,33.27847435301764,0.0247197178057901,3.99,0.0045,0.9955
8962,1975,PostGraduation,Partner,44319.0,1,1,2014-04-17,18,26,0,8,0,0,3,2,2,0,3,5,0,0,0,0,0,0,3,11,0,40,1,2,17,4,2,2014,37,5,8,73,7.4,25.0,0.0,Profitable,2,Low-Value,8.156638647135795,0.0088897224640231,0.47,0.0026,0.9974
9974,1974,Graduation,Partner,30631.0,1,0,2013-07-12,75,15,6,20,4,5,20,1,3,1,2,7,0,0,0,0,0,0,3,11,0,41,1,1,12,7,3,2013,70,6,17,352,11.666666666666666,7.2,0.0,Profitable,2,Low-Value,12.328068510810391,1.5650836342398856e-06,0.04,0.0,1.0
10983,1952,Graduation,Partner,75278.0,0,0,2013-01-29,17,304,98,230,150,74,74,1,6,3,13,3,0,0,0,0,0,0,3,11,0,63,0,0,29,1,1,2013,930,22,23,516,42.27272727272727,116.47058823529412,0.0,Non-profitable,0,Moderate-Value,42.51403244388297,2.440103001050306e-35,0.0,0.0,1.0
8148,1956,PostGraduation,Partner,50898.0,1,1,2013-01-08,88,285,28,242,55,114,135,13,6,2,12,5,0,0,0,0,0,0,3,11,0,59,1,2,8,1,1,2013,859,20,24,537,42.95,20.454545454545453,0.0,Non-profitable,0,Moderate-Value,43.21699632152735,1.0180297708807102e-18,0.0,0.0,1.0
10102,1966,Graduation,Single,79946.0,0,0,2014-05-12,19,395,183,565,166,141,28,1,5,11,5,3,0,0,0,0,0,0,3,11,0,49,0,0,12,5,2,2014,1478,21,7,48,70.38095238095238,99.47368421052632,0.0,Profitable,1,VIP,70.69332940003802,2.2717030828196977e-06,16.83,0.0,1.0
4697,1949,PostGraduation,Single,35416.0,0,0,2013-06-13,62,248,3,81,4,3,51,3,7,1,5,8,0,0,0,0,0,0,3,11,0,66,0,0,13,6,2,2013,390,13,18,381,30.0,18.870967741935484,0.0,Non-profitable,0,Moderate-Value,30.366873958248316,1.898685376518023e-12,0.0,0.0,1.0
9262,1984,PostGraduation,Partner,32414.0,0,0,2013-07-04,11,20,6,5,0,9,12,1,1,0,3,7,1,0,0,0,0,0,3,11,0,31,0,0,4,7,3,2013,52,4,18,360,13.0,32.72727272727273,0.0,Profitable,2,Low-Value,14.010781520320648,3.9179917927878484e-09,0.03,0.0,1.0
7254,1969,Graduation,Partner,38361.0,1,0,2013-12-27,74,39,0,56,20,8,14,3,3,1,3,7,0,0,0,0,0,0,3,11,0,46,1,1,27,12,4,2013,137,7,12,184,19.571428571428573,8.513513513513514,0.0,Profitable,2,Low-Value,20.188201848209022,0.0017168847742911,0.7,0.0009,0.9991
4543,1980,Graduation,Partner,82497.0,0,0,2012-10-31,32,777,129,573,216,21,203,1,2,7,9,4,0,0,1,0,0,0,3,11,0,35,0,0,31,10,4,2012,1919,18,26,606,106.61111111111111,50.625,0.0,Non-profitable,3,High-Value,107.0652714965809,8.10622021764073e-27,0.0,0.0,1.0
4927,1971,Graduation,Partner,16626.0,2,0,2014-01-15,76,8,3,22,21,1,13,3,3,0,3,9,0,0,0,0,0,0,3,11,0,44,1,2,15,1,1,2014,68,6,11,165,11.333333333333334,7.105263157894736,0.01,Profitable,2,Low-Value,11.99225003565114,0.0123148517369402,0.5,0.0068,0.9932
10451,1965,Graduation,Partner,29672.0,1,1,2013-03-12,6,9,1,3,0,4,8,1,0,0,3,6,0,0,0,0,0,0,3,11,0,50,1,2,12,3,1,2013,25,3,22,474,8.333333333333334,45.0,0.0,Profitable,2,Low-Value,9.615996988395713,6.569526985967873e-10,0.01,0.0,1.0
2926,1952,PostGraduation,Partner,55951.0,0,1,2012-08-23,62,1241,0,80,0,13,40,3,3,6,11,8,0,1,0,0,1,0,3,11,0,63,1,1,23,8,3,2012,1374,20,28,675,68.7,29.032258064516128,0.0,Non-profitable,1,VIP,69.02429047672997,5.930235046729037e-25,0.0,0.0,1.0
2874,1988,PostGraduation,Single,35388.0,1,0,2013-03-07,20,6,4,7,4,3,8,1,1,0,3,7,0,0,0,0,0,0,3,11,0,27,1,1,7,3,1,2013,32,4,22,479,8.0,18.0,0.0,Profitable,2,Low-Value,8.954656611700585,1.1016008427973727e-09,0.01,0.0,1.0
9738,1986,PostGraduation,Partner,42386.0,1,0,2013-01-13,43,65,4,16,0,4,11,1,3,0,3,8,0,0,0,0,0,0,3,11,0,29,1,1,13,1,1,2013,100,6,23,532,16.666666666666668,12.55813953488372,0.0,Non-profitable,2,Low-Value,17.365345638199216,8.967694873654814e-11,0.0,0.0,1.0
7119,1982,Graduation,Single,68627.0,0,0,2013-01-12,45,395,15,263,60,54,38,1,2,3,6,1,0,0,0,0,0,0,3,11,0,33,0,0,12,1,1,2013,825,11,23,533,75.0,22.0,0.0,Non-profitable,1,VIP,75.61622741441678,1.6565507613382358e-15,0.0,0.0,1.0
3924,1965,PhD,Single,57912.0,0,1,2014-03-17,34,801,0,80,0,0,35,5,8,3,12,5,0,1,0,0,0,0,3,11,0,50,1,1,17,3,1,2014,916,23,9,104,39.82608695652174,60.88235294117647,0.0,Profitable,0,Moderate-Value,40.052147928230205,5.303965744221488e-10,0.41,0.0,1.0
5827,1958,Graduation,Single,35246.0,1,1,2014-04-16,53,36,0,12,2,2,10,4,3,1,3,5,0,0,0,0,0,0,3,11,0,57,1,2,16,4,2,2014,62,7,8,74,8.857142857142858,11.88679245283019,0.7,Profitable,2,Low-Value,9.405520785962992,1.4800264638383804,0.86,0.3261,0.6738999999999999
5596,1956,PostGraduation,Partner,58821.0,0,1,2013-10-12,44,513,14,154,19,0,28,1,9,2,9,6,0,0,0,0,0,0,3,11,0,59,1,1,12,10,4,2013,728,20,14,260,36.4,40.90909090909091,0.0,Non-profitable,0,Moderate-Value,36.65242246845638,3.6839876719441033e-16,0.0,0.0,1.0
10812,1978,PhD,Partner,46377.0,1,0,2014-03-01,89,37,0,46,4,3,0,1,2,1,3,4,0,0,0,0,0,0,3,11,0,37,1,1,1,3,1,2014,90,6,10,120,15.0,6.067415730337078,0.57,Profitable,2,Low-Value,15.68625326240294,0.7303246667326481,0.99,0.2974,0.7026
1717,1988,Graduation,Single,39747.0,1,0,2014-04-13,43,80,15,93,20,13,52,3,5,1,4,8,0,0,0,0,0,0,3,11,0,27,1,1,13,4,2,2014,273,10,8,77,27.3,20.930232558139533,0.14,Profitable,0,Moderate-Value,27.765385139776427,0.0986065308349771,3.31,0.0162,0.9838
9491,1984,Graduation,Partner,23976.0,1,0,2013-12-27,68,14,1,21,2,3,25,3,3,1,3,7,0,0,0,0,0,0,3,11,0,31,1,1,27,12,4,2013,66,7,12,184,9.428571428571429,9.26470588235294,0.0,Profitable,2,Low-Value,9.98059710928278,0.0008756871917007,0.31,0.0005,0.9995
9274,1961,PostGraduation,Partner,80950.0,0,0,2013-03-28,44,525,147,112,219,147,63,1,6,7,9,2,0,0,0,1,0,0,3,11,0,54,0,0,28,3,1,2013,1213,22,21,458,55.13636363636363,45.0,0.0,Non-profitable,1,VIP,55.40368335756775,8.183970278745121e-25,0.0,0.0,1.0
6609,1966,Graduation,Single,27038.0,0,0,2012-09-18,64,1,26,25,17,23,15,1,3,0,3,9,0,0,0,0,0,0,3,11,1,49,0,0,18,9,3,2012,107,6,27,649,17.833333333333332,8.4375,0.0,Non-profitable,2,Low-Value,18.540710301256603,4.466733753403574e-11,0.0,0.0,1.0
6963,1947,Graduation,Single,77457.0,0,0,2014-03-05,85,675,11,400,15,45,11,1,2,5,10,1,0,0,1,0,0,0,3,11,0,68,0,0,5,3,1,2014,1157,17,10,116,68.05882352941177,18.0,0.68,Profitable,1,VIP,68.43881255438512,0.1996745641653738,11.55,0.0294,0.9706
4440,1964,PostGraduation,Partner,64100.0,0,1,2013-09-10,93,509,0,27,0,0,10,1,8,3,6,7,0,1,0,0,0,0,3,11,0,51,1,1,10,9,3,2013,546,17,15,292,32.11764705882353,16.451612903225808,0.0,Non-profitable,0,Moderate-Value,32.4035171477553,1.9671024623220624e-09,0.0,0.0,1.0
1379,1992,PostGraduation,Partner,42670.0,0,0,2013-04-27,12,154,2,46,20,4,15,1,4,2,4,4,0,0,0,0,0,0,3,11,0,23,0,0,27,4,2,2013,241,10,20,428,24.1,75.0,0.0,Non-profitable,2,Low-Value,24.551113283962103,2.672333842502923e-18,0.0,0.0,1.0
10032,1976,Graduation,Single,12571.0,1,0,2014-01-18,86,3,5,14,2,12,17,4,3,1,3,6,0,0,0,0,0,0,3,11,0,39,1,1,18,1,1,2014,53,7,11,162,7.571428571428571,7.325581395348838,0.01,Profitable,2,Low-Value,8.111599058493468,0.0251282720537181,0.42,0.0119,0.9881
2826,1967,Graduation,Partner,22574.0,2,1,2013-10-28,28,25,0,8,2,0,2,2,2,0,3,7,0,0,0,0,0,0,3,11,0,48,1,3,28,10,4,2013,37,5,14,244,7.4,16.071428571428573,0.0,Profitable,2,Low-Value,8.156638647135795,1.5353619278314393e-06,0.06,0.0,1.0
6320,1976,PostGraduation,Single,70893.0,0,0,2013-02-06,42,768,44,561,77,44,14,1,6,6,10,3,0,0,0,0,0,0,3,11,0,39,0,0,6,2,1,2013,1508,22,23,508,68.54545454545455,47.142857142857146,0.0,Non-profitable,1,VIP,68.83989190716851,1.1507413112776805e-26,0.0,0.0,1.0
3050,1966,Graduation,Partner,54198.0,1,1,2013-12-17,13,185,0,28,3,2,17,6,3,1,6,4,0,0,0,0,0,0,3,11,0,49,1,2,17,12,4,2013,235,10,12,194,23.5,69.23076923076924,0.0,Profitable,2,Low-Value,23.94843731099692,2.590593419228975e-12,0.03,0.0,1.0
231,1956,PostGraduation,Partner,28839.0,1,1,2014-03-11,86,24,0,7,0,0,1,2,2,0,3,5,0,0,0,0,0,0,3,11,0,59,1,2,11,3,1,2014,32,5,9,110,6.4,5.232558139534883,0.37,Profitable,2,Low-Value,7.1476787766331125,1.0490515309584487,0.4,0.463,0.5369999999999999
2392,1972,Graduation,Partner,40321.0,1,1,2013-07-29,59,44,4,21,6,0,27,2,3,0,3,7,0,0,0,0,0,0,3,11,0,43,1,2,29,7,3,2013,102,6,17,335,17.0,9.152542372881356,0.0,Profitable,2,Low-Value,17.70116411335847,5.739734497382387e-07,0.05,0.0,1.0
9478,1985,Graduation,Single,66503.0,1,0,2012-08-14,30,91,64,128,65,3,50,2,4,3,6,3,0,0,0,0,0,0,3,11,0,30,1,1,14,8,3,2012,401,13,29,684,30.846153846153847,39.0,0.0,Non-profitable,0,Moderate-Value,31.215927748972305,2.125053128457132e-22,0.0,0.0,1.0
113,1951,Graduation,Partner,30833.0,1,1,2013-07-16,33,11,0,7,3,1,6,2,1,0,3,5,0,0,0,0,0,0,3,11,0,64,1,2,16,7,3,2013,28,4,17,348,7.0,10.90909090909091,0.0,Profitable,2,Low-Value,7.943431629976573,4.24559060506832e-07,0.03,0.0,1.0
1802,1971,Graduation,Partner,64795.0,0,1,2013-01-17,23,412,5,119,38,29,77,3,3,3,12,2,0,0,0,0,0,0,3,11,0,44,1,1,17,1,1,2013,680,18,23,528,37.77777777777778,70.43478260869566,0.0,Non-profitable,0,Moderate-Value,38.06172358231224,1.1956262793256956e-27,0.0,0.0,1.0
520,1974,Graduation,Partner,34421.0,1,0,2013-07-01,81,3,3,7,6,2,9,1,1,0,2,7,0,0,0,0,0,0,3,11,0,41,1,1,1,7,3,2013,30,3,18,363,10.0,3.333333333333333,0.0,Profitable,2,Low-Value,11.307701742919717,5.219040836848708e-05,0.08,0.0001,0.9999
8275,1965,PhD,Single,47025.0,1,1,2014-02-09,6,16,0,3,0,0,1,1,1,0,2,7,0,0,0,0,0,0,3,11,0,50,1,2,9,2,1,2014,20,3,10,140,6.666666666666667,45.0,0.0,Profitable,2,Low-Value,7.924292233871704,4.523183060318798e-05,0.16,0.0,1.0
9750,1961,PhD,Single,64325.0,0,1,2013-02-07,41,731,60,353,78,12,73,5,10,3,5,7,0,0,0,0,0,0,3,11,0,54,1,1,7,2,1,2013,1307,18,23,507,72.61111111111111,39.51219512195122,0.0,Non-profitable,1,VIP,72.98119456071939,1.0709779930896626e-22,0.0,0.0,1.0
2607,1953,Graduation,Single,40464.0,0,1,2013-01-11,78,424,17,118,7,23,41,6,8,2,8,8,0,0,0,0,0,0,3,11,0,62,1,1,11,1,1,2013,630,18,24,534,35.0,20.76923076923077,0.0,Non-profitable,0,Moderate-Value,35.27707677382682,3.6180856601715225e-18,0.0,0.0,1.0
7214,1957,Graduation,Partner,62187.0,0,0,2013-07-05,49,792,0,275,45,45,126,1,4,8,5,3,0,0,0,0,0,0,3,11,0,58,0,0,5,7,3,2013,1283,17,18,359,75.47058823529412,31.22448979591837,0.0,Non-profitable,1,VIP,75.86998640256083,1.6509449594652002e-16,0.0,0.0,1.0
5835,1976,PhD,Single,14849.0,1,0,2013-07-02,39,21,2,28,3,2,9,3,2,0,4,8,0,0,0,0,0,0,3,11,0,39,1,1,2,7,3,2013,65,6,18,362,10.833333333333334,13.846153846153848,0.0,Profitable,2,Low-Value,11.488522322912257,1.3767632883138032e-08,0.01,0.0,1.0
3896,1984,Graduation,Partner,27255.0,1,0,2013-11-07,3,22,1,11,0,1,2,1,1,0,3,7,0,0,0,0,0,0,3,11,0,31,1,1,7,11,4,2013,37,4,14,234,9.25,120.0,0.0,Profitable,2,Low-Value,10.2186878388556,4.772215293436561e-09,0.07,0.0,1.0
10350,1950,PhD,Partner,54432.0,2,1,2013-05-09,37,33,0,5,0,0,0,1,1,0,3,4,0,0,0,0,0,0,3,11,0,65,1,3,9,5,2,2013,38,4,20,416,9.5,9.72972972972973,0.0,Profitable,2,Low-Value,10.471494084286604,8.449045710594807e-08,0.02,0.0,1.0
7786,1986,PhD,Single,29999.0,1,0,2013-02-13,22,68,7,59,10,5,11,4,3,1,4,8,0,0,0,0,0,0,3,11,0,29,1,1,13,2,1,2013,160,8,22,501,20.0,32.72727272727273,0.0,Non-profitable,2,Low-Value,20.541638256429643,1.3533639274285864e-14,0.0,0.0,1.0
2861,1983,Graduation,Single,24072.0,1,0,2013-04-16,79,9,1,6,3,0,4,1,1,0,2,8,0,0,0,0,0,0,3,11,0,32,1,1,16,4,2,2013,23,3,20,439,7.666666666666667,3.4177215189873418,0.0,Profitable,2,Low-Value,8.939315086586108,5.686591370163713e-06,0.04,0.0,1.0
663,1989,PhD,Single,33996.0,0,0,2013-09-11,46,40,2,15,8,0,6,1,1,1,3,4,0,0,0,0,0,0,3,11,0,26,0,0,11,9,3,2013,71,5,15,291,14.2,9.782608695652174,0.0,Profitable,2,Low-Value,15.017565766554029,3.0193432621973782e-06,0.09,0.0,1.0
10675,1956,PhD,Partner,66334.0,0,1,2013-04-03,82,909,11,218,0,0,23,2,9,3,5,5,0,0,0,0,0,0,3,11,1,59,1,1,3,4,2,2013,1161,17,21,452,68.29411764705883,18.65853658536585,0.0,Non-profitable,1,VIP,68.6747228352796,4.410298646891941e-15,0.0,0.0,1.0
2521,1971,PostGraduation,Partner,35178.0,1,0,2013-01-10,10,23,1,13,2,2,18,1,1,1,2,7,1,0,0,0,0,0,3,11,1,44,1,1,10,1,1,2013,59,4,24,535,14.75,36.0,0.0,Profitable,2,Low-Value,15.780425238337669,1.821283797613884e-11,0.01,0.0,1.0
9592,1983,Graduation,Partner,22010.0,1,0,2013-06-30,51,11,2,9,3,0,8,2,2,0,3,8,0,0,0,0,0,0,3,11,0,32,1,1,30,6,2,2013,33,5,18,364,6.6,8.823529411764707,0.0,Profitable,2,Low-Value,7.349470750733649,3.672995759729241e-07,0.02,0.0,1.0
10151,1960,Graduation,Single,62204.0,0,2,2012-09-12,38,317,46,247,151,46,139,1,4,5,12,3,0,0,0,0,0,0,3,11,0,55,1,2,12,9,3,2012,946,21,28,655,45.04761904761905,49.736842105263165,0.0,Non-profitable,0,Moderate-Value,45.30631883463012,5.00408758581176e-30,0.0,0.0,1.0
7381,1968,Graduation,Single,75693.0,0,0,2012-12-06,10,797,153,293,72,97,30,1,11,4,6,4,0,1,1,1,0,0,3,11,1,47,0,0,6,12,4,2012,1442,21,25,570,68.66666666666667,189.0,0.0,Non-profitable,1,VIP,68.97541139185253,8.167612200211399e-40,0.0,0.0,1.0
4099,1972,Graduation,Partner,30675.0,1,0,2012-11-12,14,10,2,16,11,2,21,1,1,0,3,8,0,0,0,0,0,0,3,11,0,43,1,1,12,11,4,2012,62,4,26,594,15.5,25.71428571428571,0.0,Non-profitable,2,Low-Value,16.538843974630677,1.3802827959625154e-11,0.0,0.0,1.0
9560,1965,Graduation,Partner,83003.0,0,0,2013-03-03,18,856,61,570,40,25,122,1,7,6,8,3,0,0,1,0,0,0,3,11,1,50,0,0,3,3,1,2013,1674,21,22,483,79.71428571428571,105.0,0.0,Non-profitable,1,VIP,80.04643855571463,1.540621921764958e-32,0.0,0.0,1.0
1150,1899,PhD,Partner,83532.0,0,0,2013-09-26,36,755,144,562,104,64,224,1,4,6,4,1,0,0,1,0,0,0,3,11,0,116,0,0,26,9,3,2013,1853,14,15,276,132.35714285714286,35.0,0.0,Non-profitable,3,High-Value,133.02339049248468,1.2915109418572853e-13,0.0,0.0,1.0
10172,1988,Graduation,Single,68655.0,0,0,2012-08-10,95,456,19,832,75,118,38,1,4,5,11,3,0,0,0,0,0,0,3,11,0,27,0,0,10,8,3,2012,1538,20,29,688,76.9,18.94736842105263,0.0,Non-profitable,1,VIP,77.24253560576538,2.3687710364553806e-21,0.0,0.0,1.0
11191,1986,Graduation,Single,41411.0,0,0,2013-12-07,11,37,32,38,11,3,18,1,2,1,4,6,0,0,0,0,0,0,3,11,0,29,0,0,7,12,4,2013,139,7,13,204,19.857142857142858,57.27272727272727,0.0,Profitable,2,Low-Value,20.47574000986892,6.921621330717578e-10,0.09,0.0,1.0
9707,1969,PhD,Partner,55212.0,0,1,2012-11-23,65,1103,0,45,0,0,34,3,4,2,11,8,0,1,0,0,1,0,3,11,0,46,1,1,23,11,4,2012,1182,17,25,583,69.52941176470588,23.53846153846154,0.0,Non-profitable,1,VIP,69.91325180997555,7.836830879052968e-20,0.0,0.0,1.0
6245,1950,PhD,Partner,59292.0,0,1,2013-06-13,71,378,14,68,19,14,14,2,3,5,8,3,0,0,0,0,0,0,3,11,0,65,1,1,13,6,2,2013,507,16,18,381,31.6875,20.281690140845072,0.0,Non-profitable,0,Moderate-Value,31.990089668944204,1.1998167636675144e-13,0.0,0.0,1.0
8234,1973,UnderGraduation,Partner,27190.0,1,0,2013-08-15,13,1,6,7,0,1,3,1,1,0,2,8,1,0,0,0,0,0,3,11,1,42,1,1,15,8,3,2013,18,3,16,318,6.0,20.76923076923077,0.0,Profitable,2,Low-Value,7.247610332062101,3.948090809600555e-07,0.03,0.0,1.0
1411,1952,Graduation,Single,82623.0,0,0,2013-11-10,58,204,34,204,172,153,173,1,2,9,4,1,0,0,0,0,0,0,3,11,0,63,0,0,10,11,4,2013,940,15,13,231,62.66666666666666,23.27586206896552,0.0,Profitable,1,VIP,63.081462595986814,1.1427126895158186e-09,0.03,0.0,1.0
8553,1965,Graduation,Partner,44300.0,1,1,2013-06-23,65,30,0,9,0,0,3,2,1,0,3,6,0,0,0,0,0,0,3,11,0,50,1,2,23,6,2,2013,42,4,18,371,10.5,5.538461538461538,0.0,Profitable,2,Low-Value,11.482719066010617,4.562391285686578e-06,0.05,0.0,1.0
1826,1970,Graduation,Single,84835.0,0,0,2014-06-16,0,189,104,379,111,189,218,1,4,4,6,1,0,0,0,0,0,0,3,11,1,45,0,0,16,6,2,2014,1190,14,6,13,85.0,0.0,0.0,Profitable,1,VIP,85.5155748312299,5.257604515876059e-15,21.74,0.0,1.0
8842,1971,Graduation,Single,30372.0,1,1,2012-12-25,33,15,0,12,7,3,7,3,2,0,3,7,0,0,0,0,0,0,3,11,0,44,1,2,25,12,4,2012,44,5,24,551,8.8,13.636363636363637,0.0,Non-profitable,2,Low-Value,9.569182465839548,1.133851688538552e-10,0.0,0.0,1.0
11030,1976,PostGraduation,Partner,33181.0,1,0,2014-01-03,90,9,0,3,0,0,4,1,1,0,2,6,1,0,0,0,0,0,3,11,0,39,1,1,3,1,1,2014,16,3,12,177,5.333333333333333,3.0,0.02,Profitable,2,Low-Value,6.570928430252498,0.0494163506412122,0.15,0.0541,0.9459
2579,1957,Graduation,Partner,71113.0,0,1,2013-12-17,95,495,33,255,11,33,8,4,6,7,9,4,0,0,0,0,0,0,3,11,0,58,1,1,17,12,4,2013,835,22,12,194,37.95454545454545,20.84210526315789,0.0,Profitable,0,Moderate-Value,38.18711782621493,1.3912203173309314e-06,0.21,0.0,1.0
175,1986,Graduation,Partner,71952.0,1,0,2013-01-10,93,656,80,455,52,107,93,2,8,4,8,4,1,0,1,0,0,0,3,11,0,29,1,1,10,1,1,2013,1443,20,24,535,72.15,19.35483870967742,0.0,Non-profitable,1,VIP,72.48196678101927,3.660814359505701e-18,0.0,0.0,1.0
9185,1966,PhD,Single,69759.0,0,0,2013-10-28,38,452,20,514,13,30,0,3,4,6,5,3,0,0,0,0,0,0,3,11,1,49,0,0,28,10,4,2013,1029,15,14,244,68.6,35.526315789473685,0.0,Non-profitable,1,VIP,69.03241134088778,5.806254728381236e-13,0.0,0.0,1.0
11056,1974,Graduation,Partner,72099.0,0,0,2012-10-27,18,546,91,410,119,0,22,1,3,4,10,1,0,0,0,0,0,0,3,11,0,41,0,0,27,10,4,2012,1188,17,26,610,69.88235294117646,85.0,0.0,Non-profitable,1,VIP,70.26711723131724,8.101855436541953e-30,0.0,0.0,1.0
9365,1976,PhD,Single,60000.0,0,1,2012-12-22,57,1048,0,217,0,0,12,5,11,3,5,6,0,0,0,0,0,0,3,11,0,39,1,1,22,12,4,2012,1277,19,24,554,67.21052631578948,30.0,0.0,Non-profitable,1,VIP,67.54843575477386,4.253111620997404e-22,0.0,0.0,1.0
6201,1978,Graduation,Single,38643.0,1,1,2013-11-29,45,22,2,14,0,1,10,2,2,0,3,7,0,0,0,0,0,1,3,11,0,37,1,2,29,11,4,2013,49,5,13,212,9.8,10.0,0.0,Profitable,2,Low-Value,10.57814233634223,8.124722356590409e-05,0.17,0.0001,0.9999
2061,1955,Graduation,Partner,50737.0,0,1,2013-05-11,61,78,0,11,0,0,10,1,2,0,4,6,0,1,0,0,0,0,3,11,0,60,1,1,11,5,2,2013,99,6,20,414,16.5,8.852459016393443,0.0,Profitable,2,Low-Value,17.197436400619587,3.966608707330956e-08,0.02,0.0,1.0
6184,1969,PhD,Partner,68462.0,0,0,2012-12-12,6,561,64,785,84,128,48,1,3,3,8,1,0,0,0,0,0,0,3,11,0,46,0,0,12,12,4,2012,1670,14,25,564,119.28571428571428,210.0,0.0,Non-profitable,3,High-Value,119.91037350001164,9.383215947202186e-31,0.0,0.0,1.0
6142,1943,PostGraduation,Partner,65073.0,0,0,2013-08-20,65,629,17,177,69,0,8,1,5,3,5,2,0,0,0,0,0,1,3,11,0,72,0,0,20,8,3,2013,900,13,16,313,69.23076923076923,18.0,0.0,Profitable,1,VIP,69.73209516454254,1.9457399960576894e-10,0.01,0.0,1.0
4107,1948,PhD,Partner,46681.0,0,2,2013-10-08,52,269,15,69,15,19,38,2,4,6,4,5,0,0,0,0,0,0,3,11,0,67,1,2,8,10,4,2013,425,14,15,264,30.357142857142858,24.23076923076923,0.0,Non-profitable,0,Moderate-Value,30.698864452859016,5.851948257181815e-11,0.0,0.0,1.0
7274,1957,Graduation,Partner,78618.0,0,0,2012-09-28,87,736,163,818,212,163,61,1,4,7,10,2,0,1,0,0,0,0,3,11,0,58,0,0,28,9,3,2012,2153,21,27,639,102.52380952380952,21.724137931034484,0.0,Non-profitable,3,High-Value,102.90429205351612,5.782341207679084e-22,0.0,0.0,1.0
9336,1969,PhD,Single,62187.0,0,1,2014-03-22,38,512,0,83,0,0,41,3,6,2,10,4,0,0,0,0,0,0,3,11,0,46,1,1,22,3,1,2014,636,18,9,99,35.333333333333336,42.63157894736842,0.0,Profitable,0,Moderate-Value,35.61123439084508,1.71617501044957e-06,2.02,0.0,1.0
2958,1978,Graduation,Partner,28442.0,2,0,2014-02-24,53,19,3,10,11,8,6,3,2,1,4,4,0,0,0,0,0,0,3,11,0,37,1,2,24,2,1,2014,57,7,10,125,8.142857142857142,11.88679245283019,0.0,Profitable,2,Low-Value,8.686675381813256,0.0095627257676464,0.5,0.0035,0.9965
933,1978,PhD,Partner,37717.0,1,0,2012-11-23,31,9,0,6,4,1,5,1,1,0,2,9,0,0,0,0,0,0,3,11,0,37,1,1,23,11,4,2012,25,3,25,583,8.333333333333334,8.709677419354838,0.0,Profitable,2,Low-Value,9.615996988395713,4.742320242279253e-09,0.01,0.0,1.0
5837,1967,Graduation,Partner,51479.0,1,1,2012-12-28,67,247,8,160,6,8,65,7,6,3,6,7,0,0,0,0,0,0,3,11,0,48,1,2,28,12,4,2012,494,15,24,548,32.93333333333333,20.149253731343283,0.0,Non-profitable,0,Moderate-Value,33.25985427884262,3.781073648040394e-17,0.0,0.0,1.0
10704,1969,Graduation,Single,54803.0,0,1,2012-08-21,65,404,0,92,28,27,142,2,6,2,9,4,0,0,0,0,0,0,3,11,0,46,1,1,21,8,3,2012,693,17,28,677,40.76470588235294,23.53846153846154,0.0,Non-profitable,0,Moderate-Value,41.07321997062696,1.1453828079212047e-21,0.0,0.0,1.0
5125,1960,Graduation,Partner,79530.0,0,0,2013-05-17,64,333,0,815,129,42,29,1,4,10,11,2,0,0,0,0,0,0,3,11,0,55,0,0,17,5,2,2013,1348,25,19,408,53.92,35.15625,0.0,Non-profitable,1,VIP,54.15302010064306,6.051994591128212e-22,0.0,0.0,1.0
4432,1976,Graduation,Single,31615.0,1,0,2013-03-16,82,2,3,20,6,11,9,2,2,0,3,7,0,0,0,0,0,0,3,11,0,39,1,1,16,3,1,2013,51,5,21,470,10.2,5.48780487804878,0.0,Profitable,2,Low-Value,10.9817262845433,2.0429585077466174e-07,0.02,0.0,1.0
5955,1962,Graduation,Partner,72025.0,0,0,2012-11-17,27,833,33,549,151,133,233,1,4,3,8,3,0,0,0,0,0,0,3,11,0,53,0,0,17,11,4,2012,1932,15,25,589,128.8,50.0,0.0,Non-profitable,3,High-Value,129.4111384942089,6.1199375956495365e-24,0.0,0.0,1.0
2928,1975,PhD,Single,52614.0,0,1,2012-12-01,63,789,0,142,12,9,38,2,2,4,8,8,0,0,0,0,0,0,3,11,0,40,1,1,1,12,4,2012,990,14,25,575,70.71428571428571,20.0,0.0,Non-profitable,1,VIP,71.18440871923751,3.3713826102829757e-17,0.0,0.0,1.0
5680,1984,PostGraduation,Partner,35684.0,1,0,2014-04-22,66,10,4,7,0,6,3,1,1,0,3,6,0,0,0,0,0,0,3,11,0,31,1,1,22,4,2,2014,30,4,8,68,7.5,5.454545454545455,1.21,Profitable,2,Low-Value,8.449044120838579,2.8625862248515244,0.47,0.9623,0.0376999999999999
10313,1975,Graduation,Partner,48178.0,1,1,2012-10-28,69,159,4,45,6,2,38,6,5,1,4,8,0,0,0,0,0,0,3,11,0,40,1,2,28,10,4,2012,254,10,26,609,25.4,13.043478260869566,0.0,Non-profitable,0,Moderate-Value,25.856911225386668,9.655643995397725e-14,0.0,0.0,1.0
2557,1970,PostGraduation,Single,29548.0,1,0,2013-08-29,52,7,1,6,3,1,11,1,1,1,2,4,1,0,0,0,0,0,3,11,0,45,1,1,29,8,3,2013,29,4,16,304,7.25,6.923076923076923,0.0,Profitable,2,Low-Value,8.196237875407576,1.4262548245974948e-05,0.06,0.0,1.0
1245,1966,Graduation,Single,63810.0,0,1,2012-11-11,45,977,12,253,16,12,101,4,4,3,12,8,0,1,0,0,0,0,3,11,0,49,1,1,11,11,4,2012,1371,19,26,595,72.15789473684211,38.0,0.0,Non-profitable,1,VIP,72.50739287250057,5.400136436797364e-25,0.0,0.0,1.0
1519,1972,PhD,Single,38578.0,1,1,2013-06-22,2,38,4,22,3,3,3,3,3,0,3,8,0,0,0,0,0,0,3,11,1,43,1,2,22,6,2,2013,73,6,18,372,12.166666666666666,270.0,0.0,Non-profitable,2,Low-Value,12.831796223549274,1.3275711126221794e-15,0.0,0.0,1.0
10703,1975,PostGraduation,Single,46098.0,1,1,2012-08-18,86,57,0,27,0,0,36,4,3,2,2,8,0,0,0,0,0,0,3,11,0,40,1,2,18,8,3,2012,120,7,28,680,17.142857142857142,7.325581395348838,0.0,Non-profitable,2,Low-Value,17.744127474099923,2.6198953688840743e-11,0.0,0.0,1.0
1726,1970,Graduation,Single,22585.0,0,0,2013-03-18,23,3,9,15,13,2,39,1,1,1,2,9,1,0,0,0,0,0,3,11,1,45,0,0,18,3,1,2013,81,4,21,468,20.25,15.652173913043478,0.0,Profitable,2,Low-Value,21.342162637819733,2.6033613780167492e-09,0.02,0.0,1.0
4459,1989,Graduation,Single,30279.0,1,0,2012-12-30,13,10,4,14,4,4,1,1,1,0,3,8,0,0,0,0,0,0,3,11,0,26,1,1,30,12,4,2012,37,4,24,546,9.25,27.692307692307693,0.0,Non-profitable,2,Low-Value,10.2186878388556,3.552857947203098e-11,0.0,0.0,1.0
1729,1961,PhD,Partner,66426.0,0,1,2013-10-02,14,1043,24,97,32,24,157,2,3,5,10,6,0,0,0,0,0,0,3,11,0,54,1,1,2,10,4,2013,1377,18,15,270,76.5,115.71428571428572,0.0,Non-profitable,1,VIP,76.87970009259897,7.524637991465213e-24,0.0,0.0,1.0
1517,1969,Graduation,Single,30822.0,1,0,2013-06-14,92,3,9,13,2,12,12,1,1,0,3,7,0,0,0,0,0,0,3,11,0,46,1,1,14,6,2,2013,51,4,18,380,12.75,3.9130434782608696,0.0,Profitable,2,Low-Value,13.757975274889644,2.124891032983429e-05,0.08,0.0,1.0
2098,1969,PhD,Partner,33581.0,2,0,2013-01-08,38,11,0,5,0,0,1,1,1,0,2,8,0,0,0,0,0,0,3,11,0,46,1,2,8,1,1,2013,17,3,24,537,5.666666666666667,7.105263157894736,0.0,Profitable,2,Low-Value,6.9092693811573,2.822451103946729e-08,0.01,0.0,1.0
9543,1985,Graduation,Partner,19986.0,1,0,2013-11-14,74,3,6,5,0,2,6,1,0,0,3,7,0,0,0,0,0,0,3,11,0,30,1,1,14,11,4,2013,22,3,13,227,7.333333333333333,3.6486486486486487,0.0,Profitable,2,Low-Value,8.600974135681305,0.0029307183295353,0.14,0.0041,0.9959
6878,1954,Graduation,Single,27421.0,0,0,2012-12-12,14,43,12,96,78,40,55,3,4,1,6,7,0,0,0,0,0,0,3,11,0,61,0,0,12,12,4,2012,324,11,25,564,29.454545454545453,70.71428571428571,0.0,Non-profitable,0,Moderate-Value,29.886183460743855,1.667335385985068e-21,0.0,0.0,1.0
3310,1973,PostGraduation,Partner,35688.0,2,1,2012-08-22,94,73,3,90,12,1,32,7,4,1,4,8,0,0,0,0,0,0,3,11,0,42,1,3,22,8,3,2012,211,9,28,676,23.444444444444443,8.617021276595745,0.0,Non-profitable,2,Low-Value,23.942679718232814,1.8756652473673005e-12,0.0,0.0,1.0
2724,1981,PostGraduation,Single,36143.0,1,0,2014-03-30,33,12,0,1,0,0,6,1,0,1,2,3,0,0,0,0,0,0,3,11,0,34,1,1,30,3,1,2014,19,3,9,91,6.333333333333333,8.181818181818182,0.04,Profitable,2,Low-Value,7.585951282966902,0.0934619445487888,0.25,0.0535,0.9465
948,1971,Graduation,Single,10245.0,1,0,2013-05-15,32,4,7,7,6,4,13,3,1,2,2,5,0,0,0,0,0,0,3,11,0,44,1,1,15,5,2,2013,41,5,19,410,8.2,14.0625,0.0,Profitable,2,Low-Value,8.963806543537938,6.424122195521991e-09,0.01,0.0,1.0
6720,1968,PostGraduation,Partner,43795.0,0,1,2013-10-16,11,314,11,53,4,3,107,3,7,3,4,7,0,1,0,0,0,0,3,11,1,47,1,1,16,10,4,2013,492,14,14,256,35.142857142857146,114.54545454545456,0.0,Non-profitable,0,Moderate-Value,35.49980510037646,6.503695829072533e-20,0.0,0.0,1.0
6202,1960,Graduation,Partner,63381.0,0,1,2012-10-05,78,571,50,142,33,50,159,4,4,5,13,2,0,0,0,0,0,0,3,11,0,55,1,1,5,10,4,2012,1005,22,27,632,45.68181818181818,25.384615384615383,0.0,Non-profitable,0,Moderate-Value,45.930017668357735,1.0213861653358822e-23,0.0,0.0,1.0
2066,1949,Graduation,Partner,38823.0,0,1,2012-08-30,56,70,0,11,2,8,23,1,2,1,3,6,0,0,0,0,0,0,3,11,0,66,1,1,30,8,3,2012,114,6,28,668,19.0,9.642857142857142,0.0,Non-profitable,2,Low-Value,19.716074964314,1.0862450042342371e-11,0.0,0.0,1.0
9799,1968,PhD,Single,83664.0,1,1,2013-05-08,57,866,21,151,28,21,86,3,2,2,12,5,0,0,0,0,0,0,3,11,0,47,1,2,8,5,2,2013,1173,16,20,417,73.3125,25.26315789473684,0.0,Non-profitable,1,VIP,73.73092445251328,3.546372589465364e-16,0.0,0.0,1.0
8318,1979,Graduation,Partner,90300.0,0,0,2014-01-03,7,594,134,786,33,134,57,0,5,6,8,1,0,0,1,0,0,0,3,11,0,36,0,0,3,1,1,2014,1738,19,12,177,91.47368421052632,244.2857142857143,0.0,Non-profitable,1,VIP,91.86842757681656,6.768268602282237e-26,0.0,0.0,1.0
5642,1979,PostGraduation,Partner,62499.0,1,0,2013-12-09,0,140,4,61,0,13,4,2,3,1,6,4,0,0,0,0,0,0,3,11,0,36,1,1,9,12,4,2013,222,10,12,202,22.2,0.0,0.0,Profitable,2,Low-Value,22.642639369572343,4.335625508284697e-25,0.01,0.0,1.0
455,1946,PhD,Partner,51012.0,0,0,2013-04-18,86,102,9,63,2,9,24,1,4,1,4,6,0,0,0,0,0,0,3,11,0,69,0,0,18,4,2,2013,209,9,20,437,23.22222222222222,9.418604651162791,0.0,Non-profitable,2,Low-Value,23.71935572658569,3.221949430218269e-09,0.0,0.0,1.0
7683,1968,PostGraduation,Partner,70777.0,0,1,2014-02-25,80,554,35,113,0,7,78,3,5,3,12,3,0,0,0,0,0,0,3,11,0,47,1,1,25,2,1,2014,787,20,10,124,39.35,22.5,0.01,Profitable,0,Moderate-Value,39.60898626487766,0.0064503434197334,5.59,0.0009,0.9991
3428,1991,PhD,Partner,68682.0,0,0,2013-10-06,56,919,0,505,99,30,45,1,4,9,10,2,0,0,0,0,0,0,3,11,0,24,0,0,6,10,4,2013,1598,23,15,266,69.47826086956522,36.96428571428572,0.0,Non-profitable,1,VIP,69.76167611209159,3.3928436738537443e-16,0.0,0.0,1.0
7414,1971,Graduation,Partner,43824.0,1,1,2012-09-15,18,96,1,42,12,3,32,4,3,1,4,8,0,0,0,0,0,0,3,11,0,44,1,2,15,9,3,2012,186,8,27,652,23.25,40.0,0.0,Non-profitable,2,Low-Value,23.80977704792962,2.1775122959317996e-17,0.0,0.0,1.0
6354,1984,Graduation,Partner,15345.0,1,0,2012-08-31,51,5,2,16,3,2,19,2,1,1,2,8,0,0,0,0,0,0,3,11,1,31,1,1,31,8,3,2012,47,4,28,667,11.75,7.0588235294117645,0.0,Non-profitable,2,Low-Value,12.746750293165633,4.94569853227091e-10,0.0,0.0,1.0
798,1987,Graduation,Single,23442.0,1,0,2012-12-24,71,2,0,6,8,6,5,1,1,0,3,7,0,0,0,0,0,0,3,11,0,28,1,1,24,12,4,2012,27,4,24,552,6.75,5.070422535211268,0.0,Profitable,2,Low-Value,7.69062538454557,4.2466624150392233e-08,0.01,0.0,1.0
8213,1980,PostGraduation,Partner,14515.0,1,0,2012-11-09,71,6,4,9,6,36,35,4,2,2,3,7,0,0,0,0,0,0,3,11,1,35,1,1,9,11,4,2012,96,7,26,597,13.714285714285714,8.873239436619718,0.0,Non-profitable,2,Low-Value,14.293669534181191,6.064676652591135e-11,0.0,0.0,1.0
2488,1956,PostGraduation,Single,31395.0,1,1,2013-03-23,80,23,1,25,0,8,7,4,2,1,3,6,0,0,0,0,0,0,3,11,0,59,1,2,23,3,1,2013,64,6,21,463,10.666666666666666,6.75,0.0,Profitable,2,Low-Value,11.320613085332628,5.119750819231435e-08,0.01,0.0,1.0
9999,1965,Graduation,Partner,75276.0,0,0,2012-09-27,2,610,105,125,137,42,21,1,9,4,9,5,0,0,0,0,0,0,3,11,0,50,0,0,27,9,3,2012,1040,22,27,640,47.27272727272727,990.0,0.0,Non-profitable,0,Moderate-Value,47.52414410644596,3.83883983287251e-56,0.0,0.0,1.0
7617,1974,Graduation,Single,42373.0,1,1,2013-08-15,83,67,5,61,3,8,19,5,2,1,5,5,0,0,0,0,0,0,3,11,0,41,1,2,15,8,3,2013,163,8,16,318,20.375,8.674698795180724,0.0,Profitable,2,Low-Value,20.91873119391041,1.3964731952757534e-06,0.07,0.0,1.0
615,1960,Graduation,Partner,30507.0,0,0,2013-03-11,29,65,36,74,38,20,110,1,5,1,4,7,0,0,0,0,0,0,3,11,0,55,0,0,11,3,1,2013,343,10,22,475,34.3,31.03448275862069,0.0,Non-profitable,0,Moderate-Value,34.796604824370256,1.802906455360153e-15,0.0,0.0,1.0
2552,1955,PhD,Single,55521.0,1,2,2013-10-22,11,416,0,26,0,0,4,9,6,3,6,7,0,1,0,0,0,0,3,11,1,60,1,3,22,10,4,2013,446,15,14,250,29.73333333333333,122.72727272727272,0.0,Non-profitable,0,Moderate-Value,30.05035383215446,5.56101571239382e-21,0.0,0.0,1.0
3645,1972,PhD,Single,27213.0,1,0,2012-08-30,19,19,3,26,10,9,3,3,2,0,4,8,0,0,0,0,0,0,3,11,1,43,1,1,30,8,3,2012,70,6,28,668,11.666666666666666,28.421052631578945,0.0,Non-profitable,2,Low-Value,12.328068510810391,1.3595873185830902e-14,0.0,0.0,1.0
8890,1971,PhD,Single,65808.0,1,1,2014-05-30,1,155,7,80,13,7,10,3,5,1,5,6,0,0,0,0,0,0,3,11,0,44,1,2,30,5,2,2014,272,11,7,30,24.727272727272727,990.0,0.0,Profitable,0,Moderate-Value,25.139751752977407,9.46306630318422e-12,4.14,0.0,1.0
5049,1974,PhD,Partner,30351.0,1,0,2013-06-06,19,14,0,24,3,3,2,1,3,0,2,9,0,0,0,0,0,0,3,11,0,41,1,1,6,6,2,2013,46,5,19,388,9.2,23.684210526315788,0.0,Profitable,2,Low-Value,9.97276641404062,9.738179095266083e-10,0.01,0.0,1.0
9973,1963,Graduation,Partner,50437.0,0,2,2012-10-17,28,370,9,92,6,9,4,3,7,1,8,7,0,0,0,0,0,0,3,11,0,52,1,2,17,10,4,2012,490,16,26,620,30.625,51.42857142857142,0.0,Non-profitable,0,Moderate-Value,30.924632925219463,1.449841166212991e-25,0.0,0.0,1.0
7301,1982,PostGraduation,Single,23616.0,1,0,2012-11-17,76,4,22,11,3,7,32,2,3,0,3,8,0,0,0,0,0,0,3,11,1,33,1,1,17,11,4,2012,79,6,25,589,13.166666666666666,7.105263157894736,0.0,Non-profitable,2,Low-Value,13.839251649027036,7.817544107350651e-10,0.0,0.0,1.0
10882,1976,Graduation,Partner,53858.0,0,1,2012-11-09,50,407,53,221,58,150,26,4,4,3,6,4,0,0,0,0,0,0,3,11,0,39,1,1,9,11,4,2012,915,13,26,597,70.38461538461539,23.4,0.0,Non-profitable,1,VIP,70.88989578825708,4.782081859144009e-18,0.0,0.0,1.0
7030,1955,PhD,Partner,66465.0,0,1,2013-03-30,1,1200,0,204,38,29,14,3,11,9,12,6,0,0,0,1,0,0,3,11,0,60,1,1,30,3,1,2013,1485,32,21,456,46.40625,2880.0,0.0,Non-profitable,0,Moderate-Value,46.57778595627735,9.18027675642088e-80,0.0,0.0,1.0
7422,1987,Graduation,Single,46923.0,1,0,2012-08-22,90,85,44,54,102,78,6,3,5,1,7,7,0,0,0,0,0,0,3,11,0,28,1,1,22,8,3,2012,369,13,28,676,28.384615384615383,12.999999999999998,0.0,Non-profitable,0,Moderate-Value,28.74595308504796,7.562538229561395e-16,0.0,0.0,1.0
3523,1962,Graduation,Partner,75072.0,0,1,2013-01-23,83,583,34,309,0,22,125,2,5,4,8,3,0,0,0,0,0,0,3,11,0,53,1,1,23,1,1,2013,1073,17,23,522,63.11764705882353,18.433734939759034,0.0,Non-profitable,1,VIP,63.48469665560132,1.2407596430653838e-16,0.0,0.0,1.0
7106,1943,PhD,Partner,75865.0,0,0,2014-03-31,73,483,0,591,156,0,12,1,3,5,10,1,0,0,0,0,0,0,3,11,0,72,0,0,31,3,1,2014,1242,18,9,90,69.0,22.191780821917806,5.94,Profitable,1,VIP,69.36115370968834,1.71335465752836,15.02,0.1862,0.8138
6504,1975,PostGraduation,Partner,19789.0,1,0,2013-11-20,24,2,5,9,28,6,28,3,2,1,3,5,1,0,0,0,0,0,3,11,0,40,1,1,20,11,4,2013,78,6,13,221,13.0,22.5,0.0,Profitable,2,Low-Value,13.67134241144741,3.1311169398596385e-07,0.1,0.0,1.0
5067,1994,Graduation,Partner,80134.0,0,0,2014-02-14,11,966,26,282,52,26,26,1,2,7,11,5,0,1,1,1,1,0,3,11,0,21,0,0,14,2,1,2014,1378,20,10,135,68.9,163.63636363636363,0.0,Profitable,1,VIP,69.22473547987718,8.81113028281403e-21,0.01,0.0,1.0
4216,1981,Graduation,Single,91065.0,0,0,2013-02-22,33,822,114,108,179,137,114,1,7,9,9,3,0,0,1,1,0,0,3,11,1,34,0,0,22,2,1,2013,1474,25,22,492,58.96,68.18181818181819,0.0,Non-profitable,1,VIP,59.20198737362601,6.616338123522159e-32,0.0,0.0,1.0
8581,1971,PostGraduation,Partner,49505.0,1,1,2013-03-05,4,604,0,100,19,0,28,9,10,2,8,8,0,0,0,0,0,0,3,11,0,44,1,2,5,3,1,2013,751,20,22,481,37.55,450.0,0.0,Non-profitable,0,Moderate-Value,37.804981236552806,5.614677344851243e-43,0.0,0.0,1.0
5929,1973,PhD,Partner,37401.0,1,0,2014-05-06,14,19,3,19,3,1,3,2,2,0,3,7,0,0,0,0,0,0,3,11,0,42,1,1,6,5,2,2014,48,5,8,54,9.6,32.142857142857146,0.01,Profitable,2,Low-Value,10.376350362241691,0.0267594946386741,0.7,0.0059,0.9941
3129,1983,Graduation,Partner,30096.0,1,0,2014-05-22,30,5,3,11,12,5,9,1,2,0,3,6,0,0,0,0,0,0,3,11,0,32,1,1,22,5,2,2014,45,5,7,38,9.0,15.0,2.38,Profitable,2,Low-Value,9.770974439940083,4.870705275822001,0.78,0.7601,0.2399
1361,1974,PostGraduation,Partner,82584.0,0,0,2013-06-04,26,1076,68,103,29,91,68,1,3,4,8,1,0,1,1,0,0,0,3,11,1,41,0,0,4,6,2,2013,1435,15,19,390,95.66666666666669,51.92307692307692,0.0,Non-profitable,3,High-Value,96.1794359524585,7.747824162887686e-20,0.0,0.0,1.0
6932,1941,PhD,Partner,93027.0,0,0,2013-04-13,77,1285,42,716,55,0,21,0,7,10,5,2,0,0,1,0,0,0,3,11,0,74,0,0,13,4,2,2013,2119,22,20,442,96.3181818181818,25.71428571428571,0.0,Non-profitable,3,High-Value,96.66878486922292,6.924013911352891e-19,0.0,0.0,1.0
7284,1953,Graduation,Partner,48686.0,1,2,2013-12-04,8,10,0,7,2,0,1,1,1,0,2,8,0,0,0,0,0,0,3,11,0,62,1,3,4,12,4,2013,20,3,13,207,6.666666666666667,33.75,0.0,Profitable,2,Low-Value,7.924292233871704,4.957399367791357e-06,0.09,0.0,1.0
1340,1986,Graduation,Partner,92910.0,0,0,2014-04-24,42,551,137,792,179,103,33,1,6,7,13,1,0,1,1,1,0,0,3,11,0,29,0,0,24,4,2,2014,1795,26,8,66,69.03846153846153,55.71428571428572,0.01,Profitable,1,VIP,69.28836672775805,0.0028220981719929,20.52,0.0002,0.9998
8746,1989,Graduation,Partner,75433.0,1,0,2014-04-05,28,800,0,297,0,34,57,2,2,5,10,6,0,1,0,1,0,0,3,11,0,26,1,1,5,4,2,2014,1188,17,9,85,69.88235294117646,54.64285714285714,0.0,Profitable,1,VIP,70.26711723131724,4.887535196010695e-07,5.03,0.0,1.0
5987,1989,PostGraduation,Partner,10404.0,1,0,2014-05-04,52,2,2,11,10,6,12,2,1,0,4,5,0,0,0,0,0,0,3,11,0,26,1,1,4,5,2,2014,43,5,8,56,8.6,8.653846153846155,1.88,Profitable,2,Low-Value,9.36739049173901,4.015241937092714,0.69,0.9155,0.0845
3767,1968,Graduation,Partner,61314.0,0,1,2013-04-25,1,378,0,189,97,172,172,2,5,5,12,3,0,0,0,0,0,0,3,11,0,47,1,1,25,4,2,2013,1008,22,20,430,45.81818181818182,1980.0,0.0,Non-profitable,0,Moderate-Value,46.06665707733673,5.41605202116958e-55,0.0,0.0,1.0
3725,1961,PhD,Single,84865.0,0,0,2013-05-09,1,1248,16,349,43,16,16,1,2,4,9,4,0,1,1,1,1,0,3,11,1,54,0,0,9,5,2,2013,1688,15,20,416,112.53333333333332,1350.0,0.0,Non-profitable,3,High-Value,113.0961778902107,3.798815925896809e-38,0.0,0.0,1.0
4324,1989,Graduation,Partner,42387.0,1,0,2012-10-29,42,235,0,235,19,4,191,5,8,1,7,8,0,0,0,0,0,0,3,11,0,26,1,1,29,10,4,2012,684,16,26,608,42.75,34.285714285714285,0.0,Non-profitable,0,Moderate-Value,43.08337458890176,1.5707341433012075e-22,0.0,0.0,1.0
238,1967,PostGraduation,Partner,67309.0,1,1,2013-01-23,76,515,47,181,149,95,95,15,9,6,9,7,0,0,0,0,0,0,3,11,0,48,1,2,23,1,1,2013,1082,24,23,522,45.083333333333336,28.421052631578945,0.0,Non-profitable,0,Moderate-Value,45.30970190586416,7.248074273664976e-23,0.0,0.0,1.0
6694,1964,Graduation,Partner,75236.0,0,1,2013-11-25,27,438,66,400,12,38,114,1,8,3,13,4,0,0,0,0,0,0,3,11,0,51,1,1,25,11,4,2013,1068,24,13,216,44.5,80.0,0.0,Non-profitable,0,Moderate-Value,44.725287368608434,9.895768492155888e-22,0.0,0.0,1.0
498,1970,Graduation,Single,30015.0,1,0,2014-02-02,28,25,0,22,2,3,5,2,1,0,4,5,0,0,0,0,0,0,3,11,0,45,1,1,2,2,1,2014,57,5,11,147,11.4,16.071428571428573,0.0,Profitable,2,Low-Value,12.19247812914652,0.0002240627902341,0.35,0.0001,0.9999
9347,1956,PostGraduation,Partner,50943.0,0,1,2013-06-21,49,31,0,7,2,0,6,1,1,0,3,5,0,0,0,0,0,0,3,11,0,59,1,1,21,6,2,2013,46,4,18,373,11.5,7.346938775510203,0.0,Profitable,2,Low-Value,12.493944047734628,1.104864055766753e-06,0.05,0.0,1.0
9699,1966,Graduation,Single,67272.0,0,1,2013-12-21,12,357,35,271,28,28,14,3,6,2,12,5,0,0,0,0,0,0,3,11,0,49,1,1,21,12,4,2013,733,20,12,190,36.65,150.0,0.0,Non-profitable,0,Moderate-Value,36.90297872239039,1.1206761926990761e-23,0.0,0.0,1.0
10664,1949,PostGraduation,Single,51529.0,0,1,2013-09-07,14,400,4,35,6,0,22,2,9,1,5,8,0,0,0,0,0,0,3,11,0,66,1,1,7,9,3,2013,467,15,16,295,31.133333333333333,96.42857142857144,0.0,Non-profitable,0,Moderate-Value,31.45451027758053,4.9904016790788585e-21,0.0,0.0,1.0
5455,1971,PhD,Partner,32011.0,1,0,2013-08-22,89,99,0,15,2,1,5,3,2,1,4,7,0,0,0,0,0,0,3,11,0,44,1,1,22,8,3,2013,122,7,16,311,17.428571428571427,7.078651685393258,0.0,Profitable,2,Low-Value,18.03166563575981,1.0169964860869096e-05,0.11,0.0,1.0
456,1986,PostGraduation,Partner,7500.0,1,0,2013-02-07,96,1,11,5,4,6,9,2,2,0,3,8,0,0,0,0,0,0,3,11,0,29,1,1,7,2,1,2013,36,5,23,507,7.2,4.6875,0.0,Profitable,2,Low-Value,7.954846673035258,1.8886167741085882e-07,0.01,0.0,1.0
5012,1989,Graduation,Partner,28691.0,1,0,2013-07-04,56,5,4,13,8,0,4,1,1,0,3,8,0,0,0,0,0,0,3,11,0,26,1,1,4,7,3,2013,34,4,18,360,8.5,6.428571428571428,0.0,Profitable,2,Low-Value,9.460269102562592,3.124754229272424e-06,0.04,0.0,1.0
7495,1948,PhD,Partner,56223.0,0,1,2013-12-20,72,77,28,31,16,0,4,2,2,1,5,4,0,0,0,0,0,0,3,11,0,67,1,1,20,12,4,2013,156,8,12,191,19.5,10.0,0.0,Profitable,2,Low-Value,20.038847673121957,0.0004280484572804,0.58,0.0002,0.9998
5029,1946,Graduation,Partner,18100.0,0,0,2013-08-06,14,3,1,2,4,3,1,1,0,0,3,5,0,0,0,0,0,0,3,11,0,69,0,0,6,8,3,2013,14,3,17,327,4.666666666666667,19.285714285714285,0.0,Profitable,2,Low-Value,5.894246528442896,3.683260611554975e-07,0.03,0.0,1.0
10642,1989,Graduation,Single,30279.0,1,0,2012-12-30,13,10,4,14,4,4,1,1,1,0,3,8,0,0,0,0,0,0,3,11,0,26,1,1,30,12,4,2012,37,4,24,546,9.25,27.692307692307693,0.0,Non-profitable,2,Low-Value,10.2186878388556,3.552857947203098e-11,0.0,0.0,1.0
2106,1974,PostGraduation,Partner,20130.0,0,0,2014-03-17,99,0,6,3,7,6,12,1,1,0,3,8,0,0,0,0,0,0,3,11,0,41,0,0,17,3,1,2014,34,4,9,104,8.5,3.6363636363636367,0.84,Profitable,2,Low-Value,9.460269102562592,1.7774849323762183,0.45,0.9055,0.0945
10364,1959,Graduation,Single,23295.0,0,0,2013-07-13,72,0,0,1,2,12,5,1,1,0,2,8,0,0,0,0,0,0,3,11,0,56,0,0,13,7,3,2013,20,3,17,351,6.666666666666667,3.75,0.0,Profitable,2,Low-Value,7.924292233871704,4.476563670792345e-05,0.05,0.0001,0.9999
5954,1972,PostGraduation,Single,42618.0,1,0,2013-10-09,92,76,14,74,13,5,10,2,5,0,4,8,0,0,0,0,0,0,3,11,0,43,1,1,9,10,4,2013,192,9,14,263,21.33333333333333,8.804347826086957,0.0,Profitable,2,Low-Value,21.821101797585087,2.4233124285068707e-05,0.21,0.0,1.0
1137,1964,Graduation,Single,81246.0,0,0,2013-12-29,87,398,190,537,61,156,37,1,4,5,7,1,1,0,0,1,0,0,3,11,0,51,0,0,29,12,4,2013,1379,16,12,182,86.1875,16.551724137931036,0.0,Profitable,1,VIP,86.64175322941303,4.46830657864371e-05,1.96,0.0,1.0
2541,1976,Graduation,Partner,24027.0,1,0,2013-06-09,7,14,7,11,11,0,5,2,2,0,3,8,0,0,0,0,0,0,3,11,0,39,1,1,9,6,2,2013,48,5,19,385,9.6,64.28571428571429,0.0,Profitable,2,Low-Value,10.376350362241691,1.1187290356976904e-11,0.01,0.0,1.0
1142,1953,PhD,Partner,55707.0,0,1,2013-12-22,91,208,7,82,30,66,35,2,3,2,9,3,0,0,0,0,0,0,3,11,0,62,1,1,22,12,4,2013,428,14,12,189,30.571428571428573,13.846153846153848,0.0,Profitable,0,Moderate-Value,30.913831944538902,0.0001473521218285,0.89,0.0,1.0
2276,1955,Graduation,Single,57959.0,0,1,2013-05-02,71,430,16,322,43,24,33,5,4,7,11,3,0,0,0,0,0,0,3,11,0,60,1,1,2,5,2,2013,868,22,20,423,39.45454545454545,27.88732394366197,0.0,Non-profitable,0,Moderate-Value,39.69015132498382,4.1769559356801183e-19,0.0,0.0,1.0
2807,1969,Graduation,Partner,56796.0,0,1,2013-02-16,24,656,38,161,62,47,37,3,8,9,7,7,0,0,0,0,0,0,3,11,0,46,1,1,16,2,1,2013,1001,24,22,498,41.708333333333336,90.0,0.0,Non-profitable,0,Moderate-Value,41.92844636888462,3.3067080129739503e-34,0.0,0.0,1.0
6471,1971,PostGraduation,Single,36230.0,1,0,2013-10-17,17,14,2,30,8,2,3,1,2,0,4,5,0,0,0,0,0,0,3,11,0,44,1,1,17,10,4,2013,59,6,14,255,9.833333333333334,31.764705882352946,0.0,Profitable,2,Low-Value,10.481066897434491,8.004137633158449e-09,0.03,0.0,1.0
6131,1980,PostGraduation,Partner,70829.0,1,1,2013-12-01,87,141,70,106,72,19,23,2,4,2,8,3,0,0,0,0,0,0,3,11,0,35,1,2,1,12,4,2013,431,14,13,210,30.785714285714285,14.482758620689657,0.0,Profitable,0,Moderate-Value,31.128799436218788,1.0128195232254812e-05,0.32,0.0,1.0
6233,1976,Graduation,Partner,65991.0,0,1,2012-09-07,21,507,19,364,25,47,9,3,9,5,10,7,0,0,0,0,0,0,3,11,0,39,1,1,7,9,3,2012,971,24,28,660,40.458333333333336,102.85714285714285,0.0,Non-profitable,0,Moderate-Value,40.67612950333664,8.798646502754021e-40,0.0,0.0,1.0
4148,1972,Graduation,Partner,38988.0,1,2,2012-08-20,90,164,24,103,12,3,42,7,5,1,6,8,0,0,0,0,0,0,3,11,0,43,1,3,20,8,3,2012,348,12,28,678,29.0,12.0,0.0,Non-profitable,0,Moderate-Value,29.393846463068275,4.533471762905851e-15,0.0,0.0,1.0
4947,1966,PostGraduation,Single,89572.0,0,0,2012-09-15,44,606,24,974,197,194,64,1,7,7,9,4,0,1,0,1,0,0,3,11,1,49,0,0,15,9,3,2012,2059,23,27,652,89.52173913043478,47.04545454545455,0.0,Non-profitable,1,VIP,89.84392316892458,7.0817136182742015e-31,0.0,0.0,1.0
3225,1984,PostGraduation,Partner,42207.0,1,0,2013-04-01,71,116,11,72,3,17,46,4,4,1,5,6,1,0,0,0,0,0,3,11,1,31,1,1,1,4,2,2013,265,10,21,454,26.5,12.67605633802817,0.0,Non-profitable,0,Moderate-Value,26.961817175822844,4.5546565844796446e-11,0.0,0.0,1.0
10648,1982,PostGraduation,Partner,66664.0,0,0,2012-09-25,78,398,96,447,220,96,32,1,5,7,6,3,0,0,0,0,0,0,3,11,0,33,0,0,25,9,3,2012,1289,18,27,642,71.61111111111111,20.76923076923077,0.0,Non-profitable,1,VIP,71.97872170966464,1.8313135373326712e-20,0.0,0.0,1.0
1992,1964,Graduation,Partner,60597.0,0,1,2014-01-01,2,522,0,257,32,16,66,4,2,2,8,7,0,0,0,1,0,0,3,11,1,51,1,1,1,1,1,2014,893,12,12,179,74.41666666666667,540.0,0.0,Profitable,1,VIP,74.97918465762265,3.828652812666409e-22,0.02,0.0,1.0
7851,1949,Graduation,Single,70165.0,0,0,2013-09-22,60,161,0,253,199,191,122,1,3,7,11,1,0,0,0,0,0,0,3,11,0,66,0,0,22,9,3,2013,926,21,15,280,44.095238095238095,31.5,0.0,Non-profitable,0,Moderate-Value,44.35191994119373,6.86910501218524e-15,0.0,0.0,1.0
8594,1958,PhD,Single,50520.0,0,1,2014-01-28,25,112,0,6,2,1,14,2,3,1,3,6,0,0,0,0,0,0,3,11,0,57,1,1,28,1,1,2014,135,7,11,152,19.285714285714285,25.200000000000003,0.0,Profitable,2,Low-Value,19.90066368654913,4.957719095673132e-06,0.44,0.0,1.0
2815,1975,Graduation,Partner,33183.0,1,0,2014-02-24,46,7,5,39,17,15,37,2,4,0,3,7,0,0,0,0,0,0,3,11,0,40,1,1,24,2,1,2014,120,7,10,125,17.142857142857142,13.695652173913045,0.0,Profitable,2,Low-Value,17.744127474099923,0.0033069301223063,0.94,0.0012,0.9988
2416,1969,PhD,Single,66582.0,0,0,2014-03-03,83,789,25,420,16,38,0,1,2,8,9,1,0,0,0,0,0,0,3,11,0,46,0,0,3,3,1,2014,1288,19,10,118,67.78947368421052,20.602409638554217,0.2,Profitable,1,VIP,68.12873924727378,0.057351611543985,11.77,0.0077,0.9923
7999,1955,PhD,Partner,75261.0,0,0,2013-04-23,17,1239,17,413,23,34,17,1,5,6,5,2,0,1,1,0,0,0,3,11,1,60,0,0,23,4,2,2013,1743,16,20,432,108.9375,84.70588235294117,0.0,Non-profitable,3,High-Value,109.45506233034268,7.013593090230003e-25,0.0,0.0,1.0
9213,1970,Graduation,Single,31880.0,1,0,2012-10-31,13,4,1,5,2,0,3,1,1,0,2,8,0,0,0,0,0,0,3,11,0,45,1,1,31,10,4,2012,15,3,26,606,5.0,20.76923076923077,0.0,Non-profitable,2,Low-Value,6.232587479347697,2.0241833965740007e-10,0.0,0.0,1.0
9697,1951,Graduation,Partner,53790.0,0,2,2014-03-06,86,335,42,127,28,5,5,3,7,2,8,6,0,0,0,0,0,0,3,11,0,64,1,2,6,3,1,2014,542,17,10,115,31.88235294117647,17.790697674418603,0.47,Profitable,0,Moderate-Value,32.16760686686083,0.2909934500454788,5.55,0.0425,0.9575
3916,1971,PhD,Partner,49269.0,1,0,2012-08-15,92,639,8,166,11,8,58,3,7,3,12,7,0,0,0,0,0,0,3,11,0,44,1,1,15,8,3,2012,890,22,28,683,40.45454545454545,21.521739130434785,0.0,Non-profitable,0,Moderate-Value,40.692173657496426,3.342378631277081e-23,0.0,0.0,1.0
2021,1975,Graduation,Partner,61456.0,0,1,2013-03-27,47,563,76,384,84,192,89,4,6,10,13,4,0,0,0,0,0,0,3,11,0,40,1,1,27,3,1,2013,1388,29,21,459,47.86206896551724,55.53191489361702,0.0,Non-profitable,0,Moderate-Value,48.05360963504851,7.309301426845936e-31,0.0,0.0,1.0
1581,1980,Graduation,Partner,37406.0,1,0,2013-10-10,18,2,0,8,2,2,3,1,1,0,2,8,0,0,0,0,0,0,3,11,1,35,1,1,10,10,4,2013,17,3,14,262,5.666666666666667,15.0,0.0,Profitable,2,Low-Value,6.9092693811573,6.199897890151493e-06,0.05,0.0,1.0
564,1981,PhD,Partner,56937.0,1,0,2012-08-04,81,746,8,125,11,8,8,7,8,6,9,6,0,1,0,0,0,0,3,11,1,34,1,1,4,8,3,2012,906,23,29,694,39.391304347826086,25.555555555555557,0.0,Non-profitable,0,Moderate-Value,39.61652434782168,1.3241521566223301e-25,0.0,0.0,1.0
6619,1978,Graduation,Partner,38415.0,1,1,2013-01-02,91,22,1,13,4,0,4,2,1,0,3,7,0,0,0,0,0,0,3,11,0,37,1,2,2,1,1,2013,44,4,24,543,11.0,3.956043956043956,0.0,Profitable,2,Low-Value,11.98833155687262,1.9963678059160566e-07,0.02,0.0,1.0
178,1956,Graduation,Partner,62503.0,0,1,2013-02-18,40,478,0,193,110,75,117,4,8,3,11,5,0,0,0,0,0,0,3,11,0,59,1,1,18,2,1,2013,973,22,22,496,44.22727272727273,49.50000000000001,0.0,Non-profitable,0,Moderate-Value,44.4725306392485,8.362948215891436e-27,0.0,0.0,1.0
5512,1977,PostGraduation,Partner,55842.0,0,1,2014-05-23,19,451,0,39,0,4,24,1,7,1,8,5,0,0,0,0,0,0,3,11,0,38,1,1,23,5,2,2014,518,16,7,37,32.375,75.78947368421052,0.02,Profitable,0,Moderate-Value,32.67950285606021,0.0134213030797896,8.01,0.0007,0.9993
8970,1972,PhD,Partner,62010.0,0,1,2012-10-23,93,371,22,39,6,0,92,4,6,2,7,5,0,0,0,0,0,0,3,11,0,43,1,1,23,10,4,2012,530,15,26,614,35.333333333333336,14.516129032258064,0.0,Non-profitable,0,Moderate-Value,35.66697961385875,3.8570838074858927e-16,0.0,0.0,1.0
10581,1977,Graduation,Partner,41124.0,1,0,2012-10-31,41,281,7,84,15,0,119,7,7,3,4,8,0,0,0,0,0,0,3,11,0,38,1,1,31,10,4,2012,506,14,26,606,36.142857142857146,30.731707317073173,0.0,Non-profitable,0,Moderate-Value,36.50298672821593,1.9038233580266137e-20,0.0,0.0,1.0
5300,1973,PostGraduation,Partner,38961.0,1,0,2013-12-30,60,19,7,19,0,1,24,1,2,1,2,7,0,0,0,0,0,0,3,11,0,42,1,1,30,12,4,2013,70,5,12,181,14.0,7.5,0.0,Profitable,2,Low-Value,14.815773792453491,0.0019744153812341,0.41,0.0014,0.9986
5154,1972,PostGraduation,Single,37760.0,1,0,2013-08-11,54,26,3,13,2,10,0,1,2,0,3,6,0,0,0,0,0,0,3,11,0,43,1,1,11,8,3,2013,54,5,16,322,10.8,8.333333333333332,0.0,Profitable,2,Low-Value,11.58710220684491,2.27245069336884e-06,0.05,0.0,1.0
8346,1974,Graduation,Single,32233.0,1,0,2012-08-19,26,138,15,35,25,11,72,2,6,2,2,9,1,0,0,0,0,0,3,11,1,41,1,1,19,8,3,2012,296,10,28,679,29.6,34.61538461538462,0.0,Non-profitable,0,Moderate-Value,30.07564303614297,4.0478927069616736e-19,0.0,0.0,1.0
1676,1975,Graduation,Partner,43057.0,0,1,2013-10-30,30,213,2,44,0,2,5,4,4,2,5,5,0,0,0,0,0,0,3,11,0,40,1,1,30,10,4,2013,266,11,14,242,24.181818181818183,33.0,0.0,Profitable,2,Low-Value,24.592086555927438,4.31654675614963e-11,0.01,0.0,1.0
9286,1960,PostGraduation,Partner,83151.0,0,0,2012-10-10,93,407,28,100,120,74,18,1,5,9,4,3,0,0,0,0,0,0,3,11,0,55,0,0,10,10,4,2012,747,18,27,627,41.5,17.419354838709676,0.0,Non-profitable,0,Moderate-Value,41.7931503056827,1.045542100103966e-18,0.0,0.0,1.0
2426,1964,PhD,Single,78825.0,0,0,2012-09-14,35,483,74,114,169,37,18,1,5,10,13,3,0,0,0,0,0,0,3,11,1,51,0,0,14,9,3,2012,895,28,27,653,31.964285714285715,72.0,0.0,Non-profitable,0,Moderate-Value,32.13742774062634,2.5278562924734387e-39,0.0,0.0,1.0
5172,1976,PostGraduation,Partner,65104.0,0,1,2013-11-14,4,738,0,232,13,20,50,2,3,5,7,7,0,0,0,0,0,0,3,11,0,39,1,1,14,11,4,2013,1053,15,13,227,70.2,337.5,0.0,Non-profitable,1,VIP,70.63716156423186,5.920471294551638e-26,0.0,0.0,1.0
5562,1974,Graduation,Partner,60093.0,0,1,2013-06-26,92,502,12,109,16,6,90,2,7,2,10,6,0,0,0,0,0,0,3,11,0,41,1,1,26,6,2,2013,735,19,18,368,38.68421052631579,18.58695652173913,0.0,Non-profitable,0,Moderate-Value,38.95530003341346,4.905743447000452e-13,0.0,0.0,1.0
3436,1969,Graduation,Partner,14045.0,1,0,2014-01-26,24,11,0,5,2,1,1,1,1,0,3,7,0,0,0,0,0,0,3,11,0,46,1,1,26,1,1,2014,20,4,11,154,5.0,15.0,0.0,Profitable,2,Low-Value,5.920981666528549,0.0002806242203971,0.14,0.0002,0.9998
3921,1952,PostGraduation,Single,28457.0,0,0,2012-10-28,96,24,1,108,29,29,14,1,4,1,4,8,0,0,0,0,0,0,3,11,0,63,0,0,28,10,4,2012,205,9,26,609,22.77777777777778,8.4375,0.0,Non-profitable,2,Low-Value,23.27270774329143,1.973344161679577e-11,0.0,0.0,1.0
3403,1958,PhD,Partner,78952.0,0,1,2012-09-24,11,1170,19,594,99,76,134,2,2,5,12,6,0,0,0,0,0,0,3,11,0,57,1,1,24,9,3,2012,2092,19,27,643,110.10526315789474,155.45454545454547,0.0,Non-profitable,3,High-Value,110.54364906272352,2.766050627248764e-37,0.0,0.0,1.0
22,1976,Graduation,Single,46310.0,1,0,2012-12-03,99,185,2,88,15,5,14,2,6,1,5,8,0,0,0,0,0,0,3,11,0,39,1,1,3,12,4,2012,309,12,25,573,25.75,10.90909090909091,0.0,Non-profitable,0,Moderate-Value,26.13177639043044,8.014005493102973e-13,0.0,0.0,1.0
10965,1955,Graduation,Partner,76005.0,0,0,2013-02-22,72,983,20,389,240,50,40,1,3,5,13,6,0,0,0,1,0,0,3,11,0,60,0,0,22,2,1,2013,1722,21,22,492,82.0,26.25,0.0,Non-profitable,1,VIP,82.33699589996196,3.3421913794666283e-20,0.0,0.0,1.0
9426,1964,PostGraduation,Single,58308.0,0,1,2013-01-12,77,691,0,69,10,0,130,4,2,6,3,8,0,0,0,0,0,0,3,11,0,51,1,1,12,1,1,2013,900,11,23,533,81.81818181818181,12.857142857142856,0.0,Non-profitable,1,VIP,82.46204237754148,8.530912630014423e-13,0.0,0.0,1.0
6605,1944,PhD,Single,55614.0,0,0,2013-11-27,85,504,13,131,8,0,26,1,9,4,6,7,0,1,0,0,0,0,3,11,0,71,0,0,27,11,4,2013,682,19,13,214,35.89473684210526,20.11764705882353,0.0,Profitable,0,Moderate-Value,36.15929229682286,8.963677775474547e-08,0.06,0.0,1.0
3136,1962,PostGraduation,Single,59432.0,0,1,2013-04-13,88,317,25,265,25,19,12,3,5,3,11,5,0,0,0,0,0,0,3,11,0,53,1,1,13,4,2,2013,663,19,20,442,34.89473684210526,19.431818181818183,0.0,Non-profitable,0,Moderate-Value,35.15694990068661,1.3927614029229033e-15,0.0,0.0,1.0
8737,1978,Graduation,Single,55563.0,0,1,2014-04-05,22,29,1,9,2,0,2,1,2,0,3,3,0,0,0,0,0,0,3,11,0,37,1,1,5,4,2,2014,43,5,9,85,8.6,20.454545454545453,0.0,Profitable,2,Low-Value,9.36739049173901,0.0070867160831563,0.5,0.0024,0.9976
11088,1971,PhD,Partner,78642.0,0,1,2013-04-21,83,1396,0,322,46,35,17,1,4,9,4,6,0,0,0,0,0,0,3,11,0,44,1,1,21,4,2,2013,1816,17,20,434,106.82352941176472,18.433734939759034,0.0,Non-profitable,3,High-Value,107.30503133174857,1.5588289770240722e-14,0.0,0.0,1.0
466,1944,Graduation,Partner,65275.0,0,0,2013-04-03,9,388,14,218,91,14,21,1,4,3,13,2,0,0,0,0,0,0,3,11,0,71,0,0,3,4,2,2013,746,20,21,452,37.3,200.0,0.0,Non-profitable,0,Moderate-Value,37.554424982618805,5.4853100927780344e-36,0.0,0.0,1.0
9135,1950,Graduation,Partner,27203.0,1,1,2012-08-06,92,13,2,21,4,0,24,2,1,1,2,8,0,0,0,0,0,0,3,11,0,65,1,2,6,8,3,2012,64,4,29,692,16.0,3.9130434782608696,0.0,Profitable,2,Low-Value,17.044456465492683,5.462988578805473e-09,0.01,0.0,1.0
10623,1961,PostGraduation,Partner,48330.0,0,1,2013-11-15,2,28,0,4,0,0,0,1,1,0,3,5,0,0,0,0,0,0,3,11,0,54,1,1,15,11,4,2013,32,4,13,226,8.0,180.0,0.0,Profitable,2,Low-Value,8.954656611700585,2.0989248246074204e-09,0.07,0.0,1.0
8151,1990,UnderGraduation,Partner,24279.0,0,0,2012-12-29,6,16,36,21,20,62,108,1,4,1,3,8,0,0,0,0,0,0,3,11,0,25,0,0,29,12,4,2012,263,8,24,547,32.875,120.0,0.0,Non-profitable,0,Moderate-Value,33.48849577660263,1.961896252911301e-19,0.0,0.0,1.0
5140,1985,PhD,Partner,64355.0,1,0,2012-08-24,66,1047,0,140,67,38,153,2,4,3,12,8,0,0,0,0,0,0,3,11,0,30,1,1,24,8,3,2012,1445,19,28,674,76.05263157894737,25.90909090909091,0.0,Non-profitable,1,VIP,76.41125273113649,2.06274264060715e-23,0.0,0.0,1.0
10160,1956,PostGraduation,Partner,50943.0,0,1,2013-06-21,49,31,0,7,2,0,6,1,1,0,3,5,0,0,0,0,0,0,3,11,0,59,1,1,21,6,2,2013,46,4,18,373,11.5,7.346938775510203,0.0,Profitable,2,Low-Value,12.493944047734628,1.104864055766753e-06,0.05,0.0,1.0
4945,1953,Graduation,Single,53653.0,0,0,2012-11-07,29,815,10,239,28,10,108,2,10,4,12,6,0,0,0,0,0,0,3,11,0,62,0,0,7,11,4,2012,1210,26,26,599,46.53846153846154,80.6896551724138,0.0,Non-profitable,0,Moderate-Value,46.74987660335743,1.4688943238801095e-37,0.0,0.0,1.0
10584,1976,Graduation,Partner,65665.0,0,1,2013-12-02,77,225,162,387,106,36,29,1,5,10,8,3,0,0,0,0,0,0,3,11,0,39,1,1,2,12,4,2013,945,23,13,209,41.08695652173913,26.883116883116884,0.0,Profitable,0,Moderate-Value,41.31545631141493,6.004314061562021e-10,0.01,0.0,1.0
6071,1989,Graduation,Single,81217.0,0,0,2013-07-19,77,493,70,324,146,40,84,1,3,7,11,1,0,0,0,0,0,0,3,11,0,26,0,0,19,7,3,2013,1157,21,17,345,55.095238095238095,24.545454545454543,0.0,Non-profitable,1,VIP,55.37522716038401,4.681840205662195e-15,0.0,0.0,1.0
3386,1992,Graduation,Partner,34935.0,0,0,2013-06-21,71,34,4,66,3,10,20,1,2,1,4,7,0,0,0,0,0,0,3,11,0,23,0,0,21,6,2,2013,137,7,18,373,19.571428571428573,8.873239436619718,0.0,Profitable,2,Low-Value,20.188201848209022,1.2220288284195408e-07,0.03,0.0,1.0
8939,1959,Graduation,Single,61250.0,0,1,2012-12-16,49,382,138,65,60,26,59,6,5,2,12,5,0,0,0,0,0,0,3,11,0,56,1,1,16,12,4,2012,730,19,24,560,38.42105263157895,34.89795918367347,0.0,Non-profitable,0,Moderate-Value,38.691525718640754,1.664408542430698e-23,0.0,0.0,1.0
9925,1981,PhD,Partner,39665.0,1,0,2013-05-25,97,127,1,56,0,1,31,3,4,2,3,7,1,0,0,0,0,0,3,11,0,34,1,1,25,5,2,2013,216,9,19,400,24.0,8.350515463917526,0.0,Profitable,2,Low-Value,24.50098969735064,5.179510633574252e-08,0.02,0.0,1.0
4320,1979,Graduation,Single,60152.0,0,1,2013-03-28,6,325,83,300,86,58,91,1,6,4,12,3,0,0,0,0,0,0,3,11,0,36,1,1,28,3,1,2013,943,22,21,458,42.86363636363637,330.0,0.0,Non-profitable,0,Moderate-Value,43.1061365494586,6.485342596904173e-43,0.0,0.0,1.0
5389,1964,Graduation,Partner,48920.0,0,2,2013-10-20,93,238,17,68,8,10,6,3,6,2,5,7,0,1,0,0,0,0,3,11,0,51,1,2,20,10,4,2013,347,13,14,252,26.692307692307693,12.580645161290322,0.0,Profitable,0,Moderate-Value,27.047845503599977,1.8927551686176864e-06,0.11,0.0,1.0
6036,1959,PostGraduation,Partner,89120.0,0,0,2014-03-17,78,1168,92,408,72,129,55,1,5,6,7,1,0,0,1,0,0,0,3,11,0,56,0,0,17,3,1,2014,1924,18,9,104,106.88888888888889,20.76923076923077,1.75,Profitable,3,High-Value,107.34373617742943,0.3266170486077181,20.73,0.0409,0.9591
182,1946,PhD,Partner,44124.0,0,1,2013-05-11,62,284,0,55,0,6,52,4,6,2,5,8,0,0,0,0,0,0,3,11,0,69,1,1,11,5,2,2013,397,13,20,414,30.53846153846154,18.870967741935484,0.0,Non-profitable,0,Moderate-Value,30.907180915981765,3.308313894389309e-13,0.0,0.0,1.0
203,1975,PostGraduation,Single,81169.0,0,0,2013-04-14,47,1288,20,613,80,61,27,1,5,7,9,2,0,0,0,0,0,0,3,11,0,40,0,0,14,4,2,2013,2089,21,20,441,99.47619047619048,40.212765957446805,0.0,Non-profitable,3,High-Value,99.85021559451968,9.534992411454268e-23,0.0,0.0,1.0
11025,1961,Graduation,Partner,36443.0,1,1,2013-02-03,9,65,0,46,4,3,20,4,3,1,3,8,0,0,0,0,0,0,3,11,0,54,1,2,3,2,1,2013,138,7,23,511,19.714285714285715,70.0,0.0,Non-profitable,2,Low-Value,20.33197092903897,4.742546317015452e-16,0.0,0.0,1.0
10203,1990,Graduation,Single,26095.0,1,0,2013-06-30,77,11,7,9,3,1,11,1,1,0,3,7,0,0,0,0,0,0,3,11,0,25,1,1,30,6,2,2013,42,4,18,364,10.5,4.675324675324676,0.0,Profitable,2,Low-Value,11.482719066010617,1.349675660654608e-05,0.07,0.0,1.0
4607,1959,Graduation,Partner,71367.0,0,0,2013-08-23,24,227,23,389,42,21,75,1,4,5,7,2,0,0,0,0,0,0,3,11,0,56,0,0,23,8,3,2013,777,16,16,310,48.5625,60.0,0.0,Non-profitable,0,Moderate-Value,48.91204971633707,3.611514173468743e-19,0.0,0.0,1.0
3711,1944,PostGraduation,Partner,80184.0,0,0,2014-03-01,19,1035,134,670,25,38,0,1,6,3,10,3,0,0,1,1,0,0,3,11,0,71,0,0,1,3,1,2014,1902,19,10,120,100.10526315789474,90.0,0.0,Profitable,3,High-Value,100.52022510136104,2.4906205495425367e-14,0.15,0.0,1.0
3696,1965,Graduation,Single,30630.0,1,1,2014-01-27,67,27,1,12,2,0,10,2,2,0,3,7,0,0,0,0,0,0,3,11,0,50,1,2,27,1,1,2014,52,5,11,153,10.4,6.716417910447761,0.01,Profitable,2,Low-Value,11.183518258643838,0.0183113709047549,0.43,0.0111,0.9889
2532,1987,PostGraduation,Single,73454.0,0,0,2014-03-01,95,982,73,351,56,14,175,1,2,4,6,5,1,0,0,0,0,0,3,11,0,28,0,0,1,3,1,2014,1651,12,10,120,137.58333333333334,11.36842105263158,7.22,Profitable,3,High-Value,138.3804440181221,1.0430296678144813,17.46,0.2219,0.7781
9214,1991,Graduation,Partner,42691.0,0,0,2013-08-16,48,179,2,64,38,17,58,1,5,1,6,5,0,0,0,0,0,0,3,11,0,24,0,0,16,8,3,2013,358,12,16,317,29.83333333333333,22.5,0.0,Non-profitable,0,Moderate-Value,30.230274686821566,1.4087068898368756e-11,0.0,0.0,1.0
4943,1953,Graduation,Partner,70503.0,0,0,2012-09-30,73,1379,33,216,0,33,66,1,2,4,9,6,0,1,1,0,0,0,3,11,0,62,0,0,30,9,3,2012,1727,15,27,637,115.13333333333334,18.493150684931507,0.0,Non-profitable,3,High-Value,115.70389700314485,3.026468206239321e-18,0.0,0.0,1.0
35,1987,Graduation,Partner,25545.0,1,0,2012-09-08,35,32,1,64,16,12,85,3,2,2,3,6,0,0,0,0,0,0,3,11,1,28,1,1,8,9,3,2012,210,7,28,659,30.0,18.0,0.0,Non-profitable,0,Moderate-Value,30.68334474879516,4.8313462627404926e-14,0.0,0.0,1.0
2258,1986,Graduation,Partner,32880.0,1,0,2012-12-04,76,8,4,15,7,6,2,1,1,0,3,8,0,0,0,0,0,0,3,11,0,29,1,1,4,12,4,2012,42,4,25,572,10.5,4.7368421052631575,0.0,Profitable,2,Low-Value,11.482719066010617,3.6134329711971896e-08,0.01,0.0,1.0
4322,1958,PhD,Partner,77863.0,0,0,2013-11-27,20,881,38,319,16,25,12,1,4,5,10,2,0,0,0,0,0,0,3,11,0,57,0,0,27,11,4,2013,1291,19,13,214,67.94736842105263,85.5,0.0,Non-profitable,1,VIP,68.2870038361374,8.965055649666982e-20,0.0,0.0,1.0
4702,1964,Graduation,Single,61839.0,0,0,2012-08-12,20,1000,155,379,224,17,120,1,4,8,4,8,0,0,0,0,0,0,3,11,0,51,0,0,12,8,3,2012,1895,16,29,686,118.4375,72.0,0.0,Non-profitable,3,High-Value,118.98149909776384,4.6993597495084673e-29,0.0,0.0,1.0
3281,1960,PhD,Partner,49154.0,1,1,2013-11-03,69,206,10,67,30,27,71,6,4,1,8,6,0,0,0,0,0,0,3,11,0,55,1,2,3,11,4,2013,411,13,14,238,31.615384615384617,16.956521739130434,0.0,Profitable,0,Moderate-Value,31.987794831448664,8.376375537056358e-08,0.06,0.0,1.0
702,1975,PostGraduation,Single,47682.0,0,1,2013-02-15,80,162,61,83,97,57,61,4,4,3,8,5,0,0,0,0,0,0,3,11,0,40,1,1,15,2,1,2013,521,15,22,499,34.733333333333334,16.875,0.0,Non-profitable,0,Moderate-Value,35.06519828010472,6.434644171942234e-15,0.0,0.0,1.0
2004,1969,Graduation,Single,72679.0,0,1,2013-09-18,65,619,54,260,127,54,54,1,4,7,5,1,0,0,0,0,0,0,3,11,0,46,1,1,18,9,3,2013,1168,16,15,284,73.0,22.153846153846157,0.0,Non-profitable,1,VIP,73.41755482200601,2.3694363160544244e-11,0.0,0.0,1.0
4437,1962,Graduation,Partner,65316.0,1,1,2013-04-24,65,112,6,92,3,9,38,2,3,2,5,4,0,0,0,0,0,0,3,11,0,53,1,2,24,4,2,2013,260,10,20,431,26.0,13.846153846153848,0.0,Non-profitable,0,Moderate-Value,26.45958719835185,4.6300586468101095e-11,0.0,0.0,1.0
8724,1982,Graduation,Single,28567.0,1,0,2013-06-17,57,11,3,22,2,2,6,2,2,0,3,6,0,0,0,0,0,0,3,11,0,33,1,1,17,6,2,2013,46,5,18,377,9.2,7.894736842105263,0.0,Profitable,2,Low-Value,9.97276641404062,4.434433483388316e-07,0.03,0.0,1.0
10741,1951,PostGraduation,Partner,47352.0,0,1,2013-04-11,70,172,12,112,8,0,15,4,6,1,5,7,0,0,0,0,0,0,3,11,0,64,1,1,11,4,2,2013,319,12,21,444,26.58333333333333,15.428571428571429,0.0,Non-profitable,0,Moderate-Value,26.96820461418373,2.104808834603279e-12,0.0,0.0,1.0
1991,1967,Graduation,Partner,44931.0,0,1,2014-01-18,0,78,0,11,0,0,7,1,2,1,3,5,0,0,0,0,0,0,3,11,0,48,1,1,18,1,1,2014,96,6,11,162,16.0,0.0,0.0,Profitable,2,Low-Value,16.693708687880704,1.2172054944985264e-14,0.18,0.0,1.0
6931,1967,Graduation,Single,76982.0,0,0,2014-02-15,19,464,151,292,65,60,30,1,8,3,4,4,0,0,1,0,0,0,3,11,1,48,0,0,15,2,1,2014,1062,15,10,134,70.8,71.05263157894737,0.0,Profitable,1,VIP,71.2389428979859,2.8036004430919144e-12,0.19,0.0,1.0
11096,1952,PostGraduation,Partner,57247.0,0,1,2013-08-08,50,99,4,32,37,54,6,2,2,1,7,2,0,0,0,0,0,0,3,11,0,63,1,1,8,8,3,2013,232,10,17,325,23.2,18.0,0.0,Profitable,2,Low-Value,23.64709932451432,4.2621482922688937e-10,0.01,0.0,1.0
304,1981,PostGraduation,Single,22944.0,1,0,2013-12-23,67,19,3,19,4,5,26,3,3,0,3,7,0,0,0,0,0,0,3,11,0,34,1,1,23,12,4,2013,76,6,12,188,12.666666666666666,8.059701492537313,0.0,Profitable,2,Low-Value,13.335523936288157,0.0012844997113416,0.39,0.0008,0.9992
3665,1977,PostGraduation,Partner,25315.0,1,0,2013-11-07,46,1,9,8,11,3,22,3,3,0,3,8,0,0,0,0,0,0,3,11,0,38,1,1,7,11,4,2013,54,6,14,234,9.0,11.739130434782608,0.0,Profitable,2,Low-Value,9.641520709536357,9.090700323562225e-06,0.1,0.0,1.0
10591,1969,Graduation,Single,43638.0,0,1,2012-08-06,37,63,10,83,7,19,19,2,4,1,4,7,0,0,0,0,0,0,3,11,0,46,1,1,6,8,3,2012,201,9,29,692,22.33333333333333,21.89189189189189,0.0,Non-profitable,2,Low-Value,22.826059759997168,1.3602179172863244e-16,0.0,0.0,1.0
5036,1984,PhD,Single,42710.0,1,0,2012-11-28,38,252,3,42,4,3,102,2,4,5,3,6,0,0,0,0,0,0,3,11,0,31,1,1,28,11,4,2012,406,12,25,578,33.833333333333336,28.421052631578945,0.0,Non-profitable,0,Moderate-Value,34.24513016083737,3.497079014344463e-18,0.0,0.0,1.0
5547,1982,PhD,Partner,84169.0,0,0,2013-08-07,9,1478,19,403,0,19,0,1,7,6,6,3,0,1,1,0,0,0,3,11,1,33,0,0,7,8,3,2013,1919,19,17,326,101.0,190.0,0.0,Non-profitable,3,High-Value,101.4170577715882,1.494020646725527e-30,0.0,0.0,1.0
7822,1976,Graduation,Partner,54058.0,0,1,2013-06-04,56,198,18,252,32,108,54,2,4,6,8,3,0,0,0,0,0,0,3,11,0,39,1,1,4,6,2,2013,662,18,19,390,36.77777777777778,28.92857142857143,0.0,Non-profitable,0,Moderate-Value,37.05925073125749,3.5180609468284904e-17,0.0,0.0,1.0
8541,1990,PostGraduation,Partner,24683.0,1,0,2014-03-08,98,8,4,10,6,7,6,2,2,0,4,5,0,0,0,0,0,0,3,11,0,25,1,1,8,3,1,2014,41,6,9,113,6.833333333333333,5.5102040816326525,0.64,Profitable,2,Low-Value,7.458700621001201,1.7254052882312962,0.5,0.6626,0.3374
10955,1964,Graduation,Single,85620.0,0,0,2014-01-07,68,416,46,925,60,107,46,1,3,6,4,1,0,0,0,0,0,0,3,11,1,51,0,0,7,1,1,2014,1600,13,11,173,123.07692307692308,17.205882352941174,0.0,Profitable,3,High-Value,123.76279093788756,2.1423999152800357e-05,2.58,0.0,1.0
4368,1980,Graduation,Partner,47850.0,1,0,2013-12-03,72,42,7,43,20,12,10,1,3,0,4,6,0,0,0,0,0,0,3,11,0,35,1,1,3,12,4,2013,134,7,13,208,19.142857142857142,8.75,0.0,Profitable,2,Low-Value,19.756894605719182,0.0003205876436069,0.46,0.0002,0.9998
9671,1968,Graduation,Partner,19514.0,1,1,2014-01-26,47,14,3,21,2,1,28,4,3,1,2,8,1,0,0,0,0,0,3,11,1,47,1,2,26,1,1,2014,69,6,11,154,11.5,11.489361702127658,0.0,Profitable,2,Low-Value,12.160159273230764,0.000969176910984,0.42,0.0005,0.9995
2256,1973,PostGraduation,Partner,27159.0,1,1,2014-03-29,33,17,0,3,0,0,1,2,1,0,3,6,0,0,0,0,0,0,3,11,0,42,1,2,29,3,1,2014,21,4,9,92,5.25,10.90909090909091,0.02,Profitable,2,Low-Value,6.173787911959551,0.0529472840722049,0.27,0.0239,0.9761
4279,1963,PostGraduation,Single,39548.0,1,1,2014-03-31,87,15,4,10,3,4,18,2,1,1,3,3,0,0,0,0,0,0,3,11,0,52,1,2,31,3,1,2014,54,5,9,90,10.8,5.172413793103448,1.51,Profitable,2,Low-Value,11.58710220684491,2.599244188762378,0.73,0.9429,0.0571
5371,1989,Graduation,Single,21474.0,1,0,2014-04-08,0,6,16,24,11,0,34,2,3,1,2,7,1,0,0,0,0,0,3,11,1,26,1,1,8,4,2,2014,91,6,8,82,15.166666666666666,0.0,0.0,Profitable,2,Low-Value,15.854162499982566,8.275813291961815e-12,0.78,0.0,1.0
9240,1971,PhD,Single,60504.0,0,1,2014-02-07,73,458,0,24,6,4,34,2,6,2,8,6,0,0,0,0,0,0,3,11,0,44,1,1,7,2,1,2014,526,16,10,142,32.875,19.726027397260275,0.0,Profitable,0,Moderate-Value,33.18089426487185,0.000349838103208,2.06,0.0001,0.9999
9460,1963,Graduation,Partner,22419.0,0,0,2013-04-18,74,30,3,47,19,21,42,1,3,2,2,8,0,0,0,0,0,0,3,11,0,52,0,0,18,4,2,2013,162,7,20,437,23.142857142857142,8.513513513513514,0.0,Profitable,2,Low-Value,23.7824288689577,1.5458938363482477e-08,0.01,0.0,1.0
9504,1949,PostGraduation,Partner,81698.0,0,0,2013-11-06,4,179,28,520,111,123,47,1,3,8,13,1,0,0,0,0,0,0,3,11,1,66,0,0,6,11,4,2013,1008,24,14,235,42.0,540.0,0.0,Non-profitable,0,Moderate-Value,42.22065363751248,3.6447282725946557e-41,0.0,0.0,1.0
8692,1952,Graduation,Partner,43462.0,1,1,2012-09-12,50,90,17,97,15,6,15,6,4,1,5,8,0,0,0,0,0,0,3,11,0,63,1,2,12,9,3,2012,240,10,28,655,24.0,18.0,0.0,Non-profitable,2,Low-Value,24.4506672884679,6.652150156386235e-16,0.0,0.0,1.0
448,1978,PhD,Single,54880.0,1,0,2013-03-01,57,308,85,137,102,45,118,2,6,2,11,5,0,0,0,0,0,0,3,11,0,37,1,1,1,3,1,2013,795,19,22,485,41.8421052631579,30.0,0.0,Non-profitable,0,Moderate-Value,42.12059181068583,1.9532870495979143e-20,0.0,0.0,1.0
8314,1982,Graduation,Partner,79908.0,0,0,2013-04-05,30,557,129,761,29,185,111,1,5,6,7,2,0,0,1,0,0,0,3,11,0,33,0,0,5,4,2,2013,1772,18,21,450,98.44444444444444,54.0,0.0,Non-profitable,3,High-Value,98.87840987963376,1.0216406879383557e-23,0.0,0.0,1.0
8420,1970,PostGraduation,Partner,15315.0,0,0,2013-08-03,27,7,4,13,15,8,17,2,2,0,4,5,0,0,0,0,0,0,3,11,0,45,0,0,3,8,3,2013,64,6,17,330,10.666666666666666,20.0,0.0,Profitable,2,Low-Value,11.320613085332628,4.891518014468927e-09,0.01,0.0,1.0
3174,1959,Graduation,Partner,87771.0,0,1,2013-05-22,61,1492,38,287,50,57,33,1,5,10,4,6,0,1,1,1,1,0,3,11,1,56,1,1,22,5,2,2013,1957,19,19,403,103.0,28.0327868852459,0.0,Non-profitable,3,High-Value,103.4217425638607,1.2355674896101145e-17,0.0,0.0,1.0
7685,1978,Graduation,Partner,33039.0,1,0,2013-09-09,4,30,8,12,8,8,12,1,2,0,4,5,0,0,0,0,0,0,3,11,0,37,1,1,9,9,3,2013,78,6,15,293,13.0,135.0,0.0,Profitable,2,Low-Value,13.67134241144741,6.879501252792609e-13,0.01,0.0,1.0
3179,1980,Graduation,Single,81741.0,0,0,2013-06-16,75,249,153,940,58,134,38,0,6,6,7,2,0,0,0,0,0,0,3,11,0,35,0,0,16,6,2,2013,1572,19,18,378,82.73684210526316,22.8,0.0,Non-profitable,1,VIP,83.11112032636301,4.0366139685408905e-15,0.0,0.0,1.0
9780,1971,PostGraduation,Partner,71499.0,0,1,2013-06-25,12,465,25,132,136,0,37,2,8,3,13,4,0,0,0,0,0,0,3,11,0,44,1,1,25,6,2,2013,795,24,18,369,33.125,180.0,0.0,Non-profitable,0,Moderate-Value,33.32920389212185,6.916798560294524e-37,0.0,0.0,1.0
10681,1970,PostGraduation,Partner,62466.0,0,1,2014-01-15,13,129,129,259,168,121,83,5,6,3,12,4,0,0,0,0,0,0,3,11,0,45,1,1,15,1,1,2014,889,21,11,165,42.333333333333336,145.3846153846154,0.0,Non-profitable,0,Moderate-Value,42.58628198833641,1.4628245382965442e-22,0.0,0.0,1.0
10232,1963,PhD,Single,48799.0,0,1,2013-11-05,9,174,18,81,28,6,24,3,3,2,7,3,0,0,0,0,0,0,3,11,0,52,1,1,5,11,4,2013,331,12,14,236,27.58333333333333,120.0,0.0,Non-profitable,0,Moderate-Value,27.97191848268768,1.0712884521602813e-17,0.0,0.0,1.0
9120,1962,Graduation,Single,66565.0,0,1,2012-12-05,80,747,10,161,65,40,42,4,4,2,9,8,0,0,0,0,0,0,3,11,0,53,1,1,5,12,4,2012,1065,15,25,571,71.0,16.875,0.0,Non-profitable,1,VIP,71.4395366759039,2.2164078001252144e-16,0.0,0.0,1.0
891,1951,PostGraduation,Partner,29298.0,1,1,2013-09-07,60,6,0,2,2,0,1,1,1,0,2,5,0,0,0,0,0,0,3,11,0,64,1,2,7,9,3,2013,11,3,16,295,3.6666666666666665,4.5,0.0,Profitable,2,Low-Value,4.879223675728493,0.0001196439236585,0.04,0.0002,0.9998
10381,1979,Graduation,Single,47691.0,0,1,2013-07-05,43,14,0,3,0,0,4,1,1,0,2,6,0,0,0,0,0,0,3,11,0,36,1,1,5,7,3,2013,21,3,18,359,7.0,6.27906976744186,0.0,Profitable,2,Low-Value,8.262633184776504,4.838795246323927e-06,0.04,0.0,1.0
3525,1970,Graduation,Partner,38200.0,1,1,2012-12-07,19,12,0,4,0,0,1,1,1,0,2,7,0,0,0,0,0,0,3,11,0,45,1,2,7,12,4,2012,17,3,25,569,5.666666666666667,14.210526315789473,0.0,Profitable,2,Low-Value,6.9092693811573,1.4316717320057204e-09,0.01,0.0,1.0
6818,1974,Graduation,Partner,44989.0,0,1,2012-09-12,26,98,0,106,49,10,106,5,5,1,5,6,0,0,0,0,0,0,3,11,0,41,1,1,12,9,3,2012,369,11,28,655,33.54545454545455,38.07692307692307,0.0,Non-profitable,0,Moderate-Value,33.99367243861868,4.338175112465052e-20,0.0,0.0,1.0
3526,1968,PhD,Partner,38443.0,1,1,2014-01-27,58,32,0,5,0,0,1,2,1,0,3,7,0,0,0,0,0,0,3,11,0,47,1,2,27,1,1,2014,38,4,11,153,9.5,6.206896551724138,0.01,Profitable,2,Low-Value,10.471494084286604,0.0141256274985071,0.32,0.0105,0.9895
8181,1978,PostGraduation,Single,38593.0,1,0,2013-09-13,42,51,12,49,17,24,24,3,4,1,3,8,0,0,0,0,0,0,3,11,0,37,1,1,13,9,3,2013,177,8,15,289,22.125,17.142857142857142,0.0,Profitable,2,Low-Value,22.67849823548732,1.5012125258381292e-08,0.03,0.0,1.0
1029,1970,PhD,Partner,64413.0,0,1,2013-08-01,27,200,5,44,0,10,20,1,5,1,5,5,0,0,0,0,0,0,3,11,0,45,1,1,1,8,3,2013,279,11,17,332,25.363636363636363,36.66666666666666,0.0,Non-profitable,0,Moderate-Value,25.77869448286904,5.738098876817695e-14,0.0,0.0,1.0
7369,1981,PostGraduation,Partner,36959.0,1,0,2013-10-02,56,25,6,25,6,0,0,2,2,0,3,8,0,0,0,0,0,0,3,11,0,34,1,1,2,10,4,2013,62,5,15,270,12.4,8.035714285714286,0.0,Profitable,2,Low-Value,13.2014379996492,2.119982099370321e-05,0.12,0.0,1.0
2574,1977,PhD,Partner,61996.0,0,1,2013-01-31,27,1050,12,144,0,0,24,3,6,4,8,5,0,1,0,1,1,0,3,11,1,38,1,1,31,1,1,2013,1230,18,23,514,68.33333333333333,60.0,0.0,Non-profitable,1,VIP,68.69283847565184,4.225922508339639e-26,0.0,0.0,1.0
8159,1968,Graduation,Partner,51287.0,1,1,2014-04-01,10,117,0,22,13,0,30,3,4,1,3,7,0,0,0,0,0,0,3,11,0,47,1,2,1,4,2,2014,182,8,9,89,22.75,72.0,0.0,Profitable,2,Low-Value,23.30698646462193,5.068771487856757e-07,1.26,0.0,1.0
1160,1970,Graduation,Partner,13260.0,1,1,2013-08-23,48,9,4,17,10,2,7,4,3,0,3,8,0,0,0,0,0,0,3,11,0,45,1,2,23,8,3,2013,49,6,16,310,8.166666666666666,11.25,0.0,Profitable,2,Low-Value,8.801974521638218,3.981455118710111e-07,0.03,0.0,1.0
10242,1966,PhD,Partner,47472.0,1,1,2013-09-16,39,56,0,11,0,0,8,2,2,0,4,5,0,0,0,0,0,0,3,11,0,49,1,2,16,9,3,2013,75,6,15,286,12.5,13.846153846153848,0.0,Profitable,2,Low-Value,13.16761469870853,2.890859472127401e-07,0.05,0.0,1.0
5253,1956,PostGraduation,Partner,54603.0,1,1,2013-07-09,85,145,13,46,17,2,4,6,4,2,4,7,0,0,0,0,0,0,3,11,0,59,1,2,9,7,3,2013,227,10,18,355,22.7,10.588235294117649,0.0,Profitable,2,Low-Value,23.144869347043333,2.8538926717843063e-08,0.01,0.0,1.0
5966,1974,PhD,Partner,45207.0,1,1,2012-11-10,64,203,0,10,0,0,2,5,3,1,6,6,0,1,0,0,0,0,3,11,0,41,1,2,10,11,4,2012,215,10,26,596,21.5,14.0625,0.0,Non-profitable,2,Low-Value,21.93951740111296,6.733579356454726e-14,0.0,0.0,1.0
5314,1951,Graduation,Partner,40689.0,0,1,2013-03-18,69,270,3,27,39,6,99,7,7,1,5,8,0,0,0,0,0,0,3,11,0,64,1,1,18,3,1,2013,444,13,21,468,34.15384615384615,16.956521739130434,0.0,Non-profitable,0,Moderate-Value,34.534956203620645,1.0071854434095911e-13,0.0,0.0,1.0
5081,1967,PostGraduation,Partner,47821.0,1,1,2013-10-20,54,9,0,16,6,6,10,1,1,0,3,8,0,0,0,0,0,0,3,11,0,48,1,2,20,10,4,2013,47,4,14,252,11.75,6.666666666666666,0.0,Profitable,2,Low-Value,12.746750293165633,0.000115931817721,0.16,0.0001,0.9999
5123,1951,PostGraduation,Partner,27450.0,0,0,2013-04-15,57,37,12,23,8,11,52,1,2,1,3,7,0,0,0,0,0,0,3,11,0,64,0,0,15,4,2,2013,143,6,20,440,23.83333333333333,9.473684210526317,0.0,Profitable,2,Low-Value,24.585442854123187,1.0387596925574725e-08,0.02,0.0,1.0
5756,1983,Graduation,Partner,39453.0,1,0,2014-04-03,64,46,0,7,0,0,2,2,2,0,3,6,0,0,0,0,0,0,3,11,0,32,1,1,3,4,2,2014,55,5,9,87,11.0,7.03125,0.71,Profitable,2,Low-Value,11.788894180945446,1.2091943129913365,0.72,0.4243,0.5757
8036,1971,PostGraduation,Partner,26850.0,1,1,2014-04-18,10,31,1,13,7,2,9,4,2,1,4,4,0,0,0,0,0,0,3,11,0,44,1,2,18,4,2,2014,63,7,8,72,9.0,62.99999999999999,0.0,Profitable,2,Low-Value,9.54928986679294,2.677914440019366e-05,0.67,0.0,1.0
9058,1955,Graduation,Single,79800.0,0,0,2012-09-23,65,1060,21,530,32,0,224,1,5,11,5,3,1,0,1,1,0,0,3,11,1,60,0,0,23,9,3,2012,1867,21,27,644,88.9047619047619,29.07692307692308,0.0,Non-profitable,1,VIP,89.25638787737577,7.778002514386135e-25,0.0,0.0,1.0
5057,1961,PostGraduation,Partner,61794.0,0,1,2013-09-14,74,264,47,188,54,47,11,2,4,4,10,2,0,0,0,0,0,0,3,11,0,54,1,1,14,9,3,2013,611,18,15,288,33.94444444444444,21.89189189189189,0.0,Non-profitable,0,Moderate-Value,34.21891098660236,1.2754984687133989e-11,0.0,0.0,1.0
254,1955,Graduation,Partner,53863.0,0,1,2014-05-17,4,399,4,30,6,4,30,3,7,1,7,7,0,1,0,0,0,0,3,11,0,60,1,1,17,5,2,2014,473,15,7,43,31.53333333333333,337.5,0.0,Profitable,0,Moderate-Value,31.855697833416556,1.1085080250560459e-12,5.0,0.0,1.0
4179,1959,Graduation,Partner,24221.0,0,0,2013-08-20,94,8,9,9,2,5,22,1,1,1,3,4,0,0,0,0,0,0,3,11,0,56,0,0,20,8,3,2013,55,5,16,313,11.0,4.787234042553192,0.0,Profitable,2,Low-Value,11.788894180945446,9.176607890253688e-05,0.12,0.0001,0.9999
3710,1984,PhD,Single,39684.0,1,0,2012-10-12,41,19,0,35,6,4,17,2,2,1,2,7,0,0,0,0,0,1,3,11,1,31,1,1,12,10,4,2012,81,5,27,625,16.2,10.97560975609756,0.0,Non-profitable,2,Low-Value,17.035485507559393,4.9375612617745967e-11,0.0,0.0,1.0
7627,1975,PostGraduation,Partner,92163.0,0,0,2012-12-12,25,817,183,797,106,163,20,0,5,11,5,2,0,0,1,1,0,0,3,11,1,40,0,0,12,12,4,2012,2086,21,25,564,99.33333333333331,75.6,0.0,Non-profitable,3,High-Value,99.70705576050422,1.028057241460353e-31,0.0,0.0,1.0
4501,1965,PostGraduation,Single,69882.0,0,0,2013-11-10,94,292,127,635,132,127,165,1,3,7,9,1,0,0,0,0,0,0,3,11,0,50,0,0,10,11,4,2013,1478,19,13,231,77.78947368421052,18.191489361702125,0.0,Profitable,1,VIP,78.15216320863628,1.0599690992035963e-07,0.1,0.0,1.0
6424,1977,Graduation,Partner,33178.0,1,0,2014-01-30,9,12,6,2,11,2,16,1,1,0,3,4,0,0,0,0,0,0,3,11,0,38,1,1,30,1,1,2014,49,4,11,150,12.25,40.0,0.0,Profitable,2,Low-Value,13.252362784027635,8.635557529442492e-06,0.28,0.0,1.0
3075,1972,PhD,Partner,59973.0,0,0,2013-09-11,47,130,30,168,20,34,0,1,3,4,7,1,0,0,0,0,0,0,3,11,0,43,0,0,11,9,3,2013,382,14,15,291,27.285714285714285,26.80851063829787,0.0,Non-profitable,0,Moderate-Value,27.617663738780653,1.919728674341689e-12,0.0,0.0,1.0
4992,1975,PostGraduation,Partner,17459.0,1,0,2013-09-19,12,6,4,16,3,10,30,3,3,1,2,7,0,0,0,0,0,0,3,11,1,40,1,1,19,9,3,2013,69,6,15,283,11.5,45.0,0.0,Profitable,2,Low-Value,12.160159273230764,3.206561920579342e-10,0.02,0.0,1.0
5252,1969,Graduation,Single,23910.0,1,0,2012-10-26,80,16,12,18,7,1,13,1,2,0,3,7,0,0,0,0,0,0,3,11,0,46,1,1,26,10,4,2012,67,5,26,611,13.4,5.625,0.0,Profitable,2,Low-Value,14.210397870151883,3.380611734536083e-09,0.01,0.0,1.0
7444,1969,PostGraduation,Partner,42169.0,1,1,2013-10-19,20,19,0,9,0,0,2,2,1,0,3,8,0,0,0,0,0,0,3,11,0,46,1,2,19,10,4,2013,30,4,14,253,7.5,18.0,0.0,Profitable,2,Low-Value,8.449044120838579,1.5823903635251843e-06,0.06,0.0,1.0
6919,1978,PostGraduation,Partner,26224.0,1,0,2013-06-04,39,4,7,15,13,9,15,3,2,1,3,6,0,0,0,0,0,0,3,11,0,37,1,1,4,6,2,2013,63,6,19,390,10.5,13.846153846153848,0.0,Profitable,2,Low-Value,11.152703847753,4.950604673318791e-09,0.01,0.0,1.0
3537,1981,Graduation,Partner,31089.0,1,0,2012-08-17,57,31,3,31,2,8,4,3,3,0,4,8,0,0,0,0,0,0,3,11,0,34,1,1,17,8,3,2012,79,7,28,681,11.285714285714286,11.052631578947368,0.0,Non-profitable,2,Low-Value,11.849595160072091,9.66600487449136e-13,0.0,0.0,1.0
10277,1961,Graduation,Single,30081.0,0,1,2013-02-21,27,36,0,2,0,0,4,1,1,0,3,7,0,0,0,0,0,0,3,11,0,54,1,1,21,2,1,2013,42,4,22,493,10.5,13.333333333333332,0.0,Profitable,2,Low-Value,11.482719066010617,2.504715090157147e-09,0.01,0.0,1.0
2453,1960,Graduation,Partner,62807.0,0,1,2012-08-31,83,526,28,135,10,21,99,3,5,3,12,5,0,0,0,0,0,0,3,11,0,55,1,1,31,8,3,2012,819,20,28,667,40.95,21.686746987951807,0.0,Non-profitable,0,Moderate-Value,41.21254629005529,3.6865346713171523e-22,0.0,0.0,1.0
7972,1955,Graduation,Single,72906.0,0,0,2013-09-17,79,400,32,519,71,75,54,1,3,4,9,1,0,0,0,0,0,0,3,11,0,60,0,0,17,9,3,2013,1151,16,15,285,71.9375,18.227848101265824,0.0,Profitable,1,VIP,72.35209807828127,5.805425232816144e-10,0.01,0.0,1.0
895,1948,PhD,Partner,61467.0,0,2,2012-12-09,69,410,16,114,0,5,49,3,5,2,10,5,0,0,0,0,0,0,3,11,0,67,1,2,9,12,4,2012,594,17,25,567,34.94117647058823,22.17391304347826,0.0,Non-profitable,0,Moderate-Value,35.2344405184889,4.850328564120816e-19,0.0,0.0,1.0
1177,1966,PostGraduation,Partner,49618.0,1,1,2013-01-26,77,80,3,26,4,2,14,4,3,1,3,7,0,0,0,0,0,0,3,11,0,49,1,2,26,1,1,2013,129,7,23,519,18.428571428571427,8.181818181818182,0.0,Non-profitable,2,Low-Value,19.038049201569446,1.313921395839307e-09,0.0,0.0,1.0
7141,1986,PostGraduation,Single,21888.0,1,0,2012-12-29,15,88,10,46,2,3,64,4,5,1,2,10,0,0,0,0,0,0,3,11,1,29,1,1,29,12,4,2012,213,8,24,547,26.625,48.0,0.0,Non-profitable,0,Moderate-Value,27.20361348525652,1.4950686744298474e-16,0.0,0.0,1.0
7232,1973,Graduation,Single,42429.0,0,1,2014-02-11,99,55,0,6,2,0,4,2,1,1,3,5,0,0,0,0,0,0,3,11,0,42,1,1,11,2,1,2014,67,5,10,138,13.4,4.545454545454545,0.32,Profitable,2,Low-Value,14.210397870151883,0.4526096345772261,0.69,0.2492,0.7508
8477,1956,Graduation,Single,26150.0,2,1,2013-03-11,61,5,1,13,3,5,1,1,1,0,3,7,0,0,0,0,0,0,3,11,0,59,1,3,11,3,1,2013,28,4,22,475,7.0,5.901639344262295,0.0,Profitable,2,Low-Value,7.943431629976573,1.5595086645464642e-07,0.01,0.0,1.0
2457,1975,UnderGraduation,Partner,30801.0,0,1,2012-10-26,23,8,4,5,15,2,11,2,1,0,3,7,0,0,0,0,0,0,3,11,0,40,1,1,26,10,4,2012,45,4,26,611,11.25,15.652173913043478,0.0,Non-profitable,2,Low-Value,12.241137802303625,6.177912194561209e-11,0.0,0.0,1.0
7930,1969,PostGraduation,Single,26877.0,0,0,2013-08-19,74,101,13,76,20,18,40,2,3,1,6,6,0,0,0,0,0,0,3,11,0,46,0,0,19,8,3,2013,268,10,16,314,26.8,12.162162162162163,0.0,Profitable,0,Moderate-Value,27.26315516230544,5.0195760716520865e-08,0.03,0.0,1.0
4587,1944,PostGraduation,Single,45006.0,0,0,2013-07-18,90,162,25,53,16,0,10,1,3,1,7,3,0,0,0,0,0,0,3,11,0,71,0,0,18,7,3,2013,266,11,17,346,24.181818181818183,11.0,0.0,Profitable,2,Low-Value,24.592086555927438,2.6331762782800028e-08,0.01,0.0,1.0
6682,1973,UnderGraduation,Partner,18978.0,1,0,2012-12-11,41,2,8,1,4,7,15,1,1,0,3,8,0,0,0,0,0,0,3,11,0,42,1,1,11,12,4,2012,37,4,25,565,9.25,8.78048780487805,0.0,Profitable,2,Low-Value,10.2186878388556,2.2383500048418118e-09,0.01,0.0,1.0
6222,1967,Graduation,Partner,22574.0,2,1,2013-10-28,28,25,0,8,2,0,2,2,2,0,3,7,0,0,0,0,0,0,3,11,0,48,1,3,28,10,4,2013,37,5,14,244,7.4,16.071428571428573,0.0,Profitable,2,Low-Value,8.156638647135795,1.5353619278314393e-06,0.06,0.0,1.0
10299,1969,PhD,Single,48240.0,0,0,2012-11-09,73,389,91,248,64,49,41,3,6,3,13,5,0,0,0,0,0,0,3,11,1,46,0,0,9,11,4,2012,882,22,26,597,40.09090909090909,27.12328767123288,0.0,Non-profitable,0,Moderate-Value,40.32780190021912,1.4841122415272902e-23,0.0,0.0,1.0
3083,1974,Graduation,Partner,45837.0,1,1,2013-07-26,88,215,13,87,17,17,24,5,6,2,5,7,0,0,0,0,0,0,3,11,0,41,1,2,26,7,3,2013,373,13,17,338,28.692307692307693,13.295454545454549,0.0,Profitable,0,Moderate-Value,29.054699918038505,2.85975692402012e-09,0.01,0.0,1.0
8953,1965,PostGraduation,Single,35791.0,2,1,2013-05-06,94,27,0,5,0,0,3,2,1,0,3,8,0,0,0,0,0,0,3,11,0,50,1,3,6,5,2,2013,35,4,20,419,8.75,3.829787234042553,0.0,Profitable,2,Low-Value,9.713075347993597,7.355932590155083e-06,0.04,0.0,1.0
8650,1978,Graduation,Single,54162.0,1,1,2013-03-18,31,5,6,10,6,5,10,1,1,0,3,4,0,0,0,0,0,0,3,11,0,37,1,2,18,3,1,2013,42,4,21,468,10.5,11.612903225806452,0.0,Profitable,2,Low-Value,11.482719066010617,8.873866401944871e-09,0.01,0.0,1.0
10862,1960,PostGraduation,Partner,30522.0,0,1,2012-08-17,6,179,8,83,19,11,26,5,1,2,9,2,0,0,0,0,0,0,3,11,0,55,1,1,17,8,3,2012,326,12,28,681,27.166666666666668,180.0,0.0,Non-profitable,0,Moderate-Value,27.55370437081104,6.249120897492089e-29,0.0,0.0,1.0
2782,1961,PhD,Partner,54456.0,0,1,2013-07-11,23,352,0,27,10,0,15,3,6,1,7,6,0,0,0,0,0,0,3,11,0,54,1,1,11,7,3,2013,404,14,17,353,28.857142857142858,54.78260869565218,0.0,Non-profitable,0,Moderate-Value,29.194092011099816,1.603049360552498e-18,0.0,0.0,1.0
6941,1971,Graduation,Single,31632.0,0,0,2013-07-14,92,17,8,12,11,15,32,1,2,1,2,7,0,0,0,0,0,0,3,11,0,44,0,0,14,7,3,2013,95,5,17,350,19.0,4.891304347826087,0.0,Profitable,2,Low-Value,19.8605731449669,2.0754932451101112e-05,0.13,0.0,1.0
10972,1949,Graduation,Single,72298.0,0,0,2014-03-10,52,625,35,169,58,17,35,1,4,3,6,1,0,1,1,0,0,0,3,11,0,66,0,0,10,3,1,2014,939,13,9,111,72.23076923076923,22.5,0.0,Profitable,1,VIP,72.74237678620034,0.0010233083134021,6.51,0.0002,0.9998
10708,1978,PostGraduation,Single,36975.0,1,0,2013-12-28,50,10,6,11,0,4,2,1,1,0,3,7,0,0,0,0,0,0,3,11,0,37,1,1,28,12,4,2013,33,4,12,183,8.25,7.2,0.0,Profitable,2,Low-Value,9.207462857131588,0.0015499474766657,0.21,0.0014,0.9986
6583,1955,PostGraduation,Partner,72635.0,0,0,2013-06-03,54,390,22,323,104,35,107,1,6,8,6,3,0,0,0,1,0,0,3,11,0,60,0,0,3,6,2,2013,981,20,19,391,49.05,33.33333333333333,0.0,Non-profitable,0,Moderate-Value,49.33056891751709,4.03030143317741e-19,0.0,0.0,1.0
3641,1976,Graduation,Partner,13624.0,1,0,2013-01-20,93,10,2,15,2,1,6,2,2,0,3,6,0,0,0,0,0,0,3,11,0,39,1,1,20,1,1,2013,36,5,23,525,7.2,4.838709677419355,0.0,Profitable,2,Low-Value,7.954846673035258,9.177567122918276e-08,0.01,0.0,1.0
10156,1975,Graduation,Single,84196.0,0,1,2013-06-03,56,215,63,507,231,31,190,1,8,4,7,3,0,0,0,0,0,0,3,11,0,40,1,1,3,6,2,2013,1237,19,19,391,65.10526315789474,30.53571428571429,0.0,Non-profitable,1,VIP,65.43824123659228,5.289821410882655e-18,0.0,0.0,1.0
4299,1960,Graduation,Partner,70971.0,0,1,2012-09-21,28,1001,17,572,93,125,17,7,11,11,5,7,0,0,0,0,0,0,3,11,1,55,1,1,21,9,3,2012,1825,27,27,646,67.5925925925926,86.78571428571429,0.0,Non-profitable,1,VIP,67.83084513877019,1.7309513212271323e-40,0.0,0.0,1.0
3469,1977,PhD,Single,34487.0,1,1,2012-09-06,94,19,18,33,24,1,8,3,3,0,3,9,0,0,0,0,0,0,3,11,0,38,1,2,6,9,3,2012,103,6,28,661,17.166666666666668,5.744680851063829,0.0,Non-profitable,2,Low-Value,17.8690733509381,5.041072215404588e-10,0.0,0.0,1.0
5063,1977,Graduation,Single,28769.0,1,0,2012-12-18,76,41,5,129,10,3,3,3,4,1,4,9,0,0,0,0,0,0,3,11,0,38,1,1,18,12,4,2012,191,9,24,558,21.22222222222222,10.657894736842104,0.0,Non-profitable,2,Low-Value,21.709439801761523,1.0156461360603387e-11,0.0,0.0,1.0
10727,1970,PhD,Partner,69084.0,1,0,2013-11-19,43,1181,107,199,39,30,30,2,7,3,13,8,0,0,0,0,0,0,3,11,0,45,1,1,19,11,4,2013,1586,23,13,222,68.95652173913044,48.13953488372093,0.0,Non-profitable,1,VIP,69.23892781560136,1.3138791695945536e-16,0.0,0.0,1.0
5156,1970,PostGraduation,Partner,62466.0,0,1,2014-01-15,13,129,129,259,168,121,83,5,6,3,12,4,0,0,0,0,0,0,3,11,0,45,1,1,15,1,1,2014,889,21,11,165,42.333333333333336,145.3846153846154,0.0,Non-profitable,0,Moderate-Value,42.58628198833641,1.4628245382965442e-22,0.0,0.0,1.0
4376,1960,PostGraduation,Single,32218.0,0,0,2014-02-15,27,10,24,15,13,1,30,1,2,1,3,7,1,0,0,0,0,0,3,11,1,55,0,0,15,2,1,2014,93,6,10,134,15.5,20.0,0.0,Profitable,2,Low-Value,16.18998097514182,0.0001234209023736,0.55,0.0001,0.9999
8923,1973,Graduation,Single,83917.0,0,0,2013-04-18,12,514,22,732,42,198,79,1,6,7,7,3,0,0,0,0,0,0,3,11,1,42,0,0,18,4,2,2013,1587,20,20,437,79.35,150.0,0.0,Non-profitable,1,VIP,79.69798689431863,2.9965150670001264e-33,0.0,0.0,1.0
8461,1962,Graduation,Single,46102.0,2,1,2014-03-10,3,14,0,1,0,0,1,1,1,0,2,7,0,0,0,0,0,0,3,11,0,53,1,3,10,3,1,2014,16,3,9,111,5.333333333333333,90.0,0.0,Profitable,2,Low-Value,6.570928430252498,4.310096806740078e-05,0.16,0.0,1.0
6945,1952,Graduation,Single,84574.0,0,0,2013-06-04,72,387,20,713,38,54,163,1,9,11,11,5,0,0,0,0,0,0,3,11,0,63,0,0,4,6,2,2013,1375,31,19,390,44.354838709677416,38.75,0.0,Non-profitable,0,Moderate-Value,44.52897355531514,3.456442290259477e-24,0.0,0.0,1.0
944,1962,Graduation,Partner,56181.0,0,1,2013-01-08,6,121,103,69,8,44,48,1,4,2,7,4,0,0,0,0,0,0,3,11,0,53,1,1,8,1,1,2013,393,13,24,537,30.23076923076923,195.0,0.0,Non-profitable,0,Moderate-Value,30.59843408299122,2.135461429471991e-28,0.0,0.0,1.0
1907,1950,PostGraduation,Single,63120.0,0,1,2012-09-28,53,965,69,279,54,41,69,5,8,4,9,7,0,0,0,0,0,0,3,11,1,65,1,1,28,9,3,2012,1477,21,27,639,70.33333333333333,35.66037735849057,0.0,Non-profitable,1,VIP,70.6456094553662,1.257580836453334e-26,0.0,0.0,1.0
701,1971,Graduation,Partner,73691.0,0,1,2013-11-06,58,707,21,250,85,43,73,2,6,2,8,2,1,0,0,0,0,0,3,11,0,44,1,1,6,11,4,2013,1179,16,14,235,73.6875,24.82758620689655,0.0,Profitable,1,VIP,74.10696800912201,2.2655061856424915e-10,0.02,0.0,1.0
3856,1960,Graduation,Partner,63381.0,0,1,2012-10-05,78,571,50,142,33,50,159,4,4,5,13,2,0,0,0,0,0,0,3,11,0,55,1,1,5,10,4,2012,1005,22,27,632,45.68181818181818,25.384615384615383,0.0,Non-profitable,0,Moderate-Value,45.930017668357735,1.0213861653358822e-23,0.0,0.0,1.0
2131,1959,PhD,Single,62859.0,0,1,2012-12-30,37,1063,89,102,16,12,25,4,9,4,6,6,0,0,0,0,0,0,3,11,0,56,1,1,30,12,4,2012,1307,19,24,546,68.78947368421052,46.21621621621621,0.0,Non-profitable,1,VIP,69.13108164341003,1.6361986941219255e-25,0.0,0.0,1.0
2942,1964,Graduation,Single,45906.0,0,1,2013-05-07,20,305,3,27,4,3,144,2,5,4,4,5,1,0,0,0,0,0,3,11,0,51,1,1,7,5,2,2013,486,13,20,418,37.38461538461539,58.5,0.0,Non-profitable,0,Moderate-Value,37.77679795002135,1.0501795827842656e-19,0.0,0.0,1.0
1173,1947,PostGraduation,Partner,77632.0,0,0,2013-03-10,73,1200,105,758,0,42,147,1,4,2,6,2,0,1,1,0,0,0,3,11,1,68,0,0,10,3,1,2013,2252,12,22,476,187.66666666666663,14.794520547945204,0.0,Non-profitable,3,High-Value,188.6497802656949,8.402830274938113e-13,0.0,0.0,1.0
4381,1971,PhD,Partner,46463.0,1,1,2013-08-18,56,163,2,40,8,11,11,7,3,1,6,6,0,0,0,0,0,0,3,11,0,44,1,2,18,8,3,2013,235,10,16,315,23.5,16.071428571428573,0.0,Profitable,2,Low-Value,23.94843731099692,2.37536642357203e-09,0.01,0.0,1.0
4611,1970,Graduation,Partner,105471.0,0,0,2013-01-21,36,1009,181,104,202,21,207,0,9,8,13,3,0,0,1,1,0,0,3,11,1,45,0,0,21,1,1,2013,1724,30,23,524,57.46666666666667,75.0,0.0,Non-profitable,1,VIP,57.666049545515904,1.5401229175661422e-37,0.0,0.0,1.0
3376,1970,PostGraduation,Single,55282.0,1,0,2013-12-13,9,125,6,73,8,4,19,1,3,1,6,4,0,0,0,0,0,0,3,11,0,45,1,1,13,12,4,2013,235,10,12,198,23.5,100.0,0.0,Profitable,2,Low-Value,23.94843731099692,6.466734262759147e-14,0.02,0.0,1.0
10928,1958,Graduation,Partner,66886.0,0,1,2013-09-16,28,315,4,62,41,31,146,2,7,1,7,5,0,0,0,0,0,0,3,11,0,57,1,1,16,9,3,2013,599,15,15,286,39.93333333333333,48.21428571428572,0.0,Non-profitable,0,Moderate-Value,40.28063650597298,2.1848727120274484e-16,0.0,0.0,1.0
4248,1960,PostGraduation,Single,98777.0,0,0,2014-02-17,23,1000,19,711,125,115,38,0,4,6,9,1,0,1,0,0,0,0,3,11,0,55,0,0,17,2,1,2014,2008,19,10,132,105.6842105263158,74.34782608695652,0.0,Profitable,3,High-Value,106.1122405745422,9.61843408749839e-14,0.1,0.0,1.0
6728,1985,Graduation,Partner,29103.0,1,0,2012-08-27,38,16,0,17,6,3,6,2,1,0,3,9,0,0,0,0,0,0,3,11,0,30,1,1,27,8,3,2012,48,4,28,671,12.0,9.473684210526317,0.0,Non-profitable,2,Low-Value,12.999556538596634,1.1891357292235627e-10,0.0,0.0,1.0
6661,1974,Graduation,Partner,67445.0,0,1,2012-08-12,63,757,80,217,29,80,11,5,9,6,12,6,0,0,0,0,0,0,3,11,0,41,1,1,12,8,3,2012,1174,27,29,686,43.48148148148148,38.57142857142857,0.0,Non-profitable,0,Moderate-Value,43.68001797392599,5.199072795188045e-32,0.0,0.0,1.0
4725,1950,PhD,Partner,50616.0,0,1,2014-04-13,71,30,2,25,0,1,9,1,1,1,4,2,0,0,0,0,0,0,3,11,0,65,1,1,13,4,2,2014,67,6,8,77,11.166666666666666,7.605633802816901,1.95,Profitable,2,Low-Value,11.82434079807151,3.29490273078939,0.94,0.8697,0.1302999999999999
3277,1955,Graduation,Single,49431.0,0,1,2012-08-03,9,219,3,100,26,0,17,2,7,1,5,8,0,0,0,0,0,0,3,11,0,60,1,1,3,8,3,2012,365,13,29,695,28.07692307692308,130.0,0.0,Non-profitable,0,Moderate-Value,28.43720625205742,4.8114765849105015e-29,0.0,0.0,1.0
2564,1953,Graduation,Partner,61278.0,0,1,2014-01-04,87,111,3,28,2,6,15,2,3,1,4,6,0,0,0,0,0,0,3,11,0,62,1,1,4,1,1,2014,165,8,12,176,20.625,8.275862068965518,0.01,Profitable,2,Low-Value,21.170126485564253,0.0067578346039617,1.01,0.0031,0.9969
946,1958,PostGraduation,Partner,26490.0,0,0,2012-09-22,92,45,47,52,21,20,25,2,3,1,5,6,0,0,0,0,0,0,3,11,0,57,0,0,22,9,3,2012,210,9,27,645,23.33333333333333,8.804347826086957,0.0,Non-profitable,2,Low-Value,23.83101772240925,3.965730811652361e-12,0.0,0.0,1.0
3867,1947,PhD,Partner,73059.0,0,1,2013-08-31,36,410,112,420,0,82,71,1,9,3,13,4,0,0,0,0,0,0,3,11,0,68,1,1,31,8,3,2013,1095,25,16,302,43.8,62.5,0.0,Non-profitable,0,Moderate-Value,44.01501438584396,5.3148521378635486e-24,0.0,0.0,1.0
6940,1966,PhD,Single,46734.0,1,2,2013-10-21,86,100,1,39,6,1,76,4,3,2,3,6,1,0,0,0,0,0,3,11,0,49,1,3,21,10,4,2013,223,8,14,251,27.875,8.372093023255815,0.0,Profitable,0,Moderate-Value,28.460589943525747,5.712733564748334e-05,0.37,0.0,1.0
55,1963,Graduation,Partner,56253.0,0,1,2012-12-07,83,509,0,65,7,11,5,4,7,2,9,6,0,0,0,0,0,0,3,11,0,52,1,1,7,12,4,2012,597,18,25,569,33.166666666666664,19.518072289156628,0.0,Non-profitable,0,Moderate-Value,33.43920988022644,1.957671196267325e-18,0.0,0.0,1.0
7093,1985,Graduation,Partner,19986.0,1,0,2013-11-14,74,3,6,5,0,2,6,1,0,0,3,7,0,0,0,0,0,0,3,11,0,30,1,1,14,11,4,2013,22,3,13,227,7.333333333333333,3.6486486486486487,0.0,Profitable,2,Low-Value,8.600974135681305,0.0029307183295353,0.14,0.0041,0.9959
5084,1975,Graduation,Single,58330.0,0,1,2013-12-25,87,445,53,213,104,98,151,1,6,4,13,4,0,0,0,0,0,0,3,11,0,40,1,1,25,12,4,2013,1064,23,12,186,46.26086956521739,23.793103448275865,0.0,Profitable,0,Moderate-Value,46.49937691827637,2.8728771409882814e-07,0.17,0.0,1.0
1777,1980,UnderGraduation,Partner,25965.0,0,0,2012-09-07,29,2,2,11,41,7,11,1,2,0,3,8,0,0,0,0,0,0,3,11,0,35,0,0,7,9,3,2012,74,5,28,660,14.8,15.517241379310343,0.0,Non-profitable,2,Low-Value,15.622941688855636,3.2716209608960195e-12,0.0,0.0,1.0
8162,1956,PostGraduation,Partner,14661.0,0,0,2013-01-01,88,4,1,11,6,2,2,1,1,0,3,6,0,0,0,0,0,0,3,11,0,59,0,0,1,1,1,2013,26,4,24,544,6.5,4.090909090909091,0.0,Profitable,2,Low-Value,7.437819139114567,1.61887322875395e-07,0.01,0.0,1.0
10826,1959,Graduation,Partner,18690.0,0,0,2012-12-28,77,6,1,7,23,4,19,1,1,1,2,8,0,0,0,0,0,0,3,11,0,56,0,0,28,12,4,2012,60,4,24,548,15.0,4.675324675324676,0.0,Profitable,2,Low-Value,16.03323148376867,7.158726228861209e-08,0.02,0.0,1.0
8754,1974,PhD,Partner,45068.0,0,1,2013-05-16,25,14,0,3,0,0,3,1,1,0,2,7,0,0,0,0,0,0,3,11,0,41,1,1,16,5,2,2013,20,3,19,409,6.666666666666667,10.8,0.0,Profitable,2,Low-Value,7.924292233871704,1.9245104529524706e-07,0.02,0.0,1.0
1987,1987,UnderGraduation,Single,21063.0,1,0,2013-09-25,34,1,10,11,19,3,15,2,2,0,3,6,0,0,0,0,0,0,3,11,0,28,1,1,25,9,3,2013,59,5,15,277,11.8,13.23529411764706,0.0,Profitable,2,Low-Value,12.596062077347591,1.0420736108853836e-06,0.07,0.0,1.0
11007,1968,PhD,Partner,29187.0,1,0,2013-05-09,43,26,0,6,0,0,2,1,1,0,3,8,0,0,0,0,0,0,3,11,0,47,1,1,9,5,2,2013,34,4,20,416,8.5,8.372093023255815,0.0,Profitable,2,Low-Value,9.460269102562592,1.643194995592051e-07,0.02,0.0,1.0
7426,1971,PostGraduation,Partner,54690.0,1,1,2013-11-07,76,111,16,37,7,9,18,3,3,1,5,3,0,0,0,0,0,0,3,11,0,44,1,2,7,11,4,2013,198,9,14,234,22.0,10.657894736842104,0.0,Profitable,2,Low-Value,22.49107377252648,1.945088208797352e-05,0.25,0.0,1.0
9153,1964,PhD,Partner,59304.0,0,1,2013-07-29,81,418,61,428,80,51,10,3,7,8,10,5,0,0,0,0,0,0,3,11,0,51,1,1,29,7,3,2013,1048,25,17,335,41.92,27.77777777777777,0.0,Non-profitable,0,Moderate-Value,42.13166945068365,1.593537093371264e-16,0.0,0.0,1.0
10379,1962,PostGraduation,Single,59247.0,0,2,2013-11-08,87,327,9,122,19,14,83,5,5,2,9,6,0,0,0,0,0,0,3,11,0,53,1,2,8,11,4,2013,574,16,13,233,35.875,16.551724137931036,0.0,Profitable,0,Moderate-Value,36.1892427177417,2.466906299583121e-07,0.08,0.0,1.0
9204,1970,Graduation,Single,66731.0,0,1,2012-09-12,33,371,159,194,58,106,141,4,4,3,6,3,0,0,0,0,0,0,3,11,0,45,1,1,12,9,3,2012,1029,13,28,655,79.15384615384616,35.45454545454545,0.0,Non-profitable,1,VIP,79.68918052848755,2.13219292578222e-21,0.0,0.0,1.0
3197,1980,Graduation,Partner,77353.0,0,1,2013-12-16,38,275,59,107,69,101,59,2,6,4,8,4,0,0,0,0,0,0,3,11,0,35,1,1,16,12,4,2013,670,18,12,195,37.22222222222222,42.63157894736842,0.0,Non-profitable,0,Moderate-Value,37.50479422061515,5.990704541632342e-13,0.0,0.0,1.0
2920,1975,PhD,Single,52614.0,0,1,2012-12-01,63,789,0,142,12,9,38,2,2,4,8,8,0,0,0,0,0,0,3,11,0,40,1,1,1,12,4,2012,990,14,25,575,70.71428571428571,20.0,0.0,Non-profitable,1,VIP,71.18440871923751,3.3713826102829757e-17,0.0,0.0,1.0
6961,1974,Graduation,Partner,26751.0,2,0,2014-05-22,26,1,1,5,0,3,1,1,1,0,2,8,0,0,0,0,0,0,3,11,0,41,1,2,22,5,2,2014,11,3,7,38,3.6666666666666665,10.384615384615383,0.67,Profitable,2,Low-Value,4.879223675728493,2.739042048150034,0.23,0.6675,0.3325
4673,1963,PhD,Partner,81300.0,0,1,2012-10-30,17,1004,12,145,32,12,36,3,10,3,5,5,0,0,0,1,0,0,3,11,1,52,1,1,30,10,4,2012,1241,18,26,607,68.94444444444444,95.29411764705884,0.0,Non-profitable,1,VIP,69.30546077351863,1.1955647978552055e-31,0.0,0.0,1.0
9937,1979,Graduation,Single,70337.0,0,0,2014-01-02,75,187,81,149,25,43,91,1,2,2,12,1,0,0,0,0,0,0,3,11,0,36,0,0,2,1,1,2014,576,16,12,178,36.0,19.200000000000003,0.0,Profitable,0,Moderate-Value,36.314590569944606,5.675784335686439e-06,0.48,0.0,1.0
8779,1985,PostGraduation,Partner,36145.0,1,0,2013-06-16,13,56,4,76,17,1,18,4,4,1,3,9,1,0,0,0,0,0,3,11,1,30,1,1,16,6,2,2013,172,8,18,378,21.5,55.38461538461539,0.0,Non-profitable,2,Low-Value,22.05001000635271,2.645660737702181e-14,0.0,0.0,1.0
9596,1980,PhD,Single,65295.0,0,0,2013-12-23,19,365,32,117,34,110,6,1,3,3,13,2,0,0,0,0,0,0,3,11,0,35,0,0,23,12,4,2013,664,19,12,188,34.94736842105263,90.0,0.0,Non-profitable,0,Moderate-Value,35.20970476364116,7.792150409973726e-19,0.0,0.0,1.0
2891,1963,Graduation,Single,68118.0,0,1,2013-10-18,51,595,23,123,10,23,154,2,8,9,4,6,0,0,0,0,0,0,3,11,0,52,1,1,18,10,4,2013,928,21,14,254,44.19047619047619,37.05882352941176,0.0,Non-profitable,0,Moderate-Value,44.447359830537366,2.9642862701220504e-15,0.0,0.0,1.0
4910,1967,Graduation,Single,68743.0,0,0,2012-08-30,81,1132,134,384,175,134,115,1,11,5,13,7,0,0,0,0,0,0,3,11,0,48,0,0,30,8,3,2012,2074,29,28,668,71.51724137931035,32.22222222222222,0.0,Non-profitable,1,VIP,71.74505571201193,2.618160496451569e-30,0.0,0.0,1.0
75,1982,PostGraduation,Partner,41039.0,0,0,2013-07-25,32,34,11,137,179,61,45,1,8,1,5,8,0,0,0,0,0,0,3,11,0,33,0,0,25,7,3,2013,467,14,17,339,33.357142857142854,39.375,0.0,Non-profitable,0,Moderate-Value,33.708409336377414,3.5703357907063163e-16,0.0,0.0,1.0
10120,1955,Graduation,Partner,38946.0,0,1,2013-10-24,84,116,6,82,6,6,41,2,3,1,6,5,0,0,0,0,0,0,3,11,0,60,1,1,24,10,4,2013,257,10,14,248,25.7,10.714285714285714,0.0,Profitable,0,Moderate-Value,26.15824921186926,9.410485655547709e-06,0.21,0.0,1.0
6327,1967,Graduation,Partner,65777.0,0,0,2013-12-19,87,565,32,435,28,32,54,1,2,8,6,1,0,0,0,0,0,0,3,11,0,48,0,0,19,12,4,2013,1146,16,12,192,71.625,16.551724137931036,0.0,Profitable,1,VIP,72.03872844777399,1.4748320771554394e-05,1.02,0.0,1.0
10142,1976,PhD,Single,66476.0,0,1,2013-03-07,99,372,18,126,47,48,78,2,5,2,11,4,0,0,0,0,0,0,3,11,0,39,1,1,7,3,1,2013,689,18,22,479,38.27777777777778,16.363636363636363,0.0,Non-profitable,0,Moderate-Value,38.562960007839614,6.910223438450058e-15,0.0,0.0,1.0
9826,1972,PhD,Single,86857.0,0,0,2012-09-12,96,899,102,838,133,102,40,1,5,6,10,2,0,0,0,0,0,0,3,11,1,43,0,0,12,9,3,2012,2114,21,28,655,100.66666666666669,19.6875,0.0,Non-profitable,3,High-Value,101.04321421131516,2.288328874475706e-21,0.0,0.0,1.0
1501,1982,PhD,Partner,160803.0,0,0,2012-08-04,21,55,16,1622,17,3,4,15,0,28,1,0,0,0,0,0,0,0,3,11,0,33,0,0,4,8,3,2012,1717,29,29,694,59.206896551724135,124.28571428571428,0.0,Non-profitable,1,VIP,59.41583377400036,6.260441442325676e-48,0.0,0.0,1.0
10767,1989,PhD,Partner,77845.0,0,0,2014-05-16,40,760,40,480,0,40,26,1,3,5,12,1,0,0,1,1,0,0,3,11,0,26,0,0,16,5,2,2014,1346,20,7,44,67.3,45.0,56.52,Profitable,1,VIP,67.62117545469954,16.715255531646704,21.09,0.8143,0.1856999999999999
7279,1969,PhD,Partner,69476.0,0,0,2013-09-30,3,260,86,559,63,9,67,1,4,6,4,2,0,0,0,0,0,0,3,11,0,46,0,0,30,9,3,2013,1044,14,15,272,74.57142857142857,420.0,0.0,Non-profitable,1,VIP,75.05382356947545,2.6764356446610308e-27,0.0,0.0,1.0
7230,1960,PhD,Single,50611.0,0,1,2012-10-04,98,459,0,24,6,0,4,6,4,5,7,6,0,1,0,0,0,0,3,11,1,55,1,1,4,10,4,2012,493,16,27,633,30.8125,14.693877551020408,0.0,Non-profitable,0,Moderate-Value,31.112654703523837,7.160670211578709e-17,0.0,0.0,1.0
143,1970,Graduation,Single,61209.0,0,0,2013-08-25,73,466,0,224,119,49,99,1,5,3,4,2,0,0,0,0,0,0,3,11,0,45,0,0,25,8,3,2013,957,12,16,308,79.75,14.794520547945204,0.0,Profitable,1,VIP,80.3323252896437,4.775334398985271e-09,0.03,0.0,1.0
450,1958,PostGraduation,Partner,42315.0,0,1,2013-07-12,90,67,15,80,17,11,80,3,1,4,4,3,0,0,0,0,0,0,3,11,0,57,1,1,12,7,3,2013,270,9,17,352,30.0,9.0,0.0,Profitable,0,Moderate-Value,30.530737471823123,2.0198324640400998e-07,0.04,0.0,1.0
9316,1952,UnderGraduation,Partner,13084.0,0,0,2013-11-02,29,2,0,7,3,7,10,1,1,0,3,6,0,0,0,0,0,0,3,11,0,63,0,0,2,11,4,2013,29,4,14,239,7.25,12.413793103448276,0.0,Profitable,2,Low-Value,8.196237875407576,1.2352958126468646e-05,0.08,0.0,1.0
6379,1949,PostGraduation,Single,47570.0,1,1,2013-05-29,3,67,1,20,0,2,31,3,2,2,2,7,0,0,0,0,0,0,3,11,1,66,1,2,29,5,2,2013,121,6,19,396,20.166666666666668,180.0,0.0,Non-profitable,2,Low-Value,20.891439627371387,3.310988466787011e-15,0.0,0.0,1.0
9239,1961,PostGraduation,Partner,61923.0,0,2,2013-07-26,94,92,4,18,3,3,6,1,2,1,4,3,0,0,0,0,0,0,3,11,0,54,1,2,26,7,3,2013,126,7,17,338,18.0,6.702127659574468,0.0,Profitable,2,Low-Value,18.606741959079606,5.0348819197635655e-06,0.08,0.0,1.0
8315,1995,Graduation,Single,34824.0,0,0,2014-03-26,65,4,2,11,2,0,4,1,1,0,2,6,0,0,0,0,0,0,3,11,0,20,0,0,26,3,1,2014,23,3,9,95,7.666666666666667,4.153846153846154,0.3,Profitable,2,Low-Value,8.939315086586108,0.6636682223064722,0.32,0.3963,0.6037
2868,1949,PhD,Single,26518.0,1,1,2013-04-08,33,20,1,28,3,3,2,3,2,0,3,8,0,0,0,0,0,0,3,11,1,66,1,2,8,4,2,2013,57,5,21,447,11.4,13.636363636363637,0.0,Profitable,2,Low-Value,12.19247812914652,2.347402866241265e-09,0.01,0.0,1.0
10888,1961,Graduation,Single,45938.0,0,0,2013-11-03,46,273,11,178,62,83,29,2,8,4,6,6,0,0,0,0,0,0,3,11,0,54,0,0,3,11,4,2013,636,18,14,238,35.333333333333336,35.21739130434783,0.0,Non-profitable,0,Moderate-Value,35.61123439084508,1.8666320920894414e-13,0.0,0.0,1.0
1277,1960,Graduation,Partner,78468.0,0,0,2014-04-09,29,434,22,388,104,22,34,1,10,7,10,4,0,0,0,1,0,0,3,11,0,55,0,0,9,4,2,2014,1004,27,8,81,37.18518518518518,83.79310344827586,0.0,Profitable,0,Moderate-Value,37.37335035791445,2.2901595995993044e-10,1.01,0.0,1.0
9977,1973,Graduation,Single,78901.0,0,1,2013-09-17,99,321,11,309,33,26,34,3,9,3,5,4,0,0,0,0,0,0,3,11,0,42,1,1,17,9,3,2013,734,17,15,285,43.1764705882353,15.454545454545451,0.0,Profitable,0,Moderate-Value,43.491300349795246,1.0872796988182698e-08,0.01,0.0,1.0
10196,1978,Graduation,Partner,71427.0,2,0,2014-03-12,26,212,123,177,15,64,23,2,8,2,8,4,0,0,0,0,0,0,3,11,0,37,1,2,12,3,1,2014,614,18,9,109,34.111111111111114,62.30769230769231,0.0,Profitable,0,Moderate-Value,34.38598979511149,2.585686179372541e-10,0.34,0.0,1.0
6384,1978,Graduation,Single,71022.0,0,1,2014-02-11,30,909,12,278,0,12,242,3,5,2,11,8,1,0,0,0,0,0,3,11,0,37,1,1,11,2,1,2014,1453,18,10,138,80.72222222222223,54.0,0.0,Profitable,1,VIP,81.11236324149681,1.984231340383827e-11,0.15,0.0,1.0
8029,1988,PostGraduation,Single,90247.0,0,0,2014-04-29,27,1184,32,352,21,16,16,1,3,4,7,1,0,1,1,1,0,0,3,11,1,27,0,0,29,4,2,2014,1621,14,8,61,115.78571428571428,46.66666666666666,0.01,Profitable,3,High-Value,116.3992378025735,0.0013757298408641,19.29,0.0001,0.9999
968,1968,PostGraduation,Single,41335.0,1,0,2013-12-26,24,112,19,21,16,14,5,3,4,1,4,7,0,0,0,0,0,0,3,11,0,47,1,1,26,12,4,2013,187,9,12,185,20.77777777777778,33.75,0.0,Profitable,2,Low-Value,21.262791818467267,1.1304264413029504e-08,0.11,0.0,1.0
6988,1986,Graduation,Partner,71952.0,1,0,2013-01-10,93,656,80,455,52,107,93,2,8,4,8,4,1,0,1,0,0,0,3,11,0,29,1,1,10,1,1,2013,1443,20,24,535,72.15,19.35483870967742,0.0,Non-profitable,1,VIP,72.48196678101927,3.660814359505701e-18,0.0,0.0,1.0
6991,1951,Graduation,Single,43185.0,0,1,2013-04-10,88,537,6,42,16,6,30,2,9,3,6,8,0,0,0,0,0,0,3,11,0,64,1,1,10,4,2,2013,637,18,21,445,35.388888888888886,18.40909090909091,0.0,Non-profitable,0,Moderate-Value,35.666927327014776,5.235556862598917e-15,0.0,0.0,1.0
3336,1948,PhD,Partner,66375.0,0,1,2013-11-21,96,712,0,45,0,0,191,3,2,4,5,7,1,0,0,0,0,0,3,11,0,67,1,1,21,11,4,2013,948,11,13,220,86.18181818181819,10.3125,0.0,Profitable,1,VIP,86.84336395394129,0.0001415468139473,1.81,0.0001,0.9999
4301,1971,PostGraduation,Partner,35178.0,1,0,2013-01-10,10,23,1,13,2,2,18,1,1,1,2,7,1,0,0,0,0,0,3,11,1,44,1,1,10,1,1,2013,59,4,24,535,14.75,36.0,0.0,Profitable,2,Low-Value,15.780425238337669,1.821283797613884e-11,0.01,0.0,1.0
1940,1986,Graduation,Partner,25252.0,1,0,2013-07-12,26,1,3,4,2,2,6,1,1,0,2,8,0,0,0,0,0,0,3,11,0,29,1,1,12,7,3,2013,18,3,17,352,6.0,10.384615384615383,0.0,Profitable,2,Low-Value,7.247610332062101,1.1000217913760473e-06,0.03,0.0,1.0
1272,1965,PostGraduation,Single,55250.0,0,1,2012-10-21,49,664,58,83,32,0,66,4,7,5,10,5,0,0,0,0,0,0,3,11,0,50,1,1,21,10,4,2012,903,22,26,616,41.04545454545455,40.40816326530612,0.0,Non-profitable,0,Moderate-Value,41.284277763072055,6.820151837401125e-28,0.0,0.0,1.0
1388,1975,Graduation,Single,33249.0,1,0,2013-02-20,11,6,10,21,19,14,42,2,2,1,3,6,0,0,0,0,0,0,3,11,0,40,1,1,20,2,1,2013,112,6,22,494,18.666666666666668,49.090909090909086,0.0,Non-profitable,2,Low-Value,19.380256489154743,9.318903569912012e-14,0.0,0.0,1.0
1044,1953,Graduation,Partner,58398.0,0,0,2013-05-14,44,299,5,201,21,21,49,3,5,4,8,4,0,0,0,0,0,0,3,11,0,62,0,0,14,5,2,2013,596,17,19,411,35.05882352941177,34.77272727272727,0.0,Non-profitable,0,Moderate-Value,35.35239565893614,8.98773887656233e-19,0.0,0.0,1.0
6969,1982,Graduation,Partner,50272.0,1,0,2013-08-07,75,99,13,66,43,8,4,3,4,1,5,7,0,0,0,0,0,0,3,11,0,33,1,1,7,8,3,2013,233,10,17,326,23.3,12.0,0.0,Profitable,2,Low-Value,23.74754532000852,3.0883850142100906e-08,0.02,0.0,1.0
10479,1975,PhD,Partner,76618.0,0,0,2012-12-07,64,749,40,294,121,160,147,1,3,2,5,1,0,0,0,0,0,0,3,11,0,40,0,0,7,12,4,2012,1511,10,25,569,151.1,14.0625,0.0,Non-profitable,3,High-Value,152.1175275615931,1.7545662111425221e-13,0.0,0.0,1.0
3619,1960,PostGraduation,Single,87305.0,0,0,2012-09-23,19,345,25,501,63,138,80,1,5,3,8,2,0,0,1,0,0,0,3,11,1,55,0,0,23,9,3,2012,1152,16,27,644,72.0,75.78947368421052,0.0,Non-profitable,1,VIP,72.41477200438273,1.2300016025175424e-28,0.0,0.0,1.0
1715,1978,Graduation,Partner,25851.0,1,0,2013-02-11,45,9,4,18,7,5,5,2,2,0,3,7,0,0,0,0,0,0,3,11,0,37,1,1,11,2,1,2013,48,5,22,503,9.6,10.0,0.0,Profitable,2,Low-Value,10.376350362241691,2.312517804572631e-09,0.01,0.0,1.0
10159,1970,Graduation,Single,58710.0,0,1,2013-03-31,77,440,81,368,0,122,174,6,11,5,9,6,0,0,0,0,0,0,3,11,0,45,1,1,31,3,1,2013,1185,25,21,455,47.4,29.22077922077922,0.0,Non-profitable,0,Moderate-Value,47.62141958083178,1.8003444184486907e-21,0.0,0.0,1.0
1463,1958,Graduation,Single,45160.0,1,1,2014-03-29,9,8,2,5,3,0,3,1,1,0,2,7,0,0,0,0,0,0,3,11,0,57,1,2,29,3,1,2014,21,3,9,92,7.0,30.0,0.0,Profitable,2,Low-Value,8.262633184776504,0.0019818952980431,0.25,0.0011,0.9989
5114,1965,PostGraduation,Partner,74806.0,0,1,2012-12-19,1,670,9,249,0,28,9,2,5,4,5,4,0,0,0,0,0,0,3,11,0,50,1,1,19,12,4,2012,965,14,24,557,68.92857142857143,1260.0,0.0,Non-profitable,1,VIP,69.39301295523846,9.151334948592132e-39,0.0,0.0,1.0
4990,1954,Graduation,Partner,59111.0,0,0,2013-05-02,90,524,0,134,28,28,155,1,11,1,8,7,0,0,0,0,0,0,3,11,0,61,0,0,2,5,2,2013,869,20,20,423,43.45,20.0,0.0,Non-profitable,0,Moderate-Value,43.71810882939536,1.7326971288416939e-15,0.0,0.0,1.0
10936,1965,Graduation,Partner,72190.0,0,0,2013-02-13,79,597,166,597,172,166,249,1,5,6,4,3,0,0,0,0,0,0,3,11,0,50,0,0,13,2,1,2013,1947,15,22,501,129.8,17.08860759493671,0.0,Non-profitable,3,High-Value,130.41410738379895,4.7716409552651056e-15,0.0,0.0,1.0
4692,1976,Graduation,Partner,7500.0,1,0,2012-08-01,19,7,0,12,13,7,32,5,4,1,2,9,1,0,0,0,0,0,3,11,1,39,1,1,1,8,3,2012,71,7,29,697,10.142857142857142,33.1578947368421,0.0,Non-profitable,2,Low-Value,10.699442513432516,2.399006489483149e-16,0.0,0.0,1.0
6086,1955,Graduation,Partner,80395.0,0,0,2013-11-23,62,445,25,706,80,76,48,1,6,5,12,2,0,0,0,1,0,0,3,11,0,60,0,0,23,11,4,2013,1380,23,13,218,60.0,33.38709677419355,0.0,Non-profitable,1,VIP,60.265082059185744,1.089808637313225e-12,0.0,0.0,1.0
437,1976,PostGraduation,Single,75012.0,0,0,2014-01-25,41,294,142,218,164,58,151,1,3,8,11,1,0,0,0,0,0,0,3,11,0,39,0,0,25,1,1,2014,1027,22,11,155,46.68181818181818,48.29268292682927,0.0,Profitable,0,Moderate-Value,46.93204000087033,3.140587733820348e-12,0.02,0.0,1.0
11171,1965,PostGraduation,Partner,56962.0,2,1,2013-10-11,60,292,3,77,10,3,26,7,6,3,5,7,0,0,0,0,0,0,3,11,0,50,1,3,11,10,4,2013,411,14,14,261,29.357142857142858,21.0,0.0,Profitable,0,Moderate-Value,29.69568282501955,5.84859228844918e-10,0.01,0.0,1.0
11101,1991,Graduation,Partner,89891.0,0,0,2013-04-15,17,412,22,132,59,28,183,1,11,6,8,4,0,0,1,0,0,0,3,11,0,24,0,0,15,4,2,2013,836,25,20,440,33.44,132.3529411764706,0.0,Non-profitable,0,Moderate-Value,33.63658165804567,2.9218749925620577e-37,0.0,0.0,1.0
5329,1949,PhD,Single,35946.0,1,1,2013-09-27,24,8,0,3,0,0,0,1,0,0,3,5,0,0,0,0,0,0,3,11,0,66,1,2,27,9,3,2013,11,3,15,275,3.6666666666666665,11.25,0.0,Profitable,2,Low-Value,4.879223675728493,9.529103038958188e-06,0.04,0.0,1.0
610,1953,PhD,Partner,53593.0,1,1,2012-08-07,60,349,4,78,6,0,43,8,7,2,6,8,0,0,0,0,0,0,3,11,0,62,1,2,7,8,3,2012,480,15,29,691,32.0,22.5,0.0,Non-profitable,0,Moderate-Value,32.32374998189191,1.5818791680151232e-20,0.0,0.0,1.0
9384,1978,Graduation,Partner,66373.0,1,1,2013-06-12,57,328,9,124,12,24,109,7,4,2,10,3,0,0,0,0,0,0,3,11,0,37,1,2,12,6,2,2013,606,16,18,382,37.875,25.26315789473684,0.0,Non-profitable,0,Moderate-Value,38.19480835298826,2.922639963823197e-15,0.0,0.0,1.0
5956,1948,PhD,Single,45072.0,1,2,2013-10-16,74,144,2,99,7,2,30,5,6,1,4,8,0,0,0,0,0,0,3,11,0,67,1,3,16,10,4,2013,284,11,14,256,25.818181818181817,13.37837837837838,0.0,Profitable,0,Moderate-Value,26.23508214707736,4.872926666290161e-07,0.08,0.0,1.0
10430,1973,Graduation,Single,89694.0,1,1,2013-10-09,22,1126,28,211,37,28,42,3,4,3,4,5,0,1,1,1,0,0,3,11,0,42,1,2,9,10,4,2013,1472,11,14,263,133.8181818181818,45.0,0.0,Profitable,3,High-Value,134.67279116297246,3.732648055345269e-13,0.02,0.0,1.0
7875,1949,Graduation,Partner,72025.0,0,0,2014-04-29,46,967,0,617,43,50,0,1,4,8,13,2,0,1,1,1,0,0,3,11,1,66,0,0,29,4,2,2014,1677,25,8,61,67.08,48.91304347826087,1.14,Profitable,1,VIP,67.33643464676521,0.3384986048745523,22.84,0.0183,0.9817
7072,1973,Graduation,Partner,67432.0,0,1,2013-03-29,69,432,79,341,177,136,170,2,8,5,4,4,0,0,0,0,0,0,3,11,0,42,1,1,29,3,1,2013,1335,17,21,457,78.52941176470588,22.17391304347826,0.0,Non-profitable,1,VIP,78.9368200541889,1.52053565227466e-16,0.0,0.0,1.0
6516,1989,UnderGraduation,Partner,17487.0,1,0,2013-03-18,37,0,0,1,7,4,6,1,1,0,2,7,0,0,0,0,0,0,3,11,0,26,1,1,18,3,1,2013,18,3,21,468,6.0,7.297297297297297,0.0,Profitable,2,Low-Value,7.247610332062101,1.4475332932783418e-07,0.02,0.0,1.0
5564,1969,Graduation,Partner,62882.0,0,1,2012-08-09,26,509,133,497,78,24,97,2,7,5,6,4,0,0,0,0,0,0,3,11,0,46,1,1,9,8,3,2012,1338,18,29,689,74.33333333333333,62.30769230769231,0.0,Non-profitable,1,VIP,74.70767558198034,4.643192911488924e-30,0.0,0.0,1.0
5682,1953,PhD,Single,64108.0,0,1,2013-03-23,8,948,10,86,13,21,21,4,6,9,11,5,0,0,0,0,0,0,3,11,0,62,1,1,23,3,1,2013,1099,26,21,463,42.26923076923077,292.5,0.0,Non-profitable,0,Moderate-Value,42.4733425797532,2.3303513776529067e-47,0.0,0.0,1.0
7458,1956,PostGraduation,Partner,34941.0,1,1,2013-03-06,26,39,2,25,4,3,24,2,3,0,3,8,0,0,0,0,0,0,3,11,0,59,1,2,6,3,1,2013,97,6,22,480,16.166666666666668,20.76923076923077,0.0,Non-profitable,2,Low-Value,16.861617925460333,1.99046129076125e-11,0.0,0.0,1.0
5237,1950,PhD,Single,48767.0,1,2,2014-01-01,79,28,1,21,3,0,10,3,2,1,3,5,0,0,0,0,0,0,3,11,0,65,1,3,1,1,1,2014,63,6,12,179,10.5,6.835443037974684,0.0,Profitable,2,Low-Value,11.152703847753,0.0069100987831301,0.41,0.0042,0.9958
7761,1978,PostGraduation,Partner,38702.0,1,0,2013-08-01,71,13,11,24,13,8,40,2,3,0,4,6,0,0,0,0,0,0,3,11,0,37,1,1,1,8,3,2013,109,7,17,332,15.571428571428571,8.873239436619718,0.0,Profitable,2,Low-Value,16.162667584970503,6.512705783464233e-07,0.04,0.0,1.0
5278,1964,Graduation,Partner,82224.0,0,0,2014-01-25,83,307,26,360,138,31,40,1,6,9,5,3,0,0,0,1,0,0,3,11,0,51,0,0,25,1,1,2014,902,20,11,155,45.1,21.686746987951807,0.0,Profitable,0,Moderate-Value,45.3717801053598,6.767665347517818e-05,1.74,0.0,1.0
3560,1952,Graduation,Partner,83844.0,0,0,2013-05-12,57,901,31,345,75,31,191,1,4,4,11,1,0,0,1,0,0,0,3,11,0,63,0,0,12,5,2,2013,1574,19,19,413,82.84210526315789,30.0,0.0,Non-profitable,1,VIP,83.21663005227208,1.6930286602330399e-18,0.0,0.0,1.0
7235,1975,PostGraduation,Partner,17003.0,1,0,2013-12-09,37,2,5,12,4,8,7,3,2,0,4,5,0,0,0,0,0,0,3,11,0,40,1,1,9,12,4,2013,38,6,12,202,6.333333333333333,14.594594594594597,0.0,Profitable,2,Low-Value,6.954972908262318,1.1921527104068902e-05,0.1,0.0,1.0
10548,1995,Graduation,Single,71163.0,0,0,2014-03-09,30,283,17,372,138,106,44,1,3,8,12,1,0,0,0,0,0,0,3,11,0,20,0,0,9,3,1,2014,960,23,9,112,41.73913043478261,69.0,0.0,Profitable,0,Moderate-Value,41.96889168202771,4.406127131642415e-12,0.12,0.0,1.0
2281,1970,Graduation,Single,33697.0,1,0,2013-09-15,34,4,3,7,0,3,11,1,1,0,2,7,1,0,0,0,0,0,3,11,0,45,1,1,15,9,3,2013,28,3,15,287,9.333333333333334,7.9411764705882355,0.0,Profitable,2,Low-Value,10.631019841110112,1.97395363639569e-05,0.08,0.0,1.0
4073,1954,PostGraduation,Partner,63564.0,0,0,2014-01-29,0,769,80,252,15,34,65,1,10,10,7,6,1,0,0,0,0,0,3,11,1,61,0,0,29,1,1,2014,1215,27,11,151,45.0,0.0,0.0,Non-profitable,0,Moderate-Value,45.20103781072878,3.4507711735157845e-62,0.0,0.0,1.0
6974,1972,PhD,Partner,83443.0,0,0,2013-12-31,89,518,42,742,55,56,84,1,6,10,5,2,0,0,0,0,0,0,3,11,0,43,0,0,31,12,4,2013,1497,21,12,180,71.28571428571429,21.235955056179776,0.0,Profitable,1,VIP,71.6000083488026,4.185756072400897e-06,0.76,0.0,1.0
7938,1958,PhD,Partner,51518.0,0,1,2013-10-03,92,350,8,66,17,4,4,2,3,2,10,3,0,0,0,0,0,0,3,11,0,57,1,1,3,10,4,2013,449,15,15,269,29.933333333333334,14.673913043478262,0.0,Profitable,0,Moderate-Value,30.25094761007247,7.27186461863335e-08,0.03,0.0,1.0
7094,1975,Graduation,Single,58330.0,0,1,2013-12-25,87,445,53,213,104,98,151,1,6,4,13,4,0,0,0,0,0,0,3,11,0,40,1,1,25,12,4,2013,1064,23,12,186,46.26086956521739,23.793103448275865,0.0,Profitable,0,Moderate-Value,46.49937691827637,2.8728771409882814e-07,0.17,0.0,1.0
3667,1969,Graduation,Partner,80952.0,0,0,2013-02-28,20,778,178,689,41,27,44,1,8,5,11,8,0,1,1,1,0,0,3,11,1,46,0,0,28,2,1,2013,1757,24,22,486,73.20833333333333,108.0,0.0,Non-profitable,1,VIP,73.48683138069359,1.0742685478028318e-35,0.0,0.0,1.0
7723,1979,Graduation,Partner,75507.0,0,0,2014-05-02,56,709,93,374,104,80,80,1,8,6,6,3,0,0,0,0,0,0,3,11,0,36,0,0,2,5,2,2014,1440,20,8,58,72.0,32.142857142857146,53.78,Profitable,1,VIP,72.33163302865886,14.8704193151732,21.07,0.9492,0.0507999999999999
3870,1978,PostGraduation,Partner,63855.0,0,0,2013-02-09,28,359,35,314,93,116,89,1,7,3,13,4,0,0,0,0,0,0,3,11,0,37,0,0,9,2,1,2013,1006,23,23,505,43.73913043478261,73.92857142857143,0.0,Non-profitable,0,Moderate-Value,43.972760151906925,1.2464701287297588e-31,0.0,0.0,1.0
4012,1972,PhD,Partner,62220.0,0,1,2012-08-11,55,799,12,375,16,12,12,5,7,6,5,6,0,0,0,0,0,0,3,11,1,43,1,1,11,8,3,2012,1226,18,29,687,68.11111111111111,29.454545454545453,0.0,Non-profitable,1,VIP,68.470066730973,3.621975747094164e-24,0.0,0.0,1.0
5909,1964,Graduation,Partner,58512.0,0,1,2013-09-19,25,895,10,101,13,0,152,5,3,4,8,8,0,0,0,0,0,0,3,11,0,51,1,1,19,9,3,2013,1171,15,15,283,78.06666666666666,54.0,0.0,Non-profitable,1,VIP,78.5271834956736,5.162272323607129e-17,0.0,0.0,1.0
10470,1979,PostGraduation,Partner,40662.0,1,0,2013-03-15,0,40,2,23,0,4,23,2,2,1,3,4,0,0,0,0,0,0,3,11,0,36,1,1,15,3,1,2013,92,6,21,471,15.333333333333334,0.0,0.0,Non-profitable,2,Low-Value,16.022071737562197,2.2301988957177592e-20,0.0,0.0,1.0
10270,1981,PostGraduation,Partner,35523.0,1,0,2013-10-03,8,11,5,22,12,5,11,2,3,0,3,7,0,0,0,0,0,0,3,11,0,34,1,1,3,10,4,2013,66,6,15,269,11.0,67.5,0.0,Profitable,2,Low-Value,11.656431560491884,6.629638326250809e-11,0.02,0.0,1.0
6887,1967,Graduation,Single,79146.0,1,1,2014-04-24,33,245,16,223,21,43,16,2,8,1,8,6,0,0,0,0,0,0,3,11,0,48,1,2,24,4,2,2014,564,17,8,66,33.1764705882353,46.36363636363636,0.0,Profitable,0,Moderate-Value,33.4651134117804,0.0011336096301658,6.29,0.0001,0.9999
6406,1988,PostGraduation,Partner,78285.0,0,0,2013-10-28,13,647,107,391,175,67,40,1,6,4,10,3,0,0,0,0,0,0,3,11,0,27,0,0,28,10,4,2013,1427,20,14,244,71.35,138.46153846153848,0.0,Non-profitable,1,VIP,71.68018676843043,9.243250543877603e-26,0.0,0.0,1.0
7573,1978,PhD,Single,31626.0,1,0,2013-05-10,12,39,1,9,2,1,34,1,2,1,2,7,1,0,0,0,0,0,3,11,1,37,1,1,10,5,2,2013,86,5,20,415,17.2,37.5,0.0,Profitable,2,Low-Value,18.044445378062072,4.625040516780021e-11,0.01,0.0,1.0
221,1955,Graduation,Partner,48726.0,0,1,2013-04-27,90,138,3,38,4,0,59,3,3,2,4,6,0,0,0,0,0,0,3,11,0,60,1,1,27,4,2,2013,242,9,20,428,26.88888888888889,9.0,0.0,Profitable,0,Moderate-Value,27.40420158876332,7.400656332586076e-09,0.01,0.0,1.0
5331,1977,Graduation,Partner,74985.0,0,0,2012-09-11,8,587,51,898,247,0,86,1,3,6,7,2,0,0,0,0,0,0,3,11,0,38,0,0,11,9,3,2012,1869,16,28,656,116.8125,180.0,0.0,Non-profitable,3,High-Value,117.351977019126,1.7672244137458655e-34,0.0,0.0,1.0
1911,1987,Graduation,Partner,67430.0,0,0,2012-09-05,6,595,97,291,127,133,121,1,11,5,12,6,0,0,0,0,0,0,3,11,0,28,0,0,5,9,3,2012,1364,28,28,662,48.71428571428572,420.0,0.0,Non-profitable,0,Moderate-Value,48.91403155206832,7.714147991237088e-60,0.0,0.0,1.0
20,1965,PostGraduation,Partner,46891.0,0,1,2013-09-01,91,43,12,23,29,15,61,1,2,1,4,4,0,0,0,0,0,0,3,11,0,50,1,1,1,9,3,2013,183,7,16,301,26.142857142857142,6.923076923076923,0.0,Profitable,0,Moderate-Value,26.80157956638659,1.9135907594365123e-05,0.2,0.0,1.0
8786,1956,PostGraduation,Partner,62058.0,0,1,2013-05-26,52,301,7,74,10,0,58,4,6,1,7,6,0,0,0,0,0,0,3,11,0,59,1,1,26,5,2,2013,450,14,19,399,32.142857142857146,24.23076923076923,0.0,Non-profitable,0,Moderate-Value,32.49026021685806,1.0159938626405058e-14,0.0,0.0,1.0
10582,1979,Graduation,Partner,72063.0,0,1,2013-07-03,3,180,32,348,76,32,90,2,5,2,12,2,0,0,0,0,0,0,3,11,0,36,1,1,3,7,3,2013,758,19,18,361,39.89473684210526,570.0,0.0,Non-profitable,0,Moderate-Value,40.16866188136786,1.5194140942820648e-39,0.0,0.0,1.0
1915,1951,PhD,Partner,78939.0,0,0,2013-12-12,57,794,115,243,150,0,205,1,8,5,6,3,0,0,0,0,0,0,3,11,0,64,0,0,12,12,4,2013,1507,19,12,199,79.3157894736842,30.0,0.0,Profitable,1,VIP,79.68205423431793,1.9436436211182643e-10,0.03,0.0,1.0
8897,1965,Graduation,Single,42720.0,1,1,2013-04-24,9,392,5,91,28,26,112,8,7,3,7,8,0,0,0,0,0,0,3,11,1,50,1,2,24,4,2,2013,654,17,20,431,38.47058823529412,170.0,0.0,Non-profitable,0,Moderate-Value,38.77309473190591,1.3737400210864856e-30,0.0,0.0,1.0
2371,1972,Graduation,Partner,33622.0,1,1,2013-04-13,22,39,1,22,3,4,12,3,2,0,4,7,0,0,0,0,0,0,3,11,0,43,1,2,13,4,2,2013,81,6,20,442,13.5,24.545454545454543,0.0,Non-profitable,2,Low-Value,14.175070124186291,2.5400949786726756e-11,0.0,0.0,1.0
4303,1957,PhD,Partner,6835.0,0,1,2012-12-08,76,107,2,12,2,2,12,0,0,0,1,20,0,0,0,0,0,0,3,11,0,58,1,1,8,12,4,2012,137,1,25,568,137.0,1.1842105263157894,0.0,Profitable,3,High-Value,146.94563575514832,2.714604337578529e-06,0.27,0.0,1.0
6825,1953,Graduation,Partner,41452.0,1,1,2013-03-06,86,13,0,3,0,0,0,1,1,0,2,7,0,0,0,0,0,0,3,11,0,62,1,2,6,3,1,2013,16,3,22,480,5.333333333333333,3.13953488372093,0.0,Profitable,2,Low-Value,6.570928430252498,2.843922806608371e-06,0.02,0.0,1.0
1072,1965,PhD,Single,40760.0,0,1,2013-08-30,64,70,0,17,0,0,6,2,2,1,3,6,0,0,0,0,0,0,3,11,0,50,1,1,30,8,3,2013,93,6,16,303,15.5,8.4375,0.0,Profitable,2,Low-Value,16.18998097514182,3.6313309895596575e-06,0.09,0.0,1.0
4964,1958,PhD,Partner,74250.0,0,0,2014-01-26,90,680,11,392,75,0,0,1,2,11,4,1,0,0,0,0,0,0,3,11,0,57,0,0,26,1,1,2014,1158,17,11,154,68.11764705882354,17.0,0.01,Profitable,1,VIP,68.49779012460874,0.0015849959186638,5.25,0.0003,0.9997
2461,1955,PostGraduation,Single,51124.0,1,1,2013-12-18,79,26,1,11,0,1,4,2,1,0,3,3,0,0,0,0,0,0,3,11,0,60,1,2,18,12,4,2013,43,4,12,193,10.75,4.556962025316456,0.01,Profitable,2,Low-Value,11.735525311441618,0.0092670356600991,0.3,0.0086,0.9914
10736,1971,Graduation,Single,72258.0,0,1,2013-09-12,28,522,0,522,227,120,134,2,6,9,5,2,0,0,0,0,0,0,3,11,0,44,1,1,12,9,3,2013,1525,20,15,290,76.25,64.28571428571429,0.0,Non-profitable,1,VIP,76.59108934553696,2.6729110966354253e-21,0.0,0.0,1.0
10839,1976,Graduation,Partner,36283.0,1,1,2014-04-14,42,6,5,5,8,0,5,2,1,0,3,4,0,0,0,0,0,0,3,11,0,39,1,2,14,4,2,2014,29,4,8,76,7.25,8.571428571428571,0.21,Profitable,2,Low-Value,8.196237875407576,0.5057053337306155,0.41,0.1896,0.8104
49,1970,Graduation,Single,20587.0,1,0,2014-05-11,39,2,3,6,4,1,9,1,1,1,2,7,0,0,0,0,0,0,3,11,0,45,1,1,11,5,2,2014,25,4,7,49,6.25,9.23076923076923,1.1,Profitable,2,Low-Value,7.185012893683564,3.049182304218311,0.43,0.7438,0.2562
4290,1972,Graduation,Partner,30467.0,1,0,2014-03-19,8,1,3,8,2,5,5,1,1,0,2,7,0,0,0,0,0,0,3,11,0,43,1,1,19,3,1,2014,24,3,9,102,8.0,33.75,0.0,Profitable,2,Low-Value,9.277656037490909,0.0007660882750417,0.26,0.0005,0.9995
10219,1972,Graduation,Partner,31590.0,1,0,2013-06-18,40,6,2,15,6,6,3,1,1,0,3,8,0,0,0,0,0,0,3,11,0,43,1,1,18,6,2,2013,38,4,18,376,9.5,9.0,0.0,Profitable,2,Low-Value,10.471494084286604,4.014045787956745e-07,0.03,0.0,1.0
4211,1986,UnderGraduation,Partner,20425.0,1,0,2012-10-29,5,4,12,5,3,16,17,2,2,0,3,7,0,0,0,0,0,0,3,11,0,29,1,1,29,10,4,2012,57,5,26,608,11.4,90.0,0.0,Non-profitable,2,Low-Value,12.19247812914652,3.843576285898655e-15,0.0,0.0,1.0
1135,1960,PostGraduation,Partner,17144.0,1,1,2014-02-15,96,18,2,19,0,2,6,5,3,0,4,7,0,0,0,0,0,0,3,11,0,55,1,2,15,2,1,2014,47,7,10,134,6.714285714285714,6.5625,0.16,Profitable,2,Low-Value,7.248984573513786,0.4531140490190002,0.5,0.1783,0.8217
6299,1968,PhD,Single,42564.0,0,1,2013-01-02,28,324,48,186,39,18,198,6,6,8,4,7,1,0,0,0,0,0,3,11,1,47,1,1,2,1,1,2013,813,18,24,543,45.16666666666666,57.85714285714286,0.0,Non-profitable,0,Moderate-Value,45.46888409288345,1.736756694256887e-26,0.0,0.0,1.0
10846,1978,PostGraduation,Partner,43783.0,1,0,2014-05-29,22,327,9,125,25,4,139,6,7,1,8,7,1,0,0,0,0,0,3,11,0,37,1,1,29,5,2,2014,629,16,7,31,39.3125,65.45454545454545,5.33,Profitable,0,Moderate-Value,39.63630865332173,2.6916563841766403,10.49,0.1157,0.8843
347,1976,Graduation,Single,40780.0,0,1,2012-09-08,30,229,27,71,13,3,34,4,7,1,5,9,0,0,0,0,0,0,3,11,0,39,1,1,8,9,3,2012,377,13,28,659,29.0,39.0,0.0,Non-profitable,0,Moderate-Value,29.36344675102905,5.3570783398119065e-22,0.0,0.0,1.0
6543,1945,PostGraduation,Partner,62847.0,0,0,2013-01-15,45,521,168,706,80,76,61,1,3,6,4,2,0,0,0,0,0,0,3,11,0,70,0,0,15,1,1,2013,1612,13,23,530,124.0,26.0,0.0,Non-profitable,3,High-Value,124.6890314368592,1.902062524648857e-17,0.0,0.0,1.0
10446,1957,PhD,Partner,82017.0,0,0,2012-11-07,58,184,23,446,30,23,23,1,5,4,7,2,0,1,1,1,0,0,3,11,1,58,0,0,7,11,4,2012,729,16,26,599,45.5625,24.82758620689655,0.0,Non-profitable,0,Moderate-Value,45.903701263467234,4.5411353711206616e-20,0.0,0.0,1.0
3479,1950,Graduation,Single,16813.0,0,0,2013-07-19,49,4,8,11,12,2,13,1,2,0,3,7,1,0,0,0,0,0,3,11,0,65,0,0,19,7,3,2013,50,5,17,345,10.0,9.183673469387756,0.0,Profitable,2,Low-Value,10.779934310442766,5.710218311802572e-07,0.03,0.0,1.0
11075,1978,Graduation,Partner,51267.0,1,1,2013-10-29,37,183,2,64,7,2,12,4,3,3,5,4,0,0,0,0,0,0,3,11,0,37,1,2,29,10,4,2013,270,11,14,243,24.545454545454547,26.75675675675676,0.0,Profitable,2,Low-Value,24.957196687294083,4.065010305627935e-10,0.02,0.0,1.0
4442,1961,Graduation,Single,46524.0,0,1,2013-04-05,70,31,19,35,26,14,52,2,1,1,5,3,0,0,0,0,0,0,3,11,0,54,1,1,5,4,2,2013,177,7,21,450,25.285714285714285,9.0,0.0,Profitable,0,Moderate-Value,25.938965081406906,6.255785257507162e-09,0.01,0.0,1.0
199,1962,PostGraduation,Single,45183.0,0,0,2013-01-20,33,219,3,60,12,9,12,1,4,1,7,7,0,1,0,0,0,0,3,11,0,53,0,0,20,1,1,2013,315,12,23,525,26.25,32.72727272727273,0.0,Non-profitable,0,Moderate-Value,26.633633324682418,5.418560554430081e-18,0.0,0.0,1.0
796,1965,PostGraduation,Single,60161.0,0,1,2012-10-23,17,584,44,212,46,8,177,3,11,4,8,8,0,0,0,0,0,0,3,11,0,50,1,1,23,10,4,2012,1071,23,26,614,46.56521739130435,121.76470588235294,0.0,Non-profitable,0,Moderate-Value,46.80431342456234,2.7481219388493185e-39,0.0,0.0,1.0
3749,1973,Graduation,Partner,73926.0,0,0,2013-03-02,54,627,91,597,159,91,15,1,6,5,12,3,0,0,0,0,0,0,3,11,0,42,0,0,2,3,1,2013,1580,23,22,484,68.69565217391305,38.333333333333336,0.0,Non-profitable,1,VIP,68.97755366735625,1.704430606894722e-24,0.0,0.0,1.0
8523,1968,Graduation,Partner,19329.0,1,0,2013-12-14,39,24,1,16,12,2,5,3,4,0,3,8,0,0,0,0,0,0,3,11,0,47,1,1,14,12,4,2013,60,7,12,197,8.571428571428571,16.153846153846153,0.0,Profitable,2,Low-Value,9.117982624303098,5.827582540066698e-06,0.12,0.0,1.0
310,1970,PostGraduation,Partner,61872.0,0,1,2013-12-13,81,330,5,159,36,27,16,4,4,4,9,4,0,0,0,0,0,0,3,11,0,45,1,1,13,12,4,2013,573,17,12,198,33.705882352941174,18.88888888888889,0.0,Profitable,0,Moderate-Value,33.99591154379295,1.0587722910879685e-06,0.19,0.0,1.0
8629,1956,Graduation,Single,46984.0,1,1,2013-03-26,71,19,1,10,2,1,8,1,1,0,3,5,0,0,0,0,0,0,3,11,0,59,1,2,26,3,1,2013,41,4,21,460,10.25,5.070422535211268,0.0,Profitable,2,Low-Value,11.229912820579612,5.062294055011974e-07,0.03,0.0,1.0
236,1951,Graduation,Partner,34838.0,1,1,2013-01-19,62,28,23,29,29,14,47,3,2,1,4,6,0,0,0,0,0,0,3,11,0,64,1,2,19,1,1,2013,170,7,23,526,24.285714285714285,10.161290322580644,0.0,Non-profitable,2,Low-Value,24.93258151559728,1.88105723136904e-10,0.0,0.0,1.0
9930,1944,PhD,Single,82716.0,0,0,2013-11-05,8,606,148,228,15,148,22,1,6,8,13,2,0,0,0,0,0,0,3,11,0,71,0,0,5,11,4,2013,1167,27,14,236,43.22222222222222,303.75,0.0,Non-profitable,0,Moderate-Value,43.42033166032552,4.4334911381731104e-39,0.0,0.0,1.0
3483,1958,Graduation,Partner,48192.0,0,0,2013-04-06,76,1039,43,204,153,58,29,3,2,8,12,8,0,1,0,1,1,0,3,11,1,57,0,0,6,4,2,2013,1526,22,21,449,69.36363636363636,26.05263157894737,0.0,Non-profitable,1,VIP,69.65972836104244,3.17034892361763e-19,0.0,0.0,1.0
4599,1976,PostGraduation,Partner,49681.0,0,2,2013-11-04,66,411,0,26,0,0,21,6,7,1,7,7,0,0,0,0,0,0,3,11,0,39,1,2,4,11,4,2013,458,15,14,237,30.53333333333333,20.454545454545453,0.0,Profitable,0,Moderate-Value,30.852728943826506,5.0747427652079594e-09,0.02,0.0,1.0
7326,1971,PostGraduation,Partner,56850.0,0,1,2014-03-23,83,34,1,19,2,7,0,1,1,1,3,2,0,0,0,0,0,0,3,11,0,44,1,1,23,3,1,2014,63,5,9,98,12.6,5.421686746987952,1.13,Profitable,2,Low-Value,13.403229973749736,1.6829214332285738,0.8,0.6635,0.3365
7352,1957,Graduation,Partner,55267.0,0,1,2013-10-21,28,161,28,136,32,3,45,4,3,4,6,3,0,0,0,0,0,0,3,11,0,58,1,1,21,10,4,2013,405,13,14,251,31.153846153846157,41.785714285714285,0.0,Non-profitable,0,Moderate-Value,31.52467458196285,1.9855711482842842e-13,0.0,0.0,1.0
2350,1972,Graduation,Partner,59666.0,1,1,2013-03-22,87,623,53,178,23,17,133,7,3,2,8,8,0,1,0,0,0,0,3,11,0,43,1,2,22,3,1,2013,1027,13,21,464,79.0,13.448275862068966,0.0,Non-profitable,1,VIP,79.53480711199228,3.100147439835041e-12,0.0,0.0,1.0
9145,1972,Graduation,Single,72504.0,0,1,2013-04-06,43,604,26,470,123,161,94,2,5,9,6,2,0,0,0,0,0,0,3,11,0,43,1,1,6,4,2,2013,1478,20,21,449,73.9,41.860465116279066,0.0,Non-profitable,1,VIP,74.2358605585573,7.993408613570728e-23,0.0,0.0,1.0
2964,1981,Graduation,Partner,26872.0,0,0,2013-10-16,0,3,10,8,3,16,32,1,1,1,2,6,0,0,0,0,0,0,3,11,0,34,0,0,16,10,4,2013,72,4,14,256,18.0,0.0,0.0,Profitable,2,Low-Value,19.066906428940708,4.739795804936749e-12,0.1,0.0,1.0
5585,1972,Graduation,Single,21359.0,1,0,2013-04-20,1,12,2,17,6,1,10,2,2,0,3,8,0,0,0,0,0,0,3,11,1,43,1,1,20,4,2,2013,48,5,20,435,9.6,450.0,0.0,Non-profitable,2,Low-Value,10.376350362241691,1.9289871273043025e-15,0.0,0.0,1.0
9687,1975,Graduation,Single,73170.0,0,0,2014-05-31,1,184,174,256,50,30,32,1,5,4,6,2,0,0,0,0,0,0,3,11,0,40,0,0,31,5,2,2014,726,15,7,29,48.4,1350.0,0.0,Profitable,0,Moderate-Value,48.77243977116875,2.8537501182029075e-16,10.42,0.0,1.0
3732,1955,PostGraduation,Partner,52750.0,0,1,2013-02-04,72,393,0,239,90,69,69,6,5,7,9,4,0,0,0,0,0,0,3,11,0,60,1,1,4,2,1,2013,860,21,23,510,40.95238095238095,26.25,0.0,Non-profitable,0,Moderate-Value,41.20240359285364,1.1162401458041201e-20,0.0,0.0,1.0
6303,1986,PhD,Partner,91820.0,0,0,2013-11-23,72,410,73,747,76,161,30,0,5,5,12,1,0,0,0,0,0,0,3,11,0,29,0,0,23,11,4,2013,1497,22,13,218,68.04545454545455,27.500000000000004,0.0,Profitable,1,VIP,68.3388807409122,1.0261082207210611e-10,0.01,0.0,1.0
11176,1970,PhD,Partner,65968.0,0,1,2014-05-12,12,376,9,83,19,4,4,2,5,4,7,3,0,0,0,0,0,0,3,11,0,45,1,1,12,5,2,2014,495,16,7,48,30.9375,120.0,0.0,Profitable,0,Moderate-Value,31.23800255572674,1.1498394960777757e-07,5.46,0.0,1.0
2986,1976,Graduation,Partner,30772.0,1,1,2014-03-12,89,7,2,4,2,1,4,1,1,0,2,6,0,0,0,0,0,0,3,11,0,39,1,2,12,3,1,2014,20,3,9,109,6.666666666666667,3.033707865168539,0.36,Profitable,2,Low-Value,7.924292233871704,0.8971389436067294,0.27,0.6128,0.3872
7462,1954,Graduation,Single,22507.0,0,0,2012-11-24,67,68,0,226,51,157,68,3,10,2,4,9,0,0,0,0,0,0,3,11,0,61,0,0,24,11,4,2012,570,16,25,582,35.625,21.492537313432837,0.0,Non-profitable,0,Moderate-Value,35.93854701333588,1.0759498414118289e-18,0.0,0.0,1.0
3900,1972,Graduation,Partner,65685.0,0,1,2014-03-29,54,642,14,49,0,7,57,1,9,2,9,5,0,0,0,0,0,0,3,11,0,43,1,1,29,3,1,2014,769,20,9,92,38.45,33.33333333333333,0.0,Profitable,0,Moderate-Value,38.70698375071524,0.0020487072347837,6.58,0.0002,0.9998
7034,1978,PostGraduation,Partner,25804.0,1,0,2013-09-01,34,8,7,9,13,6,12,2,2,0,3,8,0,0,0,0,0,0,3,11,0,37,1,1,1,9,3,2013,55,5,16,301,11.0,13.23529411764706,0.0,Profitable,2,Low-Value,11.788894180945446,4.0407704033325755e-07,0.05,0.0,1.0
9493,1980,PhD,Single,76412.0,0,0,2013-05-05,15,840,53,804,23,71,17,1,5,4,8,3,0,0,1,1,0,0,3,11,1,35,0,0,5,5,2,2013,1808,17,20,420,106.3529411764706,102.0,0.0,Non-profitable,3,High-Value,106.83321076995962,8.726706128269206e-27,0.0,0.0,1.0
1143,1972,Graduation,Partner,22063.0,1,0,2013-08-08,43,7,10,13,3,11,11,2,2,0,3,7,0,0,0,0,0,0,3,11,0,43,1,1,8,8,3,2013,55,5,17,325,11.0,10.465116279069766,0.0,Profitable,2,Low-Value,11.788894180945446,5.73194994290659e-07,0.04,0.0,1.0
1,1961,Graduation,Single,57091.0,0,0,2014-06-15,0,464,5,64,7,0,37,1,7,3,7,5,0,0,0,0,1,0,3,11,1,54,0,0,15,6,2,2014,577,17,6,14,33.94117647058823,0.0,0.0,Profitable,0,Moderate-Value,34.231821824687415,2.649258119743802e-19,10.37,0.0,1.0
3855,1963,Graduation,Partner,22419.0,0,0,2013-04-18,74,30,3,47,19,21,42,1,3,2,2,8,0,0,0,0,0,0,3,11,0,52,0,0,18,4,2,2013,162,7,20,437,23.142857142857142,8.513513513513514,0.0,Profitable,2,Low-Value,23.7824288689577,1.5458938363482477e-08,0.01,0.0,1.0
5536,1959,Graduation,Partner,87771.0,0,1,2013-05-22,61,1492,38,287,50,57,33,1,5,10,4,6,0,1,1,1,1,0,3,11,1,56,1,1,22,5,2,2013,1957,19,19,403,103.0,28.0327868852459,0.0,Non-profitable,3,High-Value,103.4217425638607,1.2355674896101145e-17,0.0,0.0,1.0
5989,1959,PostGraduation,Single,78353.0,0,1,2013-04-16,51,752,122,476,39,153,34,1,10,2,11,8,0,0,0,0,0,0,3,11,0,56,1,1,16,4,2,2013,1576,23,20,439,68.52173913043478,40.588235294117645,0.0,Non-profitable,1,VIP,68.80330423519283,1.0185474193801284e-23,0.0,0.0,1.0
9499,1954,Graduation,Partner,93404.0,1,2,2013-05-07,97,1279,15,287,20,0,15,3,3,4,7,5,0,1,1,0,0,0,3,11,0,61,1,3,7,5,2,2013,1616,14,20,418,115.42857142857144,12.989690721649485,0.0,Non-profitable,3,High-Value,116.04095864977369,3.759350346247938e-11,0.0,0.0,1.0
6768,1962,Graduation,Single,37859.0,1,2,2013-01-12,75,22,1,8,2,1,2,2,1,0,3,8,0,0,0,0,0,0,3,11,0,53,1,3,12,1,1,2013,36,4,23,533,9.0,4.800000000000001,0.0,Profitable,2,Low-Value,9.965881593424598,9.230675093175173e-08,0.01,0.0,1.0
2150,1958,PhD,Single,80995.0,0,1,2013-05-11,83,860,28,409,73,56,56,1,8,9,4,4,0,0,0,0,0,0,3,11,0,57,1,1,11,5,2,2013,1482,21,20,414,70.57142857142857,22.7710843373494,0.0,Non-profitable,1,VIP,70.8842091787253,1.2844058571427415e-16,0.0,0.0,1.0
6646,1984,Graduation,Partner,16529.0,1,0,2014-03-01,23,3,0,5,13,0,1,1,1,0,3,6,0,0,0,0,0,0,3,11,0,31,1,1,1,3,1,2014,22,4,10,120,5.5,15.652173913043478,0.0,Profitable,2,Low-Value,6.4265941573905545,0.0017031922482665,0.21,0.001,0.999
4887,1976,PhD,Single,55412.0,1,1,2013-11-22,65,10,5,28,11,1,8,1,2,0,3,5,0,0,0,0,0,0,3,11,0,39,1,2,22,11,4,2013,63,5,13,219,12.6,6.923076923076923,0.0,Profitable,2,Low-Value,13.403229973749736,0.0004727313961679,0.26,0.0004,0.9996
8560,1992,Graduation,Single,48789.0,0,0,2012-09-10,94,351,16,156,7,5,145,1,6,4,7,6,0,0,0,0,0,0,3,11,0,23,0,0,10,9,3,2012,680,17,28,657,40.0,16.27659574468085,0.0,Non-profitable,0,Moderate-Value,40.30651155771994,2.0218820657429852e-18,0.0,0.0,1.0
3321,1967,PhD,Partner,56575.0,0,2,2013-05-05,42,421,5,90,0,16,10,3,7,3,7,5,0,0,0,0,0,0,3,11,0,48,1,2,5,5,2,2013,542,17,20,420,31.88235294117647,36.42857142857143,0.0,Non-profitable,0,Moderate-Value,32.16760686686083,2.3412457344673872e-19,0.0,0.0,1.0
11003,1980,PostGraduation,Partner,25130.0,1,0,2013-10-02,10,2,5,7,0,18,18,2,2,0,3,7,0,0,0,0,0,0,3,11,0,35,1,1,2,10,4,2013,50,5,15,270,10.0,45.0,0.0,Profitable,2,Low-Value,10.779934310442766,3.732973106108825e-09,0.04,0.0,1.0
10402,1967,Graduation,Partner,35441.0,1,1,2013-02-14,94,25,1,9,2,1,1,2,1,0,3,8,0,0,0,0,0,0,3,11,0,48,1,2,14,2,1,2013,39,4,22,500,9.75,3.829787234042553,0.0,Profitable,2,Low-Value,10.724300329717607,7.475280571393405e-07,0.03,0.0,1.0
9904,1956,Graduation,Partner,71391.0,0,1,2013-03-29,50,336,123,274,46,123,141,5,6,5,12,3,0,0,0,0,0,0,3,11,0,59,1,1,29,3,1,2013,1043,23,21,457,45.34782608695652,41.4,0.0,Non-profitable,0,Moderate-Value,45.58456739941847,1.7946440639065003e-24,0.0,0.0,1.0
6141,1972,PostGraduation,Single,49494.0,1,0,2013-04-25,46,191,9,97,0,6,82,2,6,1,5,7,0,0,0,0,0,0,3,11,0,43,1,1,25,4,2,2013,385,12,20,430,32.083333333333336,23.47826086956521,0.0,Non-profitable,0,Moderate-Value,32.488630890955456,2.093971366440641e-14,0.0,0.0,1.0
5687,1980,Graduation,Single,81702.0,0,0,2012-09-23,98,563,50,774,28,31,187,1,7,7,12,3,0,0,0,0,0,0,3,11,0,35,0,0,23,9,3,2012,1633,26,27,644,62.80769230769231,23.877551020408166,0.0,Non-profitable,1,VIP,63.04693869330864,7.952193858209967e-25,0.0,0.0,1.0
10856,1980,PostGraduation,Single,45889.0,0,1,2013-07-02,42,31,0,6,0,1,8,1,1,0,3,6,0,0,0,0,0,0,3,11,0,35,1,1,2,7,3,2013,46,4,18,362,11.5,8.571428571428571,0.0,Profitable,2,Low-Value,12.493944047734628,7.754265424722137e-07,0.04,0.0,1.0
5121,1977,Graduation,Single,56628.0,0,1,2014-03-21,30,479,5,82,7,17,171,2,7,6,5,5,1,0,0,0,0,0,3,11,0,38,1,1,21,3,1,2014,761,18,9,100,42.27777777777778,54.0,0.0,Profitable,0,Moderate-Value,42.57285141205862,2.031277629573955e-08,1.18,0.0,1.0
4186,1950,Graduation,Partner,34026.0,1,1,2013-08-05,11,18,6,15,12,8,17,3,2,1,3,5,0,0,0,0,0,0,3,11,0,65,1,2,5,8,3,2013,76,6,17,328,12.666666666666666,49.090909090909086,0.0,Profitable,2,Low-Value,13.335523936288157,3.0722370827139974e-11,0.01,0.0,1.0
368,1974,Graduation,Partner,40049.0,0,1,2012-11-29,61,91,65,52,10,44,28,3,3,2,6,5,0,0,0,0,0,0,3,11,0,41,1,1,29,11,4,2012,290,11,25,577,26.363636363636363,16.229508196721312,0.0,Non-profitable,0,Moderate-Value,26.782747344127333,1.0052134543772388e-14,0.0,0.0,1.0
3312,1988,Graduation,Single,34176.0,1,0,2014-05-12,12,5,7,24,19,14,20,4,3,0,4,6,0,0,0,0,0,0,3,11,0,27,1,1,12,5,2,2014,89,7,7,48,12.714285714285714,52.5,0.0,Profitable,2,Low-Value,13.287285968371563,0.0040850860585732,1.28,0.0006,0.9994
11121,1981,Graduation,Partner,19419.0,1,0,2012-11-10,76,2,14,28,16,3,7,4,4,0,3,9,0,0,0,0,0,0,3,11,0,34,1,1,10,11,4,2012,70,7,26,596,10.0,8.289473684210526,0.0,Non-profitable,2,Low-Value,10.55567343260257,1.0783537501764071e-10,0.0,0.0,1.0
5332,1960,PostGraduation,Partner,82504.0,0,0,2013-07-27,2,362,50,431,134,35,54,1,3,6,7,1,0,0,0,0,0,0,3,11,0,55,0,0,27,7,3,2013,1066,16,17,337,66.625,720.0,0.0,Non-profitable,1,VIP,67.0248143596576,3.6223962131394817e-35,0.0,0.0,1.0
5848,1970,Graduation,Partner,81205.0,0,0,2014-01-13,43,724,74,929,97,55,130,1,5,6,7,2,1,0,1,0,1,0,3,11,1,45,0,0,13,1,1,2014,2009,18,11,167,111.61111111111111,37.674418604651166,0.0,Profitable,3,High-Value,112.07763575185466,1.8561777213369222e-10,0.11,0.0,1.0
10343,1991,PostGraduation,Single,61618.0,0,0,2012-09-29,27,605,91,399,0,45,205,2,3,6,8,3,0,0,0,0,0,0,3,11,0,24,0,0,29,9,3,2012,1345,17,27,638,79.11764705882354,56.66666666666667,0.0,Non-profitable,1,VIP,79.52659575642508,1.830928918265557e-27,0.0,0.0,1.0
5935,1956,PostGraduation,Single,55284.0,0,1,2012-12-24,60,547,7,140,0,7,63,3,7,5,8,5,0,0,0,0,0,0,3,11,0,59,1,1,24,12,4,2012,764,20,24,552,38.2,30.0,0.0,Non-profitable,0,Moderate-Value,38.45642749678123,1.556299227640415e-22,0.0,0.0,1.0
2895,1963,Graduation,Single,49980.0,0,1,2013-10-23,79,104,1,54,13,9,14,2,3,1,5,5,0,0,0,0,0,0,3,11,0,52,1,1,23,10,4,2013,195,9,14,249,21.666666666666668,10.253164556962023,0.0,Profitable,2,Low-Value,22.156087785055785,1.1555481823922798e-05,0.19,0.0,1.0
10262,1980,Graduation,Partner,15072.0,2,0,2013-05-10,96,8,2,15,0,10,18,4,3,1,3,5,0,0,0,0,0,0,3,11,0,35,1,2,10,5,2,2013,53,7,20,415,7.571428571428571,6.5625,0.0,Profitable,2,Low-Value,8.111599058493468,2.935182643695245e-07,0.01,0.0,1.0
7848,1974,Graduation,Single,49166.0,0,1,2013-06-13,17,224,2,25,7,0,110,2,5,3,3,6,0,0,0,0,0,0,3,11,0,41,1,1,13,6,2,2013,368,11,18,381,33.45454545454545,58.235294117647065,0.0,Non-profitable,0,Moderate-Value,33.902394905777015,3.2674373422403776e-17,0.0,0.0,1.0
9477,1954,PhD,Partner,65324.0,0,1,2014-01-11,0,384,0,102,21,32,5,3,6,2,9,4,0,0,0,0,0,0,3,11,0,61,1,1,11,1,1,2014,544,17,11,169,32.0,0.0,0.0,Non-profitable,0,Moderate-Value,32.285562007308066,3.2190130324810884e-40,0.0,0.0,1.0
4856,1957,PostGraduation,Partner,82347.0,0,0,2012-11-06,38,556,54,845,202,133,63,1,7,7,10,3,1,0,0,1,0,0,3,11,0,58,0,0,6,11,4,2012,1853,24,26,600,77.20833333333333,56.84210526315789,0.0,Non-profitable,1,VIP,77.4942453504471,2.9379750001616177e-32,0.0,0.0,1.0
5794,1974,PhD,Partner,46374.0,0,1,2014-03-17,1,408,0,21,0,0,17,3,7,1,7,8,0,1,0,1,0,0,3,11,1,41,1,1,17,3,1,2014,446,15,9,104,29.73333333333333,1350.0,0.0,Profitable,0,Moderate-Value,30.05035383215446,6.471218280783044e-26,0.1,0.0,1.0
1456,1979,Graduation,Single,60474.0,0,1,2013-04-01,25,265,199,303,234,9,170,7,10,2,12,7,0,0,0,0,0,0,3,11,0,36,1,1,1,4,2,2013,1180,24,21,454,49.16666666666666,86.39999999999999,0.0,Non-profitable,0,Moderate-Value,49.400603666654206,1.84524543726492e-32,0.0,0.0,1.0
4877,1973,PostGraduation,Partner,38576.0,0,1,2014-03-04,2,34,0,7,0,0,0,1,1,0,3,7,0,0,0,0,0,0,3,11,0,42,1,1,4,3,1,2014,41,4,10,117,10.25,180.0,0.0,Profitable,2,Low-Value,11.229912820579612,5.317634184056974e-07,0.31,0.0,1.0
425,1985,Graduation,Partner,55357.0,2,0,2013-02-19,66,374,64,116,84,25,64,3,6,2,11,5,0,0,0,0,0,0,3,11,0,30,1,2,19,2,1,2013,727,19,22,495,38.26315789473684,25.90909090909091,0.0,Non-profitable,0,Moderate-Value,38.533261129777145,1.919180631188925e-19,0.0,0.0,1.0
3007,1966,Graduation,Partner,37758.0,1,1,2012-10-04,49,27,2,10,0,0,1,2,1,0,3,8,0,0,0,0,0,0,3,11,0,49,1,2,4,10,4,2012,40,4,27,633,10.0,7.346938775510203,0.0,Non-profitable,2,Low-Value,10.97710657514861,9.267550208830339e-10,0.0,0.0,1.0
1031,1989,PostGraduation,Partner,85710.0,0,0,2013-05-05,5,600,20,350,29,30,33,1,6,9,10,2,0,0,1,0,0,0,3,11,0,26,0,0,5,5,2,2013,1062,25,20,420,42.48,450.0,0.0,Non-profitable,0,Moderate-Value,42.69266581434842,8.795418847056925e-49,0.0,0.0,1.0
4297,1969,Graduation,Partner,23228.0,1,0,2014-01-26,71,13,2,18,6,1,0,2,2,0,3,8,0,0,0,0,0,0,3,11,0,46,1,1,26,1,1,2014,40,5,11,154,8.0,6.338028169014085,0.01,Profitable,2,Low-Value,8.762014569437403,0.0243670216288879,0.34,0.0149,0.9851
807,1969,PostGraduation,Partner,44602.0,1,1,2014-02-15,35,167,2,89,0,0,34,6,6,1,4,8,0,0,0,0,0,0,3,11,0,46,1,2,15,2,1,2014,292,11,10,134,26.545454545454547,28.285714285714285,0.0,Profitable,0,Moderate-Value,26.965302409810658,2.470629712473244e-06,0.71,0.0,1.0
9553,1987,Graduation,Partner,7500.0,0,0,2013-01-09,94,0,2,3,4,1,5,1,0,0,3,6,0,0,0,0,0,0,3,11,0,28,0,0,9,1,1,2013,15,3,24,536,5.0,2.8723404255319145,0.0,Profitable,2,Low-Value,6.232587479347697,1.0579691124821208e-06,0.02,0.0,1.0
4271,1989,PostGraduation,Partner,38683.0,1,0,2012-10-04,80,46,35,69,84,41,66,6,4,1,6,7,0,0,0,0,0,0,3,11,0,26,1,1,4,10,4,2012,341,11,27,633,31.0,12.375000000000002,0.0,Non-profitable,0,Moderate-Value,31.43790151905212,3.2682747902362885e-14,0.0,0.0,1.0
4120,1975,PostGraduation,Single,49514.0,1,0,2013-12-17,61,88,39,78,58,13,93,2,6,1,4,7,0,0,0,0,0,0,3,11,0,40,1,1,17,12,4,2013,369,11,12,194,33.54545454545455,16.229508196721312,0.0,Profitable,0,Moderate-Value,33.99367243861868,4.643797292385801e-06,0.38,0.0,1.0
2036,1973,PhD,Partner,57906.0,0,1,2013-06-11,29,243,11,119,10,3,15,3,4,2,8,4,0,0,0,0,0,0,3,11,0,42,1,1,11,6,2,2013,401,14,18,383,28.642857142857142,43.44827586206897,0.0,Non-profitable,0,Moderate-Value,28.97912451941993,6.6275848231735814e-18,0.0,0.0,1.0
115,1966,PostGraduation,Single,43456.0,0,1,2013-03-26,0,275,11,68,25,7,7,3,5,1,8,5,0,0,0,0,0,0,3,11,0,49,1,1,26,3,1,2013,393,14,21,460,28.071428571428573,0.0,0.0,Non-profitable,0,Moderate-Value,28.405877874940234,4.4391778821007385e-42,0.0,0.0,1.0
4259,1986,PostGraduation,Single,19485.0,2,0,2013-09-24,80,6,0,4,0,0,0,1,1,0,2,7,0,0,0,0,0,0,3,11,0,29,1,2,24,9,3,2013,10,3,15,278,3.333333333333333,3.375,0.0,Profitable,2,Low-Value,4.5408827248236925,0.000686797019829,0.05,0.0012,0.9988
8687,1978,Graduation,Partner,53172.0,0,1,2013-05-06,54,121,62,90,68,20,125,3,2,3,8,3,0,0,0,0,0,0,3,11,0,37,1,1,6,5,2,2013,486,13,20,419,37.38461538461539,21.666666666666664,0.0,Non-profitable,0,Moderate-Value,37.77679795002135,3.93774360338648e-14,0.0,0.0,1.0
2447,1979,Graduation,Partner,30545.0,1,0,2012-10-17,71,4,12,15,19,7,12,2,2,0,3,7,0,0,0,0,0,0,3,11,0,36,1,1,17,10,4,2012,69,5,26,620,13.8,6.338028169014085,0.0,Non-profitable,2,Low-Value,14.613981818352956,1.2843149610585296e-09,0.0,0.0,1.0
10140,1983,PhD,Partner,70123.0,0,0,2013-09-28,27,1308,0,396,23,0,0,1,5,7,4,3,0,1,0,0,1,0,3,11,0,32,0,0,28,9,3,2013,1727,16,15,274,107.9375,53.33333333333333,0.0,Non-profitable,3,High-Value,108.4522795127194,3.632221788525453e-17,0.0,0.0,1.0
9353,1959,Graduation,Single,62450.0,0,1,2014-01-06,61,515,47,267,62,66,38,2,5,5,4,3,0,1,0,0,0,0,3,11,0,56,1,1,6,1,1,2014,995,14,12,174,71.07142857142857,20.65573770491803,0.0,Profitable,1,VIP,71.54268787203732,1.7787095504756833e-06,0.77,0.0,1.0
738,1981,PostGraduation,Single,42395.0,1,1,2014-04-04,35,48,13,57,24,15,25,4,3,1,4,7,0,0,0,0,0,0,3,11,0,34,1,2,4,4,2,2014,182,8,9,86,22.75,20.57142857142857,0.01,Profitable,2,Low-Value,23.30698646462193,0.0113693672099995,1.95,0.0026,0.9974
7631,1978,PostGraduation,Partner,61346.0,1,0,2013-10-06,34,562,58,168,43,16,142,1,5,7,10,3,0,0,0,0,0,0,3,11,0,37,1,1,6,10,4,2013,989,22,15,266,44.95454545454545,58.235294117647065,0.0,Non-profitable,0,Moderate-Value,45.20127415380311,2.4153563245206126e-20,0.0,0.0,1.0
4789,1953,Graduation,Partner,80812.0,0,0,2013-09-17,95,769,22,500,210,143,33,1,4,8,5,2,1,0,1,1,0,0,3,11,0,62,0,0,17,9,3,2013,1677,17,15,285,98.6470588235294,16.105263157894736,0.0,Profitable,3,High-Value,99.10714907066584,5.112182705323333e-09,0.02,0.0,1.0
773,1971,PostGraduation,Single,42835.0,1,1,2013-06-30,64,379,4,93,12,9,98,7,6,6,4,6,0,0,0,0,0,0,3,11,0,44,1,2,30,6,2,2013,595,16,18,364,37.1875,22.5,0.0,Non-profitable,0,Moderate-Value,37.50539516587225,6.23560378925894e-14,0.0,0.0,1.0
10602,1983,Graduation,Partner,39922.0,1,0,2013-02-14,30,29,12,59,19,1,36,2,3,0,4,8,0,0,0,0,0,0,3,11,0,32,1,1,14,2,1,2013,156,7,22,500,22.285714285714285,21.0,0.0,Non-profitable,2,Low-Value,22.919814383978014,2.061666844156509e-12,0.0,0.0,1.0
1446,1956,PostGraduation,Single,86424.0,0,0,2014-04-05,12,387,68,569,89,45,68,1,6,9,12,1,0,0,0,0,0,0,3,11,0,59,0,0,5,4,2,2014,1226,27,9,85,45.407407407407405,202.5,0.0,Profitable,0,Moderate-Value,45.609116303529525,6.164993253851385e-21,0.05,0.0,1.0
3270,1978,PostGraduation,Partner,17117.0,1,0,2013-01-17,96,12,23,38,30,18,7,4,3,1,3,9,0,0,0,0,0,0,3,11,0,37,1,1,17,1,1,2013,128,7,23,528,18.285714285714285,6.5625,0.0,Profitable,2,Low-Value,18.8942801207395,6.0973208274584114e-09,0.01,0.0,1.0
8443,1972,Graduation,Single,24762.0,1,0,2014-02-10,16,6,10,12,3,15,40,3,3,1,2,8,1,0,0,0,0,0,3,11,1,43,1,1,10,2,1,2014,86,6,10,139,14.333333333333334,33.75,0.0,Profitable,2,Low-Value,15.01461631208443,4.033444253643689e-06,0.39,0.0,1.0
9653,1975,Graduation,Partner,35797.0,0,1,2012-10-16,16,27,1,14,4,1,21,2,2,0,3,8,0,0,0,0,0,0,3,11,0,40,1,1,16,10,4,2012,68,5,26,621,13.6,28.125,0.0,Non-profitable,2,Low-Value,14.41218984425242,4.782727866585841e-13,0.0,0.0,1.0
8916,1975,Graduation,Single,36627.0,2,0,2013-07-23,78,9,1,5,0,0,1,1,0,0,3,5,0,0,0,0,0,0,3,11,0,40,1,2,23,7,3,2013,16,3,17,341,5.333333333333333,3.4615384615384617,0.0,Profitable,2,Low-Value,6.570928430252498,8.47213688902244e-05,0.05,0.0002,0.9998
5830,1972,PhD,Single,86857.0,0,0,2012-09-12,96,899,102,838,133,102,40,1,5,6,10,2,0,0,0,0,0,0,3,11,1,43,0,0,12,9,3,2012,2114,21,28,655,100.66666666666669,19.6875,0.0,Non-profitable,3,High-Value,101.04321421131516,2.288328874475706e-21,0.0,0.0,1.0
4597,1970,PhD,Partner,82072.0,0,0,2013-07-02,67,889,55,685,168,92,129,1,3,2,13,1,0,0,0,0,0,0,3,11,0,45,0,0,2,7,3,2013,2018,18,18,362,112.11111111111111,24.17910447761194,0.0,Non-profitable,3,High-Value,112.57887217738202,6.648596361946429e-15,0.0,0.0,1.0
7023,1953,PhD,Single,46231.0,2,1,2012-11-26,87,189,2,55,0,5,12,4,6,1,4,9,0,0,0,0,0,0,3,11,0,62,1,3,26,11,4,2012,263,11,25,580,23.90909090909091,11.379310344827587,0.0,Non-profitable,2,Low-Value,24.318253957402444,6.171333842145776e-13,0.0,0.0,1.0
8086,1959,Graduation,Partner,42243.0,1,1,2013-12-11,34,48,0,2,0,0,5,2,2,0,3,7,0,0,0,0,0,0,3,11,0,56,1,2,11,12,4,2013,55,5,12,200,11.0,13.23529411764706,0.0,Profitable,2,Low-Value,11.788894180945446,3.2567507526079304e-05,0.19,0.0,1.0
8825,1962,Graduation,Partner,51195.0,1,1,2013-04-01,46,230,14,156,82,24,58,8,9,2,5,8,0,0,0,0,0,0,3,11,0,53,1,2,1,4,2,2013,564,16,21,454,35.25,31.30434782608696,0.0,Non-profitable,0,Moderate-Value,35.56250345672714,1.3159478387800133e-18,0.0,0.0,1.0
2930,1978,PostGraduation,Single,68092.0,0,0,2013-12-16,7,852,60,207,78,36,48,2,2,6,10,5,0,0,0,0,0,0,3,11,0,37,0,0,16,12,4,2013,1281,18,12,195,71.16666666666667,231.42857142857144,0.0,Non-profitable,1,VIP,71.53317822030697,1.5588598322751738e-25,0.0,0.0,1.0
1928,1973,Graduation,Partner,31814.0,1,0,2013-02-09,73,35,3,20,4,1,20,2,2,0,3,9,1,0,0,0,0,0,3,11,0,42,1,1,9,2,1,2013,83,5,23,505,16.6,6.164383561643835,0.0,Profitable,2,Low-Value,17.439069455760468,3.5543534671695e-08,0.02,0.0,1.0
7108,1965,PostGraduation,Single,51390.0,1,1,2012-09-08,54,205,20,47,23,2,56,6,5,2,5,5,0,0,0,0,0,0,3,11,0,50,1,2,8,9,3,2012,353,12,28,659,29.416666666666668,20.0,0.0,Non-profitable,0,Moderate-Value,29.812060574944923,1.2668065053360548e-17,0.0,0.0,1.0
10925,1983,Graduation,Partner,76630.0,0,0,2014-01-14,93,255,31,446,40,56,175,1,3,10,11,1,0,0,0,0,0,0,3,11,0,32,0,0,14,1,1,2014,1003,24,11,166,41.79166666666666,23.225806451612904,0.0,Profitable,0,Moderate-Value,42.011934159921154,1.996906059662785e-05,0.95,0.0,1.0
9960,1991,UnderGraduation,Single,26868.0,1,0,2014-04-30,52,0,0,1,8,3,2,1,1,0,2,7,0,0,0,0,0,0,3,11,0,24,1,1,30,4,2,2014,14,3,8,60,4.666666666666667,5.1923076923076925,0.64,Profitable,2,Low-Value,5.894246528442896,2.18478061303503,0.25,0.8321,0.1679
8800,1943,PhD,Single,48948.0,0,0,2013-02-01,53,437,8,206,160,49,42,2,7,10,5,6,1,0,0,0,0,0,3,11,1,72,0,0,1,2,1,2013,902,22,23,513,41.0,37.35849056603774,0.0,Non-profitable,0,Moderate-Value,41.23873129341239,1.4614545986242371e-24,0.0,0.0,1.0
9224,1972,PhD,Single,55260.0,0,1,2012-12-12,81,825,8,53,11,0,242,2,8,10,5,6,0,0,0,0,0,0,3,11,0,43,1,1,12,12,4,2012,1139,23,25,564,49.52173913043478,25.555555555555557,0.0,Non-profitable,0,Moderate-Value,49.7665537713403,1.6054212599328518e-22,0.0,0.0,1.0
5519,1956,Graduation,Partner,64090.0,0,1,2013-08-07,8,316,58,161,76,51,135,1,6,9,4,5,0,0,0,0,0,0,3,11,1,59,1,1,7,8,3,2013,797,19,17,326,41.94736842105263,213.75,0.0,Non-profitable,0,Moderate-Value,42.2261015365949,1.940668416980558e-31,0.0,0.0,1.0
5046,1958,Graduation,Single,78331.0,0,1,2014-01-23,97,756,138,354,160,169,61,2,10,6,7,4,0,0,0,0,0,0,3,11,0,57,1,1,23,1,1,2014,1638,23,11,157,71.21739130434783,21.34020618556701,0.0,Profitable,1,VIP,71.50417043372569,0.0004144184987891,4.65,0.0001,0.9999
7037,1974,PhD,Partner,37087.0,1,0,2013-08-11,50,194,55,134,15,0,3,3,4,2,8,6,0,0,0,0,0,0,3,11,0,41,1,1,11,8,3,2013,401,14,16,322,28.642857142857142,25.200000000000003,0.0,Non-profitable,0,Moderate-Value,28.97912451941993,5.75803349952149e-13,0.0,0.0,1.0
905,1986,Graduation,Single,21846.0,1,0,2013-10-22,38,7,17,18,6,10,26,4,4,0,3,8,0,0,0,0,0,0,3,11,0,29,1,1,22,10,4,2013,84,7,14,250,12.0,16.57894736842105,0.0,Profitable,2,Low-Value,12.568440564221827,2.5523097052915817e-07,0.05,0.0,1.0
8624,1958,Graduation,Partner,81320.0,0,0,2013-02-06,61,183,33,493,59,103,57,1,4,3,10,2,0,0,0,0,0,0,3,11,0,57,0,0,6,2,1,2013,928,17,23,508,54.588235294117645,25.08196721311475,0.0,Non-profitable,1,VIP,54.93294897317689,1.0748774207069834e-18,0.0,0.0,1.0
8945,1970,Graduation,Single,54137.0,0,1,2013-08-16,46,171,0,11,0,1,20,2,4,1,4,6,0,0,0,0,0,0,3,11,0,45,1,1,16,8,3,2013,203,9,16,317,22.55555555555556,17.608695652173914,0.0,Profitable,2,Low-Value,23.0493837516443,1.5225466111203976e-09,0.01,0.0,1.0
6445,1967,Graduation,Partner,66825.0,0,0,2013-07-14,73,243,101,405,29,40,40,1,4,5,6,2,0,0,0,0,0,0,3,11,0,48,0,0,14,7,3,2013,858,15,17,350,57.2,18.493150684931507,0.0,Non-profitable,1,VIP,57.5985659995612,5.94511004166781e-12,0.0,0.0,1.0
2727,1973,Graduation,Partner,57100.0,0,0,2013-12-04,19,181,21,69,39,3,96,1,3,3,6,3,0,0,0,0,0,0,3,11,0,42,0,0,4,12,4,2013,409,12,13,207,34.083333333333336,56.84210526315789,0.0,Profitable,0,Moderate-Value,34.49605862796336,4.599161467551792e-13,0.01,0.0,1.0
6404,1969,Graduation,Partner,58917.0,1,2,2013-03-24,10,151,7,89,0,7,28,5,4,1,6,5,0,0,0,0,0,0,3,11,0,46,1,3,24,3,1,2013,282,11,21,462,25.63636363636364,99.0,0.0,Non-profitable,0,Moderate-Value,26.052527081394032,3.312146418773898e-21,0.0,0.0,1.0
10150,1961,Graduation,Single,86429.0,0,0,2013-11-21,10,464,28,873,29,18,37,0,7,4,7,2,0,0,0,1,0,0,3,11,1,54,0,0,21,11,4,2013,1449,18,13,220,80.5,162.0,0.0,Non-profitable,1,VIP,80.88959149681797,3.330047182312036e-24,0.0,0.0,1.0
1968,1971,Graduation,Single,45684.0,1,0,2013-12-02,37,5,1,5,10,0,7,1,1,0,2,7,0,0,0,0,0,0,3,11,0,44,1,1,2,12,4,2013,28,3,13,209,9.333333333333334,7.297297297297297,0.0,Profitable,2,Low-Value,10.631019841110112,0.0004186920892234,0.15,0.0005,0.9995
6534,1974,Graduation,Partner,47889.0,1,0,2014-01-04,94,29,0,29,0,5,4,1,2,0,3,5,0,0,0,0,0,0,3,11,0,41,1,1,4,1,1,2014,67,5,12,176,13.4,4.787234042553192,0.03,Profitable,2,Low-Value,14.210397870151883,0.0400507702324518,0.53,0.0279,0.9721
9485,1986,PhD,Partner,45921.0,0,0,2014-03-10,23,102,9,49,24,3,12,1,2,1,6,4,0,0,0,0,0,0,3,11,0,29,0,0,10,3,1,2014,199,9,9,111,22.11111111111111,35.21739130434783,0.0,Profitable,2,Low-Value,22.60273576835004,6.062116253614861e-06,0.99,0.0,1.0
7053,1966,PhD,Single,78420.0,0,0,2013-06-29,75,604,28,674,91,28,28,1,3,10,8,1,0,0,0,0,0,0,3,11,0,49,0,0,29,6,2,2013,1453,21,18,365,69.19047619047619,25.200000000000003,0.0,Non-profitable,1,VIP,69.50033078324255,5.324613926048895e-16,0.0,0.0,1.0
4654,1992,Graduation,Partner,75114.0,0,0,2013-11-07,40,571,12,523,63,60,24,1,3,10,5,2,0,0,0,0,0,0,3,11,0,23,0,0,7,11,4,2013,1253,18,14,234,69.61111111111111,40.5,0.0,Non-profitable,1,VIP,69.97377600755513,2.211148503972292e-14,0.0,0.0,1.0
9760,1963,PhD,Single,52278.0,0,1,2013-01-25,24,953,0,71,0,0,174,6,10,5,10,8,0,0,0,0,0,0,3,11,1,52,1,1,25,1,1,2013,1198,25,23,520,47.92,93.75,0.0,Non-profitable,0,Moderate-Value,48.14234477566336,3.972327606009434e-36,0.0,0.0,1.0
1048,1972,PostGraduation,Partner,35641.0,1,0,2013-07-14,11,63,3,67,8,9,28,2,3,1,4,7,0,0,0,0,0,0,3,11,1,43,1,1,14,7,3,2013,178,8,17,350,22.25,65.45454545454545,0.0,Non-profitable,2,Low-Value,22.804195881314243,2.541383581258985e-14,0.0,0.0,1.0
10619,1994,Graduation,Single,95529.0,0,0,2012-12-03,29,770,29,890,250,27,24,1,7,3,7,3,0,0,1,0,0,0,3,11,1,21,0,0,3,12,4,2012,1990,17,25,573,117.05882352941175,52.75862068965517,0.0,Non-profitable,3,High-Value,117.56712855065788,1.218011203858665e-25,0.0,0.0,1.0
9308,1954,Graduation,Partner,62820.0,0,0,2013-05-11,51,398,61,265,138,61,53,1,3,4,6,1,0,0,0,0,0,0,3,11,0,61,0,0,11,5,2,2013,976,13,20,414,75.07692307692308,22.941176470588232,0.0,Non-profitable,1,VIP,75.59828499136286,2.3599440041578137e-14,0.0,0.0,1.0
10505,1960,PostGraduation,Partner,73113.0,0,0,2013-12-26,86,741,19,154,50,9,28,1,3,4,7,2,0,0,0,0,0,0,3,11,0,55,0,0,26,12,4,2013,1001,14,12,185,71.5,14.651162790697676,0.0,Profitable,1,VIP,71.97262285539709,9.333769804215405e-05,1.9,0.0,1.0
8362,1982,PhD,Partner,84169.0,0,0,2013-08-07,9,1478,19,403,0,19,0,1,7,6,6,3,0,1,1,0,0,0,3,11,1,33,0,0,7,8,3,2013,1919,19,17,326,101.0,190.0,0.0,Non-profitable,3,High-Value,101.4170577715882,1.494020646725527e-30,0.0,0.0,1.0
2625,1954,PostGraduation,Single,42607.0,0,1,2013-11-17,30,156,29,56,30,32,47,2,3,2,7,3,0,0,0,0,0,0,3,11,0,61,1,1,17,11,4,2013,350,12,13,224,29.166666666666668,36.0,0.0,Profitable,0,Moderate-Value,29.56113210781893,2.4965738079434284e-11,0.01,0.0,1.0
4637,1954,PhD,Single,74637.0,0,0,2013-05-18,73,960,64,464,146,0,16,1,6,9,9,3,0,0,0,1,0,0,3,11,0,61,0,0,18,5,2,2013,1650,24,19,407,68.75,29.58904109589041,0.0,Non-profitable,1,VIP,69.02023456023915,9.758340070575972e-20,0.0,0.0,1.0
9972,1955,PhD,Partner,46015.0,1,1,2014-04-13,25,38,0,2,0,0,6,1,1,0,3,7,1,0,0,0,1,0,3,11,0,60,1,2,13,4,2,2014,46,4,8,77,11.5,14.4,0.04,Profitable,2,Low-Value,12.493944047734628,0.0581430292262187,0.59,0.0221,0.9779
4483,1993,Graduation,Single,72354.0,0,0,2013-04-17,67,315,26,473,220,12,182,1,2,10,6,1,0,0,0,0,0,0,3,11,0,22,0,0,17,4,2,2013,1228,18,20,438,68.22222222222223,24.17910447761194,0.0,Non-profitable,1,VIP,68.58145260331243,4.6441134778037044e-17,0.0,0.0,1.0
4487,1969,PostGraduation,Single,39858.0,1,0,2013-01-24,67,15,20,25,2,7,26,1,2,0,4,6,0,0,0,0,0,0,3,11,1,46,1,1,24,1,1,2013,95,6,23,521,15.833333333333334,8.059701492537313,0.0,Profitable,2,Low-Value,16.525799450301076,2.380558905727948e-09,0.01,0.0,1.0
5871,1979,PostGraduation,Partner,24401.0,0,0,2012-08-31,98,73,28,217,10,24,115,3,6,1,6,8,0,0,0,0,0,0,3,11,0,36,0,0,31,8,3,2012,467,13,28,667,35.92307692307692,11.938775510204083,0.0,Non-profitable,0,Moderate-Value,36.31025049331626,3.5633638414907425e-15,0.0,0.0,1.0
2008,1978,Graduation,Partner,77583.0,0,0,2014-02-10,93,372,23,384,250,12,108,1,4,5,9,2,0,0,0,1,0,0,3,11,0,37,0,0,10,2,1,2014,1149,18,10,139,63.833333333333336,17.419354838709676,0.06,Profitable,1,VIP,64.18171064590545,0.0185072597425199,8.41,0.0031,0.9969
3139,1982,PostGraduation,Single,74116.0,0,0,2013-12-30,53,871,111,704,145,55,166,1,4,4,10,2,0,1,0,0,0,0,3,11,0,33,0,0,30,12,4,2013,2052,18,12,181,114.0,30.56603773584905,0.0,Profitable,3,High-Value,114.47243200715212,1.3746763299042746e-09,0.12,0.0,1.0
10673,1976,PhD,Partner,68397.0,0,1,2013-11-17,6,760,80,466,17,13,80,1,6,9,5,3,0,0,0,0,0,0,3,11,0,39,1,1,17,11,4,2013,1416,20,13,224,70.8,300.0,0.0,Non-profitable,1,VIP,71.12896300977562,5.8988047783061255e-31,0.0,0.0,1.0
5303,1974,PhD,Partner,79632.0,0,0,2014-04-08,42,471,0,510,99,21,12,1,6,4,9,2,0,0,0,0,0,0,3,11,0,41,0,0,8,4,2,2014,1113,19,8,82,58.578947368421055,40.71428571428572,0.0,Profitable,1,VIP,58.896638230229385,0.0003135753811339,9.25,0.0,1.0
538,1989,Graduation,Single,46107.0,1,0,2014-02-10,78,31,9,27,16,9,33,1,1,1,4,3,0,0,0,0,0,0,3,11,0,26,1,1,10,2,1,2014,125,6,10,139,20.83333333333333,6.923076923076923,0.09,Profitable,2,Low-Value,21.56307657768989,0.0827830506736194,1.14,0.0389,0.9611
7922,1951,PhD,Single,64950.0,0,1,2012-08-12,29,819,0,72,12,0,63,2,11,2,10,7,0,1,0,0,0,0,3,11,0,64,1,1,12,8,3,2012,966,23,29,686,42.0,71.37931034482759,0.0,Non-profitable,0,Moderate-Value,42.23026583027283,8.914597333093116e-36,0.0,0.0,1.0
5692,1989,UnderGraduation,Partner,25443.0,1,0,2012-12-22,82,1,4,3,8,9,7,1,1,0,3,8,0,0,0,0,0,0,3,11,0,26,1,1,22,12,4,2012,32,4,24,554,8.0,4.390243902439025,0.0,Profitable,2,Low-Value,8.954656611700585,8.543193242803486e-08,0.01,0.0,1.0
1628,1971,Graduation,Partner,71796.0,0,0,2013-10-24,54,354,21,311,167,75,32,1,9,3,4,4,0,0,0,0,0,0,3,11,0,44,0,0,24,10,4,2013,960,16,14,248,60.0,26.666666666666664,0.0,Profitable,1,VIP,60.38137819290336,2.181589215032057e-11,0.01,0.0,1.0
1204,1970,PhD,Partner,67536.0,0,1,2013-05-22,45,1253,0,447,23,71,35,3,11,5,11,8,0,0,0,1,0,0,3,11,0,45,1,1,22,5,2,2013,1829,27,19,403,67.74074074074075,54.0,0.0,Non-profitable,1,VIP,67.97923731797047,1.8459070919691023e-27,0.0,0.0,1.0
3673,1971,Graduation,Single,55239.0,0,1,2013-07-14,59,371,17,238,23,24,106,3,7,5,11,5,0,0,0,0,0,0,3,11,0,44,1,1,14,7,3,2013,779,23,17,350,33.869565217391305,35.08474576271187,0.0,Non-profitable,0,Moderate-Value,34.08410487663341,3.3854183756027282e-19,0.0,0.0,1.0
760,1975,PhD,Single,60554.0,1,0,2013-08-09,8,588,7,76,110,15,15,2,8,4,9,6,0,0,0,0,0,0,3,11,0,40,1,1,9,8,3,2013,811,21,17,324,38.61904761904762,236.25,0.0,Non-profitable,0,Moderate-Value,38.8641263039345,1.989924687069416e-34,0.0,0.0,1.0
8957,1952,PostGraduation,Single,64831.0,1,1,2013-06-10,51,480,86,249,75,86,144,8,6,3,5,6,0,0,0,0,0,0,3,11,0,63,1,2,10,6,2,2013,1120,14,19,384,80.0,24.705882352941178,0.0,Non-profitable,1,VIP,80.49966669203256,1.7813228492213982e-14,0.0,0.0,1.0
4128,1962,PhD,Partner,56067.0,0,1,2013-07-20,51,517,12,54,16,6,120,2,7,4,7,5,0,0,0,0,0,0,3,11,0,53,1,1,20,7,3,2013,725,18,17,344,40.27777777777778,31.764705882352946,0.0,Non-profitable,0,Moderate-Value,40.56790570994912,1.5617502713128263e-16,0.0,0.0,1.0
6810,1983,Graduation,Single,82025.0,0,0,2013-05-28,76,267,98,606,48,70,98,1,3,2,6,1,0,0,1,0,0,0,3,11,1,32,0,0,28,5,2,2013,1187,11,19,397,107.9090909090909,13.026315789473683,0.0,Profitable,3,High-Value,108.65869430309864,2.61845910859051e-10,0.01,0.0,1.0
5386,1953,Graduation,Partner,94384.0,0,0,2013-03-04,62,1111,24,790,160,45,172,0,5,8,5,2,0,1,1,1,0,0,3,11,1,62,0,0,4,3,1,2013,2302,18,22,482,127.88888888888889,26.12903225806452,0.0,Non-profitable,3,High-Value,128.3956660495792,8.317169851421057e-19,0.0,0.0,1.0
8700,1986,UnderGraduation,Single,14906.0,0,0,2012-12-22,86,7,7,14,7,16,15,3,2,1,3,7,0,0,0,0,0,0,3,11,0,29,0,0,22,12,4,2012,66,6,24,554,11.0,6.27906976744186,0.0,Non-profitable,2,Low-Value,11.656431560491884,5.237566633474436e-09,0.0,0.0,1.0
3202,1987,PhD,Partner,51563.0,0,0,2012-10-01,60,1166,0,48,0,0,36,1,4,4,10,8,0,1,1,0,0,0,3,11,0,28,0,0,1,10,4,2012,1250,18,27,636,69.44444444444444,27.0,0.0,Non-profitable,1,VIP,69.806697199046,1.7837830606282044e-22,0.0,0.0,1.0
1328,1982,PostGraduation,Partner,57937.0,0,1,2014-02-16,56,261,42,144,55,48,133,3,4,4,9,3,0,0,0,0,0,0,3,11,0,33,1,1,16,2,1,2014,683,17,10,133,40.1764705882353,27.32142857142857,0.0,Profitable,0,Moderate-Value,40.4834442683908,7.440402294668049e-06,1.3,0.0,1.0
8405,1979,Graduation,Single,68274.0,1,1,2013-09-30,83,135,25,51,23,25,46,2,4,2,5,3,0,0,0,0,0,0,3,11,0,36,1,2,30,9,3,2013,305,11,15,272,27.727272727272727,11.927710843373497,0.0,Profitable,0,Moderate-Value,28.15191033675227,6.910104056274609e-07,0.08,0.0,1.0
6515,1977,Graduation,Partner,39771.0,1,0,2013-12-06,92,6,2,18,2,8,14,1,2,0,3,4,0,0,0,0,0,0,3,11,0,38,1,1,6,12,4,2013,50,5,13,205,10.0,4.891304347826087,0.0,Profitable,2,Low-Value,10.779934310442766,0.0079012057019389,0.31,0.0064,0.9936
2882,1975,PostGraduation,Single,67893.0,0,1,2012-10-01,31,711,28,142,49,18,47,2,3,2,9,8,0,0,0,0,0,0,3,11,0,40,1,1,1,10,4,2012,995,14,27,636,71.07142857142857,40.64516129032258,0.0,Non-profitable,1,VIP,71.54268787203732,1.122889323727944e-22,0.0,0.0,1.0
6387,1976,PhD,Partner,52190.0,1,1,2014-05-08,39,42,0,17,0,0,18,3,2,1,3,5,1,0,0,0,0,0,3,11,0,39,1,2,8,5,2,2014,77,6,7,52,12.833333333333334,13.846153846153848,2.13,Profitable,2,Low-Value,13.503433173867784,3.148874305506529,1.19,0.566,0.434
5320,1973,PostGraduation,Single,44051.0,1,1,2013-01-29,20,79,7,58,6,3,18,4,3,1,4,6,0,0,0,0,0,0,3,11,1,42,1,2,29,1,1,2013,171,8,23,516,21.375,36.0,0.0,Non-profitable,2,Low-Value,21.92431236052579,3.837480300862065e-15,0.0,0.0,1.0
5048,1971,PhD,Single,42767.0,2,0,2013-05-11,53,20,6,43,19,5,38,1,3,1,2,8,0,0,0,0,0,0,3,11,0,44,1,2,11,5,2,2013,131,6,20,414,21.83333333333333,10.18867924528302,0.0,Profitable,2,Low-Value,22.57053200316766,1.545219622870777e-08,0.02,0.0,1.0
10031,1976,PhD,Partner,16927.0,1,1,2013-02-10,50,20,2,23,3,1,4,5,3,0,4,8,0,0,0,0,0,0,3,11,0,39,1,2,10,2,1,2013,53,7,23,504,7.571428571428571,12.6,0.0,Non-profitable,2,Low-Value,8.111599058493468,7.422570023883506e-11,0.0,0.0,1.0
5748,1965,Graduation,Partner,59754.0,0,1,2012-12-01,96,115,27,44,4,146,139,3,5,2,6,5,0,0,0,0,0,0,3,11,1,50,1,1,1,12,4,2012,475,13,25,575,36.53846153846154,12.1875,0.0,Non-profitable,0,Moderate-Value,36.92774415929736,9.555396099810088e-14,0.0,0.0,1.0
2134,1952,Graduation,Single,53700.0,0,1,2012-08-17,94,263,5,233,69,41,83,4,5,5,8,5,0,0,0,0,0,0,3,11,0,63,1,1,17,8,3,2012,694,18,28,681,38.55555555555556,17.23404255319149,0.0,Non-profitable,0,Moderate-Value,38.84142468868816,1.1136309391405377e-19,0.0,0.0,1.0
1523,1973,Graduation,Partner,59041.0,1,1,2014-05-07,25,69,2,15,2,2,6,2,2,0,4,5,0,0,0,0,0,0,3,11,0,42,1,2,7,5,2,2014,96,6,7,53,16.0,21.6,0.27,Profitable,2,Low-Value,16.693708687880704,0.3246630915778278,1.41,0.0595,0.9405
9665,1957,PhD,Single,54237.0,0,1,2013-04-27,48,267,3,30,4,0,57,4,5,2,5,6,0,0,0,0,0,0,3,11,0,58,1,1,27,4,2,2013,361,12,20,428,30.08333333333333,22.5,0.0,Non-profitable,0,Moderate-Value,30.481203153947558,3.8938448226673815e-14,0.0,0.0,1.0
4640,1967,Graduation,Single,70647.0,0,1,2012-09-21,65,561,85,171,25,123,114,2,4,7,13,2,0,0,0,0,0,0,3,11,0,48,1,1,21,9,3,2012,1079,24,27,646,44.958333333333336,33.23076923076923,0.0,Non-profitable,0,Moderate-Value,45.18447021930936,9.54933238910422e-28,0.0,0.0,1.0
3547,1969,PostGraduation,Partner,41021.0,1,0,2012-12-30,12,14,7,9,6,16,12,2,2,0,3,6,0,0,0,0,0,0,3,11,1,46,1,1,30,12,4,2012,64,5,24,546,12.8,37.5,0.0,Non-profitable,2,Low-Value,13.605021947850274,9.385689037427613e-13,0.0,0.0,1.0
2456,1975,PhD,Partner,40233.0,0,1,2013-10-14,84,80,4,46,0,17,2,5,2,1,5,6,0,0,0,0,0,0,3,11,0,40,1,1,14,10,4,2013,149,8,14,258,18.625,8.571428571428571,0.0,Profitable,2,Low-Value,19.1589641523335,3.1416041107831635e-05,0.21,0.0,1.0
7801,1959,Graduation,Partner,54753.0,0,1,2013-09-12,87,197,107,227,7,59,131,3,5,2,11,4,0,0,0,0,0,0,3,11,0,56,1,1,12,9,3,2013,728,18,15,290,40.44444444444444,18.620689655172413,0.0,Non-profitable,0,Moderate-Value,40.73498451845824,2.3142250487788486e-10,0.0,0.0,1.0
10489,1973,Graduation,Partner,92955.0,0,0,2013-08-19,35,693,21,925,31,24,84,1,6,7,9,2,0,0,1,1,0,0,3,11,1,42,0,0,19,8,3,2013,1778,22,16,314,80.81818181818181,56.57142857142857,0.0,Non-profitable,1,VIP,81.13743871527765,4.107809438533757e-22,0.0,0.0,1.0
7011,1973,Graduation,Partner,33471.0,1,0,2012-10-12,47,43,2,27,0,9,12,3,3,0,4,7,0,0,0,0,0,0,3,11,0,42,1,1,12,10,4,2012,93,7,27,625,13.285714285714286,13.404255319148936,0.0,Non-profitable,2,Low-Value,13.862362291691351,1.108366105069428e-12,0.0,0.0,1.0
2620,1974,PhD,Partner,34596.0,1,0,2013-04-13,48,14,0,2,0,0,7,1,1,0,2,8,0,0,0,0,0,0,3,11,1,41,1,1,13,4,2,2013,23,3,20,442,7.666666666666667,5.625,0.0,Profitable,2,Low-Value,8.939315086586108,7.20017489692591e-07,0.03,0.0,1.0
3933,1980,Graduation,Partner,44010.0,1,0,2012-10-13,46,186,36,234,86,72,48,6,10,2,6,9,0,0,0,0,0,0,3,11,0,35,1,1,13,10,4,2012,662,18,27,624,36.77777777777778,35.21739130434783,0.0,Non-profitable,0,Moderate-Value,37.05925073125749,2.3762328336301e-24,0.0,0.0,1.0
10981,1988,Graduation,Partner,84219.0,0,0,2014-02-02,27,434,137,400,45,137,45,1,3,4,10,1,0,0,0,0,0,0,3,11,0,27,0,0,2,2,1,2014,1198,17,11,147,70.47058823529412,56.66666666666667,0.0,Profitable,1,VIP,70.85689293355341,3.6608618351309746e-12,0.08,0.0,1.0
1734,1968,PhD,Partner,40706.0,2,1,2013-01-17,37,59,0,11,4,2,5,4,3,0,4,7,0,0,0,0,0,0,3,11,0,47,1,3,17,1,1,2013,81,7,23,528,11.571428571428571,17.027027027027028,0.0,Non-profitable,2,Low-Value,12.137133321731987,3.703796230076382e-12,0.0,0.0,1.0
10995,1988,PostGraduation,Partner,15716.0,1,0,2012-11-12,8,16,5,30,8,7,26,3,3,0,4,8,0,0,0,0,0,1,3,11,0,27,1,1,12,11,4,2012,92,7,26,594,13.142857142857142,78.75,0.0,Non-profitable,2,Low-Value,13.718593210861403,1.6958814504336522e-17,0.0,0.0,1.0
6357,1959,PostGraduation,Single,59052.0,0,1,2013-11-17,29,230,35,75,63,57,31,3,7,1,7,5,0,0,0,0,0,0,3,11,0,56,1,1,17,11,4,2013,491,15,13,224,32.733333333333334,46.55172413793104,0.0,Non-profitable,0,Moderate-Value,33.059260500924616,5.942114929300643e-14,0.0,0.0,1.0
9209,1971,PostGraduation,Partner,80573.0,0,0,2012-10-14,85,829,138,430,60,92,15,1,4,6,13,2,0,0,0,0,0,0,3,11,0,44,0,0,14,10,4,2012,1564,23,26,623,68.0,24.352941176470587,0.0,Non-profitable,1,VIP,68.2805559387026,1.766330940699405e-23,0.0,0.0,1.0
10286,1962,Graduation,Partner,83715.0,0,0,2014-02-03,2,318,8,407,150,35,8,1,2,8,13,0,0,0,0,0,0,0,3,11,0,53,0,0,3,2,1,2014,926,23,11,146,40.26086956521739,1035.0,0.0,Non-profitable,0,Moderate-Value,40.48777150863873,3.085888141519266e-39,0.0,0.0,1.0
2611,1959,PostGraduation,Partner,82576.0,0,0,2012-08-01,66,1206,55,445,168,18,18,1,2,4,12,1,0,0,1,0,0,0,3,11,0,56,0,0,1,8,3,2012,1910,18,29,697,106.11111111111111,24.545454545454543,0.0,Non-profitable,3,High-Value,106.56403507105352,6.870730345222187e-23,0.0,0.0,1.0
1600,1965,PostGraduation,Partner,56962.0,2,1,2013-10-11,60,292,3,77,10,3,26,7,6,3,5,7,0,0,0,0,0,0,3,11,0,50,1,3,11,10,4,2013,411,14,14,261,29.357142857142858,21.0,0.0,Profitable,0,Moderate-Value,29.69568282501955,5.84859228844918e-10,0.01,0.0,1.0
3308,1952,Graduation,Partner,35704.0,1,1,2014-01-03,54,30,9,12,2,11,30,3,2,0,4,4,0,0,0,0,0,0,3,11,0,63,1,2,3,1,1,2014,94,6,12,177,15.666666666666666,10.0,0.0,Profitable,2,Low-Value,16.357890212721447,0.0005672214878775,0.46,0.0003,0.9997
5407,1954,Graduation,Partner,53103.0,0,1,2013-09-12,70,729,17,133,11,0,195,5,10,6,7,7,1,0,0,0,0,0,3,11,0,61,1,1,12,9,3,2013,1085,23,15,290,47.17391304347826,29.571428571428573,0.0,Non-profitable,0,Moderate-Value,47.41418643713427,5.176997512058203e-15,0.0,0.0,1.0
2166,1960,PostGraduation,Single,46779.0,1,1,2013-07-12,55,12,1,3,0,0,7,1,0,1,2,4,0,0,0,0,0,0,3,11,0,55,1,2,12,7,3,2013,23,3,17,352,7.666666666666667,4.909090909090909,0.0,Profitable,2,Low-Value,8.939315086586108,1.4765111280301997e-05,0.05,0.0,1.0
6634,1979,PostGraduation,Single,33462.0,1,0,2013-08-07,78,22,3,18,0,0,11,1,2,0,3,7,0,0,0,0,0,0,3,11,0,36,1,1,7,8,3,2013,54,5,17,326,10.8,5.769230769230768,0.0,Profitable,2,Low-Value,11.58710220684491,1.7323227787013074e-05,0.08,0.0,1.0
3056,1978,Graduation,Single,63693.0,0,1,2013-10-14,63,587,43,337,42,87,54,3,11,6,9,6,0,0,0,0,0,0,3,11,0,37,1,1,14,10,4,2013,1150,26,14,258,44.23076923076923,37.14285714285714,0.0,Non-profitable,0,Moderate-Value,44.43823659059839,2.457606165644414e-16,0.0,0.0,1.0
5718,1950,Graduation,Partner,80763.0,0,0,2013-08-15,17,674,168,108,192,42,231,1,5,11,6,3,0,0,1,1,0,0,3,11,1,65,0,0,15,8,3,2013,1415,22,16,318,64.31818181818181,116.47058823529412,0.0,Non-profitable,1,VIP,64.6040702288198,5.398151097297984e-29,0.0,0.0,1.0
6872,1974,PhD,Partner,65352.0,0,1,2013-08-21,43,284,3,84,4,7,23,2,4,2,8,4,0,0,0,0,0,0,3,11,0,41,1,1,21,8,3,2013,405,14,16,312,28.928571428571427,29.30232558139535,0.0,Non-profitable,0,Moderate-Value,29.265747841659778,1.289458859018478e-13,0.0,0.0,1.0
8164,1978,PhD,Partner,82170.0,0,0,2013-11-25,13,1023,93,651,49,55,37,1,5,6,7,2,0,0,0,0,0,0,3,11,0,37,0,0,25,11,4,2013,1908,18,13,216,106.0,124.6153846153846,0.0,Non-profitable,3,High-Value,106.45264919871413,4.163991299153306e-22,0.0,0.0,1.0
4580,1969,Graduation,Partner,75759.0,0,0,2013-10-25,46,1394,22,708,89,91,182,1,9,7,9,5,1,0,1,1,0,0,3,11,1,46,0,0,25,10,4,2013,2486,25,14,247,99.44,48.91304347826087,0.0,Non-profitable,3,High-Value,99.7540102328224,1.2466486662989988e-18,0.0,0.0,1.0
9305,1976,PostGraduation,Single,79689.0,0,0,2013-05-12,65,311,26,640,180,37,121,1,4,9,13,2,0,0,0,0,0,0,3,11,0,39,0,0,12,5,2,2013,1315,26,19,413,50.57692307692308,36.0,0.0,Non-profitable,0,Moderate-Value,50.79524662568575,1.0281892700062631e-22,0.0,0.0,1.0
8545,1954,Graduation,Single,85683.0,0,0,2014-03-21,6,1296,17,311,45,69,51,1,2,4,10,1,0,1,1,1,1,0,3,11,1,61,0,0,21,3,1,2014,1789,16,9,100,111.8125,240.0,0.0,Profitable,3,High-Value,112.3380629310096,5.494942438305442e-18,0.54,0.0,1.0
9850,1972,PostGraduation,Partner,24884.0,1,0,2012-11-29,32,3,6,7,0,0,3,1,0,0,3,7,0,0,0,0,0,0,3,11,0,43,1,1,29,11,4,2012,19,3,25,577,6.333333333333333,8.4375,0.0,Profitable,2,Low-Value,7.585951282966902,6.063644340122732e-09,0.01,0.0,1.0
7378,1981,PostGraduation,Partner,42021.0,1,0,2012-08-31,34,393,5,136,7,5,27,5,10,1,6,9,1,0,0,0,0,0,3,11,0,34,1,1,31,8,3,2012,573,17,28,667,33.705882352941174,45.0,0.0,Non-profitable,0,Moderate-Value,33.99591154379295,2.4626637901276147e-26,0.0,0.0,1.0
7646,1989,Graduation,Single,64449.0,1,0,2014-02-18,70,218,63,282,137,35,70,4,5,3,12,4,0,0,0,0,0,0,3,11,0,26,1,1,18,2,1,2014,805,20,10,131,40.25,25.71428571428571,0.0,Profitable,0,Moderate-Value,40.51098877904008,0.0001091907451949,2.57,0.0,1.0
5184,1995,Graduation,Single,34824.0,0,0,2014-03-26,65,4,2,11,2,0,4,1,1,0,2,6,0,0,0,0,0,0,3,11,0,20,0,0,26,3,1,2014,23,3,9,95,7.666666666666667,4.153846153846154,0.3,Profitable,2,Low-Value,8.939315086586108,0.6636682223064722,0.32,0.3963,0.6037
8492,1978,Graduation,Partner,75437.0,0,0,2013-11-09,25,795,0,545,95,58,0,1,8,4,10,6,0,0,0,1,0,0,3,11,0,37,0,0,9,11,4,2013,1493,22,13,232,67.86363636363636,79.2,0.0,Non-profitable,1,VIP,68.15669486227355,1.384977626298369e-21,0.0,0.0,1.0
11188,1957,Graduation,Partner,26091.0,1,1,2014-02-25,84,15,10,19,8,17,20,3,2,1,3,5,0,0,0,0,0,0,3,11,0,58,1,2,25,2,1,2014,89,6,10,124,14.833333333333334,6.428571428571428,0.3,Profitable,2,Low-Value,15.518344024823312,0.3922573919930575,0.94,0.1649,0.8351
1212,1973,Graduation,Partner,52845.0,1,0,2013-08-13,7,384,25,292,130,41,64,3,8,8,6,6,1,0,0,0,0,0,3,11,0,42,1,1,13,8,3,2013,936,22,16,320,42.54545454545455,282.85714285714283,0.0,Non-profitable,0,Moderate-Value,42.78731126184095,5.88031837063588e-37,0.0,0.0,1.0
9097,1956,Graduation,Single,46086.0,0,1,2013-11-03,34,244,8,32,7,2,50,4,3,1,8,4,0,0,0,0,0,0,3,11,0,59,1,1,3,11,4,2013,343,12,14,238,28.58333333333333,31.764705882352946,0.0,Profitable,0,Moderate-Value,28.975632351191628,3.8687995833132446e-11,0.01,0.0,1.0
10473,1956,PhD,Single,78028.0,0,1,2012-09-10,38,158,19,288,25,0,38,1,6,4,9,7,0,1,1,0,0,0,3,11,1,59,1,1,10,9,3,2012,528,19,28,657,27.789473684210527,45.0,0.0,Non-profitable,0,Moderate-Value,28.03504340182379,1.07632105550607e-27,0.0,0.0,1.0
7962,1987,PhD,Single,95169.0,0,0,2013-10-09,1,1285,21,449,106,20,20,1,4,3,4,1,0,0,1,1,0,0,3,11,1,28,0,0,9,10,4,2013,1901,11,14,263,172.8181818181818,990.0,0.0,Profitable,3,High-Value,173.83085275204567,2.9969559310155315e-25,0.01,0.0,1.0
9984,1981,PostGraduation,Partner,56337.0,1,1,2013-03-27,25,349,16,144,28,5,182,5,8,5,4,8,1,0,0,1,0,0,3,11,1,34,1,2,27,3,1,2013,724,17,21,459,42.588235294117645,61.2,0.0,Non-profitable,0,Moderate-Value,42.90152464755908,3.833065320220292e-24,0.0,0.0,1.0
5527,1987,Graduation,Partner,22434.0,1,0,2013-02-13,25,4,12,11,3,13,15,2,2,0,3,8,0,0,0,0,0,0,3,11,0,28,1,1,13,2,1,2013,58,5,22,501,11.6,18.0,0.0,Non-profitable,2,Low-Value,12.394270103247056,1.1324874435414502e-10,0.0,0.0,1.0
6374,1954,PhD,Partner,36930.0,0,1,2013-05-17,50,223,2,31,0,2,39,5,5,2,4,8,0,0,0,0,0,0,3,11,0,61,1,1,17,5,2,2013,297,11,19,408,27.0,19.8,0.0,Non-profitable,0,Moderate-Value,27.42169007401897,1.1674647337989157e-12,0.0,0.0,1.0
7453,1954,Graduation,Single,36130.0,0,1,2013-02-02,46,157,43,127,68,56,37,6,3,8,4,4,1,0,0,0,0,0,3,11,1,61,1,1,2,2,1,2013,488,15,23,512,32.53333333333333,29.347826086956523,0.0,Non-profitable,0,Moderate-Value,32.8586667230066,6.117129904213814e-19,0.0,0.0,1.0
8952,1953,PostGraduation,Partner,65569.0,0,1,2012-11-05,96,397,46,288,20,38,70,2,6,5,10,3,0,0,0,0,0,0,3,11,0,62,1,1,5,11,4,2012,859,21,26,601,40.90476190476191,19.6875,0.0,Non-profitable,0,Moderate-Value,41.15468364818183,3.669264153811016e-20,0.0,0.0,1.0
241,1952,Graduation,Partner,83844.0,0,0,2013-05-12,57,901,31,345,75,31,191,1,4,4,11,1,0,0,1,0,0,0,3,11,0,63,0,0,12,5,2,2013,1574,19,19,413,82.84210526315789,30.0,0.0,Non-profitable,1,VIP,83.21663005227208,1.6930286602330399e-18,0.0,0.0,1.0
8975,1968,Graduation,Partner,19514.0,1,1,2014-01-26,47,14,3,21,2,1,28,4,3,1,2,8,1,0,0,0,0,0,3,11,0,47,1,2,26,1,1,2014,69,6,11,154,11.5,11.489361702127658,0.0,Profitable,2,Low-Value,12.160159273230764,0.000969176910984,0.42,0.0005,0.9995
6119,1963,PhD,Single,36736.0,1,1,2013-05-10,52,10,0,3,0,0,4,1,1,0,2,6,0,0,0,0,0,0,3,11,0,52,1,2,10,5,2,2013,17,3,20,415,5.666666666666667,5.1923076923076925,0.0,Profitable,2,Low-Value,6.9092693811573,2.0039164268558096e-06,0.03,0.0,1.0
5236,1979,Graduation,Partner,77568.0,0,1,2012-08-25,30,1230,0,396,232,178,158,1,10,2,8,5,0,1,1,1,0,0,3,11,0,36,1,1,25,8,3,2012,2194,20,28,673,109.7,60.0,0.0,Non-profitable,3,High-Value,110.11551612190698,3.007740340759166e-31,0.0,0.0,1.0
5723,1976,PhD,Partner,49187.0,0,1,2014-01-11,63,81,1,31,2,1,0,1,1,1,5,2,0,0,0,0,0,0,3,11,0,39,1,1,11,1,1,2014,116,7,11,169,16.571428571428573,10.0,0.0,Profitable,2,Low-Value,17.169051150780138,0.0012869174535742,0.62,0.0006,0.9994
1710,1978,Graduation,Single,30168.0,1,0,2013-03-07,51,154,20,66,0,12,27,7,6,1,4,9,0,0,0,0,0,0,3,11,0,37,1,1,7,3,1,2013,279,11,22,479,25.363636363636363,19.411764705882355,0.0,Non-profitable,0,Moderate-Value,25.77869448286904,6.207808222816744e-14,0.0,0.0,1.0
1970,1968,PostGraduation,Partner,34053.0,0,1,2012-09-10,14,63,0,21,7,0,12,1,3,0,3,8,0,0,0,0,0,0,3,11,0,47,1,1,10,9,3,2012,103,6,28,657,17.166666666666668,38.57142857142857,0.0,Non-profitable,2,Low-Value,17.8690733509381,3.202917368974744e-15,0.0,0.0,1.0
5313,1971,PostGraduation,Partner,38196.0,1,1,2014-04-18,20,30,0,11,0,0,3,3,2,0,4,5,0,0,0,0,0,0,3,11,0,44,1,2,18,4,2,2014,44,6,8,72,7.333333333333333,27.0,0.0,Profitable,2,Low-Value,7.962428333740083,0.0066183093071682,0.55,0.0016,0.9984
10634,1951,PostGraduation,Partner,59412.0,0,0,2014-04-19,56,90,67,165,30,43,11,1,4,2,8,3,0,0,0,0,0,0,3,11,0,64,0,0,19,4,2,2014,406,14,8,71,29.0,22.5,3.61,Profitable,0,Moderate-Value,29.33740367221974,2.461094418116049,5.45,0.2704,0.7296
7010,1965,PostGraduation,Partner,70924.0,0,0,2014-04-07,41,635,114,254,132,152,76,1,6,6,7,3,0,0,1,0,0,0,3,11,0,50,0,0,7,4,2,2014,1363,19,8,83,71.73684210526316,41.707317073170735,0.0,Profitable,1,VIP,72.08535396886425,0.0001519905665106,10.47,0.0,1.0
8562,1969,Graduation,Partner,54165.0,0,0,2013-05-28,72,127,4,73,15,6,11,1,2,1,7,2,0,0,0,0,0,0,3,11,0,46,0,0,28,5,2,2013,236,10,19,397,23.6,12.5,0.0,Non-profitable,2,Low-Value,24.048883306491117,6.300388373685753e-10,0.0,0.0,1.0
3158,1973,Graduation,Partner,32300.0,1,0,2013-01-03,1,13,3,6,6,5,6,1,1,0,3,8,0,0,0,0,0,0,3,11,0,42,1,1,3,1,1,2013,39,4,24,542,9.75,360.0,0.0,Non-profitable,2,Low-Value,10.724300329717607,1.699085181486135e-14,0.0,0.0,1.0
4436,1976,Graduation,Single,20180.0,0,0,2013-02-20,27,18,42,24,15,20,18,1,2,1,4,7,0,0,0,0,0,0,3,11,0,39,0,0,20,2,1,2013,137,7,22,494,19.571428571428573,23.33333333333333,0.0,Non-profitable,2,Low-Value,20.188201848209022,1.201455971063867e-12,0.0,0.0,1.0
2445,1974,PhD,Partner,28440.0,1,0,2013-07-07,87,38,1,24,0,0,0,1,2,0,3,8,0,0,0,0,0,0,3,11,0,41,1,1,7,7,3,2013,63,5,18,357,12.6,5.172413793103448,0.0,Profitable,2,Low-Value,13.403229973749736,1.134266595184851e-05,0.08,0.0,1.0
6059,1953,PhD,Partner,64504.0,1,2,2013-03-04,81,986,36,168,16,0,108,7,11,3,4,7,0,0,0,0,0,0,3,11,1,62,1,3,4,3,1,2013,1314,18,22,482,73.0,20.0,0.0,Non-profitable,1,VIP,73.37104511390734,1.251979028425432e-16,0.0,0.0,1.0
4240,1978,Graduation,Partner,17345.0,1,0,2012-11-03,79,4,9,16,17,0,12,2,2,1,2,8,0,0,0,0,0,0,3,11,0,37,1,1,3,11,4,2012,58,5,26,603,11.6,5.69620253164557,0.0,Profitable,2,Low-Value,12.394270103247056,3.859821083420945e-09,0.01,0.0,1.0
8911,1967,PhD,Partner,56320.0,0,1,2013-04-08,11,201,53,172,116,77,83,3,5,4,9,4,0,0,0,0,0,0,3,11,0,48,1,1,8,4,2,2013,702,18,21,447,39.0,147.27272727272728,0.0,Non-profitable,0,Moderate-Value,39.28696817804583,3.669691642815405e-31,0.0,0.0,1.0
3706,1978,Graduation,Single,28647.0,1,0,2013-08-21,54,19,8,29,0,12,26,1,2,2,2,7,1,0,0,0,0,0,3,11,1,37,1,1,21,8,3,2013,94,6,16,312,15.666666666666666,10.0,0.0,Profitable,2,Low-Value,16.357890212721447,7.959440332076676e-07,0.06,0.0,1.0
3628,1987,UnderGraduation,Single,15038.0,1,0,2013-01-29,93,4,8,11,19,12,26,2,2,1,2,9,0,0,0,0,0,0,3,11,0,28,1,1,29,1,1,2013,80,5,23,516,16.0,4.838709677419355,0.0,Profitable,2,Low-Value,16.833693533458856,1.1857332126224792e-07,0.02,0.0,1.0
10175,1958,PhD,Single,32173.0,0,1,2013-08-01,0,18,0,2,0,0,2,1,1,0,3,4,0,0,0,0,0,0,3,11,0,57,1,1,1,8,3,2013,22,4,17,332,5.5,0.0,0.0,Profitable,2,Low-Value,6.4265941573905545,3.127533903498484e-13,0.01,0.0,1.0
8985,1964,PostGraduation,Partner,68316.0,0,1,2012-11-04,54,806,80,161,120,11,33,5,10,7,10,6,0,0,0,0,0,0,3,11,0,51,1,1,4,11,4,2012,1211,27,26,602,44.851851851851855,45.0,0.0,Non-profitable,0,Moderate-Value,45.05264563152851,1.1624674250070023e-31,0.0,0.0,1.0
5204,1971,Graduation,Partner,74538.0,0,0,2013-06-29,21,380,98,733,110,112,28,1,8,8,5,3,0,0,1,0,0,0,3,11,1,44,0,0,29,6,2,2013,1461,21,18,365,69.57142857142857,90.0,0.0,Non-profitable,1,VIP,69.8820903406171,1.3040886260333803e-27,0.0,0.0,1.0
9220,1971,Graduation,Single,91700.0,0,0,2013-01-17,58,576,172,961,125,115,19,1,8,6,5,3,0,0,0,0,0,0,3,11,1,44,0,0,17,1,1,2013,1968,19,23,528,103.57894736842104,29.48275862068965,0.0,Non-profitable,3,High-Value,104.00204605636064,2.413645412206516e-21,0.0,0.0,1.0
9888,1969,Graduation,Partner,68695.0,0,0,2014-06-25,3,458,81,356,106,50,40,1,4,4,7,2,0,0,0,0,0,0,3,11,0,46,0,0,25,6,2,2014,1091,15,6,4,72.73333333333333,450.0,452.02,Profitable,1,VIP,73.17801608452666,123.54097266685817,21.9,0.8403,0.1596999999999999
5263,1977,PostGraduation,Partner,31056.0,1,0,2013-01-22,99,5,10,13,3,8,16,1,1,0,3,8,0,0,0,0,0,0,3,11,0,38,1,1,22,1,1,2013,55,4,23,523,13.75,3.6363636363636367,0.0,Profitable,2,Low-Value,14.769200256613656,5.402800153556367e-07,0.03,0.0,1.0
9503,1980,Graduation,Single,28071.0,0,0,2012-08-29,65,39,33,130,41,26,44,2,5,1,5,8,0,0,0,0,0,0,3,11,0,35,0,0,29,8,3,2012,313,11,28,669,28.454545454545453,15.230769230769232,0.0,Non-profitable,0,Moderate-Value,28.88213059948557,7.938575799436449e-16,0.0,0.0,1.0
10613,1958,PhD,Partner,37334.0,1,1,2014-02-26,44,26,1,16,2,2,15,4,3,0,4,4,0,0,0,0,0,0,3,11,0,57,1,2,26,2,1,2014,62,7,10,123,8.857142857142858,14.318181818181818,0.0,Profitable,2,Low-Value,9.405520785962992,0.0028269270765068,0.5,0.001,0.999
67,1972,PostGraduation,Single,46423.0,1,1,2013-09-18,6,68,0,16,0,0,8,3,2,0,4,7,0,0,0,0,0,0,3,11,0,43,1,2,18,9,3,2013,92,6,15,284,15.333333333333334,90.0,0.0,Profitable,2,Low-Value,16.022071737562197,7.633489463892389e-12,0.02,0.0,1.0
6019,1971,PhD,Partner,37126.0,1,0,2014-03-30,9,45,3,9,4,4,7,1,1,2,2,6,1,0,0,0,0,0,3,11,1,44,1,1,30,3,1,2014,72,5,9,91,14.4,50.0,0.0,Profitable,2,Low-Value,15.219357740654564,6.258995539287864e-05,0.68,0.0,1.0
5863,1953,Graduation,Partner,47703.0,0,1,2013-05-29,95,359,0,134,13,26,123,4,6,3,8,5,0,0,0,0,0,0,3,11,0,62,1,1,29,5,2,2013,655,17,19,396,38.52941176470589,16.105263157894736,0.0,Non-profitable,0,Moderate-Value,38.832072302129525,1.8307208649307823e-12,0.0,0.0,1.0
6730,1954,Graduation,Partner,38998.0,1,1,2012-11-03,92,34,1,14,0,0,5,3,2,0,3,8,0,0,0,0,0,1,3,11,0,61,1,2,3,11,4,2012,54,5,26,603,10.8,4.891304347826087,0.0,Profitable,2,Low-Value,11.58710220684491,1.0135231134893916e-08,0.01,0.0,1.0
10749,1991,Graduation,Single,8028.0,0,0,2012-09-18,62,73,18,66,7,12,2,15,0,1,0,19,0,0,0,0,0,0,3,11,0,24,0,0,18,9,3,2012,178,1,27,649,178.0,1.4516129032258065,0.0,Profitable,3,High-Value,189.85068519326487,3.372093733253843e-07,0.26,0.0,1.0
6287,1986,Graduation,Partner,34728.0,1,0,2013-07-30,2,14,0,16,0,0,6,1,1,1,2,6,0,0,0,0,0,0,3,11,1,29,1,1,30,7,3,2013,36,4,17,334,9.0,180.0,0.0,Profitable,2,Low-Value,9.965881593424598,3.895834944689781e-11,0.02,0.0,1.0
5985,1965,PostGraduation,Single,33168.0,0,1,2012-10-13,0,80,1,37,0,1,3,3,2,1,4,7,0,0,0,0,0,0,3,11,0,50,1,1,13,10,4,2012,122,7,27,624,17.428571428571427,0.0,0.0,Non-profitable,2,Low-Value,18.03166563575981,3.5896199665188268e-25,0.0,0.0,1.0
4754,1966,PostGraduation,Partner,33585.0,0,1,2013-09-25,91,30,11,33,13,6,29,1,2,0,4,4,0,0,0,0,0,0,3,11,0,49,1,1,25,9,3,2013,122,6,15,277,20.33333333333333,5.934065934065934,0.0,Profitable,2,Low-Value,21.05934886495101,0.0001354430280907,0.28,0.0001,0.9999
4002,1960,PhD,Partner,77037.0,0,1,2013-10-13,3,463,96,333,168,53,10,1,7,7,12,3,0,0,0,0,0,0,3,11,0,55,1,1,13,10,4,2013,1123,26,14,259,43.19230769230769,780.0,0.0,Non-profitable,0,Moderate-Value,43.39799858485682,1.6655207852105964e-48,0.0,0.0,1.0
8870,1984,Graduation,Partner,35196.0,1,0,2012-11-13,68,75,12,141,43,39,187,6,6,1,5,8,0,0,0,0,0,0,3,11,1,31,1,1,13,11,4,2012,497,12,25,593,41.41666666666666,15.882352941176473,0.0,Non-profitable,0,Moderate-Value,41.85662699699231,2.704550367084938e-15,0.0,0.0,1.0
966,1966,Graduation,Partner,44529.0,0,1,2013-07-05,98,538,13,91,17,6,26,6,6,2,11,5,0,1,0,0,0,0,3,11,0,49,1,1,5,7,3,2013,691,19,18,359,36.36842105263158,17.448979591836736,0.0,Non-profitable,0,Moderate-Value,36.634086063413726,3.3965923183837937e-12,0.0,0.0,1.0
4767,1965,PostGraduation,Partner,70924.0,0,0,2014-04-07,41,635,114,254,132,152,76,1,6,6,7,3,0,0,1,0,0,0,3,11,0,50,0,0,7,4,2,2014,1363,19,8,83,71.73684210526316,41.707317073170735,0.0,Profitable,1,VIP,72.08535396886425,0.0001519905665106,10.47,0.0,1.0
9725,1966,PhD,Partner,28764.0,1,1,2014-06-05,16,8,0,3,0,0,1,1,1,0,2,8,1,0,0,0,0,0,3,11,0,49,1,2,5,6,2,2014,12,3,7,24,4.0,16.875,1.26,Profitable,2,Low-Value,5.217564626633294,4.817532464564061,0.27,0.7509,0.2491
4475,1949,PhD,Partner,69098.0,0,0,2013-02-16,82,1315,22,780,145,0,178,1,7,8,9,5,0,0,0,0,0,0,3,11,0,66,0,0,16,2,1,2013,2440,24,22,498,101.66666666666669,26.341463414634145,0.0,Non-profitable,3,High-Value,101.99791201966916,2.3335615689635208e-21,0.0,0.0,1.0
5740,1970,PostGraduation,Single,25959.0,1,1,2013-02-14,1,4,2,12,7,5,26,2,1,2,2,6,0,0,0,0,0,0,3,11,1,45,1,2,14,2,1,2013,56,5,22,500,11.2,450.0,0.0,Non-profitable,2,Low-Value,11.990686155045983,2.7235872531437945e-16,0.0,0.0,1.0
5731,1983,PostGraduation,Partner,27100.0,1,0,2013-04-05,64,12,0,13,2,0,10,1,1,0,3,7,0,0,0,0,0,0,3,11,0,32,1,1,5,4,2,2013,37,4,21,450,9.25,5.625,0.0,Profitable,2,Low-Value,10.2186878388556,3.9885492712194266e-07,0.02,0.0,1.0
7290,1985,Graduation,Single,70596.0,0,0,2012-10-05,68,347,44,534,17,0,26,1,3,5,12,2,0,0,0,0,0,0,3,11,0,30,0,0,5,10,4,2012,968,20,27,632,48.4,26.47058823529412,0.0,Non-profitable,0,Moderate-Value,48.67912265728867,3.18054926816532e-23,0.0,0.0,1.0
3846,1974,Graduation,Partner,42557.0,0,1,2012-08-29,98,192,5,53,0,5,15,4,6,1,4,8,0,0,0,0,0,0,3,11,0,41,1,1,29,8,3,2012,270,11,28,669,24.545454545454547,10.10204081632653,0.0,Non-profitable,2,Low-Value,24.957196687294083,1.1212062052587251e-13,0.0,0.0,1.0
8104,1951,PhD,Partner,53312.0,0,0,2013-08-09,32,241,0,12,0,0,25,1,5,1,5,7,0,0,0,0,0,0,3,11,0,64,0,0,9,8,3,2013,278,11,17,324,25.272727272727277,30.9375,0.0,Non-profitable,0,Moderate-Value,25.687416950027384,5.68443762106124e-13,0.0,0.0,1.0
4507,1952,Graduation,Single,72228.0,0,0,2012-11-27,87,631,28,491,30,14,56,1,6,7,8,3,0,0,0,0,0,0,3,11,0,63,0,0,27,11,4,2012,1250,21,25,579,59.523809523809526,21.724137931034484,0.0,Non-profitable,1,VIP,59.813182014863216,1.3558388108743014e-20,0.0,0.0,1.0
11013,1987,Graduation,Partner,67605.0,0,0,2013-03-31,84,336,28,282,184,54,54,1,2,8,6,1,0,0,0,0,0,0,3,11,0,28,0,0,31,3,1,2013,938,16,21,455,58.625,17.142857142857142,0.0,Non-profitable,1,VIP,59.00255181867134,2.752391257407656e-14,0.0,0.0,1.0
4491,1949,PostGraduation,Partner,62845.0,1,1,2012-10-01,3,1099,0,45,0,0,34,11,3,4,10,8,0,1,0,0,0,0,3,11,0,66,1,2,1,10,4,2012,1178,17,27,636,69.29411764705883,510.0,0.0,Non-profitable,1,VIP,69.67734152908108,4.003732039271216e-42,0.0,0.0,1.0
3759,1958,Graduation,Partner,65196.0,0,2,2013-07-25,34,743,19,181,12,0,200,2,7,6,11,5,1,0,0,0,0,0,3,11,0,57,1,2,25,7,3,2013,1155,24,17,339,48.125,63.52941176470589,0.0,Non-profitable,0,Moderate-Value,48.357006278697554,2.941987515552631e-25,0.0,0.0,1.0
1162,1987,PhD,Single,42000.0,0,0,2013-01-10,23,124,83,267,85,59,35,2,5,2,11,5,0,0,0,0,0,0,3,11,1,28,0,0,10,1,1,2013,653,18,24,535,36.27777777777778,70.43478260869566,0.0,Non-profitable,0,Moderate-Value,36.55801430573012,8.274037577951334e-28,0.0,0.0,1.0
2055,1973,PhD,Single,35860.0,1,1,2014-05-19,37,15,0,8,4,2,20,2,1,1,2,5,1,0,0,0,0,0,3,11,0,42,1,2,19,5,2,2014,49,4,7,41,12.25,9.72972972972973,2.95,Profitable,2,Low-Value,13.252362784027635,4.455236623818603,0.84,0.913,0.0869999999999999
10766,1964,PhD,Partner,65526.0,0,1,2014-04-11,22,397,19,69,12,0,9,1,4,4,8,2,0,0,0,0,0,0,3,11,0,51,1,1,11,4,2,2014,506,16,8,79,31.625,65.45454545454545,0.0,Profitable,0,Moderate-Value,31.927415742842747,1.1905777785683693e-07,2.37,0.0,1.0
4415,1961,Graduation,Partner,16860.0,1,1,2012-09-12,19,10,4,4,3,3,14,3,1,1,3,7,0,0,0,0,0,0,3,11,0,54,1,2,12,9,3,2012,38,5,28,655,7.6,23.684210526315788,0.0,Non-profitable,2,Low-Value,8.35843062123633,4.543306808062033e-13,0.0,0.0,1.0
3005,1992,Graduation,Single,83528.0,0,0,2014-05-01,7,530,117,678,134,44,147,1,4,10,8,1,1,0,0,1,0,0,3,11,1,23,0,0,1,5,2,2014,1650,22,8,59,75.0,282.85714285714283,0.0,Profitable,1,VIP,75.30749059884073,8.497919834497042e-18,2.83,0.0,1.0
2223,1965,PostGraduation,Single,64176.0,0,1,2012-08-03,52,1215,33,249,64,116,149,8,8,9,8,6,0,0,0,0,0,0,3,11,0,50,1,1,3,8,3,2012,1826,25,29,695,73.04,43.26923076923077,0.0,Non-profitable,1,VIP,73.30703880291172,2.4717722973908733e-32,0.0,0.0,1.0
4817,1956,Graduation,Single,22304.0,0,0,2012-08-04,91,3,2,7,0,4,2,1,1,0,2,8,0,0,0,0,0,0,3,11,0,59,0,0,4,8,3,2012,18,3,29,694,6.0,2.967032967032967,0.0,Profitable,2,Low-Value,7.247610332062101,2.4157953070737063e-08,0.01,0.0,1.0
2875,1978,Graduation,Partner,67023.0,0,0,2014-03-04,93,444,44,382,11,8,17,1,3,7,13,2,0,0,0,0,0,1,3,11,0,37,0,0,4,3,1,2014,906,23,10,117,39.391304347826086,22.258064516129032,0.76,Profitable,0,Moderate-Value,39.61652434782168,0.3824361228363771,9.24,0.0423,0.9577
11112,1966,Graduation,Partner,70713.0,0,1,2012-12-03,23,736,114,279,82,76,190,6,5,6,8,3,0,0,0,0,0,0,3,11,0,49,1,1,3,12,4,2012,1477,19,25,573,77.73684210526316,74.34782608695652,0.0,Non-profitable,1,VIP,78.09940834568175,5.4666030282300856e-30,0.0,0.0,1.0
3807,1955,Graduation,Partner,59925.0,0,1,2012-11-30,83,473,21,176,19,21,56,3,9,2,9,6,0,0,0,0,0,0,3,11,0,60,1,1,30,11,4,2012,766,20,25,576,38.3,21.686746987951807,0.0,Non-profitable,0,Moderate-Value,38.55664999835483,3.5578682958024903e-20,0.0,0.0,1.0
9197,1953,Graduation,Partner,39722.0,0,1,2014-02-24,92,32,0,5,2,0,8,2,2,0,3,5,0,0,0,0,0,0,3,11,0,62,1,1,24,2,1,2014,47,5,10,125,9.4,4.891304347826087,0.32,Profitable,2,Low-Value,10.174558388141158,0.6305336438629892,0.53,0.3152,0.6848000000000001
10832,1958,Graduation,Partner,46610.0,0,0,2013-07-18,4,288,10,30,4,10,125,1,6,1,6,6,0,0,0,0,0,0,3,11,0,57,0,0,18,7,3,2013,467,13,17,346,35.92307692307692,292.5,0.0,Non-profitable,0,Moderate-Value,36.31025049331626,3.109447069161808e-26,0.0,0.0,1.0
6421,1961,Graduation,Partner,88347.0,0,0,2013-07-03,32,1050,178,555,77,138,118,1,4,7,9,1,0,0,0,1,0,0,3,11,0,54,0,0,3,7,3,2013,2116,20,18,361,105.8,56.25,0.0,Non-profitable,3,High-Value,106.20683856053648,1.022255030877199e-22,0.0,0.0,1.0
4207,1981,PhD,Partner,87171.0,0,0,2013-05-01,27,1001,44,107,58,44,44,1,6,7,11,2,1,0,1,0,0,0,3,11,0,34,0,0,1,5,2,2013,1298,24,20,424,54.083333333333336,80.0,0.0,Non-profitable,1,VIP,54.32638333780957,1.043685759846574e-30,0.0,0.0,1.0
577,1976,PostGraduation,Partner,26907.0,1,1,2013-08-20,10,9,1,7,0,3,2,2,1,0,3,7,0,0,0,0,0,0,3,11,0,39,1,2,20,8,3,2013,22,4,16,313,5.5,36.0,0.0,Profitable,2,Low-Value,6.4265941573905545,1.3189768852093626e-08,0.02,0.0,1.0
10855,1968,PostGraduation,Single,50014.0,1,0,2014-01-22,9,234,14,77,19,10,42,2,4,1,8,5,0,0,0,0,0,0,3,11,0,47,1,1,22,1,1,2014,396,13,11,158,30.46153846153846,130.0,0.0,Profitable,0,Moderate-Value,30.829994207734124,6.641041109620241e-16,0.03,0.0,1.0
3081,1978,PhD,Partner,41014.0,1,0,2013-04-22,65,7,2,6,2,0,3,1,1,0,2,7,0,0,0,0,0,0,3,11,0,37,1,1,22,4,2,2013,20,3,20,433,6.666666666666667,4.153846153846154,0.0,Profitable,2,Low-Value,7.924292233871704,2.9467012346258906e-06,0.03,0.0,1.0
3535,1965,Graduation,Single,66294.0,0,0,2014-03-17,68,251,108,334,65,92,117,1,4,3,5,2,0,0,0,0,0,0,3,11,0,50,0,0,17,3,1,2014,967,12,9,104,80.58333333333333,15.882352941176473,0.59,Profitable,1,VIP,81.168753513397,0.1457968257661014,10.15,0.027,0.973
247,1971,Graduation,Partner,36715.0,1,0,2012-11-17,16,172,10,125,21,13,16,6,7,2,4,9,0,0,0,0,0,0,3,11,1,44,1,1,17,11,4,2012,357,13,25,589,27.46153846153846,73.125,0.0,Non-profitable,0,Moderate-Value,27.81971258607633,2.9159011658408967e-24,0.0,0.0,1.0
8707,1956,Graduation,Partner,79456.0,0,0,2012-08-22,12,565,42,548,64,83,99,1,5,6,4,3,0,0,0,0,0,0,3,11,1,59,0,0,22,8,3,2012,1401,15,28,676,93.4,112.5,0.0,Non-profitable,3,High-Value,93.90603980272104,1.4117083197421365e-30,0.0,0.0,1.0
9523,1982,Graduation,Partner,40479.0,1,0,2013-08-17,95,5,0,8,2,0,0,1,0,0,3,4,0,0,0,0,0,0,3,11,0,33,1,1,17,8,3,2013,15,3,16,316,5.0,2.8421052631578947,0.0,Profitable,2,Low-Value,6.232587479347697,0.000439643744877,0.06,0.0008,0.9992
6072,1970,PostGraduation,Single,75345.0,0,0,2013-02-02,16,918,57,842,99,38,133,1,5,8,6,3,0,0,0,1,0,0,3,11,1,45,0,0,2,2,1,2013,2087,19,23,512,109.84210526315788,106.875,0.0,Non-profitable,3,High-Value,110.27987474795084,1.894152894517948e-31,0.0,0.0,1.0
6295,1977,Graduation,Partner,54233.0,0,1,2013-02-04,46,652,8,158,21,0,142,4,11,6,5,8,0,0,0,0,0,0,3,11,0,38,1,1,4,2,1,2013,981,22,23,510,44.59090909090909,43.04347826086957,0.0,Non-profitable,0,Moderate-Value,44.83690239652581,7.56915307427264e-26,0.0,0.0,1.0
10914,1970,Graduation,Single,24163.0,1,1,2013-10-12,3,4,1,7,2,1,2,2,1,0,3,4,0,0,0,0,0,0,3,11,0,45,1,2,12,10,4,2013,17,4,14,260,4.25,120.0,0.0,Profitable,2,Low-Value,5.16256293023554,1.7103286596348023e-09,0.03,0.0,1.0
1509,1958,PhD,Partner,84460.0,0,0,2013-01-04,80,152,27,103,106,54,81,0,9,9,4,5,0,1,1,1,1,0,3,11,1,57,0,0,4,1,1,2013,523,22,24,541,23.772727272727277,24.750000000000004,0.0,Non-profitable,2,Low-Value,23.976619292399903,2.9331177323267573e-21,0.0,0.0,1.0
7348,1958,PhD,Single,71691.0,0,0,2014-03-17,0,336,130,411,240,32,43,1,4,7,5,2,0,0,0,0,0,0,3,11,1,57,0,0,17,3,1,2014,1192,16,9,104,74.5,0.0,0.0,Profitable,1,VIP,74.92172904844094,1.0525544280661802e-33,0.15,0.0,1.0
4944,1959,Graduation,Partner,71367.0,0,0,2013-08-23,24,227,23,389,42,21,75,1,4,5,7,2,0,0,0,0,0,0,3,11,0,56,0,0,23,8,3,2013,777,16,16,310,48.5625,60.0,0.0,Non-profitable,0,Moderate-Value,48.91204971633707,3.611514173468743e-19,0.0,0.0,1.0
9080,1972,PhD,Single,38578.0,1,1,2013-06-22,2,38,4,22,3,3,3,3,3,0,3,8,0,0,0,0,0,0,3,11,0,43,1,2,22,6,2,2013,73,6,18,372,12.166666666666666,270.0,0.0,Non-profitable,2,Low-Value,12.831796223549274,1.3275711126221794e-15,0.0,0.0,1.0
6466,1965,PhD,Partner,57236.0,1,1,2014-03-12,22,105,0,9,2,1,4,3,2,1,4,3,0,0,0,0,0,0,3,11,0,50,1,2,12,3,1,2014,121,7,9,109,17.285714285714285,28.63636363636364,0.0,Profitable,2,Low-Value,17.88789655492987,7.420710599230818e-05,0.85,0.0,1.0
9964,1979,Graduation,Single,61825.0,0,1,2013-08-07,56,162,50,100,55,30,27,1,4,2,8,4,0,0,0,0,0,0,3,11,0,36,1,1,7,8,3,2013,424,14,17,326,30.285714285714285,22.5,0.0,Non-profitable,0,Moderate-Value,30.62720862229905,2.280911359393464e-12,0.0,0.0,1.0
10245,1986,PostGraduation,Single,80910.0,0,0,2012-10-31,71,160,80,369,67,39,41,1,3,3,8,1,0,0,0,0,0,0,3,11,0,29,0,0,31,10,4,2012,756,14,26,606,54.0,17.746478873239436,0.0,Non-profitable,1,VIP,54.416944368206416,5.344268641111801e-17,0.0,0.0,1.0
1109,1982,PostGraduation,Partner,27590.0,1,0,2013-04-23,38,6,0,5,0,0,1,1,1,0,2,7,0,0,0,0,0,0,3,11,0,33,1,1,23,4,2,2013,12,3,20,432,4.0,7.105263157894736,0.0,Profitable,2,Low-Value,5.217564626633294,4.086047569414875e-07,0.01,0.0,1.0
6001,1979,Graduation,Partner,56775.0,0,1,2013-01-02,62,614,35,160,58,35,35,2,5,8,10,5,0,0,0,0,0,0,3,11,0,36,1,1,2,1,1,2013,937,23,24,543,40.73913043478261,33.38709677419355,0.0,Non-profitable,0,Moderate-Value,40.966957447088106,1.0064314951044968e-24,0.0,0.0,1.0
5538,1975,Graduation,Single,83829.0,0,0,2013-10-08,78,897,161,430,186,161,27,0,4,7,6,1,1,0,1,1,0,0,3,11,1,40,0,0,8,10,4,2013,1862,17,15,264,109.52941176470588,19.615384615384617,0.0,Profitable,3,High-Value,110.01799956203492,8.502152928887292e-10,0.02,0.0,1.0
10552,1979,PostGraduation,Partner,54210.0,0,1,2013-05-20,18,70,54,109,80,9,45,2,4,1,7,5,0,0,0,0,0,0,3,11,0,36,1,1,20,5,2,2013,367,12,19,405,30.58333333333333,60.0,0.0,Non-profitable,0,Moderate-Value,30.98306008819953,1.0214851330593513e-18,0.0,0.0,1.0
1545,1986,Graduation,Partner,38508.0,1,0,2013-08-02,95,120,19,206,25,19,54,6,7,2,5,8,0,0,0,0,0,0,3,11,0,29,1,1,2,8,3,2013,443,14,17,331,31.642857142857142,13.26315789473684,0.0,Profitable,0,Moderate-Value,31.98866940293833,4.289006243292571e-09,0.01,0.0,1.0
7409,1970,Graduation,Partner,53187.0,1,0,2013-10-26,66,211,2,30,7,7,10,2,4,1,6,5,0,0,0,0,0,0,3,11,0,45,1,1,26,10,4,2013,267,11,14,246,24.272727272727277,15.0,0.0,Profitable,2,Low-Value,24.683364088769093,2.4530318492429814e-07,0.07,0.0,1.0
4444,1972,Graduation,Partner,30023.0,1,0,2014-03-24,28,11,0,16,7,6,21,1,2,0,3,8,0,0,0,0,0,0,3,11,0,43,1,1,24,3,1,2014,61,5,9,97,12.2,16.071428571428573,0.01,Profitable,2,Low-Value,12.999646025548664,0.0080997482952661,0.64,0.0032,0.9968
146,1960,PhD,Single,76045.0,0,0,2013-11-15,78,760,53,400,17,93,0,1,4,5,11,2,0,0,0,1,0,0,3,11,0,55,0,0,15,11,4,2013,1323,20,13,226,66.15,23.076923076923077,0.0,Profitable,1,VIP,66.46861668660311,1.643584012517029e-09,0.02,0.0,1.0
10065,1970,PostGraduation,Partner,15315.0,0,0,2013-08-03,27,7,4,13,15,8,17,2,2,0,4,5,0,0,0,0,0,0,3,11,0,45,0,0,3,8,3,2013,64,6,17,330,10.666666666666666,20.0,0.0,Profitable,2,Low-Value,11.320613085332628,4.891518014468927e-09,0.01,0.0,1.0
4741,1974,PostGraduation,Partner,65463.0,1,0,2014-01-30,17,391,32,70,21,32,16,2,6,2,9,5,0,1,0,0,0,0,3,11,0,41,1,1,30,1,1,2014,562,17,11,150,33.05882352941177,90.0,0.0,Profitable,0,Moderate-Value,33.34715827133317,1.177362719031983e-15,0.01,0.0,1.0
375,1954,Graduation,Single,76773.0,0,0,2013-02-25,79,516,56,449,86,33,16,1,2,2,11,1,0,0,0,0,0,0,3,11,0,61,0,0,25,2,1,2013,1156,15,22,489,77.06666666666666,17.08860759493671,0.0,Non-profitable,1,VIP,77.52421460608355,8.630625462065695e-15,0.0,0.0,1.0
1524,1983,PostGraduation,Single,81698.0,0,0,2013-03-01,1,709,45,115,30,160,45,1,8,2,5,5,0,0,0,1,0,0,3,11,1,32,0,0,1,3,1,2013,1104,15,22,485,73.6,1350.0,0.0,Non-profitable,1,VIP,74.04725578883803,9.855535177049892e-40,0.0,0.0,1.0
10022,1973,PhD,Single,54466.0,1,1,2014-02-09,78,12,0,4,0,0,0,1,1,0,2,5,0,0,0,0,0,0,3,11,0,42,1,2,9,2,1,2014,16,3,10,140,5.333333333333333,3.4615384615384617,0.05,Profitable,2,Low-Value,6.570928430252498,0.1386644823222277,0.18,0.1209,0.8791
7451,1960,PostGraduation,Single,98777.0,0,0,2014-02-17,23,1000,19,711,125,115,38,0,4,6,9,1,0,1,0,0,0,0,3,11,0,55,0,0,17,2,1,2014,2008,19,10,132,105.6842105263158,74.34782608695652,0.0,Profitable,3,High-Value,106.1122405745422,9.61843408749839e-14,0.1,0.0,1.0
11010,1984,PhD,Single,16269.0,1,0,2013-08-30,75,19,3,18,3,1,0,3,3,0,3,8,0,0,0,0,0,0,3,11,0,31,1,1,30,8,3,2013,44,6,16,303,7.333333333333333,7.2,0.0,Profitable,2,Low-Value,7.962428333740083,1.096512275210998e-05,0.05,0.0,1.0
4356,1971,Graduation,Partner,71819.0,0,1,2013-08-28,70,1224,28,140,0,14,168,3,3,3,5,6,0,1,1,0,0,0,3,11,0,44,1,1,28,8,3,2013,1574,11,16,305,143.0909090909091,14.142857142857142,0.0,Profitable,3,High-Value,143.98309951282204,1.2282994118792405e-08,0.08,0.0,1.0
3885,1983,PhD,Partner,33569.0,1,0,2013-10-16,10,16,2,18,3,0,24,1,1,1,2,8,1,0,0,0,0,0,3,11,1,32,1,1,16,10,4,2013,63,4,14,256,15.75,36.0,0.0,Profitable,2,Low-Value,16.79165022006168,1.0500737208947963e-07,0.1,0.0,1.0
1175,1983,PostGraduation,Partner,36262.0,0,0,2013-09-20,24,88,39,54,64,28,153,1,3,5,3,6,1,0,0,0,0,0,3,11,1,32,0,0,20,9,3,2013,426,11,15,282,38.72727272727273,41.25,0.0,Non-profitable,0,Moderate-Value,39.19649181059344,2.8723044738561523e-13,0.0,0.0,1.0
880,1966,UnderGraduation,Partner,22634.0,0,0,2013-01-16,47,2,23,11,8,6,46,1,2,1,2,8,0,0,0,0,0,0,3,11,0,49,0,0,16,1,1,2013,96,5,23,529,19.2,9.574468085106384,0.0,Profitable,2,Low-Value,20.06236511906744,1.3972434691973155e-09,0.01,0.0,1.0
2320,1978,PostGraduation,Partner,47025.0,0,1,2013-09-12,98,508,11,59,23,5,29,5,11,1,6,9,0,0,0,0,0,0,3,11,0,37,1,1,12,9,3,2013,635,18,15,290,35.27777777777778,16.53061224489796,0.0,Profitable,0,Moderate-Value,35.555541454675364,2.2743913575315238e-09,0.01,0.0,1.0
850,1968,Graduation,Single,70566.0,0,1,2013-10-06,4,381,28,215,84,28,21,2,6,5,9,3,0,0,0,0,0,0,3,11,0,47,1,1,6,10,4,2013,757,20,15,266,37.85,450.0,0.0,Non-profitable,0,Moderate-Value,38.10564874127362,6.643737656069696e-36,0.0,0.0,1.0
4713,1979,PhD,Partner,31605.0,1,0,2012-11-22,15,74,0,42,2,1,6,2,2,1,4,7,0,0,0,0,0,0,3,11,0,36,1,1,22,11,4,2012,125,7,25,584,17.857142857142858,42.0,0.0,Non-profitable,2,Low-Value,18.46297287824966,1.2875272947623712e-15,0.0,0.0,1.0
675,1973,PostGraduation,Single,52034.0,1,1,2013-05-17,67,146,0,93,7,13,73,5,4,2,5,7,0,0,0,0,0,0,3,11,0,42,1,2,17,5,2,2013,332,11,19,408,30.181818181818183,14.776119402985074,0.0,Non-profitable,0,Moderate-Value,30.61640372347716,3.475831480256292e-11,0.0,0.0,1.0
5025,1979,Graduation,Single,48526.0,1,0,2013-12-24,32,23,17,23,43,20,9,1,2,1,4,3,0,0,0,0,0,0,3,11,0,36,1,1,24,12,4,2013,135,7,12,187,19.285714285714285,19.6875,0.0,Profitable,2,Low-Value,19.90066368654913,2.6056607245562755e-06,0.26,0.0,1.0
2308,1954,Graduation,Partner,46734.0,0,1,2012-11-18,40,110,5,137,26,23,29,2,6,1,5,7,0,0,0,0,0,0,3,11,0,61,1,1,18,11,4,2012,330,12,25,588,27.5,27.0,0.0,Non-profitable,0,Moderate-Value,27.888275660312352,4.4187099214166895e-18,0.0,0.0,1.0
5995,1962,Graduation,Single,39552.0,1,1,2012-12-18,54,165,3,147,4,24,41,7,6,2,5,8,0,0,0,0,0,0,3,11,1,53,1,2,18,12,4,2012,384,13,24,558,29.53846153846154,21.666666666666664,0.0,Non-profitable,0,Moderate-Value,29.903753708762498,6.610708975081452e-17,0.0,0.0,1.0
6749,1966,Graduation,Single,86358.0,1,1,2012-08-08,78,957,47,494,82,47,95,4,5,3,6,8,0,0,0,0,0,0,3,11,0,49,1,2,8,8,3,2012,1722,14,29,690,123.0,16.153846153846153,0.0,Non-profitable,3,High-Value,123.63647668912964,7.897380943729118e-18,0.0,0.0,1.0
8977,1985,UnderGraduation,Single,16581.0,0,0,2013-01-12,51,1,3,4,2,3,11,1,0,0,3,4,0,0,0,0,0,0,3,11,0,30,0,0,12,1,1,2013,24,3,23,533,8.0,5.294117647058823,0.0,Profitable,2,Low-Value,9.277656037490909,8.961257805833885e-08,0.02,0.0,1.0
4756,1952,PostGraduation,Single,63998.0,0,0,2013-12-20,42,176,29,818,0,33,112,1,7,6,11,4,0,0,0,0,0,0,3,11,1,63,0,0,20,12,4,2013,1168,24,12,191,48.66666666666666,51.42857142857142,0.0,Non-profitable,0,Moderate-Value,48.89967692043501,1.2515927852784677e-15,0.0,0.0,1.0
3412,1951,PostGraduation,Partner,67381.0,0,1,2013-01-15,67,815,8,53,11,0,70,4,2,2,9,7,0,1,0,0,0,0,3,11,0,64,1,1,15,1,1,2013,957,13,23,530,73.61538461538461,17.46268656716418,0.0,Non-profitable,1,VIP,74.13173753465777,4.091335928424527e-15,0.0,0.0,1.0
606,1967,Graduation,Single,25930.0,1,1,2013-10-10,87,6,1,2,2,0,4,1,1,0,2,7,0,0,0,0,0,0,3,11,0,48,1,2,10,10,4,2013,15,3,14,262,5.0,3.103448275862069,0.0,Profitable,2,Low-Value,6.232587479347697,0.0017076305092588,0.09,0.0027,0.9973
2975,1976,Graduation,Partner,85606.0,0,1,2012-11-12,89,717,42,864,219,30,84,2,6,7,9,3,0,0,0,1,0,0,3,11,0,39,1,1,12,11,4,2012,1956,22,26,594,88.9090909090909,22.247191011235955,0.0,Non-profitable,1,VIP,89.24471031469777,1.641033910980443e-21,0.0,0.0,1.0
2894,1985,Graduation,Single,72903.0,0,0,2013-10-29,74,1067,138,750,0,19,39,1,7,5,8,4,0,1,1,1,0,0,3,11,1,30,0,0,29,10,4,2013,2013,20,14,243,100.65,24.324324324324326,0.0,Profitable,3,High-Value,101.04537972949596,8.638175164398429e-11,0.01,0.0,1.0
10542,1968,PhD,Partner,36778.0,1,1,2012-08-05,63,29,4,34,2,4,4,3,3,0,3,9,0,0,0,0,0,0,3,11,0,47,1,2,5,8,3,2012,77,6,29,693,12.833333333333334,8.571428571428571,0.0,Non-profitable,2,Low-Value,13.503433173867784,1.2450742358020754e-11,0.0,0.0,1.0
8015,1962,PhD,Single,85696.0,0,0,2013-05-03,88,714,76,395,116,0,12,1,4,6,9,1,0,0,0,0,0,0,3,11,1,53,0,0,3,5,2,2013,1313,19,20,422,69.10526315789474,19.431818181818183,0.0,Non-profitable,1,VIP,69.44761082113727,4.9841300838937945e-15,0.0,0.0,1.0
10617,1989,PostGraduation,Single,10979.0,0,0,2014-05-22,34,8,4,10,2,2,4,2,3,0,3,5,0,0,0,0,0,0,3,11,0,26,0,0,22,5,2,2014,30,6,7,38,5.0,15.882352941176473,1.91,Profitable,2,Low-Value,5.6116990076253,6.812615875157214,0.54,0.9012,0.0988
11166,1961,Graduation,Partner,49678.0,0,1,2013-02-02,81,229,5,56,3,2,20,2,6,2,4,7,0,0,0,0,0,0,3,11,0,54,1,1,2,2,1,2013,315,12,23,512,26.25,13.333333333333332,0.0,Non-profitable,0,Moderate-Value,26.633633324682418,6.786083259713647e-13,0.0,0.0,1.0
849,1953,PostGraduation,Partner,56129.0,0,1,2013-06-20,65,320,48,133,39,72,48,4,6,2,10,4,0,0,0,0,0,0,3,11,0,62,1,1,20,6,2,2013,660,18,18,374,36.66666666666666,24.923076923076923,0.0,Non-profitable,0,Moderate-Value,36.94786485891808,1.6400360229358498e-15,0.0,0.0,1.0
523,1989,Graduation,Partner,37155.0,1,0,2013-01-31,51,23,0,26,7,15,3,1,2,0,4,5,0,0,0,0,0,0,3,11,0,26,1,1,31,1,1,2013,74,6,23,514,12.333333333333334,10.588235294117649,0.0,Non-profitable,2,Low-Value,12.999705461128904,4.680849667389001e-10,0.0,0.0,1.0
8414,1962,PhD,Single,33419.0,0,1,2013-08-17,76,56,0,12,0,0,18,2,2,0,4,7,0,0,0,0,0,0,3,11,0,53,1,1,17,8,3,2013,86,6,16,316,14.333333333333334,7.105263157894736,0.0,Profitable,2,Low-Value,15.01461631208443,7.059261754353367e-06,0.09,0.0,1.0
819,1945,Graduation,Single,63285.0,0,0,2013-11-05,84,508,124,249,50,38,134,1,6,5,13,3,0,0,0,0,0,0,3,11,0,70,0,0,5,11,4,2013,1103,24,14,236,45.958333333333336,25.71428571428571,0.0,Non-profitable,0,Moderate-Value,46.18632371174773,6.000056083792839e-11,0.0,0.0,1.0
4961,1974,PostGraduation,Partner,21255.0,1,0,2014-01-21,56,29,0,25,2,2,3,4,2,1,4,4,0,0,0,0,0,0,3,11,0,41,1,1,21,1,1,2014,61,7,11,159,8.714285714285714,11.25,0.0,Profitable,2,Low-Value,9.261751705133044,0.0010367939699142,0.35,0.0005,0.9995
749,1981,Graduation,Partner,42162.0,1,0,2013-11-19,31,46,7,59,2,4,27,2,3,1,3,6,1,0,0,0,0,0,3,11,1,34,1,1,19,11,4,2013,145,7,13,222,20.714285714285715,20.32258064516129,0.0,Profitable,2,Low-Value,21.3383544948486,2.637664544468256e-07,0.13,0.0,1.0
5430,1956,Graduation,Partner,54450.0,1,1,2012-09-14,0,454,0,171,8,19,32,12,9,2,8,8,0,0,0,0,0,0,3,11,0,59,1,2,14,9,3,2012,684,19,27,653,36.0,0.0,0.0,Non-profitable,0,Moderate-Value,36.26480202273194,2.2397670721196668e-60,0.0,0.0,1.0
7755,1954,PhD,Partner,57744.0,0,1,2013-11-12,91,350,3,39,0,0,19,2,9,1,4,8,0,0,0,0,0,0,3,11,0,61,1,1,12,11,4,2013,411,14,13,229,29.357142857142858,13.846153846153848,0.0,Profitable,0,Moderate-Value,29.69568282501955,3.777007952601027e-06,0.18,0.0,1.0
10525,1986,Graduation,Single,26576.0,1,0,2012-10-13,40,10,0,8,0,0,9,1,1,0,2,9,1,0,0,0,0,0,3,11,1,29,1,1,13,10,4,2012,27,3,27,624,9.0,6.75,0.0,Profitable,2,Low-Value,10.292678890205313,4.36181305854131e-09,0.01,0.0,1.0
1453,1943,PhD,Single,57513.0,0,0,2013-07-06,59,735,40,183,52,20,30,2,9,3,13,6,0,0,0,0,0,0,3,11,0,72,0,0,6,7,3,2013,1060,25,18,358,42.4,38.13559322033898,0.0,Non-profitable,0,Moderate-Value,42.61252347668203,5.5519375948367504e-21,0.0,0.0,1.0
8310,1964,Graduation,Partner,68142.0,0,1,2012-08-29,96,897,126,196,91,112,37,3,10,4,7,6,0,0,0,0,0,0,3,11,0,51,1,1,29,8,3,2012,1459,21,28,669,69.47619047619048,19.6875,0.0,Non-profitable,1,VIP,69.78665045127346,1.145937007750966e-21,0.0,0.0,1.0
10710,1979,Graduation,Partner,7500.0,0,1,2012-08-29,61,5,2,3,3,0,5,1,1,0,2,8,0,0,0,0,0,0,3,11,0,36,1,1,29,8,3,2012,18,3,28,669,6.0,4.426229508196721,0.0,Profitable,2,Low-Value,7.247610332062101,7.62779519784821e-09,0.01,0.0,1.0
5031,1974,Graduation,Partner,83145.0,0,0,2012-09-22,14,777,35,731,39,137,114,1,5,9,11,2,0,0,1,0,0,0,3,11,1,41,0,0,22,9,3,2012,1833,25,27,645,73.32,160.71428571428572,0.0,Non-profitable,1,VIP,73.58753698474409,4.425074984745519e-45,0.0,0.0,1.0
2613,1960,PostGraduation,Partner,54197.0,0,1,2014-04-03,16,162,6,37,6,13,13,2,1,3,6,1,0,0,0,0,0,0,3,11,0,55,1,1,3,4,2,2014,237,10,9,87,23.7,56.25,0.0,Profitable,2,Low-Value,24.149329301985308,1.2015668745134214e-06,1.53,0.0,1.0
967,1976,Graduation,Partner,46049.0,1,1,2013-07-21,11,342,9,112,19,14,19,10,5,2,9,7,0,0,0,0,0,0,3,11,1,39,1,2,21,7,3,2013,515,16,17,343,32.1875,130.9090909090909,0.0,Non-profitable,0,Moderate-Value,32.49148107775585,2.4276001462506154e-25,0.0,0.0,1.0
1077,1974,Graduation,Partner,56715.0,0,0,2012-12-05,52,258,105,239,237,172,9,1,7,3,4,4,0,0,0,0,0,0,3,11,0,41,0,0,5,12,4,2012,1020,14,25,571,72.85714285714286,24.23076923076923,0.0,Non-profitable,1,VIP,73.33408363603637,2.465090629870685e-18,0.0,0.0,1.0
7959,1961,Graduation,Partner,79410.0,0,0,2014-05-29,19,658,80,483,123,13,13,1,3,2,5,1,0,0,0,0,0,0,3,11,0,54,0,0,29,5,2,2014,1370,10,7,31,137.0,47.368421052631575,13.19,Profitable,3,High-Value,137.95464219691124,1.9117314279602828,22.72,0.1288,0.8712
640,1951,Graduation,Partner,57304.0,0,1,2013-03-11,61,356,80,329,138,17,106,2,7,6,10,5,0,0,0,0,0,0,3,11,0,64,1,1,11,3,1,2013,1026,23,22,475,44.60869565217392,33.9344262295082,0.0,Non-profitable,0,Moderate-Value,44.84400731272397,5.399044592268828e-23,0.0,0.0,1.0
4252,1965,Graduation,Partner,44375.0,0,1,2014-03-23,73,213,5,28,7,7,41,1,4,1,6,5,0,0,0,0,0,0,3,11,0,50,1,1,23,3,1,2014,301,11,9,98,27.363636363636363,13.561643835616438,1.24,Profitable,0,Moderate-Value,27.78680020538562,0.8938606410830734,3.5,0.1695,0.8305
8432,1956,Graduation,Partner,54450.0,1,1,2012-09-14,0,454,0,171,8,19,32,12,9,2,8,8,0,0,0,0,0,0,3,11,0,59,1,2,14,9,3,2012,684,19,27,653,36.0,0.0,0.0,Non-profitable,0,Moderate-Value,36.26480202273194,2.2397670721196668e-60,0.0,0.0,1.0
6218,1965,Graduation,Partner,59594.0,0,1,2012-10-20,74,457,4,29,0,0,9,1,8,1,7,7,0,1,0,0,0,0,3,11,0,50,1,1,20,10,4,2012,499,16,26,617,31.1875,19.45945945945946,0.0,Non-profitable,0,Moderate-Value,31.48869826013256,1.1856875689178682e-18,0.0,0.0,1.0
6905,1994,Graduation,Partner,80685.0,0,0,2012-08-22,55,241,45,604,34,26,54,1,6,4,10,2,0,0,0,0,0,0,3,11,0,21,0,0,22,8,3,2012,1004,20,28,676,50.2,32.72727272727273,0.0,Non-profitable,0,Moderate-Value,50.483127685613525,4.879069413063249e-26,0.0,0.0,1.0
5922,1974,PhD,Partner,40344.0,0,1,2013-10-13,48,210,0,6,0,0,2,2,4,1,5,7,0,0,0,0,0,0,3,11,0,41,1,1,13,10,4,2013,218,10,14,259,21.8,18.75,0.0,Profitable,2,Low-Value,22.240855387595555,1.157353841954619e-08,0.03,0.0,1.0
3598,1972,Graduation,Partner,62710.0,0,1,2013-05-23,53,441,35,83,7,29,11,4,4,2,12,4,0,0,0,0,0,0,3,11,0,43,1,1,23,5,2,2013,606,18,19,402,33.666666666666664,30.56603773584905,0.0,Non-profitable,0,Moderate-Value,33.94044630575382,5.809607409837963e-18,0.0,0.0,1.0
6116,1968,PostGraduation,Partner,48985.0,0,1,2013-07-05,13,19,13,18,10,7,8,1,1,1,3,3,0,0,0,0,0,0,3,11,0,47,1,1,5,7,3,2013,75,5,18,359,15.0,34.61538461538462,0.0,Profitable,2,Low-Value,15.824733662956172,4.3317914703362097e-10,0.02,0.0,1.0
6263,1968,Graduation,Partner,35322.0,1,2,2012-08-22,34,28,9,37,12,7,13,3,2,0,4,8,0,0,0,0,0,0,3,11,0,47,1,3,22,8,3,2012,106,6,28,676,17.666666666666668,15.882352941176473,0.0,Non-profitable,2,Low-Value,18.372801063676977,3.5628464495921e-13,0.0,0.0,1.0
10486,1948,Graduation,Partner,77142.0,0,0,2013-05-29,54,476,75,162,29,151,97,1,4,4,8,2,0,0,0,0,0,0,3,11,0,67,0,0,29,5,2,2013,990,16,19,396,61.875,26.666666666666664,0.0,Non-profitable,1,VIP,62.261595975947,5.07947361879231e-16,0.0,0.0,1.0
2410,1969,Graduation,Single,81657.0,0,0,2014-01-22,69,364,40,425,158,60,50,1,3,4,8,1,0,0,0,0,0,0,3,11,0,46,0,0,22,1,1,2014,1097,15,11,158,73.13333333333334,19.565217391304348,0.0,Profitable,1,VIP,73.57920364036268,3.2021042689116474e-05,2.11,0.0,1.0
193,1996,UnderGraduation,Partner,14421.0,0,0,2014-02-17,81,0,0,2,3,3,8,1,1,0,2,5,1,0,0,0,0,0,3,11,0,19,0,0,17,2,1,2014,16,3,10,132,5.333333333333333,3.333333333333333,0.08,Profitable,2,Low-Value,6.570928430252498,0.2343363040352362,0.19,0.1929,0.8071
3363,1974,PostGraduation,Partner,20130.0,0,0,2014-03-17,99,0,6,3,7,6,12,1,1,0,3,8,0,0,0,0,0,0,3,11,0,41,0,0,17,3,1,2014,34,4,9,104,8.5,3.6363636363636367,0.84,Profitable,2,Low-Value,9.460269102562592,1.7774849323762183,0.45,0.9055,0.0945
8278,1990,PhD,Partner,74214.0,0,0,2012-08-26,3,863,83,547,86,99,33,1,8,2,5,5,0,0,0,0,0,0,3,11,0,25,0,0,26,8,3,2012,1711,15,28,672,114.06666666666666,450.0,0.0,Non-profitable,3,High-Value,114.63406352091545,2.146116510107321e-38,0.0,0.0,1.0
10660,1957,PostGraduation,Partner,66726.0,1,1,2014-01-12,61,349,7,35,0,0,47,3,8,2,4,7,0,1,0,0,0,0,3,11,0,58,1,2,12,1,1,2014,438,14,11,168,31.285714285714285,20.65573770491803,0.0,Profitable,0,Moderate-Value,31.63039025013852,3.39992396091738e-06,0.44,0.0,1.0
8686,1979,UnderGraduation,Partner,23724.0,1,0,2013-01-08,65,5,23,15,0,18,14,2,2,0,3,8,0,0,0,0,0,0,3,11,0,36,1,1,8,1,1,2013,75,5,24,537,15.0,6.923076923076923,0.0,Profitable,2,Low-Value,15.824733662956172,7.124390882776431e-09,0.01,0.0,1.0
1604,1960,PostGraduation,Partner,47353.0,0,1,2013-11-13,93,184,2,19,8,8,4,3,2,2,6,5,0,0,0,0,0,0,3,11,0,55,1,1,13,11,4,2013,225,10,13,228,22.5,9.67741935483871,0.0,Profitable,2,Low-Value,22.943977356054937,0.0001094859746094,0.42,0.0001,0.9999
5907,1952,PostGraduation,Partner,33444.0,1,1,2012-11-03,24,8,0,8,0,0,2,1,1,0,2,8,0,0,0,0,0,0,3,11,0,63,1,2,3,11,4,2012,18,3,26,603,6.0,11.25,0.0,Profitable,2,Low-Value,7.247610332062101,1.313845772186751e-09,0.01,0.0,1.0
10669,1981,Graduation,Partner,54386.0,0,1,2013-05-17,8,277,21,64,62,21,25,2,3,2,10,3,0,0,0,0,0,0,3,11,0,34,1,1,17,5,2,2013,470,15,19,408,31.33333333333333,168.75,0.0,Non-profitable,0,Moderate-Value,31.65510405549854,1.5372300034218371e-27,0.0,0.0,1.0
2918,1981,Graduation,Single,28510.0,1,1,2013-04-13,72,44,5,19,0,4,19,3,2,0,4,5,0,0,0,0,0,0,3,11,0,34,1,2,13,4,2,2013,91,6,20,442,15.166666666666666,7.5,0.0,Profitable,2,Low-Value,15.854162499982566,4.826362194815867e-08,0.02,0.0,1.0
5735,1991,PostGraduation,Single,90638.0,0,0,2014-02-13,29,1156,120,915,94,144,96,1,3,4,10,1,0,0,1,0,0,0,3,11,0,24,0,0,13,2,1,2014,2525,17,10,136,148.52941176470588,52.75862068965517,0.0,Profitable,3,High-Value,149.12012862029283,6.159559254508497e-11,0.42,0.0,1.0
359,1950,Graduation,Partner,48070.0,0,1,2013-01-13,33,373,14,83,6,9,19,3,8,2,6,7,0,0,0,0,0,1,3,11,0,65,1,1,13,1,1,2013,504,16,23,532,31.5,43.63636363636364,0.0,Non-profitable,0,Moderate-Value,31.80206789063984,1.1337106014500397e-22,0.0,0.0,1.0
8387,1957,Graduation,Partner,43140.0,0,1,2013-01-05,68,134,8,76,6,0,11,1,4,1,5,6,0,0,0,0,0,0,3,11,0,58,1,1,5,1,1,2013,235,10,24,540,23.5,13.23529411764706,0.0,Non-profitable,2,Low-Value,23.94843731099692,9.744688062412856e-13,0.0,0.0,1.0
1829,1961,PhD,Single,54959.0,0,1,2013-01-19,55,1148,0,60,0,0,24,3,9,5,4,7,0,1,0,0,0,0,3,11,1,54,1,1,19,1,1,2013,1232,18,23,526,68.44444444444444,29.454545454545453,0.0,Non-profitable,1,VIP,68.80422434799125,8.176714196019133e-21,0.0,0.0,1.0
3839,1958,UnderGraduation,Single,15056.0,1,1,2013-05-03,76,6,12,3,21,6,40,5,2,2,3,5,0,0,0,0,0,0,3,11,0,57,1,2,3,5,2,2013,88,7,20,422,12.571428571428571,8.289473684210526,0.0,Profitable,2,Low-Value,13.143516887541615,3.2944815229987285e-08,0.01,0.0,1.0
9392,1971,Graduation,Single,26954.0,1,0,2014-05-08,17,4,1,11,0,0,1,1,1,0,2,7,0,0,0,0,0,0,3,11,0,44,1,1,8,5,2,2014,17,3,7,52,5.666666666666667,15.882352941176473,0.1,Profitable,2,Low-Value,6.9092693811573,0.2865658526755253,0.29,0.0949,0.9051
2292,1985,Graduation,Single,22327.0,1,0,2013-08-02,94,5,4,8,2,0,5,1,1,0,3,5,0,0,0,0,0,0,3,11,0,30,1,1,2,8,3,2013,24,4,17,331,6.0,3.829787234042553,0.0,Profitable,2,Low-Value,6.932206648252561,0.000115794882432,0.07,0.0002,0.9998
10466,1965,Graduation,Partner,44393.0,1,1,2013-08-22,86,24,2,20,2,2,10,2,1,0,4,4,0,0,0,0,0,0,3,11,0,50,1,2,22,8,3,2013,60,5,16,311,12.0,5.232558139534883,0.0,Profitable,2,Low-Value,12.797854051448128,5.585594959857906e-05,0.12,0.0001,0.9999
9855,1952,PhD,Single,62000.0,0,1,2013-08-25,25,899,0,101,0,0,20,1,6,6,13,4,0,0,0,1,0,0,3,11,0,63,1,1,25,8,3,2013,1020,25,16,308,40.8,90.0,0.0,Non-profitable,0,Moderate-Value,41.0096767233541,3.649141066550476e-28,0.0,0.0,1.0
4088,1962,PhD,Partner,31497.0,0,1,2012-12-06,22,108,1,28,13,1,4,2,3,1,4,8,0,0,0,0,0,0,3,11,0,53,1,1,6,12,4,2012,155,8,25,570,19.375,32.72727272727273,0.0,Non-profitable,2,Low-Value,19.913150027295032,1.3252106565024777e-15,0.0,0.0,1.0
5231,1974,PostGraduation,Partner,45894.0,0,2,2014-02-27,15,27,2,7,0,2,13,1,1,0,3,5,0,0,0,0,0,0,3,11,0,41,1,2,27,2,1,2014,51,4,10,122,12.75,24.0,0.0,Profitable,2,Low-Value,13.757975274889644,0.000285199770409,0.41,0.0002,0.9998
590,1970,PostGraduation,Single,78579.0,0,0,2012-12-22,35,816,66,549,216,66,99,1,5,6,4,3,0,0,0,0,0,0,3,11,1,45,0,0,22,12,4,2012,1812,15,24,554,120.8,38.57142857142857,0.0,Non-profitable,3,High-Value,121.38738737748844,1.376287498355221e-21,0.0,0.0,1.0
8732,1969,PostGraduation,Single,67369.0,0,1,2012-11-17,81,1298,0,70,37,14,42,4,7,4,10,4,0,1,1,0,0,0,3,11,1,46,1,1,17,11,4,2012,1461,21,25,589,69.57142857142857,23.33333333333333,0.0,Non-profitable,1,VIP,69.8820903406171,1.6379479006978385e-21,0.0,0.0,1.0
2315,1960,Graduation,Single,58401.0,0,1,2014-04-20,55,10,0,11,17,29,29,1,1,2,2,4,0,0,0,0,0,0,3,11,0,55,1,1,20,4,2,2014,96,5,8,70,19.2,8.181818181818182,2.14,Profitable,2,Low-Value,20.06236511906744,2.13785851501173,1.35,0.6064,0.3935999999999999
3515,1952,Graduation,Single,62307.0,0,1,2014-02-17,94,87,13,34,10,6,10,1,4,0,4,5,0,0,0,0,0,0,3,11,0,63,1,1,17,2,1,2014,160,8,10,132,20.0,7.659574468085106,0.42,Profitable,2,Low-Value,20.541638256429643,0.4131381911203583,1.6,0.1415,0.8585
2245,1969,PostGraduation,Partner,43641.0,1,1,2013-04-22,50,57,2,51,4,2,23,3,2,1,4,6,0,0,0,0,0,0,3,11,0,46,1,2,22,4,2,2013,139,7,20,433,19.857142857142858,12.6,0.0,Profitable,2,Low-Value,20.47574000986892,8.511405434667383e-10,0.01,0.0,1.0
6283,1968,PostGraduation,Single,63841.0,0,1,2013-04-21,64,635,15,100,20,7,131,1,9,3,9,6,0,0,0,0,0,0,3,11,0,47,1,1,21,4,2,2013,908,21,20,434,43.23809523809524,29.53125,0.0,Non-profitable,0,Moderate-Value,43.49296093710098,1.1199429121530092e-19,0.0,0.0,1.0
2246,1965,PostGraduation,Partner,46891.0,0,1,2013-09-01,91,43,12,23,29,15,61,1,2,1,4,4,0,0,0,0,0,0,3,11,0,50,1,1,1,9,3,2013,183,7,16,301,26.142857142857142,6.923076923076923,0.0,Profitable,0,Moderate-Value,26.80157956638659,1.9135907594365123e-05,0.2,0.0,1.0
6606,1969,PostGraduation,Partner,70091.0,1,0,2013-03-31,11,964,34,137,15,0,11,2,5,2,10,8,0,1,0,0,0,0,3,11,0,46,1,1,31,3,1,2013,1161,17,21,455,68.29411764705883,139.0909090909091,0.0,Non-profitable,1,VIP,68.6747228352796,7.937960112566921e-30,0.0,0.0,1.0
5545,1972,PhD,Partner,78075.0,0,0,2014-04-05,72,572,8,259,34,35,80,1,3,5,5,1,0,0,0,0,0,0,3,11,0,43,0,0,5,4,2,2014,988,13,9,85,76.0,16.25,13.67,Profitable,1,VIP,76.52452549033448,3.5736181624406886,12.49,0.5027,0.4972999999999999
7342,1961,PostGraduation,Single,59184.0,0,1,2012-09-09,6,341,142,113,259,151,66,3,6,6,12,5,0,0,0,0,0,0,3,11,0,54,1,1,9,9,3,2012,1072,24,28,658,44.66666666666666,360.0,0.0,Non-profitable,0,Moderate-Value,44.89226295068149,6.776630005716363e-52,0.0,0.0,1.0
837,1977,Graduation,Partner,54809.0,1,1,2013-09-11,0,63,6,57,13,13,22,4,2,1,5,4,0,0,0,0,0,0,3,11,0,38,1,2,11,9,3,2013,174,8,15,291,21.75,0.0,0.0,Non-profitable,2,Low-Value,22.301405298006557,1.62003862920614e-22,0.0,0.0,1.0
9500,1959,Graduation,Partner,58113.0,0,1,2013-01-25,66,221,104,169,102,78,84,3,9,2,8,7,0,0,0,0,0,1,3,11,0,56,1,1,25,1,1,2013,758,19,23,520,39.89473684210526,25.90909090909091,0.0,Non-profitable,0,Moderate-Value,40.16866188136786,4.6863412871894654e-20,0.0,0.0,1.0
3602,1958,PostGraduation,Partner,51412.0,0,1,2013-12-31,42,140,3,29,4,5,14,2,3,2,4,4,0,0,0,0,0,0,3,11,0,57,1,1,31,12,4,2013,195,9,12,180,21.666666666666668,19.285714285714285,0.0,Profitable,2,Low-Value,22.156087785055785,2.588198806241092e-06,0.29,0.0,1.0
234,1979,Graduation,Single,15287.0,1,0,2012-10-10,60,1,2,8,4,3,13,2,1,1,2,7,1,0,0,0,0,0,3,11,1,36,1,1,10,10,4,2012,31,4,27,627,7.75,6.0,0.0,Non-profitable,2,Low-Value,8.701850366269582,2.8039913666216902e-09,0.0,0.0,1.0
2995,1957,PostGraduation,Partner,66636.0,0,0,2013-08-17,64,291,10,689,84,10,0,1,3,4,9,1,0,0,0,0,0,0,3,11,0,58,0,0,17,8,3,2013,1084,16,16,316,67.75,22.5,0.0,Non-profitable,1,VIP,68.15294502948379,1.6487466290421058e-12,0.0,0.0,1.0
1118,1956,PostGraduation,Partner,50965.0,0,1,2013-02-20,87,544,13,85,8,6,29,3,10,4,5,8,1,0,0,0,0,0,3,11,0,59,1,1,20,2,1,2013,685,19,22,494,36.05263157894737,19.655172413793103,0.0,Non-profitable,0,Moderate-Value,36.317556885686486,4.89039444707361e-17,0.0,0.0,1.0
7789,1965,PhD,Partner,84618.0,0,0,2013-11-22,96,684,100,801,21,66,0,1,6,9,10,2,0,0,1,0,0,0,3,11,0,50,0,0,22,11,4,2013,1672,25,13,219,66.88,23.4375,0.0,Profitable,1,VIP,67.13607880259922,7.303661544271191e-09,0.03,0.0,1.0
3068,1990,Graduation,Partner,18351.0,0,0,2013-10-29,1,1,12,9,0,14,7,1,2,0,3,7,0,0,0,0,0,0,3,11,0,25,0,0,29,10,4,2013,43,5,14,243,8.6,450.0,0.0,Profitable,2,Low-Value,9.36739049173901,2.115600067309673e-12,0.04,0.0,1.0
8955,1957,PhD,Partner,40451.0,0,2,2014-02-16,54,35,0,4,0,0,10,1,1,1,2,5,1,0,0,0,0,0,3,11,0,58,1,2,16,2,1,2014,49,4,10,133,12.25,6.666666666666666,0.02,Profitable,2,Low-Value,13.252362784027635,0.0307061171196594,0.46,0.0199,0.9801
945,1965,Graduation,Partner,36317.0,0,1,2013-05-22,53,87,3,25,3,2,13,2,3,0,4,7,0,0,0,0,0,0,3,11,0,50,1,1,22,5,2,2013,133,7,19,403,19.0,11.88679245283019,0.0,Profitable,2,Low-Value,19.613125524889234,3.9788068708794375e-09,0.01,0.0,1.0
5644,1957,Graduation,Partner,42213.0,0,1,2013-10-12,96,309,3,24,4,3,20,2,5,1,7,7,0,1,0,0,0,0,3,11,0,58,1,1,12,10,4,2013,363,13,14,260,27.923076923076923,12.1875,0.0,Profitable,0,Moderate-Value,28.282832835562147,1.653196544556619e-06,0.1,0.0,1.0
7192,1955,Graduation,Partner,65748.0,0,1,2013-04-15,58,172,73,93,95,78,34,2,2,4,10,1,0,0,0,0,0,1,3,11,0,60,1,1,15,4,2,2013,545,16,20,440,34.0625,24.82758620689655,0.0,Non-profitable,0,Moderate-Value,34.3716988607995,1.2688111996340624e-16,0.0,0.0,1.0
2324,1972,Graduation,Partner,77044.0,0,1,2013-10-27,12,625,38,242,50,34,76,2,7,11,11,4,1,0,0,0,0,0,3,11,0,43,1,1,27,10,4,2013,1065,29,14,245,36.72413793103448,217.5,0.0,Non-profitable,0,Moderate-Value,36.898599310180906,1.0136468622449114e-37,0.0,0.0,1.0
697,1969,Graduation,Partner,74918.0,0,0,2013-03-12,78,972,59,913,25,19,59,1,5,9,6,3,0,0,1,0,0,0,3,11,0,46,0,0,12,3,1,2013,2047,20,22,474,102.35,23.076923076923077,0.0,Non-profitable,3,High-Value,102.7491622562472,3.2479032537123427e-18,0.0,0.0,1.0
3439,1972,Graduation,Partner,56721.0,1,1,2012-10-31,64,157,6,39,6,13,75,5,4,1,5,6,0,0,0,0,0,0,3,11,0,43,1,2,31,10,4,2012,296,10,26,606,29.6,14.0625,0.0,Non-profitable,0,Moderate-Value,30.07564303614297,4.755072014952766e-14,0.0,0.0,1.0
1506,1975,Graduation,Single,42160.0,1,1,2013-06-28,26,48,9,45,3,15,20,4,2,1,4,6,0,0,0,0,0,0,3,11,1,40,1,2,28,6,2,2013,140,7,18,366,20.0,24.23076923076923,0.0,Profitable,2,Low-Value,20.619509090698863,9.5735740903433e-11,0.01,0.0,1.0
232,1965,Graduation,Single,61559.0,0,1,2013-07-17,8,279,83,88,32,14,34,1,4,2,10,3,0,0,0,0,0,0,3,11,0,50,1,1,17,7,3,2013,530,16,17,347,33.125,180.0,0.0,Non-profitable,0,Moderate-Value,33.431589969277674,1.7312963724921995e-27,0.0,0.0,1.0
8876,1963,PhD,Partner,33629.0,1,1,2012-08-08,49,132,0,16,0,0,4,5,3,1,4,9,0,0,0,0,0,0,3,11,0,52,1,2,8,8,3,2012,152,8,29,690,19.0,14.693877551020408,0.0,Non-profitable,2,Low-Value,19.536057089814264,2.1998900602481788e-14,0.0,0.0,1.0
4500,1991,PhD,Partner,68682.0,0,0,2013-10-06,56,919,0,505,99,30,45,1,4,9,10,2,0,0,0,0,0,0,3,11,0,24,0,0,6,10,4,2013,1598,23,15,266,69.47826086956522,36.96428571428572,0.0,Non-profitable,1,VIP,69.76167611209159,3.3928436738537443e-16,0.0,0.0,1.0
9739,1963,Graduation,Single,34377.0,0,1,2013-01-19,55,62,0,22,3,1,26,2,2,2,2,7,0,0,0,0,0,0,3,11,0,52,1,1,19,1,1,2013,114,6,23,526,19.0,9.818181818181818,0.0,Non-profitable,2,Low-Value,19.716074964314,5.358316235498624e-10,0.0,0.0,1.0
10395,1986,UnderGraduation,Single,8940.0,1,0,2012-08-22,25,1,45,3,4,6,42,3,3,1,3,8,0,0,0,0,0,0,3,11,0,29,1,1,22,8,3,2012,101,7,28,676,14.428571428571429,25.200000000000003,0.0,Non-profitable,2,Low-Value,15.012514938330929,2.7976915189667997e-15,0.0,0.0,1.0
1176,1973,Graduation,Partner,26228.0,1,0,2013-09-22,50,2,6,4,3,1,9,1,1,0,2,8,0,0,0,0,0,0,3,11,0,42,1,1,22,9,3,2013,25,3,15,280,8.333333333333334,5.4,0.0,Profitable,2,Low-Value,9.615996988395713,9.708600866959594e-05,0.09,0.0002,0.9998
1627,1957,PostGraduation,Single,77297.0,0,0,2013-01-26,84,408,61,109,48,122,41,1,5,7,9,4,0,0,0,1,0,0,3,11,0,58,0,0,26,1,1,2013,789,21,23,519,37.57142857142857,22.5,0.0,Non-profitable,0,Moderate-Value,37.81428752115447,1.896953405564597e-19,0.0,0.0,1.0
938,1981,Graduation,Partner,40211.0,1,1,2013-07-30,30,51,1,7,2,1,25,2,2,1,2,8,1,0,0,0,0,0,3,11,0,34,1,2,30,7,3,2013,87,5,17,334,17.4,15.0,0.0,Profitable,2,Low-Value,18.24623735216261,6.161688801611424e-08,0.04,0.0,1.0
2740,1958,PhD,Single,33438.0,1,1,2013-09-22,81,62,1,16,3,2,6,4,2,1,4,5,0,0,0,0,0,0,3,11,0,57,1,2,22,9,3,2013,90,7,15,280,12.857142857142858,7.777777777777778,0.0,Profitable,2,Low-Value,13.431055049201513,1.9290176916653483e-05,0.11,0.0,1.0
257,1959,PhD,Partner,75032.0,0,1,2013-04-28,74,952,12,180,47,12,12,2,5,4,9,3,0,0,0,0,0,0,3,11,0,56,1,1,28,4,2,2013,1215,18,20,427,67.5,21.89189189189189,0.0,Non-profitable,1,VIP,67.85744443310621,5.876206863751054e-16,0.0,0.0,1.0
4058,1955,PhD,Single,61284.0,0,0,2013-10-12,76,618,15,106,20,7,45,1,11,2,8,6,0,1,0,0,0,0,3,11,0,60,0,0,12,10,4,2013,811,21,14,260,38.61904761904762,24.868421052631582,0.0,Non-profitable,0,Moderate-Value,38.8641263039345,8.513204723654648e-12,0.0,0.0,1.0
7736,1986,Graduation,Partner,22518.0,1,0,2012-10-22,36,11,7,12,2,2,27,2,2,1,2,5,1,0,0,0,0,0,3,11,1,29,1,1,22,10,4,2012,61,5,26,615,12.2,12.5,0.0,Non-profitable,2,Low-Value,12.999646025548664,3.2007385275521484e-11,0.0,0.0,1.0
8210,1975,PostGraduation,Partner,54730.0,0,1,2013-08-15,64,318,3,17,4,7,56,5,4,1,8,4,0,0,0,0,0,0,3,11,0,40,1,1,15,8,3,2013,405,13,16,318,31.153846153846157,18.28125,0.0,Non-profitable,0,Moderate-Value,31.52467458196285,1.1497509227329639e-10,0.0,0.0,1.0
833,1955,PostGraduation,Partner,38452.0,1,1,2014-03-30,62,56,0,14,0,0,2,3,3,0,3,7,0,0,0,0,0,0,3,11,0,60,1,2,30,3,1,2014,72,6,9,91,12.0,8.709677419354838,0.49,Profitable,2,Low-Value,12.663886985969649,0.7810694450779864,0.9,0.2428,0.7572
6230,1971,Graduation,Single,44421.0,1,1,2013-02-15,53,110,5,59,7,1,7,5,5,0,4,8,0,0,0,0,0,0,3,11,0,44,1,2,15,2,1,2013,189,9,22,499,21.0,15.283018867924527,0.0,Non-profitable,2,Low-Value,21.486115810114395,2.4931751807582536e-12,0.0,0.0,1.0
7325,1986,PhD,Partner,38197.0,1,0,2013-06-29,86,23,0,11,2,1,3,1,1,0,3,5,0,0,0,0,0,0,3,11,0,29,1,1,29,6,2,2013,40,4,18,365,10.0,4.186046511627907,0.0,Profitable,2,Low-Value,10.97710657514861,2.352680853092097e-05,0.07,0.0,1.0
1307,1978,Graduation,Single,41986.0,0,1,2014-02-09,15,27,5,8,8,3,12,3,3,0,4,4,0,0,0,0,0,0,3,11,0,37,1,1,9,2,1,2014,63,7,10,140,9.0,42.0,0.0,Profitable,2,Low-Value,9.54928986679294,3.9092141896523673e-07,0.21,0.0,1.0
1502,1983,Graduation,Partner,28427.0,1,0,2013-03-21,67,18,3,19,3,3,6,2,2,0,3,8,0,0,0,0,0,0,3,11,0,32,1,1,21,3,1,2013,52,5,21,465,10.4,6.716417910447761,0.0,Profitable,2,Low-Value,11.183518258643838,6.908167714781523e-08,0.01,0.0,1.0
6211,1976,PhD,Partner,37395.0,1,0,2014-05-02,47,18,0,9,0,1,11,1,1,0,3,6,0,0,0,0,0,0,3,11,0,39,1,1,2,5,2,2014,39,4,8,58,9.75,7.659574468085106,1.36,Profitable,2,Low-Value,10.724300329717607,2.545315070082341,0.62,0.7323,0.2677
9757,1972,Graduation,Partner,84906.0,0,0,2013-10-04,98,997,15,414,99,30,76,1,5,6,12,2,0,1,1,0,1,0,3,11,0,43,0,0,4,10,4,2013,1631,23,15,268,70.91304347826087,21.12244897959184,0.0,Non-profitable,1,VIP,71.19923392743972,1.637718748512924e-10,0.0,0.0,1.0
6918,1989,Graduation,Partner,28691.0,1,0,2013-07-04,56,5,4,13,8,0,4,1,1,0,3,8,0,0,0,0,0,0,3,11,0,26,1,1,4,7,3,2013,34,4,18,360,8.5,6.428571428571428,0.0,Profitable,2,Low-Value,9.460269102562592,3.124754229272424e-06,0.04,0.0,1.0
286,1952,Graduation,Single,44213.0,1,1,2013-11-29,48,95,11,35,0,4,7,4,2,1,5,6,0,0,0,0,0,0,3,11,0,63,1,2,29,11,4,2013,152,8,13,212,19.0,15.0,0.0,Profitable,2,Low-Value,19.536057089814264,3.2589190528138334e-06,0.19,0.0,1.0
11086,1984,UnderGraduation,Single,25707.0,1,0,2014-01-18,18,1,6,2,3,6,3,1,1,0,3,7,0,0,0,0,0,0,3,11,0,31,1,1,18,1,1,2014,21,4,11,162,5.25,20.0,0.0,Profitable,2,Low-Value,6.173787911959551,5.9233708755359774e-05,0.13,0.0,1.0
1921,1967,PhD,Partner,59062.0,2,1,2013-10-03,74,46,1,12,3,0,9,2,2,0,3,4,0,0,0,0,0,0,3,11,0,48,1,3,3,10,4,2013,71,5,15,269,14.2,6.081081081081082,0.0,Profitable,2,Low-Value,15.017565766554029,0.000114730362614,0.19,0.0001,0.9999
7718,1947,PostGraduation,Partner,66000.0,0,0,2014-04-20,36,244,51,270,101,0,45,1,1,3,5,1,0,0,0,0,0,0,3,11,0,68,0,0,20,4,2,2014,711,9,8,70,79.0,22.5,0.34,Profitable,1,VIP,79.77367763001509,0.0858467780726763,8.9,0.0142,0.9858
1291,1978,PhD,Partner,27683.0,1,0,2012-08-04,90,152,9,121,12,12,45,4,6,2,4,8,0,0,0,0,0,0,3,11,0,37,1,1,4,8,3,2012,351,12,29,694,29.25,12.0,0.0,Non-profitable,0,Moderate-Value,29.644774930194263,2.5888034902676853e-15,0.0,0.0,1.0
4136,1992,UnderGraduation,Single,7500.0,1,0,2012-12-03,63,10,17,18,8,26,40,4,3,2,2,9,0,0,0,0,0,0,3,11,0,23,1,1,3,12,4,2012,119,7,25,573,17.0,10.0,0.0,Non-profitable,2,Low-Value,17.600358393269975,4.8854949533326896e-11,0.0,0.0,1.0
803,1968,Graduation,Partner,40521.0,1,1,2013-04-05,82,12,0,5,0,0,4,1,0,1,2,5,0,0,0,0,0,0,3,11,0,47,1,2,5,4,2,2013,21,3,21,450,7.0,3.292682926829268,0.0,Profitable,2,Low-Value,8.262633184776504,5.004656812990288e-06,0.03,0.0,1.0
4298,1973,PhD,Partner,20427.0,1,0,2014-03-24,63,5,0,4,0,0,1,1,1,0,2,8,0,0,0,0,0,0,3,11,0,42,1,1,24,3,1,2014,10,3,9,97,3.333333333333333,4.285714285714286,0.12,Profitable,2,Low-Value,4.5408827248236925,0.5434425193450027,0.16,0.3312,0.6688000000000001
9606,1965,PhD,Partner,69969.0,0,0,2013-08-27,64,882,29,514,38,29,44,1,4,2,6,3,0,0,1,1,0,0,3,11,1,50,0,0,27,8,3,2013,1536,12,16,306,128.0,16.875,0.0,Profitable,3,High-Value,128.76151944495925,1.0015497851410396e-09,0.03,0.0,1.0
8534,1952,Graduation,Partner,67433.0,0,2,2013-07-16,51,615,28,259,12,48,30,4,6,5,13,4,0,1,0,0,0,0,3,11,0,63,1,2,16,7,3,2013,992,24,17,348,41.333333333333336,42.35294117647059,0.0,Non-profitable,0,Moderate-Value,41.55275130922023,2.1663182410543854e-21,0.0,0.0,1.0
5153,1967,PhD,Partner,77766.0,0,1,2013-02-22,97,1004,59,265,115,59,27,2,11,10,11,6,1,0,0,0,0,0,3,11,1,48,1,1,22,2,1,2013,1529,32,22,492,47.78125,29.690721649484537,0.0,Non-profitable,0,Moderate-Value,47.95469648506676,9.819257654724236e-25,0.0,0.0,1.0
961,1972,Graduation,Partner,74716.0,0,1,2013-09-12,92,133,27,421,13,195,71,2,7,3,5,4,0,0,0,0,0,0,3,11,0,43,1,1,12,9,3,2013,860,15,15,290,57.333333333333336,14.673913043478262,0.0,Profitable,1,VIP,57.73229518483988,1.4744591849956792e-08,0.02,0.0,1.0
5011,1963,Graduation,Single,68118.0,0,1,2013-10-18,51,595,23,123,10,23,154,2,8,9,4,6,0,0,0,0,0,0,3,11,0,52,1,1,18,10,4,2013,928,21,14,254,44.19047619047619,37.05882352941176,0.0,Non-profitable,0,Moderate-Value,44.447359830537366,2.9642862701220504e-15,0.0,0.0,1.0
6653,1970,PhD,Partner,55158.0,1,1,2012-07-30,72,293,0,87,4,11,23,4,7,2,5,7,0,0,0,0,0,0,3,11,1,45,1,2,30,7,3,2012,418,14,29,699,29.857142857142858,17.5,0.0,Non-profitable,0,Moderate-Value,30.197273638939283,1.7083334003251929e-18,0.0,0.0,1.0
9094,1955,PostGraduation,Partner,62972.0,0,1,2012-08-03,39,313,15,47,20,0,192,2,7,4,3,6,0,0,0,0,0,0,3,11,1,60,1,1,3,8,3,2012,587,14,29,695,41.92857142857143,32.30769230769231,0.0,Non-profitable,0,Moderate-Value,42.30710900357285,2.836421072583233e-22,0.0,0.0,1.0
5493,1976,Graduation,Partner,39356.0,1,1,2014-03-19,21,15,0,2,0,0,6,1,1,0,2,6,1,0,0,0,0,0,3,11,0,39,1,2,19,3,1,2014,23,3,9,102,7.666666666666667,12.857142857142856,0.01,Profitable,2,Low-Value,8.939315086586108,0.0112725156515501,0.26,0.0072,0.9928
2147,1969,Graduation,Partner,76653.0,0,0,2013-08-16,91,736,63,946,219,189,126,1,4,7,11,2,0,0,1,1,0,0,3,11,0,46,0,0,16,8,3,2013,2279,22,16,317,103.5909090909091,21.75824175824176,0.0,Non-profitable,3,High-Value,103.9562200147691,6.228105188293753e-13,0.0,0.0,1.0
5107,1973,PhD,Single,35860.0,1,1,2014-05-19,37,15,0,8,4,2,20,2,1,1,2,5,1,0,0,0,0,0,3,11,0,42,1,2,19,5,2,2014,49,4,7,41,12.25,9.72972972972973,2.95,Profitable,2,Low-Value,13.252362784027635,4.455236623818603,0.84,0.913,0.0869999999999999
3979,1983,PhD,Single,90687.0,0,0,2013-05-22,98,982,17,672,23,34,51,1,6,2,8,2,0,0,1,0,0,0,3,11,1,32,0,0,22,5,2,2013,1779,16,19,403,111.1875,14.693877551020408,0.0,Non-profitable,3,High-Value,111.71132366999504,7.604774607962192e-12,0.0,0.0,1.0
6049,1982,PostGraduation,Partner,73450.0,0,0,2013-12-05,85,1142,51,415,90,69,37,1,7,8,11,3,1,0,0,1,0,0,3,11,0,33,0,0,5,12,4,2013,1804,26,13,206,69.38461538461539,27.529411764705884,0.0,Profitable,1,VIP,69.6351127296719,8.634890855961984e-10,0.02,0.0,1.0
8147,1960,Graduation,Partner,31454.0,1,1,2013-07-06,40,28,0,11,0,0,9,3,2,0,3,8,0,0,0,0,0,0,3,11,0,55,1,2,6,7,3,2013,48,5,18,358,9.6,11.25,0.0,Profitable,2,Low-Value,10.376350362241691,1.190328538546343e-07,0.02,0.0,1.0
1857,1952,Graduation,Single,47139.0,1,1,2014-03-06,2,46,0,12,0,2,23,2,2,1,2,7,0,0,0,0,0,0,3,11,1,63,1,2,6,3,1,2014,83,5,10,115,16.6,225.0,0.0,Profitable,2,Low-Value,17.439069455760468,2.189639148577988e-08,0.52,0.0,1.0
3910,1975,Graduation,Single,83829.0,0,0,2013-10-08,78,897,161,430,186,161,27,0,4,7,6,1,1,0,1,1,0,0,3,11,1,40,0,0,8,10,4,2013,1862,17,15,264,109.52941176470588,19.615384615384617,0.0,Profitable,3,High-Value,110.01799956203492,8.502152928887292e-10,0.02,0.0,1.0
5207,1963,PhD,Partner,53378.0,1,1,2012-09-24,41,489,6,152,8,6,132,10,9,4,6,8,0,0,0,0,0,0,3,11,1,52,1,2,24,9,3,2012,793,19,27,643,41.73684210526316,41.707317073170735,0.0,Non-profitable,0,Moderate-Value,42.01508208477674,8.809103942446212e-27,0.0,0.0,1.0
11114,1970,Graduation,Partner,19656.0,1,0,2013-02-08,94,25,4,9,6,8,32,3,2,1,3,7,0,0,0,0,0,0,3,11,0,45,1,1,8,2,1,2013,84,6,23,506,14.0,5.744680851063829,0.0,Profitable,2,Low-Value,14.678797836925176,4.283786976224116e-08,0.01,0.0,1.0
5429,1948,PhD,Partner,45579.0,0,1,2013-08-20,10,145,1,33,2,1,1,1,4,1,4,6,0,0,0,0,0,0,3,11,0,67,1,1,20,8,3,2013,183,9,16,313,20.33333333333333,81.0,0.0,Non-profitable,2,Low-Value,20.81614383517301,2.9189366776489798e-15,0.0,0.0,1.0
1740,1944,Graduation,Partner,55956.0,0,0,2014-04-07,22,760,38,104,50,9,38,2,7,3,4,4,0,1,0,0,0,0,3,11,0,71,0,0,7,4,2,2014,999,14,8,83,71.35714285714286,57.27272727272727,0.0,Profitable,1,VIP,71.82931119427717,4.912538835302443e-07,5.22,0.0,1.0
7488,1963,PostGraduation,Single,64191.0,0,1,2013-01-22,30,420,15,186,151,38,15,3,5,3,13,3,0,0,0,0,0,0,3,11,0,52,1,1,22,1,1,2013,825,21,23,523,39.285714285714285,62.99999999999999,0.0,Non-profitable,0,Moderate-Value,39.53220552933997,4.5888803241142344e-29,0.0,0.0,1.0
195,1972,Graduation,Single,38808.0,1,0,2012-08-26,21,125,17,52,3,19,30,4,5,1,4,8,1,0,0,0,0,0,3,11,1,43,1,1,26,8,3,2012,246,10,28,672,24.6,42.85714285714285,0.0,Non-profitable,2,Low-Value,25.05334326143309,6.308076004075232e-20,0.0,0.0,1.0
635,1966,PostGraduation,Partner,57183.0,1,1,2013-03-19,51,464,5,64,7,0,70,8,9,1,7,8,0,0,0,0,0,0,3,11,0,49,1,2,19,3,1,2013,610,17,21,467,35.88235294117647,30.0,0.0,Non-profitable,0,Moderate-Value,36.17808164206677,4.339864896013907e-19,0.0,0.0,1.0
7527,1968,PostGraduation,Single,23748.0,1,0,2012-11-21,97,6,6,29,12,15,8,3,2,1,3,8,0,0,0,0,0,0,3,11,0,47,1,1,21,11,4,2012,76,6,25,585,12.666666666666666,5.56701030927835,0.0,Non-profitable,2,Low-Value,13.335523936288157,5.210163621033125e-09,0.0,0.0,1.0
10319,1971,Graduation,Partner,66303.0,0,1,2013-02-26,56,1090,12,96,16,12,60,4,3,4,11,8,0,1,0,0,0,0,3,11,0,44,1,1,26,2,1,2013,1286,18,22,488,71.44444444444444,28.92857142857143,0.0,Non-profitable,1,VIP,71.81164290115551,9.030711490324184e-20,0.0,0.0,1.0
2296,1975,PostGraduation,Partner,37368.0,1,0,2013-12-16,4,3,2,11,2,2,10,1,1,0,2,6,1,0,0,0,0,0,3,11,0,40,1,1,16,12,4,2013,30,3,12,195,10.0,67.5,0.0,Profitable,2,Low-Value,11.307701742919717,1.470602302120462e-06,0.14,0.0,1.0
10637,1964,Graduation,Partner,40800.0,1,2,2013-01-01,77,24,0,27,8,30,10,2,3,0,3,7,0,0,0,0,0,1,3,11,0,51,1,3,1,1,1,2013,99,6,24,544,16.5,7.012987012987013,0.0,Profitable,2,Low-Value,17.197436400619587,3.1695952500025353e-09,0.01,0.0,1.0
2931,1978,Graduation,Single,71847.0,0,0,2012-09-21,95,737,21,106,55,63,210,0,6,7,9,3,0,0,0,1,0,0,3,11,0,37,0,0,21,9,3,2012,1192,22,27,646,54.18181818181818,20.84210526315789,0.0,Non-profitable,1,VIP,54.44720749471482,4.600959847747084e-22,0.0,0.0,1.0
907,1975,Graduation,Partner,46149.0,0,1,2013-11-29,36,254,6,71,4,0,27,5,5,1,7,5,0,0,0,0,0,0,3,11,0,40,1,1,29,11,4,2013,362,13,13,212,27.846153846153847,32.5,0.0,Profitable,0,Moderate-Value,28.205646127314512,1.1548064148932143e-10,0.02,0.0,1.0
3698,1983,Graduation,Partner,78687.0,0,0,2012-08-09,13,817,185,687,145,55,241,1,4,6,8,2,0,0,1,0,0,0,3,11,1,32,0,0,9,8,3,2012,2130,18,29,689,118.33333333333331,124.6153846153846,0.0,Non-profitable,3,High-Value,118.81648102838936,2.915741562450248e-35,0.0,0.0,1.0
9516,1971,PostGraduation,Single,49118.0,0,0,2012-08-18,90,620,54,239,99,98,119,2,9,7,10,7,0,1,0,0,1,0,3,11,1,44,0,0,18,8,3,2012,1229,26,28,680,47.26923076923077,26.0,0.0,Non-profitable,0,Moderate-Value,47.48189594073112,1.0146542531231848e-26,0.0,0.0,1.0
679,1957,PhD,Partner,37633.0,1,1,2012-09-20,49,13,4,20,0,0,1,2,1,0,3,9,0,0,0,0,0,0,3,11,0,58,1,2,20,9,3,2012,38,4,27,647,9.5,7.346938775510203,0.0,Non-profitable,2,Low-Value,10.471494084286604,6.612328413705215e-10,0.0,0.0,1.0
7384,1951,PostGraduation,Partner,39767.0,0,0,2013-07-21,18,113,61,204,34,26,47,2,7,1,7,8,0,0,0,0,0,0,3,11,0,64,0,0,21,7,3,2013,485,15,17,343,32.333333333333336,75.0,0.0,Non-profitable,0,Moderate-Value,32.65807294508859,6.694146430731076e-21,0.0,0.0,1.0
5043,1951,UnderGraduation,Partner,26997.0,0,0,2012-11-05,89,7,23,78,133,49,144,2,4,2,5,7,0,0,0,0,0,0,3,11,0,64,0,0,5,11,4,2012,434,11,26,601,39.45454545454545,11.123595505617978,0.0,Non-profitable,0,Moderate-Value,39.92671207332674,3.755969230540912e-13,0.0,0.0,1.0
5267,1970,Graduation,Single,33986.0,1,0,2013-03-14,43,16,2,18,2,1,5,1,1,0,3,7,0,0,0,0,0,0,3,11,0,45,1,1,14,3,1,2013,44,4,21,472,11.0,8.372093023255815,0.0,Profitable,2,Low-Value,11.98833155687262,3.2945561735853545e-08,0.02,0.0,1.0
339,1972,PhD,Partner,57091.0,0,1,2012-11-23,82,462,0,24,6,0,4,2,9,2,5,7,0,1,0,0,0,0,3,11,1,43,1,1,23,11,4,2012,496,16,25,583,31.0,17.5609756097561,0.0,Non-profitable,0,Moderate-Value,31.3006764818282,3.0938767464086254e-17,0.0,0.0,1.0
2516,1969,PostGraduation,Partner,46831.0,1,1,2013-06-08,84,22,2,10,6,4,34,2,1,2,2,4,0,0,0,0,0,0,3,11,0,46,1,2,8,6,2,2013,78,5,19,386,15.6,5.357142857142857,0.0,Profitable,2,Low-Value,16.43010958525778,3.3773597496445832e-06,0.07,0.0,1.0
9010,1972,PostGraduation,Partner,83151.0,0,0,2013-02-10,80,968,147,842,137,42,210,1,5,7,10,2,1,0,1,1,0,0,3,11,1,43,0,0,10,2,1,2013,2346,22,23,504,106.63636363636364,24.750000000000004,0.0,Non-profitable,3,High-Value,107.00783348196656,2.79419330882135e-20,0.0,0.0,1.0
378,1971,Graduation,Partner,52531.0,0,0,2012-12-30,68,283,112,151,51,72,125,2,7,2,10,6,0,0,0,0,0,0,3,11,0,44,0,0,30,12,4,2012,794,19,24,546,41.78947368421053,25.147058823529413,0.0,Non-profitable,0,Moderate-Value,42.06783694773129,2.050505710650124e-20,0.0,0.0,1.0
4808,1956,Graduation,Partner,15759.0,0,0,2013-09-05,12,1,2,5,6,0,3,1,1,0,2,7,0,0,0,0,0,0,3,11,0,59,0,0,5,9,3,2013,17,3,16,297,5.666666666666667,22.5,0.0,Profitable,2,Low-Value,6.9092693811573,6.135380839842175e-07,0.04,0.0,1.0
5068,1971,Graduation,Single,22804.0,1,0,2013-07-31,75,14,1,7,2,1,1,1,2,0,2,9,0,0,0,0,0,0,3,11,0,44,1,1,31,7,3,2013,26,4,17,333,6.5,4.800000000000001,0.0,Profitable,2,Low-Value,7.437819139114567,3.222997520112448e-05,0.06,0.0001,0.9999
7628,1973,PostGraduation,Partner,43050.0,1,0,2014-03-18,10,30,5,24,6,3,8,2,2,0,4,5,0,0,0,0,0,0,3,11,0,42,1,1,18,3,1,2014,76,6,9,103,12.666666666666666,54.0,0.0,Profitable,2,Low-Value,13.335523936288157,5.308266565968953e-06,0.55,0.0,1.0
7128,1977,PhD,Single,42997.0,1,1,2013-12-07,91,4,0,5,0,1,5,1,1,0,2,7,0,0,0,0,0,0,3,11,0,38,1,2,7,12,4,2013,15,3,13,204,5.0,2.967032967032967,0.01,Profitable,2,Low-Value,6.232587479347697,0.017411398165991,0.12,0.0219,0.9781
2811,1963,PhD,Single,48918.0,1,1,2014-04-12,21,52,0,9,0,0,1,2,1,0,4,4,0,0,0,0,0,0,3,11,0,52,1,2,12,4,2,2014,62,5,8,78,12.4,21.428571428571427,0.01,Profitable,2,Low-Value,13.2014379996492,0.0111599942267036,0.74,0.0035,0.9965
3551,1954,PostGraduation,Partner,60033.0,0,1,2014-03-29,28,62,1,57,19,11,48,2,2,1,5,2,0,0,0,0,0,0,3,11,0,61,1,1,29,3,1,2014,198,8,9,92,24.75,25.71428571428571,0.0,Profitable,0,Moderate-Value,25.31814879785269,0.0008953689759767,1.81,0.0002,0.9998
1663,1978,PhD,Partner,34043.0,1,0,2013-10-25,97,20,2,14,3,0,10,1,2,0,2,9,0,0,0,0,0,0,3,11,0,37,1,1,25,10,4,2013,49,4,14,247,12.25,3.711340206185567,0.0,Profitable,2,Low-Value,13.252362784027635,0.0028705004132968,0.25,0.0034,0.9966
5543,1966,Graduation,Partner,57811.0,0,1,2013-06-24,49,545,7,114,37,21,78,5,7,2,11,5,0,1,0,0,0,0,3,11,0,49,1,1,24,6,2,2013,802,20,18,370,40.1,36.734693877551024,0.0,Non-profitable,0,Moderate-Value,40.36065502667967,2.599298221659094e-19,0.0,0.0,1.0
1577,1946,Graduation,Partner,78569.0,0,0,2014-02-19,14,558,79,622,207,175,95,1,4,6,4,1,0,0,1,0,0,0,3,11,1,69,0,0,19,2,1,2014,1736,14,10,130,124.0,90.0,0.0,Profitable,3,High-Value,124.63965831696912,4.89300609802846e-13,0.41,0.0,1.0
10641,1978,Graduation,Single,7500.0,1,1,2012-12-27,5,6,5,4,13,4,25,4,2,1,3,6,0,0,0,0,0,0,3,11,0,37,1,2,27,12,4,2012,57,6,24,549,9.5,108.0,0.0,Non-profitable,2,Low-Value,10.145248422275236,2.797591836609897e-16,0.0,0.0,1.0
5336,1971,PostGraduation,Partner,157733.0,1,0,2013-06-04,37,39,1,9,2,0,8,0,1,0,1,1,0,0,0,0,0,0,3,11,0,44,1,1,4,6,2,2013,59,2,19,390,29.5,4.864864864864865,0.0,Profitable,0,Moderate-Value,31.919142265248905,6.4950563812930174e-06,0.13,0.0,1.0
6024,1953,Graduation,Partner,94384.0,0,0,2013-03-04,62,1111,24,790,160,45,172,0,5,8,5,2,0,1,1,1,0,0,3,11,1,62,0,0,4,3,1,2013,2302,18,22,482,127.88888888888889,26.12903225806452,0.0,Non-profitable,3,High-Value,128.3956660495792,8.317169851421057e-19,0.0,0.0,1.0
1878,1985,PostGraduation,Partner,23148.0,0,0,2014-02-18,83,4,6,8,6,3,10,1,2,0,3,7,0,0,0,0,0,0,3,11,0,30,0,0,18,2,1,2014,37,5,10,131,7.4,5.421686746987952,0.1,Profitable,2,Low-Value,8.156638647135795,0.2520486125363664,0.4,0.1319,0.8681
3099,1970,Graduation,Single,44267.0,1,1,2013-02-25,48,183,5,65,3,5,49,5,5,2,4,9,0,0,0,0,0,0,3,11,0,45,1,2,25,2,1,2013,310,11,22,489,28.181818181818183,20.625,0.0,Non-profitable,0,Moderate-Value,28.608298000960584,2.0440013869884648e-14,0.0,0.0,1.0
6055,1979,Graduation,Partner,71626.0,0,0,2012-11-01,94,546,72,376,94,145,72,1,5,5,8,3,0,1,0,0,0,0,3,11,0,36,0,0,1,11,4,2012,1305,18,26,605,72.5,17.23404255319149,0.0,Non-profitable,1,VIP,72.86980868837996,3.6305976227851555e-18,0.0,0.0,1.0
5841,1966,Graduation,Partner,60894.0,0,1,2013-06-28,61,606,7,155,10,0,54,5,10,3,8,7,0,0,0,0,0,0,3,11,0,49,1,1,28,6,2,2013,832,21,18,366,39.61904761904762,30.983606557377048,0.0,Non-profitable,0,Moderate-Value,39.86624514204271,5.622237472449797e-18,0.0,0.0,1.0
3972,1976,Graduation,Partner,50200.0,1,1,2013-04-03,70,266,6,51,8,6,64,6,7,1,5,8,0,0,0,0,0,0,3,11,0,39,1,2,3,4,2,2013,401,13,21,452,30.846153846153847,16.714285714285715,0.0,Non-profitable,0,Moderate-Value,31.215927748972305,2.6359914070523174e-13,0.0,0.0,1.0
5758,1982,Graduation,Partner,65169.0,0,0,2014-01-14,23,1074,0,69,0,0,46,1,10,4,13,6,1,0,1,1,1,0,3,11,1,33,0,0,14,1,1,2014,1189,27,11,166,44.03703703703704,105.65217391304348,0.0,Non-profitable,0,Moderate-Value,44.23648864592702,1.6268203778490031e-22,0.0,0.0,1.0
6658,1972,Graduation,Partner,59868.0,0,1,2013-07-22,37,771,51,154,54,10,154,7,11,2,12,6,0,0,0,0,0,0,3,11,0,43,1,1,22,7,3,2013,1194,25,17,342,47.76,60.81081081081081,0.0,Non-profitable,0,Moderate-Value,47.98206010033056,1.9920383013132104e-25,0.0,0.0,1.0
4603,1960,PhD,Partner,65695.0,0,1,2014-01-31,50,371,32,189,0,58,6,2,5,4,10,4,0,0,0,0,0,0,3,11,0,55,1,1,31,1,1,2014,656,19,11,149,34.526315789473685,34.2,0.0,Profitable,0,Moderate-Value,34.78766586000484,1.3703945167081312e-08,0.16,0.0,1.0
8427,1956,PostGraduation,Single,64857.0,0,0,2012-11-23,78,556,14,717,210,0,43,1,7,5,10,4,0,0,0,0,0,0,3,11,0,59,0,0,23,11,4,2012,1540,22,25,583,70.0,25.384615384615383,0.0,Non-profitable,1,VIP,70.29737893627774,1.4620599409379488e-22,0.0,0.0,1.0
10260,1965,PostGraduation,Partner,45143.0,0,1,2013-08-26,74,202,5,74,11,5,14,3,6,1,5,7,0,0,0,0,0,0,3,11,0,50,1,1,26,8,3,2013,311,12,16,307,25.916666666666668,14.594594594594597,0.0,Profitable,0,Moderate-Value,26.2990620351811,6.047962618379359e-09,0.01,0.0,1.0
7143,1955,PostGraduation,Partner,74805.0,0,1,2013-11-06,14,209,162,209,41,162,37,5,4,7,10,2,0,0,0,0,0,0,3,11,0,60,1,1,6,11,4,2013,820,21,14,235,39.04761904761905,135.0,0.0,Non-profitable,0,Moderate-Value,39.29360580598088,6.719252421210433e-26,0.0,0.0,1.0
8789,1989,PostGraduation,Partner,59060.0,1,0,2014-01-11,77,35,40,111,36,40,12,3,3,1,7,4,0,0,0,0,0,0,3,11,0,26,1,1,11,1,1,2014,274,11,11,169,24.90909090909091,12.857142857142856,0.0,Profitable,0,Moderate-Value,25.32230681866073,0.0006308193106093,1.1,0.0002,0.9998
6197,1962,PhD,Single,27238.0,1,1,2013-04-20,39,37,0,17,0,0,3,3,3,0,3,9,0,0,0,0,0,0,3,11,0,53,1,2,20,4,2,2013,57,6,20,435,9.5,13.846153846153848,0.0,Non-profitable,2,Low-Value,10.145248422275236,1.0426474490700756e-09,0.0,0.0,1.0
4554,1965,Graduation,Partner,47009.0,0,1,2013-10-01,89,171,45,73,59,10,90,4,3,2,8,4,0,0,0,0,0,0,3,11,0,50,1,1,1,10,4,2013,448,13,15,271,34.46153846153846,13.146067415730336,0.0,Profitable,0,Moderate-Value,34.84370303661118,2.553451747251814e-07,0.06,0.0,1.0
1920,1972,Graduation,Partner,40321.0,1,1,2013-07-29,59,44,4,21,6,0,27,2,3,0,3,7,0,0,0,0,0,0,3,11,0,43,1,2,29,7,3,2013,102,6,17,335,17.0,9.152542372881356,0.0,Profitable,2,Low-Value,17.70116411335847,5.739734497382387e-07,0.05,0.0,1.0
8749,1984,Graduation,Partner,37235.0,1,0,2014-02-01,68,20,2,9,4,6,20,1,1,1,2,4,0,0,0,0,0,0,3,11,0,31,1,1,1,2,1,2014,61,4,11,148,15.25,5.294117647058823,0.03,Profitable,2,Low-Value,16.286037729199673,0.0401238525846835,0.54,0.0288,0.9712
1650,1960,PostGraduation,Partner,81843.0,0,0,2013-04-22,13,779,86,537,34,69,138,1,5,9,12,3,0,0,0,0,0,0,3,11,0,55,0,0,22,4,2,2013,1643,26,20,433,63.19230769230769,180.0,0.0,Non-profitable,1,VIP,63.43221202876848,2.9184201134402806e-41,0.0,0.0,1.0
10377,1958,PostGraduation,Partner,46692.0,0,1,2013-06-06,37,170,6,97,24,12,88,3,6,1,5,6,0,0,0,0,0,0,3,11,0,57,1,1,6,6,2,2013,397,12,19,388,33.083333333333336,29.18918918918919,0.0,Non-profitable,0,Moderate-Value,33.49234475945941,1.1739106754314312e-14,0.0,0.0,1.0
9206,1968,Graduation,Partner,77382.0,0,1,2014-01-07,36,491,48,231,112,105,134,2,5,7,12,1,0,0,1,0,0,0,3,11,0,47,1,1,7,1,1,2014,1121,24,11,173,46.708333333333336,60.0,0.0,Non-profitable,0,Moderate-Value,46.93771383107652,5.339021615110894e-16,0.0,0.0,1.0
10971,1977,Graduation,Single,37774.0,2,0,2012-09-03,28,173,8,107,7,2,176,4,7,2,3,9,1,0,0,0,0,1,3,11,1,38,1,2,3,9,3,2012,473,12,28,664,39.41666666666666,38.57142857142857,0.0,Non-profitable,0,Moderate-Value,39.84919925998441,3.632760751324423e-21,0.0,0.0,1.0
6398,1974,UnderGraduation,Partner,18393.0,1,0,2014-03-29,2,7,10,13,16,0,4,2,3,0,3,8,0,0,0,0,0,0,3,11,0,41,1,1,29,3,1,2014,50,6,9,92,8.333333333333334,270.0,0.0,Profitable,2,Low-Value,8.969883759217847,5.859006079602518e-09,0.39,0.0,1.0
9212,1962,PostGraduation,Partner,72828.0,0,1,2013-02-14,17,1205,0,235,19,14,205,6,6,3,13,7,0,0,0,0,0,0,3,11,0,53,1,1,14,2,1,2013,1678,22,22,500,76.27272727272727,116.47058823529412,0.0,Non-profitable,1,VIP,76.5827917493113,6.605846006271599e-35,0.0,0.0,1.0
839,1975,PhD,Partner,45503.0,1,0,2013-09-25,54,97,4,44,6,1,18,1,3,1,4,5,0,0,0,0,0,0,3,11,0,40,1,1,25,9,3,2013,170,8,15,277,21.25,13.333333333333332,0.0,Profitable,2,Low-Value,21.798614714698868,2.2969611106528e-07,0.06,0.0,1.0
4246,1982,PostGraduation,Single,6560.0,0,0,2013-12-12,2,67,11,26,4,3,262,0,1,0,1,17,0,0,0,0,0,0,3,11,0,33,0,0,12,12,4,2013,373,2,12,199,186.5,90.0,0.0,Profitable,3,High-Value,192.4837997416133,9.59374484681684e-06,1.92,0.0,1.0
158,1945,PhD,Partner,71604.0,0,0,2013-11-17,3,345,53,528,98,75,97,1,8,3,5,4,1,0,0,0,0,0,3,11,1,70,0,0,17,11,4,2013,1196,16,13,224,74.75,480.0,0.0,Non-profitable,1,VIP,75.17242475284675,4.332833092949355e-29,0.0,0.0,1.0
4832,1979,Graduation,Partner,27244.0,1,0,2014-03-07,84,6,5,17,3,24,46,2,2,2,2,7,0,0,0,0,0,0,3,11,0,36,1,1,7,3,1,2014,101,6,10,114,16.833333333333332,6.428571428571428,0.68,Profitable,2,Low-Value,17.53325487577884,0.7765127463426407,1.14,0.3008,0.6992
5621,1969,Graduation,Partner,48752.0,1,1,2012-12-12,8,73,57,100,71,15,0,5,6,1,5,9,0,0,0,0,0,0,3,11,1,46,1,2,12,12,4,2012,316,12,25,564,26.33333333333333,135.0,0.0,Non-profitable,0,Moderate-Value,26.717276147057746,1.0542682169670825e-25,0.0,0.0,1.0
1945,1962,Graduation,Partner,71434.0,0,1,2013-09-18,4,711,36,217,172,96,168,3,7,4,7,4,0,1,0,1,0,0,3,11,0,53,1,1,18,9,3,2013,1400,18,15,284,77.77777777777777,405.0,0.0,Non-profitable,1,VIP,78.16063762450226,3.580824048571071e-33,0.0,0.0,1.0
5147,1948,Graduation,Single,90842.0,0,0,2013-07-29,57,774,70,118,182,187,93,1,4,9,13,1,0,0,0,0,0,0,3,11,0,67,0,0,29,7,3,2013,1424,26,17,335,54.76923076923077,41.05263157894736,0.0,Non-profitable,1,VIP,54.99472598219799,3.65392337431061e-21,0.0,0.0,1.0
2535,1978,PostGraduation,Partner,88097.0,1,0,2012-08-18,24,163,0,480,0,126,75,1,6,5,8,9,0,1,1,1,0,0,3,11,1,37,1,1,18,8,3,2012,844,19,28,680,44.42105263157895,71.25,0.0,Non-profitable,0,Moderate-Value,44.70558009545826,6.805813944072945e-32,0.0,0.0,1.0
11039,1975,Graduation,Partner,51948.0,0,1,2013-09-17,51,82,33,54,71,30,41,2,5,2,4,5,0,0,0,0,0,0,3,11,0,40,1,1,17,9,3,2013,311,11,15,285,28.272727272727277,19.411764705882355,0.0,Profitable,0,Moderate-Value,28.699575533802246,1.0091009163311907e-09,0.01,0.0,1.0
9495,1982,Graduation,Partner,71853.0,0,0,2013-05-08,29,358,108,413,141,97,32,1,2,8,6,1,0,0,0,0,0,0,3,11,0,33,0,0,8,5,2,2013,1149,16,20,417,71.8125,49.6551724137931,0.0,Non-profitable,1,VIP,72.22675022607837,6.6506603668906974e-21,0.0,0.0,1.0
9635,1983,PostGraduation,Partner,35876.0,0,0,2014-04-20,13,66,2,40,4,3,14,1,3,1,3,6,0,0,0,0,0,0,3,11,0,32,0,0,20,4,2,2014,129,7,8,70,18.428571428571427,48.46153846153846,0.0,Profitable,2,Low-Value,19.038049201569446,0.0001905687871819,1.43,0.0,1.0
2173,1952,Graduation,Single,40049.0,0,1,2013-10-16,23,13,6,7,0,3,3,1,1,0,3,6,0,0,0,0,0,0,3,11,0,63,1,1,16,10,4,2013,32,4,14,256,8.0,15.652173913043478,0.0,Profitable,2,Low-Value,8.954656611700585,2.4524221121160797e-06,0.07,0.0,1.0
942,1982,Graduation,Single,39660.0,1,0,2012-08-08,36,139,13,78,20,13,36,3,7,1,3,9,0,0,0,0,0,0,3,11,1,33,1,1,8,8,3,2012,299,11,29,690,27.181818181818183,27.500000000000004,0.0,Non-profitable,0,Moderate-Value,27.604245139702297,4.657338998701163e-19,0.0,0.0,1.0
5510,1977,PostGraduation,Partner,43263.0,0,1,2012-11-21,2,262,6,61,0,10,102,3,5,2,6,5,0,0,0,0,0,0,3,11,0,38,1,1,21,11,4,2012,441,13,25,585,33.92307692307692,585.0,0.0,Non-profitable,0,Moderate-Value,34.30339607887773,2.867700878755566e-34,0.0,0.0,1.0
873,1949,PostGraduation,Partner,62845.0,1,1,2012-10-01,3,1099,0,45,0,0,34,11,3,4,10,8,0,1,0,0,0,0,3,11,1,66,1,2,1,10,4,2012,1178,17,27,636,69.29411764705883,510.0,0.0,Non-profitable,1,VIP,69.67734152908108,4.003732039271216e-42,0.0,0.0,1.0
2253,1990,Graduation,Partner,18929.0,0,0,2013-02-16,15,32,0,8,23,4,18,1,1,0,4,6,0,0,0,0,0,0,3,11,0,25,0,0,16,2,1,2013,85,5,22,498,17.0,30.0,0.0,Non-profitable,2,Low-Value,17.84265340396154,1.0367953716373769e-11,0.0,0.0,1.0
5181,1982,UnderGraduation,Single,24367.0,1,0,2013-03-20,58,2,4,2,0,11,5,1,1,0,2,9,0,0,0,0,0,0,3,11,0,33,1,1,20,3,1,2013,24,3,21,466,8.0,4.655172413793103,0.0,Profitable,2,Low-Value,9.277656037490909,7.869616457247938e-07,0.03,0.0,1.0
979,1975,Graduation,Single,33249.0,1,0,2013-02-20,11,6,10,21,19,14,42,2,2,1,3,6,0,0,0,0,0,0,3,11,0,40,1,1,20,2,1,2013,112,6,22,494,18.666666666666668,49.090909090909086,0.0,Non-profitable,2,Low-Value,19.380256489154743,9.318903569912012e-14,0.0,0.0,1.0
10390,1959,PostGraduation,Partner,26887.0,0,1,2013-02-10,27,6,7,4,3,4,6,1,1,0,3,6,0,0,0,0,0,0,3,11,0,56,1,1,10,2,1,2013,30,4,23,504,7.5,13.333333333333332,0.0,Profitable,2,Low-Value,8.449044120838579,1.8590470367677774e-09,0.01,0.0,1.0
4698,1983,PhD,Partner,50150.0,0,0,2013-06-20,32,135,46,92,65,61,11,2,5,2,7,5,0,0,0,0,0,0,3,11,0,32,0,0,20,6,2,2013,410,14,18,374,29.285714285714285,39.375,0.0,Non-profitable,0,Moderate-Value,29.624026994459587,4.352608674727106e-17,0.0,0.0,1.0
7793,1976,Graduation,Partner,62061.0,0,1,2013-08-31,12,641,7,84,0,30,38,3,10,4,7,6,0,1,0,0,0,0,3,11,0,39,1,1,31,8,3,2013,800,21,16,302,38.095238095238095,157.5,0.0,Non-profitable,0,Moderate-Value,38.33920691254448,3.634831213606797e-30,0.0,0.0,1.0
1745,1962,PhD,Single,85696.0,0,0,2013-05-03,88,714,76,395,116,0,12,1,4,6,9,1,0,0,0,0,0,0,3,11,1,53,0,0,3,5,2,2013,1313,19,20,422,69.10526315789474,19.431818181818183,0.0,Non-profitable,1,VIP,69.44761082113727,4.9841300838937945e-15,0.0,0.0,1.0
10590,1956,PhD,Partner,76542.0,0,0,2013-03-30,91,794,73,573,0,29,14,1,4,8,10,2,0,0,0,0,0,0,3,11,0,59,0,0,30,3,1,2013,1483,22,21,456,67.4090909090909,21.75824175824176,0.0,Non-profitable,1,VIP,67.70123016567692,1.2312336357309647e-17,0.0,0.0,1.0
5080,1993,Graduation,Single,70515.0,0,0,2013-10-21,12,420,0,452,182,64,140,1,6,6,4,2,0,0,0,0,0,0,3,11,1,22,0,0,21,10,4,2013,1258,16,14,251,78.625,120.0,0.0,Non-profitable,1,VIP,79.05820817113697,9.881774773562897e-22,0.0,0.0,1.0
8369,1987,Graduation,Partner,18227.0,1,0,2012-11-08,21,1,2,7,4,3,11,1,0,1,2,8,0,0,0,0,0,0,3,11,0,28,1,1,8,11,4,2012,28,3,26,598,9.333333333333334,12.857142857142856,0.0,Profitable,2,Low-Value,10.631019841110112,9.79290960553698e-10,0.01,0.0,1.0
5232,1965,Graduation,Partner,69139.0,0,1,2014-01-27,23,86,12,75,33,15,6,1,4,1,5,4,0,0,0,0,0,0,3,11,0,50,1,1,27,1,1,2014,227,10,11,153,22.7,39.130434782608695,0.0,Profitable,2,Low-Value,23.144869347043333,1.885612023558697e-08,0.22,0.0,1.0
2407,1982,Graduation,Partner,69109.0,0,0,2012-11-09,10,823,25,459,124,29,95,1,6,6,7,4,0,0,1,0,0,0,3,11,1,33,0,0,9,11,4,2012,1555,19,26,597,81.84210526315789,171.0,0.0,Non-profitable,1,VIP,82.21428765613582,4.835253959212161e-37,0.0,0.0,1.0
3834,1962,Graduation,Single,69627.0,0,1,2013-03-17,35,231,161,215,171,30,53,2,8,2,11,5,0,0,0,0,0,0,3,11,0,53,1,1,17,3,1,2013,861,21,21,469,41.0,54.0,0.0,Non-profitable,0,Moderate-Value,41.25012353752547,3.106450978103646e-26,0.0,0.0,1.0
7912,1978,Graduation,Partner,38136.0,1,0,2013-04-22,69,8,15,27,0,20,33,2,3,1,2,8,1,0,0,0,0,0,3,11,0,37,1,1,22,4,2,2013,103,6,20,433,17.166666666666668,7.826086956521739,0.0,Profitable,2,Low-Value,17.8690733509381,4.8434818306367295e-08,0.02,0.0,1.0
1065,1963,Graduation,Single,80695.0,0,0,2013-12-29,85,557,129,984,193,37,18,1,5,8,5,2,0,0,0,0,0,0,3,11,0,52,0,0,29,12,4,2013,1918,18,12,182,106.55555555555556,19.058823529411764,0.0,Profitable,3,High-Value,107.0095785604112,8.259986257911208e-06,1.43,0.0,1.0
7275,1971,PostGraduation,Single,33316.0,1,1,2013-10-04,34,79,1,31,4,4,12,3,2,1,4,6,0,0,0,0,0,0,3,11,0,44,1,2,4,10,4,2013,131,7,15,268,18.714285714285715,18.52941176470588,0.0,Profitable,2,Low-Value,19.325587363229342,4.665001769447112e-08,0.05,0.0,1.0
1343,1968,Graduation,Partner,58554.0,1,1,2012-09-26,55,368,24,68,38,0,88,6,8,2,6,7,0,0,0,0,0,0,3,11,0,47,1,2,26,9,3,2012,586,16,27,641,36.625,26.18181818181818,0.0,Non-profitable,0,Moderate-Value,36.94132983095916,3.007053920134708e-21,0.0,0.0,1.0
1384,1992,UnderGraduation,Partner,17256.0,1,0,2013-11-23,10,6,4,14,8,8,22,2,2,1,2,8,1,0,0,0,0,0,3,11,0,23,1,1,23,11,4,2013,62,5,13,218,12.4,45.0,0.0,Profitable,2,Low-Value,13.2014379996492,3.6641658252152015e-08,0.1,0.0,1.0
9967,1974,Graduation,Single,53034.0,1,1,2013-05-30,30,160,15,196,15,11,50,8,6,1,7,8,0,0,0,0,0,0,3,11,0,41,1,2,30,5,2,2013,447,14,19,395,31.928571428571427,42.0,0.0,Non-profitable,0,Moderate-Value,32.275292725178176,5.388943518330298e-18,0.0,0.0,1.0
6181,1950,PostGraduation,Partner,52203.0,0,0,2012-07-31,36,488,21,238,56,108,28,1,8,7,11,6,0,0,0,0,0,0,3,11,0,65,0,0,31,7,3,2012,939,26,29,698,36.11538461538461,65.0,0.0,Non-profitable,0,Moderate-Value,36.30896921239577,1.2135020278246455e-37,0.0,0.0,1.0
10507,1977,PostGraduation,Single,59601.0,0,1,2013-07-25,14,691,7,69,0,7,23,4,2,2,7,8,0,1,0,0,0,0,3,11,0,38,1,1,25,7,3,2013,797,11,17,339,72.45454545454545,70.71428571428571,0.0,Non-profitable,1,VIP,73.06045649485024,3.736720368798056e-17,0.0,0.0,1.0
2674,1958,PostGraduation,Single,75154.0,0,1,2012-09-04,79,543,10,205,160,143,82,1,6,3,6,3,0,0,0,0,0,0,3,11,1,57,1,1,4,9,3,2012,1143,15,28,663,76.2,17.08860759493671,0.0,Non-profitable,1,VIP,76.65497490177216,3.674266202423217e-18,0.0,0.0,1.0
2698,1976,Graduation,Single,47025.0,0,1,2013-11-07,52,254,7,108,20,0,26,3,6,3,5,6,0,0,0,0,0,0,3,11,0,39,1,1,7,11,4,2013,415,14,14,234,29.642857142857142,24.23076923076923,0.0,Profitable,0,Moderate-Value,29.9823061472594,6.332143521092301e-10,0.01,0.0,1.0
3231,1973,Graduation,Partner,37971.0,1,0,2013-11-25,97,5,4,10,2,2,7,1,1,0,3,8,0,0,0,0,0,0,3,11,0,42,1,1,25,11,4,2013,30,4,13,216,7.5,3.711340206185567,0.0,Profitable,2,Low-Value,8.449044120838579,0.0102074126913734,0.2,0.0106,0.9894
4096,1968,PostGraduation,Single,41335.0,1,0,2013-12-26,24,112,19,21,16,14,5,3,4,1,4,7,0,0,0,0,0,0,3,11,0,47,1,1,26,12,4,2013,187,9,12,185,20.77777777777778,33.75,0.0,Profitable,2,Low-Value,21.262791818467267,1.1304264413029504e-08,0.11,0.0,1.0
10476,1958,Graduation,Partner,67267.0,0,1,2014-05-13,0,134,11,59,15,2,30,1,3,2,5,2,0,0,0,0,0,0,3,11,0,57,1,1,13,5,2,2014,251,10,7,47,25.1,0.0,0.0,Profitable,0,Moderate-Value,25.55557323890408,1.212431371163114e-16,2.88,0.0,1.0
9140,1960,PostGraduation,Partner,50523.0,1,1,2013-12-25,89,51,4,24,4,7,1,2,2,0,4,6,0,0,0,0,0,0,3,11,0,55,1,2,25,12,4,2013,91,6,12,186,15.166666666666666,6.067415730337078,0.01,Profitable,2,Low-Value,15.854162499982566,0.0108830383330264,0.6,0.0068,0.9932
10258,1965,PostGraduation,Single,35791.0,2,1,2013-05-06,94,27,0,5,0,0,3,2,1,0,3,8,0,0,0,0,0,0,3,11,0,50,1,3,6,5,2,2013,35,4,20,419,8.75,3.829787234042553,0.0,Profitable,2,Low-Value,9.713075347993597,7.355932590155083e-06,0.04,0.0,1.0
5675,1960,PhD,Single,50611.0,0,1,2012-10-04,98,459,0,24,6,0,4,6,4,5,7,6,0,1,0,0,0,0,3,11,0,55,1,1,4,10,4,2012,493,16,27,633,30.8125,14.693877551020408,0.0,Non-profitable,0,Moderate-Value,31.112654703523837,7.160670211578709e-17,0.0,0.0,1.0
4743,1969,PhD,Partner,56242.0,0,1,2013-03-03,72,689,8,167,11,8,88,5,8,4,11,6,0,0,0,0,0,0,3,11,0,46,1,1,3,3,1,2013,971,23,22,483,42.21739130434783,28.75,0.0,Non-profitable,0,Moderate-Value,42.44807762047709,1.5752568330760472e-21,0.0,0.0,1.0
8805,1960,Graduation,Single,48904.0,0,1,2012-12-02,1,283,10,38,0,13,27,4,7,2,4,8,0,0,0,0,0,0,3,11,0,55,1,1,2,12,4,2012,371,13,25,574,28.53846153846154,1170.0,0.0,Non-profitable,0,Moderate-Value,28.900326501543237,1.2871755297784958e-36,0.0,0.0,1.0
1542,1975,Graduation,Single,56243.0,1,2,2013-12-30,26,347,0,35,4,3,7,6,4,2,8,5,0,0,0,0,0,0,3,11,0,40,1,3,30,12,4,2013,396,14,12,181,28.285714285714285,48.46153846153846,0.0,Profitable,0,Moderate-Value,28.62084536662012,4.987209712186583e-12,0.02,0.0,1.0
6770,1985,Graduation,Partner,21355.0,1,0,2013-08-20,5,5,13,14,0,5,31,2,2,1,2,6,1,0,0,0,0,0,3,11,1,30,1,1,20,8,3,2013,68,5,16,313,13.6,90.0,0.0,Profitable,2,Low-Value,14.41218984425242,3.453629536270088e-11,0.02,0.0,1.0
8773,1971,PostGraduation,Partner,57420.0,0,1,2013-06-25,22,280,0,18,0,0,24,3,5,1,6,7,0,1,0,0,0,0,3,11,0,44,1,1,25,6,2,2013,322,12,18,369,26.83333333333333,49.090909090909086,0.0,Non-profitable,0,Moderate-Value,27.21913308130972,6.632838511738427e-17,0.0,0.0,1.0
7514,1956,PostGraduation,Partner,54342.0,1,1,2013-07-03,74,84,10,34,11,10,28,4,3,1,4,6,0,0,0,0,0,0,3,11,0,59,1,2,3,7,3,2013,177,8,18,361,22.125,9.72972972972973,0.0,Profitable,2,Low-Value,22.67849823548732,7.18623306257729e-08,0.02,0.0,1.0
793,1973,Graduation,Partner,20895.0,1,0,2012-10-06,24,18,3,17,3,0,4,1,2,0,3,9,0,0,0,0,0,0,3,11,0,42,1,1,6,10,4,2012,45,5,27,631,9.0,18.75,0.0,Non-profitable,2,Low-Value,9.770974439940083,2.6438845053303026e-12,0.0,0.0,1.0
10909,1948,Graduation,Partner,92344.0,0,0,2014-01-15,9,992,24,694,51,19,119,0,5,10,5,1,1,0,1,0,0,0,3,11,0,67,0,0,15,1,1,2014,1899,20,11,165,94.95,200.0,0.0,Non-profitable,3,High-Value,95.33269713980062,1.7247312209345394e-24,0.0,0.0,1.0
8702,1976,PostGraduation,Partner,26907.0,1,1,2013-08-20,10,9,1,7,0,3,2,2,1,0,3,7,0,0,0,0,0,0,3,11,0,39,1,2,20,8,3,2013,22,4,16,313,5.5,36.0,0.0,Profitable,2,Low-Value,6.4265941573905545,1.3189768852093626e-08,0.02,0.0,1.0
4791,1980,Graduation,Partner,44964.0,1,1,2012-12-16,35,19,1,17,2,0,2,1,1,0,3,8,0,0,0,0,0,0,3,11,0,35,1,2,16,12,4,2012,41,4,24,560,10.25,10.285714285714285,0.0,Profitable,2,Low-Value,11.229912820579612,1.2721770204068972e-09,0.01,0.0,1.0
2963,1979,Graduation,Partner,75507.0,0,0,2014-05-02,56,709,93,374,104,80,80,1,8,6,6,3,0,0,0,0,0,0,3,11,0,36,0,0,2,5,2,2014,1440,20,8,58,72.0,32.142857142857146,53.78,Profitable,1,VIP,72.33163302865886,14.8704193151732,21.07,0.9492,0.0507999999999999
8216,1972,PostGraduation,Partner,53761.0,1,1,2013-10-11,7,158,0,76,13,7,71,6,4,4,3,5,0,0,0,0,0,0,3,11,0,43,1,2,11,10,4,2013,325,11,14,261,29.545454545454547,141.42857142857142,0.0,Non-profitable,0,Moderate-Value,29.977460993585524,3.411821534004745e-18,0.0,0.0,1.0
8140,1973,Graduation,Partner,22682.0,1,0,2013-10-03,51,10,14,29,4,2,36,3,2,1,4,4,0,0,0,0,0,0,3,11,0,42,1,1,3,10,4,2013,95,7,15,269,13.571428571428571,12.352941176470589,0.0,Profitable,2,Low-Value,14.149900453351243,8.70984163446362e-07,0.06,0.0,1.0
10146,1972,PhD,Partner,38887.0,1,0,2014-03-02,17,25,1,13,0,0,3,1,1,0,3,7,0,0,0,0,0,0,3,11,0,43,1,1,2,3,1,2014,42,4,10,119,10.5,21.176470588235293,0.0,Profitable,2,Low-Value,11.482719066010617,0.0005553148105274,0.36,0.0003,0.9997
5289,1975,PostGraduation,Single,41658.0,1,1,2012-11-09,30,8,4,12,15,4,29,2,1,1,2,4,0,0,0,0,0,0,3,11,0,40,1,2,9,11,4,2012,72,4,26,597,18.0,12.0,0.0,Profitable,2,Low-Value,19.066906428940708,2.5949510143737523e-10,0.01,0.0,1.0
2587,1972,PhD,Partner,29791.0,1,0,2014-05-15,21,14,0,6,0,0,0,2,2,0,3,5,0,0,0,0,0,0,3,11,0,43,1,1,15,5,2,2014,20,5,7,45,4.0,21.428571428571427,0.15,Profitable,2,Low-Value,4.726175087426677,0.6422595265568384,0.35,0.1182,0.8818
4405,1956,PostGraduation,Partner,63915.0,0,2,2013-07-30,2,622,7,115,30,0,15,2,6,3,12,5,0,0,0,0,0,0,3,11,0,59,1,2,30,7,3,2013,789,21,17,334,37.57142857142857,945.0,0.0,Non-profitable,0,Moderate-Value,37.81428752115447,2.5752193858440128e-45,0.0,0.0,1.0
2589,1972,Graduation,Single,26759.0,1,0,2014-02-07,65,25,3,16,8,5,2,2,2,1,3,6,0,0,0,0,0,0,3,11,0,43,1,1,7,2,1,2014,59,6,10,142,9.833333333333334,8.307692307692308,0.01,Profitable,2,Low-Value,10.481066897434491,0.0190458353792772,0.5,0.0091,0.9909
3421,1968,PostGraduation,Single,63841.0,0,1,2013-04-21,64,635,15,100,20,7,131,1,9,3,9,6,0,0,0,0,0,0,3,11,0,47,1,1,21,4,2,2013,908,21,20,434,43.23809523809524,29.53125,0.0,Non-profitable,0,Moderate-Value,43.49296093710098,1.1199429121530092e-19,0.0,0.0,1.0
10490,1969,PhD,Partner,51039.0,1,1,2012-12-10,11,100,64,79,65,0,109,2,6,2,4,7,0,0,0,0,0,0,3,11,0,46,1,2,10,12,4,2012,417,12,25,566,34.75,98.18181818181816,0.0,Non-profitable,0,Moderate-Value,35.16520120696598,3.189758662659626e-24,0.0,0.0,1.0
4094,1961,Graduation,Partner,60544.0,1,1,2012-08-25,92,201,2,43,3,5,35,4,5,1,5,6,0,0,0,0,0,0,3,11,0,54,1,2,25,8,3,2012,289,11,28,673,26.272727272727277,10.760869565217392,0.0,Non-profitable,0,Moderate-Value,26.69146981128567,4.484784435016224e-14,0.0,0.0,1.0
9958,1972,Graduation,Partner,65685.0,0,1,2014-03-29,54,642,14,49,0,7,57,1,9,2,9,5,0,0,0,0,0,0,3,11,0,43,1,1,29,3,1,2014,769,20,9,92,38.45,33.33333333333333,0.0,Profitable,0,Moderate-Value,38.70698375071524,0.0020487072347837,6.58,0.0002,0.9998
2534,1953,Graduation,Partner,37716.0,0,1,2014-04-21,4,97,1,41,6,2,41,2,4,1,3,7,0,0,0,0,0,0,3,11,0,62,1,1,21,4,2,2014,188,8,8,69,23.5,180.0,0.0,Profitable,2,Low-Value,24.061172339583468,1.400538190216907e-08,1.73,0.0,1.0
4188,1957,Graduation,Single,36864.0,0,1,2012-08-13,53,204,5,39,17,0,89,3,5,2,4,8,0,0,0,0,0,0,3,11,1,58,1,1,13,8,3,2012,354,11,29,685,32.18181818181818,18.67924528301887,0.0,Non-profitable,0,Moderate-Value,32.62450944599374,4.319595374564169e-17,0.0,0.0,1.0
6613,1970,PostGraduation,Partner,44511.0,1,0,2012-10-12,39,513,7,133,46,14,14,6,8,4,8,8,0,0,0,0,0,0,3,11,0,45,1,1,12,10,4,2012,727,20,27,625,36.35,46.15384615384615,0.0,Non-profitable,0,Moderate-Value,36.60231121766958,5.6459371643157785e-28,0.0,0.0,1.0
10827,1967,PhD,Partner,36947.0,1,1,2012-08-07,49,88,3,21,4,1,29,4,3,0,4,9,0,0,0,0,0,0,3,11,0,48,1,2,7,8,3,2012,146,7,29,691,20.857142857142858,12.857142857142856,0.0,Non-profitable,2,Low-Value,21.48212357567855,2.326146457787786e-13,0.0,0.0,1.0
5491,1951,PostGraduation,Partner,47352.0,0,1,2013-04-11,70,172,12,112,8,0,15,4,6,1,5,7,0,0,0,0,0,0,3,11,0,64,1,1,11,4,2,2013,319,12,21,444,26.58333333333333,15.428571428571429,0.0,Non-profitable,0,Moderate-Value,26.96820461418373,2.104808834603279e-12,0.0,0.0,1.0
8402,1953,PostGraduation,Partner,67087.0,0,1,2013-12-17,40,329,35,222,130,35,43,2,7,5,8,4,0,0,0,0,0,0,3,11,0,62,1,1,17,12,4,2013,794,20,12,194,39.7,45.0,0.0,Non-profitable,0,Moderate-Value,39.95976502038527,9.106420028871213e-14,0.0,0.0,1.0
8783,1950,Graduation,Partner,57045.0,0,1,2012-09-08,40,296,13,104,11,13,17,3,4,2,9,3,0,0,0,0,0,0,3,11,0,65,1,1,8,9,3,2012,454,15,28,659,30.266666666666666,33.75,0.0,Non-profitable,0,Moderate-Value,30.585270573269156,1.1332670654919705e-22,0.0,0.0,1.0
10010,1953,PhD,Single,36957.0,1,1,2012-09-06,43,100,2,16,2,1,31,4,3,2,2,9,0,0,0,0,0,0,3,11,1,62,1,2,6,9,3,2012,152,7,28,661,21.714285714285715,14.651162790697676,0.0,Non-profitable,2,Low-Value,22.34473806065823,2.0386285591027205e-13,0.0,0.0,1.0
618,1977,PhD,Partner,69389.0,0,1,2012-09-28,17,422,7,238,69,46,15,1,7,2,12,4,0,0,0,0,0,0,3,11,0,38,1,1,28,9,3,2012,797,21,27,639,37.95238095238095,111.1764705882353,0.0,Non-profitable,0,Moderate-Value,38.19604707852902,7.654875240404976e-37,0.0,0.0,1.0
9121,1972,Graduation,Partner,80134.0,1,0,2013-05-20,40,1218,16,272,104,0,80,2,5,3,6,6,0,1,1,1,0,0,3,11,1,43,1,1,20,5,2,2013,1690,14,19,405,120.71428571428572,31.5,0.0,Non-profitable,3,High-Value,121.34349011121088,1.7332326671299196e-16,0.0,0.0,1.0
361,1969,PostGraduation,Partner,43142.0,1,1,2014-02-18,84,5,1,7,2,1,4,1,1,0,2,7,0,0,0,0,0,0,3,11,0,46,1,2,18,2,1,2014,20,3,10,131,6.666666666666667,3.214285714285714,0.11,Profitable,2,Low-Value,7.924292233871704,0.282655824984527,0.24,0.231,0.769
4310,1944,Graduation,Partner,80589.0,0,0,2014-01-22,25,507,93,520,242,40,26,1,5,10,5,1,0,0,0,1,0,0,3,11,1,71,0,0,22,1,1,2014,1428,20,11,158,71.4,72.0,0.0,Profitable,1,VIP,71.73029801921724,1.2927367241097046e-15,0.01,0.0,1.0
2678,1990,Graduation,Single,34412.0,1,0,2013-02-13,62,52,12,50,4,36,55,3,5,0,3,9,0,0,0,0,0,0,3,11,0,25,1,1,13,2,1,2013,209,8,22,501,26.125,11.612903225806452,0.0,Non-profitable,0,Moderate-Value,26.700822901948836,6.755100556302243e-11,0.0,0.0,1.0
6376,1979,Graduation,Single,57537.0,1,0,2013-06-10,83,191,56,139,51,8,100,4,4,3,8,4,0,0,0,0,0,0,3,11,0,36,1,1,10,6,2,2013,545,15,19,384,36.333333333333336,16.265060240963855,0.0,Non-profitable,0,Moderate-Value,36.6699485034488,5.676085106642223e-12,0.0,0.0,1.0
524,1966,UnderGraduation,Partner,22634.0,0,0,2013-01-16,47,2,23,11,8,6,46,1,2,1,2,8,0,0,0,0,0,0,3,11,0,49,0,0,16,1,1,2013,96,5,23,529,19.2,9.574468085106384,0.0,Profitable,2,Low-Value,20.06236511906744,1.3972434691973155e-09,0.01,0.0,1.0
10341,1948,Graduation,Partner,51315.0,0,0,2014-02-23,45,68,28,39,16,30,41,1,2,2,5,2,0,0,0,0,0,0,3,11,0,67,0,0,23,2,1,2014,222,9,10,126,24.666666666666668,18.0,0.0,Profitable,0,Moderate-Value,25.170961672292027,0.0005358445345664,1.37,0.0002,0.9998
5654,1972,Graduation,Partner,36026.0,2,1,2014-03-16,34,20,4,10,6,4,17,2,2,0,3,6,0,0,0,0,0,0,3,11,0,43,1,3,16,3,1,2014,61,5,9,105,12.2,13.23529411764706,0.01,Profitable,2,Low-Value,12.999646025548664,0.0114081085912621,0.62,0.0048,0.9952
4098,1973,Graduation,Partner,24639.0,1,1,2014-01-28,3,20,3,16,0,4,1,3,2,0,4,6,0,0,0,0,0,0,3,11,0,42,1,2,28,1,1,2014,44,6,11,152,7.333333333333333,180.0,0.0,Profitable,2,Low-Value,7.962428333740083,2.7799877160457986e-10,0.12,0.0,1.0
5824,1972,PhD,Partner,34578.0,2,1,2014-04-11,1,7,0,1,0,0,0,1,1,0,2,6,0,0,0,0,0,0,3,11,0,43,1,3,11,4,2,2014,8,3,8,79,2.6666666666666665,270.0,0.0,Profitable,2,Low-Value,3.864200823014089,4.520846974124737e-05,0.13,0.0,1.0
7000,1972,PostGraduation,Single,65704.0,0,0,2013-10-13,18,279,172,74,38,8,246,1,2,10,10,1,0,0,0,0,0,0,3,11,0,43,0,0,13,10,4,2013,817,22,14,259,37.13636363636363,110.0,0.0,Non-profitable,0,Moderate-Value,37.36728137234098,6.04320072005257e-26,0.0,0.0,1.0
2561,1966,Graduation,Single,63810.0,0,1,2012-11-11,45,977,12,253,16,12,101,4,4,3,12,8,0,1,0,0,0,0,3,11,0,49,1,1,11,11,4,2012,1371,19,26,595,72.15789473684211,38.0,0.0,Non-profitable,1,VIP,72.50739287250057,5.400136436797364e-25,0.0,0.0,1.0
5229,1969,PhD,Partner,54132.0,0,1,2014-02-16,81,30,1,8,0,0,3,1,1,0,3,7,0,0,0,0,0,0,3,11,0,46,1,1,16,2,1,2014,42,4,10,133,10.5,4.444444444444445,0.12,Profitable,2,Low-Value,11.482719066010617,0.2160063317613005,0.44,0.1399,0.8601
4086,1959,Graduation,Partner,18690.0,0,0,2012-12-28,77,6,1,7,23,4,19,1,1,1,2,8,0,0,0,0,0,0,3,11,0,56,0,0,28,12,4,2012,60,4,24,548,15.0,4.675324675324676,0.0,Profitable,2,Low-Value,16.03323148376867,7.158726228861209e-08,0.02,0.0,1.0
2428,1970,Graduation,Partner,28164.0,1,0,2013-05-04,23,3,18,26,11,8,12,3,2,0,4,7,0,0,0,0,0,0,3,11,0,45,1,1,4,5,2,2013,78,6,20,421,13.0,23.47826086956521,0.0,Non-profitable,2,Low-Value,13.67134241144741,6.700731815240256e-11,0.0,0.0,1.0
8254,1974,PhD,Partner,34596.0,1,0,2013-04-13,48,14,0,2,0,0,7,1,1,0,2,8,0,0,0,0,0,0,3,11,0,41,1,1,13,4,2,2013,23,3,20,442,7.666666666666667,5.625,0.0,Profitable,2,Low-Value,8.939315086586108,7.20017489692591e-07,0.03,0.0,1.0
2836,1972,PhD,Partner,43269.0,1,0,2013-09-16,61,10,1,7,0,0,1,1,1,0,2,8,0,0,0,0,0,0,3,11,0,43,1,1,16,9,3,2013,19,3,15,286,6.333333333333333,4.426229508196721,0.0,Profitable,2,Low-Value,7.585951282966902,0.000171069883835,0.07,0.0003,0.9997
8418,1958,PostGraduation,Single,38741.0,1,1,2014-03-30,60,7,10,17,8,6,13,2,2,0,3,7,0,0,0,0,0,0,3,11,0,57,1,2,30,3,1,2014,61,5,9,91,12.2,7.5,0.45,Profitable,2,Low-Value,12.999646025548664,0.6879911075740403,0.77,0.2523,0.7477
1362,1972,Graduation,Single,31907.0,0,0,2013-03-04,75,33,87,64,175,16,74,1,6,1,6,7,0,0,0,0,0,0,3,11,0,43,0,0,4,3,1,2013,449,13,22,482,34.53846153846154,15.6,0.0,Non-profitable,0,Moderate-Value,34.920889744858826,1.663332236949098e-13,0.0,0.0,1.0
7152,1983,PostGraduation,Partner,27100.0,1,0,2013-04-05,64,12,0,13,2,0,10,1,1,0,3,7,0,0,0,0,0,0,3,11,0,32,1,1,5,4,2,2013,37,4,21,450,9.25,5.625,0.0,Profitable,2,Low-Value,10.2186878388556,3.9885492712194266e-07,0.02,0.0,1.0
10033,1973,PostGraduation,Single,31163.0,1,0,2014-02-13,54,2,3,10,11,2,10,1,1,0,3,6,0,0,0,0,0,0,3,11,0,42,1,1,13,2,1,2014,38,4,10,136,9.5,6.666666666666666,0.01,Profitable,2,Low-Value,10.471494084286604,0.0258008934723646,0.36,0.0171,0.9829
9349,1985,Graduation,Partner,92533.0,0,0,2013-12-19,84,693,21,118,110,147,42,1,6,5,11,2,0,0,1,1,0,0,3,11,0,30,0,0,19,12,4,2013,1131,22,12,192,51.40909090909091,23.571428571428573,0.0,Profitable,0,Moderate-Value,51.66887284547534,1.0717576454525078e-07,0.12,0.0,1.0
274,1973,Graduation,Single,34853.0,1,1,2013-12-23,75,9,3,15,2,3,2,2,2,0,3,6,0,0,0,0,0,0,3,11,0,42,1,2,23,12,4,2013,34,5,12,188,6.8,6.0,0.0,Profitable,2,Low-Value,7.551262724834185,0.0051616015375465,0.22,0.0038,0.9962
3388,1967,Graduation,Single,70844.0,1,1,2013-10-30,16,129,26,67,3,67,2,5,6,1,5,7,0,0,0,0,0,0,3,11,0,48,1,2,30,10,4,2013,294,12,14,242,24.5,67.5,0.0,Non-profitable,2,Low-Value,24.877134054800504,4.259870548917531e-15,0.0,0.0,1.0
922,1979,PostGraduation,Partner,31086.0,1,1,2013-05-04,79,16,2,11,3,0,16,2,1,1,2,8,1,0,0,0,0,0,3,11,0,36,1,2,4,5,2,2013,48,4,20,421,12.0,4.556962025316456,0.0,Profitable,2,Low-Value,12.999556538596634,2.7065461186431835e-06,0.05,0.0,1.0
8588,1961,Graduation,Partner,60544.0,1,1,2012-08-25,92,201,2,43,3,5,35,4,5,1,5,6,0,0,0,0,0,0,3,11,0,54,1,2,25,8,3,2012,289,11,28,673,26.272727272727277,10.760869565217392,0.0,Non-profitable,0,Moderate-Value,26.69146981128567,4.484784435016224e-14,0.0,0.0,1.0
2518,1986,PostGraduation,Partner,20491.0,0,0,2013-01-25,16,5,4,5,4,2,10,1,0,1,2,7,0,0,0,0,0,0,3,11,0,29,0,0,25,1,1,2013,30,3,23,520,10.0,16.875,0.0,Profitable,2,Low-Value,11.307701742919717,2.828062716744744e-09,0.01,0.0,1.0
3220,1983,Graduation,Partner,39922.0,1,0,2013-02-14,30,29,12,59,19,1,36,2,3,0,4,8,0,0,0,0,0,0,3,11,0,32,1,1,14,2,1,2013,156,7,22,500,22.285714285714285,21.0,0.0,Non-profitable,2,Low-Value,22.919814383978014,2.061666844156509e-12,0.0,0.0,1.0
5967,1952,Graduation,Partner,33402.0,1,1,2013-07-18,60,26,2,19,10,5,8,3,2,1,3,8,0,0,0,0,0,0,3,11,0,63,1,2,18,7,3,2013,70,6,17,346,11.666666666666666,9.0,0.0,Profitable,2,Low-Value,12.328068510810391,4.198505917516992e-07,0.03,0.0,1.0
1183,1949,PostGraduation,Partner,36408.0,1,1,2013-09-21,11,9,1,4,3,2,3,1,1,0,2,6,0,0,0,0,0,0,3,11,0,66,1,2,21,9,3,2013,22,3,15,281,7.333333333333333,24.545454545454543,0.0,Profitable,2,Low-Value,8.600974135681305,8.145530158020002e-07,0.05,0.0,1.0
6856,1979,Graduation,Partner,21645.0,1,0,2012-09-03,75,14,0,23,4,5,19,3,3,0,3,9,0,0,0,0,0,0,3,11,1,36,1,1,3,9,3,2012,65,6,28,664,10.833333333333334,7.2,0.0,Non-profitable,2,Low-Value,11.488522322912257,9.012311419863655e-11,0.0,0.0,1.0
4530,1948,PostGraduation,Single,78427.0,0,0,2012-10-24,36,972,19,595,180,26,138,3,3,7,10,3,0,0,0,1,0,0,3,11,1,67,0,0,24,10,4,2012,1930,20,26,613,96.5,50.0,0.0,Non-profitable,3,High-Value,96.88614591419145,2.0941663597853524e-28,0.0,0.0,1.0
1553,1946,Graduation,Partner,82657.0,0,0,2013-09-27,71,966,168,672,246,105,126,1,7,5,10,4,0,1,0,1,0,0,3,11,0,69,0,0,27,9,3,2013,2283,22,15,275,103.77272727272728,27.88732394366197,0.0,Non-profitable,3,High-Value,104.13840589340776,1.2089897409828986e-13,0.0,0.0,1.0
4682,1958,Graduation,Partner,51876.0,0,0,2013-10-15,88,99,27,102,28,48,6,1,2,2,8,1,0,0,0,0,0,0,3,11,0,57,0,0,15,10,4,2013,310,12,14,257,25.83333333333333,12.272727272727272,0.0,Profitable,0,Moderate-Value,26.21541921280577,1.491690966645546e-06,0.1,0.0,1.0
8204,1971,PostGraduation,Partner,78041.0,0,0,2012-12-16,93,482,35,553,72,160,17,1,4,4,9,2,0,0,0,0,0,0,3,11,0,44,0,0,16,12,4,2012,1319,17,24,560,77.58823529411765,16.451612903225808,0.0,Non-profitable,1,VIP,77.99317893061104,1.4531751003360295e-16,0.0,0.0,1.0
5221,1957,Graduation,Partner,52852.0,0,1,2012-12-01,93,714,8,99,11,0,47,4,10,7,5,8,1,0,0,0,0,0,3,11,0,58,1,1,1,12,4,2012,879,22,25,575,39.95454545454545,21.290322580645164,0.0,Non-profitable,0,Moderate-Value,40.19116249124013,1.3116926705022515e-20,0.0,0.0,1.0
1232,1982,PhD,Partner,70038.0,0,0,2013-10-25,54,587,54,348,71,54,130,1,4,4,8,2,0,0,0,0,0,0,3,11,0,33,0,0,25,10,4,2013,1244,16,14,247,77.75,26.666666666666664,0.0,Profitable,1,VIP,78.18077320571659,2.3816693153611358e-11,0.01,0.0,1.0
1927,1973,PostGraduation,Partner,69401.0,0,1,2014-03-23,41,399,27,159,58,8,39,4,4,4,5,2,0,0,0,0,0,0,3,11,0,42,1,1,23,3,1,2014,690,13,9,98,53.07692307692308,28.536585365853657,0.0,Profitable,0,Moderate-Value,53.52288643253904,0.0003312832926091,4.99,0.0001,0.9999
5788,1972,Graduation,Partner,46053.0,1,0,2013-02-17,46,56,10,92,19,7,25,3,3,2,4,5,0,0,0,0,0,0,3,11,0,43,1,1,17,2,1,2013,209,9,22,497,23.22222222222222,17.608695652173914,0.0,Non-profitable,2,Low-Value,23.71935572658569,7.039547886868404e-13,0.0,0.0,1.0
6246,1953,Graduation,Single,73892.0,0,0,2013-11-13,40,703,102,601,0,58,43,1,3,11,8,1,0,0,0,0,0,0,3,11,1,62,0,0,13,11,4,2013,1507,22,13,228,68.5,49.50000000000001,0.0,Non-profitable,1,VIP,68.79434543750884,6.03038825226887e-17,0.0,0.0,1.0
5975,1967,PhD,Single,40304.0,1,0,2013-09-30,82,37,0,17,0,0,3,1,2,0,3,7,0,0,0,0,0,0,3,11,0,48,1,1,30,9,3,2013,57,5,15,272,11.4,5.48780487804878,0.0,Profitable,2,Low-Value,12.19247812914652,0.0001914169447075,0.17,0.0002,0.9998
6875,1965,PhD,Partner,32727.0,0,0,2012-08-28,38,167,13,180,86,13,70,2,7,3,5,8,0,0,0,0,0,0,3,11,0,50,0,0,28,8,3,2012,529,15,28,670,35.266666666666666,35.526315789473685,0.0,Non-profitable,0,Moderate-Value,35.60011502121941,3.3595619310090973e-23,0.0,0.0,1.0
4399,1969,Graduation,Partner,68695.0,0,0,2014-06-25,3,458,81,356,106,50,40,1,4,4,7,2,0,0,0,0,0,0,3,11,0,46,0,0,25,6,2,2014,1091,15,6,4,72.73333333333333,450.0,452.02,Profitable,1,VIP,73.17801608452666,123.54097266685817,21.9,0.8403,0.1596999999999999
4042,1971,Graduation,Single,43300.0,0,1,2012-10-13,87,91,3,52,2,1,31,3,4,0,4,8,0,0,0,0,0,0,3,11,1,44,1,1,13,10,4,2012,180,8,27,624,22.5,8.275862068965518,0.0,Non-profitable,2,Low-Value,23.05559117296809,2.527133300486571e-11,0.0,0.0,1.0
2157,1972,Graduation,Partner,26290.0,1,1,2013-01-12,49,15,8,16,11,5,22,4,2,0,4,6,0,0,0,0,0,0,3,11,0,43,1,2,12,1,1,2013,77,6,23,533,12.833333333333334,11.020408163265303,0.0,Non-profitable,2,Low-Value,13.503433173867784,2.0252047252337628e-10,0.0,0.0,1.0
10133,1970,Graduation,Single,93790.0,0,0,2014-02-12,16,1302,68,731,89,114,45,0,6,7,12,2,0,1,1,1,0,0,3,11,1,45,0,0,12,2,1,2014,2349,25,10,137,93.96,140.625,0.0,Non-profitable,3,High-Value,94.26426010267429,2.9494888430050496e-22,0.0,0.0,1.0
2525,1974,PhD,Partner,38410.0,0,0,2012-09-14,65,153,64,123,116,64,14,2,5,2,9,6,0,0,0,0,0,0,3,11,1,41,0,0,14,9,3,2012,534,16,27,653,33.375,22.153846153846157,0.0,Non-profitable,0,Moderate-Value,33.682285673683495,2.864009320999893e-20,0.0,0.0,1.0
8233,1950,PostGraduation,Single,64866.0,0,1,2014-01-26,9,508,5,21,7,5,10,4,7,3,7,5,0,1,0,0,0,0,3,11,0,65,1,1,26,1,1,2014,556,17,11,154,32.705882352941174,170.0,0.0,Non-profitable,0,Moderate-Value,32.99329284999146,2.7054617605983522e-20,0.0,0.0,1.0
9483,1959,Graduation,Partner,57957.0,0,1,2013-08-19,24,290,59,177,77,5,29,7,4,6,8,3,0,0,0,0,0,1,3,11,0,56,1,1,19,8,3,2013,637,18,16,314,35.388888888888886,67.5,0.0,Non-profitable,0,Moderate-Value,35.666927327014776,2.093430884677849e-21,0.0,0.0,1.0
2945,1955,PhD,Partner,46015.0,1,1,2014-04-13,25,38,0,2,0,0,6,1,1,0,3,7,1,0,0,0,1,0,3,11,0,60,1,2,13,4,2,2014,46,4,8,77,11.5,14.4,0.04,Profitable,2,Low-Value,12.493944047734628,0.0581430292262187,0.59,0.0221,0.9779
5074,1986,PostGraduation,Partner,28072.0,1,0,2013-07-08,10,30,0,10,2,0,5,1,1,0,3,7,0,0,0,0,0,0,3,11,0,29,1,1,8,7,3,2013,47,4,18,356,11.75,36.0,0.0,Profitable,2,Low-Value,12.746750293165633,3.159539407422071e-09,0.03,0.0,1.0
10524,1963,PostGraduation,Single,49476.0,0,1,2013-06-20,29,386,23,95,54,41,196,4,2,11,5,2,0,0,0,0,0,0,3,11,0,52,1,1,20,6,2,2013,795,18,18,374,44.16666666666666,55.862068965517246,0.0,Non-profitable,0,Moderate-Value,44.4664112418287,7.163848879183508e-22,0.0,0.0,1.0
4690,1953,Graduation,Partner,50725.0,0,1,2013-02-13,45,443,10,75,0,10,48,4,8,1,8,8,0,0,0,0,0,0,3,11,0,62,1,1,13,2,1,2013,586,17,22,501,34.47058823529412,34.0,0.0,Non-profitable,0,Moderate-Value,34.762619956699965,7.892105646760513e-21,0.0,0.0,1.0
7521,1952,Graduation,Partner,83844.0,0,0,2013-05-12,57,901,31,345,75,31,191,1,4,4,11,1,0,0,1,0,0,0,3,11,0,63,0,0,12,5,2,2013,1574,19,19,413,82.84210526315789,30.0,0.0,Non-profitable,1,VIP,83.21663005227208,1.6930286602330399e-18,0.0,0.0,1.0
7196,1950,PhD,Partner,41145.0,1,1,2014-02-08,20,9,0,3,0,0,1,1,0,0,3,3,0,0,0,0,0,0,3,11,0,65,1,2,8,2,1,2014,13,3,10,141,4.333333333333333,13.5,0.0,Profitable,2,Low-Value,5.555905577538095,0.0011341596810307,0.12,0.001,0.999
4406,1970,Graduation,Partner,67419.0,0,1,2013-01-16,29,846,84,352,91,56,42,4,9,4,8,5,0,0,0,0,0,0,3,11,0,45,1,1,16,1,1,2013,1471,21,23,529,70.04761904761905,65.17241379310344,0.0,Non-profitable,1,VIP,70.3592897873353,1.6016520855969498e-29,0.0,0.0,1.0
9672,1970,PostGraduation,Partner,23162.0,1,1,2013-12-21,82,8,3,9,19,4,22,3,1,1,3,6,0,0,0,0,0,0,3,11,0,45,1,2,21,12,4,2013,65,5,12,190,13.0,5.48780487804878,0.01,Profitable,2,Low-Value,13.80681392195081,0.008079109872407,0.43,0.0061,0.9939
4864,1977,Graduation,Partner,34380.0,1,0,2013-05-02,68,72,7,58,13,1,24,4,4,1,3,8,0,0,0,0,0,0,3,11,0,38,1,1,2,5,2,2013,175,8,20,423,21.875,10.588235294117649,0.0,Profitable,2,Low-Value,22.42710294383348,2.6932283736061995e-09,0.01,0.0,1.0
4706,1966,Graduation,Single,34704.0,0,1,2013-04-27,65,29,0,5,0,1,5,1,1,0,3,5,0,0,0,0,0,0,3,11,0,49,1,1,27,4,2,2013,40,4,20,428,10.0,5.538461538461538,0.0,Profitable,2,Low-Value,10.97710657514861,8.12513122786317e-07,0.03,0.0,1.0
4070,1969,PhD,Partner,94871.0,0,2,2012-09-01,99,169,24,553,188,0,144,1,8,5,4,7,0,1,1,0,0,0,3,11,1,46,1,2,1,9,3,2012,1078,17,28,666,63.41176470588236,15.454545454545451,0.0,Non-profitable,1,VIP,63.7795845067194,3.530000777601614e-18,0.0,0.0,1.0
25,1958,Graduation,Partner,65148.0,0,1,2012-11-16,9,460,35,422,33,12,153,2,6,6,7,4,0,0,0,0,0,0,3,11,0,57,1,1,16,11,4,2012,1115,19,25,590,58.68421052631579,190.0,0.0,Non-profitable,1,VIP,59.00214795613846,1.0887588367399535e-37,0.0,0.0,1.0
3697,1954,Graduation,Partner,39898.0,0,1,2013-02-12,20,69,8,26,12,7,12,2,3,0,4,7,0,0,0,0,0,0,3,11,0,61,1,1,12,2,1,2013,134,7,22,502,19.142857142857142,31.5,0.0,Non-profitable,2,Low-Value,19.756894605719182,1.17219311263101e-13,0.0,0.0,1.0
217,1956,PostGraduation,Single,64857.0,0,0,2012-11-23,78,556,14,717,210,0,43,1,7,5,10,4,0,0,0,0,0,0,3,11,0,59,0,0,23,11,4,2012,1540,22,25,583,70.0,25.384615384615383,0.0,Non-profitable,1,VIP,70.29737893627774,1.4620599409379488e-22,0.0,0.0,1.0
4220,1970,PhD,Partner,59892.0,0,1,2013-11-02,26,73,0,13,0,1,0,1,2,1,3,3,0,0,0,0,0,0,3,11,0,45,1,1,2,11,4,2013,87,6,14,239,14.5,20.76923076923077,0.0,Profitable,2,Low-Value,15.182525549664057,2.0564347901116133e-07,0.08,0.0,1.0
5286,1987,PostGraduation,Single,41020.0,0,0,2013-10-28,68,112,1,54,7,7,36,1,3,2,4,3,0,0,0,0,0,0,3,11,0,28,0,0,28,10,4,2013,217,9,14,244,24.11111111111111,11.911764705882351,0.0,Profitable,2,Low-Value,24.612651693174204,3.4988583949187763e-06,0.16,0.0,1.0
9559,1961,PhD,Partner,57072.0,0,1,2014-01-24,79,944,0,60,0,0,30,2,7,5,13,5,1,0,0,0,0,0,3,11,0,54,1,1,24,1,1,2014,1034,25,11,156,41.36,28.48101265822785,0.0,Profitable,0,Moderate-Value,41.57067308701888,1.0772603963112951e-06,0.44,0.0,1.0
2849,1979,Graduation,Single,60474.0,0,1,2013-04-01,25,265,199,303,234,9,170,7,10,2,12,7,0,0,0,0,0,0,3,11,0,36,1,1,1,4,2,2013,1180,24,21,454,49.16666666666666,86.39999999999999,0.0,Non-profitable,0,Moderate-Value,49.400603666654206,1.84524543726492e-32,0.0,0.0,1.0
7787,1960,Graduation,Partner,62807.0,0,1,2012-08-31,83,526,28,135,10,21,99,3,5,3,12,5,0,0,0,0,0,0,3,11,0,55,1,1,31,8,3,2012,819,20,28,667,40.95,21.686746987951807,0.0,Non-profitable,0,Moderate-Value,41.21254629005529,3.6865346713171523e-22,0.0,0.0,1.0
3102,1981,PostGraduation,Partner,19414.0,1,0,2013-10-16,32,2,3,12,3,5,7,1,1,0,3,8,0,0,0,0,0,0,3,11,0,34,1,1,16,10,4,2013,32,4,14,256,8.0,11.25,0.0,Profitable,2,Low-Value,8.954656611700585,9.559822744363202e-06,0.08,0.0,1.0
5868,1980,Graduation,Partner,19107.0,1,0,2013-08-22,49,2,4,9,10,5,16,2,1,0,3,7,0,0,0,0,0,0,3,11,0,35,1,1,22,8,3,2013,46,4,16,311,11.5,7.346938775510203,0.0,Profitable,2,Low-Value,12.493944047734628,8.474468889129544e-06,0.08,0.0,1.0
8370,1976,PostGraduation,Partner,75484.0,0,1,2012-08-02,50,378,97,259,197,194,34,2,7,3,6,4,0,0,0,0,0,0,3,11,0,39,1,1,2,8,3,2012,1159,16,29,696,72.4375,28.8,0.0,Non-profitable,1,VIP,72.85348948709292,6.407868098873384e-23,0.0,0.0,1.0
9988,1976,PostGraduation,Single,70379.0,0,1,2013-03-03,84,553,25,142,65,67,8,3,6,3,13,4,0,0,0,0,0,0,3,11,0,39,1,1,3,3,1,2013,860,22,22,483,39.09090909090909,23.571428571428573,0.0,Non-profitable,0,Moderate-Value,39.32577956770652,3.25756396580618e-19,0.0,0.0,1.0
9743,1955,Graduation,Partner,76998.0,0,1,2013-01-11,85,1449,89,161,69,35,107,2,11,8,8,6,0,0,1,0,0,0,3,11,0,60,1,1,11,1,1,2013,1910,27,24,534,70.74074074074075,28.588235294117645,0.0,Non-profitable,1,VIP,70.98417894677597,2.8079276633578848e-24,0.0,0.0,1.0
5763,1972,PostGraduation,Partner,49854.0,1,0,2013-11-10,63,123,17,171,39,0,30,5,6,2,5,6,0,0,0,0,0,0,3,11,0,43,1,1,10,11,4,2013,380,13,13,231,29.23076923076923,18.57142857142857,0.0,Profitable,0,Moderate-Value,29.595006875771958,4.176481227920546e-08,0.05,0.0,1.0
3478,1971,PhD,Partner,60585.0,1,1,2013-06-24,17,267,42,309,55,42,21,10,7,4,9,5,0,0,0,0,0,0,3,11,1,44,1,2,24,6,2,2013,736,20,18,370,36.8,105.88235294117648,0.0,Non-profitable,0,Moderate-Value,37.05331247475079,2.3542297351402648e-28,0.0,0.0,1.0
7494,1950,PhD,Single,42873.0,1,1,2013-01-21,11,209,0,40,3,2,15,4,6,1,4,8,0,0,0,0,0,0,3,11,0,65,1,2,21,1,1,2013,269,11,23,524,24.454545454545453,90.0,0.0,Non-profitable,2,Low-Value,24.865919154452417,6.649472509214835e-22,0.0,0.0,1.0
1763,1988,Graduation,Partner,87679.0,0,0,2013-07-27,62,1259,172,815,97,148,33,1,7,11,10,4,1,0,1,1,0,0,3,11,1,27,0,0,27,7,3,2013,2524,28,17,337,90.14285714285714,40.64516129032258,0.0,Non-profitable,1,VIP,90.40840345243652,1.0998337307966658e-21,0.0,0.0,1.0
7250,1978,Graduation,Partner,57867.0,1,0,2013-10-01,48,344,35,178,15,23,17,7,7,2,9,6,0,0,0,0,0,0,3,11,0,37,1,1,1,10,4,2013,612,18,15,271,34.0,33.75,0.0,Non-profitable,0,Moderate-Value,34.27460392277207,1.839106307390409e-14,0.0,0.0,1.0
2005,1990,Graduation,Partner,35765.0,1,0,2013-12-11,86,22,3,30,0,5,15,2,2,0,4,6,0,0,0,0,0,0,3,11,0,25,1,1,11,12,4,2013,75,6,12,200,12.5,6.27906976744186,0.0,Profitable,2,Low-Value,13.16761469870853,0.0038589023238025,0.42,0.0026,0.9974
10770,1959,Graduation,Partner,65492.0,0,0,2014-01-26,73,247,161,295,210,85,47,2,4,7,13,2,0,0,0,0,0,0,3,11,0,56,0,0,26,1,1,2014,1045,24,11,154,43.54166666666666,29.58904109589041,0.0,Profitable,0,Moderate-Value,43.76517777168832,3.972468915422415e-07,0.36,0.0,1.0
6885,1977,Graduation,Single,32952.0,1,0,2013-12-01,36,38,0,12,3,1,1,1,2,0,3,7,0,0,0,0,0,0,3,11,0,38,1,1,1,12,4,2013,55,5,13,210,11.0,12.5,0.0,Profitable,2,Low-Value,11.788894180945446,2.6922344478640854e-05,0.17,0.0,1.0
2072,1969,PhD,Partner,53374.0,0,1,2012-08-16,34,896,10,101,13,10,34,6,4,2,9,9,1,0,0,0,0,0,3,11,1,46,1,1,16,8,3,2012,1064,15,28,682,70.93333333333334,39.70588235294117,0.0,Non-profitable,1,VIP,71.37267208326456,3.9325346029940114e-24,0.0,0.0,1.0
9463,1959,Graduation,Partner,71706.0,0,1,2012-11-13,16,931,56,253,91,98,14,4,9,5,7,5,0,0,0,0,0,0,3,11,0,56,1,1,13,11,4,2012,1443,21,25,593,68.71428571428571,118.125,0.0,Non-profitable,1,VIP,69.02313133652434,2.495563828669859e-36,0.0,0.0,1.0
6318,1988,Graduation,Partner,68487.0,0,0,2013-01-13,48,758,12,385,33,89,89,1,9,7,13,4,0,0,0,0,0,0,3,11,0,27,0,0,13,1,1,2013,1366,29,23,532,47.10344827586207,54.375,0.0,Non-profitable,0,Moderate-Value,47.29382565007302,4.6446354037638916e-33,0.0,0.0,1.0
4093,1975,PostGraduation,Partner,53253.0,1,1,2013-02-11,61,216,9,57,20,9,125,7,4,3,5,5,0,0,0,0,0,0,3,11,0,40,1,2,11,2,1,2013,436,12,22,503,36.333333333333336,17.704918032786885,0.0,Non-profitable,0,Moderate-Value,36.75441483209724,2.6124488287139775e-14,0.0,0.0,1.0
5751,1973,PostGraduation,Single,31163.0,1,0,2014-02-13,54,2,3,10,11,2,10,1,1,0,3,6,0,0,0,0,0,0,3,11,0,42,1,1,13,2,1,2014,38,4,10,136,9.5,6.666666666666666,0.01,Profitable,2,Low-Value,10.471494084286604,0.0258008934723646,0.36,0.0171,0.9829
3340,1977,Graduation,Partner,42014.0,1,0,2012-08-17,56,244,15,108,4,15,50,6,7,1,6,8,0,0,0,0,0,0,3,11,1,38,1,1,17,8,3,2012,436,14,28,681,31.142857142857142,22.5,0.0,Non-profitable,0,Moderate-Value,31.4870785890186,8.470123809568573e-20,0.0,0.0,1.0
3594,1973,PostGraduation,Partner,54108.0,1,1,2012-11-05,74,539,6,91,8,6,97,13,8,2,9,8,0,0,0,0,0,0,3,11,0,42,1,2,5,11,4,2012,747,19,26,601,39.31578947368421,23.108108108108105,0.0,Non-profitable,0,Moderate-Value,39.58835838886793,6.403627376644229e-21,0.0,0.0,1.0
3584,1955,PhD,Single,49667.0,0,0,2012-08-20,35,1181,26,120,17,13,39,2,5,10,5,8,1,0,0,0,0,0,3,11,1,60,0,0,20,8,3,2012,1396,20,28,678,69.8,51.42857142857142,0.0,Non-profitable,1,VIP,70.1267379940396,5.0123795132795444e-30,0.0,0.0,1.0
3643,1974,PostGraduation,Partner,63206.0,0,0,2014-03-20,65,750,8,125,11,8,26,1,4,3,6,2,0,0,1,0,0,0,3,11,0,41,0,0,20,3,1,2014,928,13,9,101,71.38461538461539,18.0,0.35,Profitable,1,VIP,71.89332299547634,0.0972398327749007,9.7,0.0162,0.9838
851,1972,PostGraduation,Partner,57136.0,1,1,2013-07-09,48,306,5,109,21,109,92,9,5,2,10,6,0,0,0,0,0,0,3,11,0,43,1,2,9,7,3,2013,642,17,18,355,37.76470588235294,31.875,0.0,Non-profitable,0,Moderate-Value,38.0653638892225,1.5202760074934542e-16,0.0,0.0,1.0
7706,1975,PostGraduation,Partner,46772.0,0,1,2012-11-07,88,350,104,189,197,151,57,6,11,8,5,8,1,0,0,0,0,0,3,11,0,40,1,1,7,11,4,2012,1048,24,26,599,43.66666666666666,24.545454545454543,0.0,Non-profitable,0,Moderate-Value,43.89040945824311,2.482697959635033e-23,0.0,0.0,1.0
3967,1971,PhD,Partner,78931.0,0,0,2013-10-25,19,331,197,170,58,152,35,1,2,8,13,1,0,0,0,0,0,0,3,11,0,44,0,0,25,10,4,2013,943,23,14,247,41.0,108.94736842105264,0.0,Non-profitable,0,Moderate-Value,41.228331595333216,6.148914124953436e-26,0.0,0.0,1.0
10128,1958,Graduation,Partner,53977.0,0,1,2013-06-08,21,620,16,165,0,24,82,5,5,5,12,5,0,0,0,0,0,0,3,11,0,57,1,1,8,6,2,2013,907,22,19,386,41.22727272727273,94.28571428571428,0.0,Non-profitable,0,Moderate-Value,41.4664636417107,1.6106581609367442e-29,0.0,0.0,1.0
486,1988,Graduation,Partner,84219.0,0,0,2014-02-02,27,434,137,400,45,137,45,1,3,4,10,1,0,0,0,0,0,0,3,11,0,27,0,0,2,2,1,2014,1198,17,11,147,70.47058823529412,56.66666666666667,0.0,Profitable,1,VIP,70.85689293355341,3.6608618351309746e-12,0.08,0.0,1.0
9,1975,PostGraduation,Single,46098.0,1,1,2012-08-18,86,57,0,27,0,0,36,4,3,2,2,8,0,0,0,0,0,0,3,11,0,40,1,2,18,8,3,2012,120,7,28,680,17.142857142857142,7.325581395348838,0.0,Non-profitable,2,Low-Value,17.744127474099923,2.6198953688840743e-11,0.0,0.0,1.0
9451,1965,Graduation,Partner,73538.0,0,1,2012-11-25,92,811,76,428,99,137,107,3,10,4,9,7,0,0,0,0,0,0,3,11,0,50,1,1,25,11,4,2012,1658,23,25,581,72.08695652173913,22.5,0.0,Non-profitable,1,VIP,72.37541759454272,1.2635797039411226e-21,0.0,0.0,1.0
9264,1986,Graduation,Partner,79529.0,0,0,2014-04-27,1,423,42,706,73,197,197,1,4,8,9,2,0,0,0,0,0,0,3,11,0,29,0,0,27,4,2,2014,1638,21,8,63,78.0,1890.0,0.0,Profitable,1,VIP,78.32852054752914,3.451468669216461e-31,1.09,0.0,1.0
3865,1977,PostGraduation,Partner,20981.0,0,0,2013-04-30,14,2,12,10,6,13,30,1,3,1,2,8,0,0,0,0,0,0,3,11,1,38,0,0,30,4,2,2013,73,6,20,425,12.166666666666666,38.57142857142857,0.0,Non-profitable,2,Low-Value,12.831796223549274,3.359049685354625e-12,0.0,0.0,1.0
2853,1980,Graduation,Single,51766.0,1,0,2014-03-11,74,60,51,87,6,20,51,2,4,2,4,5,0,0,0,0,0,0,3,11,0,35,1,1,11,3,1,2014,275,10,9,110,27.5,12.162162162162163,0.39,Profitable,0,Moderate-Value,27.966277130764823,0.2770407863874556,2.92,0.0644,0.9356
1490,1962,Graduation,Partner,55759.0,0,1,2012-11-28,84,675,0,85,10,7,77,5,10,3,8,8,0,0,0,0,0,0,3,11,0,53,1,1,28,11,4,2012,854,21,25,578,40.66666666666666,22.5,0.0,Non-profitable,0,Moderate-Value,40.91608392482273,6.6120548467933104e-21,0.0,0.0,1.0
6310,1978,Graduation,Partner,33039.0,1,0,2013-09-09,4,30,8,12,8,8,12,1,2,0,4,5,0,0,0,0,0,0,3,11,0,37,1,1,9,9,3,2013,78,6,15,293,13.0,135.0,0.0,Profitable,2,Low-Value,13.67134241144741,6.879501252792609e-13,0.01,0.0,1.0
10380,1972,PostGraduation,Partner,37787.0,1,0,2013-09-20,50,40,1,40,4,3,18,1,3,0,3,8,0,0,0,0,0,0,3,11,0,43,1,1,20,9,3,2013,106,6,15,282,17.666666666666668,10.8,0.0,Profitable,2,Low-Value,18.372801063676977,1.6986030388757638e-06,0.1,0.0,1.0
3887,1970,Graduation,Single,27242.0,1,0,2012-11-11,2,3,17,26,20,1,39,2,2,0,3,9,0,0,0,0,0,0,3,11,1,45,1,1,11,11,4,2012,106,5,26,595,21.2,225.0,0.0,Non-profitable,2,Low-Value,22.0802848600728,1.6587016541112575e-16,0.0,0.0,1.0
4278,1983,PhD,Single,87188.0,0,0,2013-06-03,73,910,111,724,49,74,55,1,10,2,6,3,0,0,0,0,0,0,3,11,1,32,0,0,3,6,2,2013,1923,18,19,391,106.83333333333331,22.191780821917806,0.0,Non-profitable,3,High-Value,107.28804324125971,4.570609759597411e-15,0.0,0.0,1.0
8643,1971,Graduation,Partner,69930.0,0,0,2013-05-26,21,252,98,827,219,70,196,1,4,5,12,3,0,0,0,0,0,0,3,11,0,44,0,0,26,5,2,2013,1662,21,19,399,79.14285714285714,90.0,0.0,Non-profitable,1,VIP,79.47379921965279,1.003975625661488e-28,0.0,0.0,1.0
1998,1976,Graduation,Single,37697.0,1,0,2014-02-07,82,34,6,21,11,4,8,1,2,1,3,6,0,0,0,0,0,0,3,11,0,39,1,1,7,2,1,2014,84,6,10,142,14.0,6.585365853658536,0.07,Profitable,2,Low-Value,14.678797836925176,0.095363121631034,0.77,0.0458,0.9542
10795,1973,PhD,Partner,37401.0,1,0,2014-05-06,14,19,3,19,3,1,3,2,2,0,3,7,0,0,0,0,0,0,3,11,0,42,1,1,6,5,2,2014,48,5,8,54,9.6,32.142857142857146,0.01,Profitable,2,Low-Value,10.376350362241691,0.0267594946386741,0.7,0.0059,0.9941
2408,1976,Graduation,Partner,58597.0,1,1,2012-11-20,20,490,0,184,10,28,21,12,7,4,9,7,0,0,0,0,0,0,3,11,0,39,1,2,20,11,4,2012,733,20,25,586,36.65,90.0,0.0,Non-profitable,0,Moderate-Value,36.90297872239039,8.389329949806338e-33,0.0,0.0,1.0
202,1948,PhD,Single,82032.0,0,0,2014-04-05,54,332,194,377,149,125,57,0,4,6,7,1,0,0,0,0,0,0,3,11,0,67,0,0,5,4,2,2014,1234,17,9,85,72.58823529411765,28.333333333333336,0.13,Profitable,1,VIP,72.98008546160362,0.035291372893782,13.51,0.0038,0.9962
7998,1958,Graduation,Partner,28087.0,1,1,2012-12-11,77,53,8,17,13,0,21,3,2,2,2,7,0,0,0,0,0,0,3,11,0,57,1,2,11,12,4,2012,112,6,25,565,18.666666666666668,7.012987012987013,0.0,Profitable,2,Low-Value,19.380256489154743,1.7106591741310843e-09,0.01,0.0,1.0
830,1987,PhD,Single,74004.0,0,0,2014-02-24,5,784,48,560,42,176,48,1,4,6,4,3,0,0,1,1,0,0,3,11,1,28,0,0,24,2,1,2014,1658,14,10,125,118.42857142857144,252.0,0.0,Profitable,3,High-Value,119.05050353329209,2.127569586427056e-18,0.24,0.0,1.0
3536,1960,Graduation,Partner,19740.0,0,1,2013-03-24,65,7,11,3,10,4,20,2,1,1,3,5,0,0,0,0,0,0,3,11,0,55,1,1,24,3,1,2013,55,5,21,462,11.0,6.923076923076923,0.0,Profitable,2,Low-Value,11.788894180945446,6.317634870145845e-08,0.01,0.0,1.0
6050,1975,PostGraduation,Partner,57036.0,0,1,2012-12-11,33,1171,43,219,19,14,47,4,6,3,13,9,1,0,0,0,0,0,3,11,0,40,1,1,11,12,4,2012,1513,22,25,565,68.77272727272727,60.0,0.0,Non-profitable,1,VIP,69.06762425546681,1.9518848782428037e-30,0.0,0.0,1.0
125,1958,PostGraduation,Partner,53083.0,1,1,2013-05-15,65,215,7,33,3,0,13,6,5,1,5,7,0,1,0,0,0,0,3,11,0,57,1,2,15,5,2,2013,271,11,19,410,24.63636363636364,15.230769230769232,0.0,Non-profitable,2,Low-Value,25.048474220135745,2.215266554218576e-11,0.0,0.0,1.0
2804,1975,PostGraduation,Single,46098.0,1,1,2012-08-18,86,57,0,27,0,0,36,4,3,2,2,8,0,0,0,0,0,0,3,11,1,40,1,2,18,8,3,2012,120,7,28,680,17.142857142857142,7.325581395348838,0.0,Non-profitable,2,Low-Value,17.744127474099923,2.6198953688840743e-11,0.0,0.0,1.0
3745,1988,PostGraduation,Partner,23331.0,1,0,2012-09-04,92,5,36,7,0,10,45,2,3,0,3,8,0,0,0,0,0,0,3,11,0,27,1,1,4,9,3,2012,103,6,28,663,17.166666666666668,5.869565217391304,0.0,Non-profitable,2,Low-Value,17.8690733509381,4.0712829254825354e-10,0.0,0.0,1.0
9771,1988,PostGraduation,Single,23331.0,1,0,2012-10-05,97,104,20,101,24,15,5,6,5,1,5,9,0,0,0,0,0,0,3,11,0,27,1,1,5,10,4,2012,269,11,27,632,24.454545454545453,10.206185567010309,0.0,Non-profitable,2,Low-Value,24.865919154452417,3.5635622930761337e-13,0.0,0.0,1.0
451,1989,Graduation,Single,9255.0,1,0,2013-12-20,91,9,0,7,2,0,4,1,1,1,2,8,0,0,0,0,0,0,3,11,0,26,1,1,20,12,4,2013,22,4,12,191,5.5,3.956043956043956,0.01,Profitable,2,Low-Value,6.4265941573905545,0.0216212495880761,0.18,0.0199,0.9801
10530,1959,PhD,Single,67786.0,0,0,2013-12-07,0,431,82,441,80,20,102,1,3,6,6,1,0,0,0,0,0,0,3,11,1,56,0,0,7,12,4,2013,1156,15,13,204,77.06666666666666,0.0,0.0,Non-profitable,1,VIP,77.52421460608355,3.6957219306649192e-37,0.0,0.0,1.0
1079,1971,PhD,Partner,71969.0,0,1,2012-10-16,59,1000,0,76,0,0,10,3,3,4,9,8,0,1,0,0,0,0,3,11,0,44,1,1,16,10,4,2012,1086,16,26,621,67.875,24.406779661016948,0.0,Non-profitable,1,VIP,68.2782928816867,2.272540627909186e-20,0.0,0.0,1.0
8920,1967,PostGraduation,Single,59235.0,1,0,2013-01-12,4,448,40,469,80,0,91,3,11,2,12,7,0,0,0,0,0,0,3,11,0,48,1,1,12,1,1,2013,1128,25,23,533,45.12,562.5,0.0,Non-profitable,0,Moderate-Value,45.33736295733949,2.2021513045981286e-54,0.0,0.0,1.0
6678,1989,Graduation,Partner,31928.0,1,0,2014-03-28,5,33,4,24,4,2,5,2,3,0,4,7,0,0,0,0,0,0,3,11,0,26,1,1,28,3,1,2014,72,7,9,93,10.285714285714286,126.0,0.0,Profitable,2,Low-Value,10.843211594262463,3.0084744916822684e-08,0.49,0.0,1.0
3852,1961,PostGraduation,Partner,74881.0,1,1,2013-03-08,48,505,72,270,36,27,54,4,9,2,12,5,0,0,0,0,0,0,3,11,0,54,1,2,8,3,1,2013,964,23,22,478,41.91304347826087,43.125,0.0,Non-profitable,0,Moderate-Value,42.14314111419112,1.650996945213941e-25,0.0,0.0,1.0
528,1978,Graduation,Partner,65819.0,0,0,2012-11-29,99,267,38,701,149,165,63,1,5,4,10,3,0,0,0,0,0,0,3,11,0,37,0,0,29,11,4,2012,1383,19,25,577,72.78947368421052,17.27272727272727,0.0,Non-profitable,1,VIP,73.14045122795504,7.364632748259228e-18,0.0,0.0,1.0
73,1953,PhD,Single,51411.0,1,2,2013-05-26,81,14,0,3,0,0,1,1,0,0,3,5,0,0,0,0,0,0,3,11,0,62,1,3,26,5,2,2013,18,3,19,399,6.0,3.333333333333333,0.0,Profitable,2,Low-Value,7.247610332062101,1.878477849908748e-05,0.04,0.0,1.0
5589,1964,Graduation,Single,51983.0,0,1,2012-08-31,95,631,0,115,10,7,30,3,9,2,10,7,0,0,0,0,0,0,3,11,0,51,1,1,31,8,3,2012,793,21,28,667,37.76190476190476,19.894736842105264,0.0,Non-profitable,0,Moderate-Value,38.005167299841744,1.0016778090970212e-21,0.0,0.0,1.0
10212,1986,PostGraduation,Partner,42386.0,1,0,2013-01-13,43,65,4,16,0,4,11,1,3,0,3,8,0,0,0,0,0,0,3,11,0,29,1,1,13,1,1,2013,100,6,23,532,16.666666666666668,12.55813953488372,0.0,Non-profitable,2,Low-Value,17.365345638199216,8.967694873654814e-11,0.0,0.0,1.0
6365,1987,PostGraduation,Partner,30390.0,0,0,2013-09-02,5,10,12,12,25,1,20,1,2,0,3,6,0,0,0,0,0,0,3,11,0,28,0,0,2,9,3,2013,80,5,16,300,16.0,90.0,0.0,Profitable,2,Low-Value,16.833693533458856,5.66727882841246e-11,0.03,0.0,1.0
5636,1963,Graduation,Single,30983.0,0,0,2012-11-09,50,51,4,50,12,1,49,1,4,0,3,8,0,0,0,0,0,0,3,11,1,52,0,0,9,11,4,2012,167,7,26,597,23.857142857142858,12.6,0.0,Non-profitable,2,Low-Value,24.50127427310744,4.027867635966987e-12,0.0,0.0,1.0
591,1957,Graduation,Single,66033.0,0,1,2013-01-20,76,293,35,179,46,59,65,2,8,3,7,7,0,0,0,0,0,0,3,11,0,58,1,1,20,1,1,2013,677,18,23,525,37.61111111111112,21.31578947368421,0.0,Non-profitable,0,Moderate-Value,37.89464477380312,3.561211236963579e-18,0.0,0.0,1.0
2217,1975,PostGraduation,Partner,37284.0,1,1,2013-03-29,46,11,1,2,2,1,6,1,0,0,3,6,0,0,0,0,0,0,3,11,0,40,1,2,29,3,1,2013,23,3,21,457,7.666666666666667,5.869565217391304,0.0,Profitable,2,Low-Value,8.939315086586108,4.15411367748805e-07,0.02,0.0,1.0
2544,1951,PostGraduation,Single,57530.0,0,1,2013-10-12,68,50,1,27,6,7,1,1,1,1,4,1,0,0,0,0,0,0,3,11,0,64,1,1,12,10,4,2013,92,6,14,260,15.333333333333334,7.9411764705882355,0.0,Profitable,2,Low-Value,16.022071737562197,3.610579249044647e-05,0.18,0.0,1.0
7725,1965,PostGraduation,Partner,76800.0,0,0,2014-03-08,33,173,26,255,35,71,81,1,4,4,7,1,0,0,0,0,0,0,3,11,0,50,0,0,8,3,1,2014,641,15,9,113,42.73333333333333,40.90909090909091,0.0,Profitable,0,Moderate-Value,43.08894939682513,2.205240656596067e-07,1.21,0.0,1.0
8091,1956,Graduation,Partner,63943.0,0,1,2012-09-02,50,423,184,368,13,97,21,1,6,4,6,5,0,0,0,0,0,0,3,11,0,59,1,1,2,9,3,2012,1106,16,28,665,69.125,28.8,0.0,Non-profitable,1,VIP,69.5317714037158,2.2891911184562454e-22,0.0,0.0,1.0
5462,1974,Graduation,Partner,67445.0,0,1,2012-08-12,63,757,80,217,29,80,11,5,9,6,12,6,0,0,0,0,0,0,3,11,0,41,1,1,12,8,3,2012,1174,27,29,686,43.48148148148148,38.57142857142857,0.0,Non-profitable,0,Moderate-Value,43.68001797392599,5.199072795188045e-32,0.0,0.0,1.0
7791,1967,PostGraduation,Partner,37054.0,1,1,2013-09-15,89,12,1,6,0,1,5,2,1,0,3,7,0,0,0,0,0,0,3,11,0,48,1,2,15,9,3,2013,25,4,15,287,6.25,4.044943820224719,0.0,Profitable,2,Low-Value,7.185012893683564,0.0003944754808084,0.09,0.0005,0.9995
955,1962,PostGraduation,Partner,47175.0,1,1,2012-10-28,81,167,2,44,6,2,19,7,4,2,4,8,1,0,0,0,0,0,3,11,1,53,1,2,28,10,4,2012,240,10,26,609,24.0,11.11111111111111,0.0,Non-profitable,2,Low-Value,24.4506672884679,5.603714867024935e-13,0.0,0.0,1.0
4037,1976,Graduation,Single,31859.0,1,0,2013-06-14,77,3,1,3,8,0,5,1,1,0,2,7,0,0,0,0,0,0,3,11,0,39,1,1,14,6,2,2013,20,3,18,380,6.666666666666667,3.5064935064935066,0.0,Profitable,2,Low-Value,7.924292233871704,2.571093906127314e-05,0.05,0.0001,0.9999
6642,1961,Graduation,Single,27215.0,2,1,2013-01-23,50,30,5,22,8,9,28,4,2,1,4,6,0,0,0,0,0,0,3,11,0,54,1,3,23,1,1,2013,102,7,23,522,14.571428571428571,12.6,0.0,Non-profitable,2,Low-Value,15.156284019160877,4.1297882852012886e-11,0.0,0.0,1.0
2793,1976,PhD,Single,70179.0,0,1,2013-07-21,10,532,88,168,69,44,133,3,7,3,13,5,0,0,0,0,0,0,3,11,0,39,1,1,21,7,3,2013,1034,23,17,343,44.95652173913044,207.0,0.0,Non-profitable,0,Moderate-Value,45.1925061770508,3.427360173952657e-36,0.0,0.0,1.0
5424,1983,Graduation,Partner,39922.0,1,0,2013-02-14,30,29,12,59,19,1,36,2,3,0,4,8,0,0,0,0,0,0,3,11,0,32,1,1,14,2,1,2013,156,7,22,500,22.285714285714285,21.0,0.0,Non-profitable,2,Low-Value,22.919814383978014,2.061666844156509e-12,0.0,0.0,1.0
879,1976,PostGraduation,Partner,49681.0,0,2,2013-11-04,66,411,0,26,0,0,21,6,7,1,7,7,0,0,0,0,0,0,3,11,0,39,1,2,4,11,4,2013,458,15,14,237,30.53333333333333,20.454545454545453,0.0,Profitable,0,Moderate-Value,30.852728943826506,5.0747427652079594e-09,0.02,0.0,1.0
9530,1988,Graduation,Partner,24645.0,1,0,2012-11-01,16,5,3,4,4,1,0,1,1,0,2,8,0,0,0,0,0,0,3,11,0,27,1,1,1,11,4,2012,17,3,26,605,5.666666666666667,16.875,0.0,Non-profitable,2,Low-Value,6.9092693811573,3.7301915663973334e-10,0.0,0.0,1.0
1497,1952,Graduation,Single,47958.0,0,1,2013-01-19,8,268,11,88,15,3,22,2,6,3,5,5,0,0,0,0,0,0,3,11,0,63,1,1,19,1,1,2013,407,14,23,526,29.071428571428573,157.5,0.0,Non-profitable,0,Moderate-Value,29.4090595027797,1.8248486253187535e-28,0.0,0.0,1.0
7476,1964,PostGraduation,Single,63972.0,0,1,2012-12-02,93,928,63,254,0,12,12,4,5,4,10,4,0,1,0,0,0,0,3,11,0,51,1,1,2,12,4,2012,1269,19,25,574,66.78947368421052,18.387096774193548,0.0,Non-profitable,1,VIP,67.12639685113753,2.4217965735578238e-18,0.0,0.0,1.0
4390,1954,Graduation,Partner,75315.0,0,1,2014-04-15,14,459,15,171,142,23,31,2,5,4,12,2,0,0,0,0,0,0,3,11,0,61,1,1,15,4,2,2014,841,21,8,75,40.04761904761905,135.0,0.0,Profitable,0,Moderate-Value,40.29572464408909,1.467174291286983e-13,0.9,0.0,1.0
10478,1950,PhD,Partner,55517.0,1,1,2012-09-27,53,483,0,108,0,6,36,5,11,1,6,9,0,0,0,0,0,0,3,11,1,65,1,2,27,9,3,2012,633,18,27,640,35.166666666666664,30.56603773584905,0.0,Non-profitable,0,Moderate-Value,35.444155582335945,1.5062902646291552e-23,0.0,0.0,1.0
1081,1957,PhD,Partner,75283.0,1,2,2013-03-27,26,733,9,180,12,19,66,11,6,3,5,4,0,0,0,0,0,0,3,11,0,58,1,3,27,3,1,2013,1019,14,21,459,72.78571428571429,48.46153846153846,0.0,Non-profitable,1,VIP,73.2624278054764,2.5702963718118462e-20,0.0,0.0,1.0
4261,1946,PhD,Single,82800.0,0,0,2012-11-24,23,1006,22,115,59,68,45,1,7,6,12,3,0,0,1,1,0,0,3,11,1,69,0,0,24,11,4,2012,1315,25,25,582,52.6,97.82608695652172,0.0,Non-profitable,0,Moderate-Value,52.83067152914752,2.676595159968817e-38,0.0,0.0,1.0
9916,1954,Graduation,Partner,38998.0,1,1,2012-11-03,92,34,1,14,0,0,5,3,2,0,3,8,0,0,0,0,0,1,3,11,0,61,1,2,3,11,4,2012,54,5,26,603,10.8,4.891304347826087,0.0,Profitable,2,Low-Value,11.58710220684491,1.0135231134893916e-08,0.01,0.0,1.0
5350,1991,PostGraduation,Single,90638.0,0,0,2014-02-13,29,1156,120,915,94,144,96,1,3,4,10,1,0,0,1,0,0,0,3,11,1,24,0,0,13,2,1,2014,2525,17,10,136,148.52941176470588,52.75862068965517,0.0,Profitable,3,High-Value,149.12012862029283,6.159559254508497e-11,0.42,0.0,1.0
8135,1986,PostGraduation,Partner,27161.0,1,0,2013-10-28,41,7,4,23,7,0,11,1,1,0,3,7,0,0,0,0,0,0,3,11,0,29,1,1,28,10,4,2013,52,4,14,244,13.0,8.78048780487805,0.0,Profitable,2,Low-Value,14.010781520320648,4.486189727780637e-05,0.16,0.0001,0.9999
8685,1977,Graduation,Partner,42014.0,1,0,2012-08-17,56,244,15,108,4,15,50,6,7,1,6,8,0,0,0,0,0,0,3,11,1,38,1,1,17,8,3,2012,436,14,28,681,31.142857142857142,22.5,0.0,Non-profitable,0,Moderate-Value,31.4870785890186,8.470123809568573e-20,0.0,0.0,1.0
4967,1960,PhD,Partner,38201.0,0,1,2013-03-29,19,233,0,23,0,0,12,4,5,1,5,8,0,0,0,0,0,0,3,11,0,55,1,1,29,3,1,2013,268,11,21,457,24.363636363636363,52.10526315789474,0.0,Non-profitable,2,Low-Value,24.774641621610755,3.129345372728881e-18,0.0,0.0,1.0
2130,1982,Graduation,Partner,45203.0,2,0,2014-03-23,4,35,3,67,10,8,24,1,3,1,3,6,0,0,0,0,0,0,3,11,1,33,1,2,23,3,1,2014,147,7,9,98,21.0,157.5,0.0,Profitable,2,Low-Value,21.62589265650849,4.8586405872707205e-09,0.86,0.0,1.0
8175,1992,Graduation,Partner,34935.0,0,0,2013-06-21,71,34,4,66,3,10,20,1,2,1,4,7,0,0,0,0,0,0,3,11,0,23,0,0,21,6,2,2013,137,7,18,373,19.571428571428573,8.873239436619718,0.0,Profitable,2,Low-Value,20.188201848209022,1.2220288284195408e-07,0.03,0.0,1.0
6257,1976,PostGraduation,Single,60482.0,0,1,2013-01-23,81,255,43,134,37,14,24,1,7,2,7,7,0,0,0,0,0,0,3,11,0,39,1,1,23,1,1,2013,507,16,23,522,31.6875,17.77777777777778,0.0,Non-profitable,0,Moderate-Value,31.990089668944204,4.561753035577426e-16,0.0,0.0,1.0
3790,1956,Graduation,Partner,34633.0,2,1,2014-01-23,31,8,1,5,0,0,1,1,1,0,2,6,0,0,0,0,0,0,3,11,0,59,1,3,23,1,1,2014,15,3,11,157,5.0,8.709677419354838,0.0,Profitable,2,Low-Value,6.232587479347697,0.0020813145320803,0.13,0.002,0.998
9952,1947,PostGraduation,Partner,78093.0,0,0,2013-12-11,53,368,32,639,13,43,10,1,4,7,5,1,0,0,0,0,0,0,3,11,0,68,0,0,11,12,4,2013,1105,16,12,200,69.0625,27.169811320754715,0.0,Profitable,1,VIP,69.46909747761434,1.5757165972963792e-09,0.06,0.0,1.0
3503,1950,Graduation,Single,82460.0,0,0,2013-12-02,78,255,47,573,52,32,15,1,5,3,6,1,0,0,0,0,0,0,3,11,0,65,0,0,2,12,4,2013,974,14,13,209,69.57142857142857,16.153846153846153,0.0,Profitable,1,VIP,70.03791543027812,2.1451345652869467e-06,0.46,0.0,1.0
4608,1987,Graduation,Single,81361.0,0,0,2014-02-25,18,163,23,424,27,65,76,1,3,10,13,1,0,0,0,0,0,0,3,11,1,28,0,0,25,2,1,2014,778,26,10,124,29.923076923076923,130.0,0.0,Non-profitable,0,Moderate-Value,30.106068511492357,1.400041153308639e-20,0.0,0.0,1.0
1626,1973,PhD,Single,35860.0,1,1,2014-05-19,37,15,0,8,4,2,20,2,1,1,2,5,1,0,0,0,0,0,3,11,1,42,1,2,19,5,2,2014,49,4,7,41,12.25,9.72972972972973,2.95,Profitable,2,Low-Value,13.252362784027635,4.455236623818603,0.84,0.913,0.0869999999999999
4764,1952,PostGraduation,Partner,40442.0,1,1,2012-08-19,52,45,12,52,25,22,13,4,3,1,4,7,0,0,0,0,0,0,3,11,1,63,1,2,19,8,3,2012,169,8,28,679,21.125,13.846153846153848,0.0,Non-profitable,2,Low-Value,21.672917068871943,5.0286584557342854e-14,0.0,0.0,1.0
5892,1980,Graduation,Partner,34968.0,1,0,2013-04-10,11,158,6,45,8,2,2,7,3,2,5,7,0,0,0,0,0,0,3,11,0,35,1,1,10,4,2,2013,221,10,21,445,22.1,81.81818181818181,0.0,Non-profitable,2,Low-Value,22.54219337407815,5.78409461611226e-19,0.0,0.0,1.0
2612,1987,Graduation,Partner,75794.0,0,0,2013-12-24,33,754,160,625,63,32,48,1,7,5,12,3,0,0,0,1,0,0,3,11,0,28,0,0,24,12,4,2013,1682,24,12,187,70.08333333333333,65.45454545454545,0.0,Non-profitable,1,VIP,70.35603921682365,7.309949045193945e-18,0.0,0.0,1.0
4971,1962,PhD,Partner,31497.0,0,1,2012-12-06,22,108,1,28,13,1,4,2,3,1,4,8,0,0,0,0,0,0,3,11,0,53,1,1,6,12,4,2012,155,8,25,570,19.375,32.72727272727273,0.0,Non-profitable,2,Low-Value,19.913150027295032,1.3252106565024777e-15,0.0,0.0,1.0
5185,1955,Graduation,Partner,74268.0,0,0,2013-02-14,83,199,66,315,97,174,41,1,4,3,5,2,0,0,0,0,0,0,3,11,0,60,0,0,14,2,1,2013,892,12,22,500,74.33333333333333,13.012048192771084,0.0,Non-profitable,1,VIP,74.89554183524731,1.5581915445920696e-12,0.0,0.0,1.0
10069,1988,UnderGraduation,Partner,13724.0,1,0,2012-08-31,43,2,7,5,2,15,27,1,2,0,2,9,1,0,0,0,0,0,3,11,0,27,1,1,31,8,3,2012,58,4,28,667,14.5,8.372093023255815,0.0,Non-profitable,2,Low-Value,15.527618992906664,2.2623260079424477e-10,0.0,0.0,1.0
2262,1965,PostGraduation,Partner,45143.0,0,1,2013-08-26,74,202,5,74,11,5,14,3,6,1,5,7,0,0,0,0,0,0,3,11,0,50,1,1,26,8,3,2013,311,12,16,307,25.916666666666668,14.594594594594597,0.0,Profitable,0,Moderate-Value,26.2990620351811,6.047962618379359e-09,0.01,0.0,1.0
1131,1967,PhD,Single,52569.0,0,1,2014-04-05,54,85,0,3,0,0,7,1,2,0,4,3,0,0,0,0,0,0,3,11,0,48,1,1,5,4,2,2014,95,6,9,85,15.833333333333334,10.0,0.5,Profitable,2,Low-Value,16.525799450301076,0.607244638783051,1.2,0.1766,0.8234
1041,1973,PhD,Single,48432.0,0,1,2012-10-18,3,322,3,50,4,3,42,5,7,1,6,8,0,0,0,0,0,0,3,11,1,42,1,1,18,10,4,2012,424,14,26,619,30.285714285714285,420.0,0.0,Non-profitable,0,Moderate-Value,30.62720862229905,2.7672906505554453e-35,0.0,0.0,1.0
24,1960,PostGraduation,Partner,17144.0,1,1,2014-02-15,96,18,2,19,0,2,6,5,3,0,4,7,0,0,0,0,0,0,3,11,0,55,1,2,15,2,1,2014,47,7,10,134,6.714285714285714,6.5625,0.16,Profitable,2,Low-Value,7.248984573513786,0.4531140490190002,0.5,0.1783,0.8217
3409,1984,Graduation,Single,36108.0,1,0,2013-10-15,68,141,8,129,3,11,47,3,7,1,4,9,1,0,0,0,0,0,3,11,0,31,1,1,15,10,4,2013,339,12,14,257,28.25,15.882352941176473,0.0,Profitable,0,Moderate-Value,28.64106106169032,5.2471126823627496e-08,0.04,0.0,1.0
7022,1971,Graduation,Partner,76445.0,1,0,2012-09-28,2,739,107,309,140,80,35,1,2,5,13,6,0,0,0,0,0,0,3,11,0,44,1,1,28,9,3,2012,1410,20,27,639,70.5,900.0,0.0,Non-profitable,1,VIP,70.82829550505481,1.889280253436728e-51,0.0,0.0,1.0
7943,1975,PhD,Partner,36663.0,1,0,2014-04-25,40,18,0,6,3,3,5,1,1,1,3,2,0,0,0,0,0,0,3,11,0,40,1,1,25,4,2,2014,35,5,8,65,7.0,11.25,0.38,Profitable,2,Low-Value,7.753054698934721,0.9871943510812689,0.52,0.2604,0.7396
5272,1965,PostGraduation,Partner,53843.0,0,1,2013-06-27,64,378,0,88,19,4,73,4,8,5,3,7,0,0,0,0,0,0,3,11,0,50,1,1,27,6,2,2013,562,16,18,367,35.125,22.5,0.0,Non-profitable,0,Moderate-Value,35.43715560452424,5.1393948188959246e-14,0.0,0.0,1.0
5453,1956,PostGraduation,Partner,90226.0,0,0,2012-09-26,26,1083,108,649,253,151,108,1,4,7,12,2,0,0,0,1,0,0,3,11,0,59,0,0,26,9,3,2012,2352,23,27,641,102.2608695652174,79.61538461538461,0.0,Non-profitable,3,High-Value,102.60769407489434,8.020969610773099e-36,0.0,0.0,1.0
2565,1955,PostGraduation,Single,70638.0,0,0,2013-06-01,69,1016,12,215,16,12,63,1,4,5,10,3,0,1,0,0,0,0,3,11,0,60,0,0,1,6,2,2013,1334,19,19,393,70.21052631578948,24.782608695652176,0.0,Non-profitable,1,VIP,70.5554629431826,2.732474036624385e-16,0.0,0.0,1.0
800,1960,Graduation,Partner,44512.0,1,1,2013-08-30,57,23,1,6,0,0,2,2,1,0,3,4,0,0,0,0,0,0,3,11,0,55,1,2,30,8,3,2013,32,4,16,303,8.0,6.315789473684211,0.0,Profitable,2,Low-Value,8.954656611700585,2.28464767658796e-05,0.07,0.0,1.0
11092,1961,Graduation,Partner,27116.0,1,1,2014-03-02,78,12,1,21,2,2,3,2,2,0,3,7,0,0,0,0,0,0,3,11,0,54,1,2,2,3,1,2014,41,5,10,119,8.2,5.769230769230768,0.17,Profitable,2,Low-Value,8.963806543537938,0.3793146426346835,0.46,0.1808,0.8192
5062,1963,PhD,Partner,54072.0,1,1,2013-07-27,71,35,0,4,0,0,0,1,2,0,2,8,0,0,0,0,0,0,3,11,0,52,1,2,27,7,3,2013,39,4,17,337,9.75,5.070422535211268,0.0,Profitable,2,Low-Value,10.724300329717607,2.1292777275294484e-05,0.07,0.0,1.0
8969,1977,Graduation,Partner,71855.0,0,1,2013-01-16,59,548,31,422,0,112,28,4,5,5,11,3,0,0,0,0,0,0,3,11,0,38,1,1,16,1,1,2013,1141,21,23,529,54.333333333333336,32.03389830508475,0.0,Non-profitable,1,VIP,54.6117080456349,4.9135016907903764e-23,0.0,0.0,1.0
4656,1990,PostGraduation,Single,51250.0,1,0,2013-03-30,28,342,32,230,34,32,40,5,10,5,4,9,1,0,0,0,0,0,3,11,0,25,1,1,30,3,1,2013,710,19,21,456,37.36842105263158,61.07142857142858,0.0,Non-profitable,0,Moderate-Value,37.636428459549975,1.4730571689861033e-25,0.0,0.0,1.0
4480,1973,PostGraduation,Partner,60432.0,0,1,2014-03-09,61,365,3,15,4,3,11,5,7,2,5,6,0,0,0,0,0,0,3,11,0,42,1,1,9,3,1,2014,401,14,9,112,28.642857142857142,20.65573770491803,0.01,Profitable,0,Moderate-Value,28.97912451941993,0.0048146593594463,3.19,0.0008,0.9992
9971,1964,PhD,Partner,65526.0,0,1,2014-04-11,22,397,19,69,12,0,9,1,4,4,8,2,0,0,0,0,0,0,3,11,0,51,1,1,11,4,2,2014,506,16,8,79,31.625,65.45454545454545,0.0,Profitable,0,Moderate-Value,31.927415742842747,1.1905777785683693e-07,2.37,0.0,1.0
6729,1988,Graduation,Single,68655.0,0,0,2012-08-10,95,456,19,832,75,118,38,1,4,5,11,3,0,0,0,0,0,0,3,11,0,27,0,0,10,8,3,2012,1538,20,29,688,76.9,18.94736842105263,0.0,Non-profitable,1,VIP,77.24253560576538,2.3687710364553806e-21,0.0,0.0,1.0
1773,1978,PostGraduation,Partner,12393.0,0,0,2012-12-04,38,5,6,15,11,7,13,1,2,0,3,9,0,0,0,0,0,0,3,11,0,37,0,0,4,12,4,2012,57,5,25,572,11.4,11.842105263157894,0.0,Non-profitable,2,Low-Value,12.19247812914652,1.3411238820732375e-10,0.0,0.0,1.0
9242,1990,Graduation,Single,64509.0,0,0,2013-08-17,19,836,185,575,24,25,77,1,6,3,9,4,1,0,0,0,0,0,3,11,1,25,0,0,17,8,3,2013,1722,18,16,316,95.66666666666669,85.26315789473684,0.0,Non-profitable,3,High-Value,96.09376307114836,3.049866212122523e-23,0.0,0.0,1.0
1764,1975,Graduation,Single,33955.0,1,0,2013-08-09,92,100,2,128,23,7,10,4,5,1,5,8,0,0,0,0,0,0,3,11,0,40,1,1,9,8,3,2013,270,11,17,324,24.545454545454547,10.760869565217392,0.0,Profitable,2,Low-Value,24.957196687294083,1.1324556894468517e-07,0.02,0.0,1.0
6215,1977,Graduation,Partner,31353.0,1,1,2013-12-29,24,10,0,10,3,1,7,2,1,1,2,8,0,0,0,0,0,0,3,11,1,38,1,2,29,12,4,2013,31,4,12,182,7.75,15.0,0.0,Profitable,2,Low-Value,8.701850366269582,6.845529213617714e-05,0.15,0.0001,0.9999
10099,1984,Graduation,Partner,55434.0,1,0,2013-10-05,21,238,115,215,169,69,76,3,5,3,13,4,0,0,0,0,0,0,3,11,0,31,1,1,5,10,4,2013,882,21,15,267,42.0,90.0,0.0,Non-profitable,0,Moderate-Value,42.25224237563368,7.630676247843189e-24,0.0,0.0,1.0
5423,1983,Graduation,Partner,28359.0,1,0,2013-10-27,35,6,0,5,2,1,2,1,1,0,2,7,0,0,0,0,0,0,3,11,0,32,1,1,27,10,4,2013,16,3,14,245,5.333333333333333,7.714285714285714,0.0,Profitable,2,Low-Value,6.570928430252498,9.095640355449975e-05,0.07,0.0001,0.9999
940,1987,Graduation,Single,57100.0,1,0,2014-05-18,9,158,11,99,15,11,17,2,3,2,7,3,0,0,0,0,0,0,3,11,0,28,1,1,18,5,2,2014,311,12,7,42,25.916666666666668,120.0,0.0,Profitable,0,Moderate-Value,26.2990620351811,3.895911715568707e-06,4.22,0.0,1.0
3011,1965,Graduation,Partner,69139.0,0,1,2014-01-27,23,86,12,75,33,15,6,1,4,1,5,4,0,0,0,0,0,0,3,11,0,50,1,1,27,1,1,2014,227,10,11,153,22.7,39.130434782608695,0.0,Profitable,2,Low-Value,23.144869347043333,1.885612023558697e-08,0.22,0.0,1.0
3298,1956,PostGraduation,Partner,52973.0,0,1,2012-11-08,92,856,0,76,12,9,199,7,9,6,9,8,0,0,0,0,0,0,3,11,0,59,1,1,8,11,4,2012,1152,24,26,598,48.0,23.47826086956521,0.0,Non-profitable,0,Moderate-Value,48.23177459214276,8.023787357934548e-23,0.0,0.0,1.0
8286,1965,PhD,Partner,51717.0,0,1,2013-08-20,55,98,1,17,0,1,5,1,3,0,4,7,0,1,0,0,0,0,3,11,0,50,1,1,20,8,3,2013,122,7,16,313,17.428571428571427,11.454545454545451,0.0,Profitable,2,Low-Value,18.03166563575981,2.0220044850328377e-07,0.04,0.0,1.0
9668,1971,Graduation,Partner,18793.0,1,0,2013-01-12,14,4,16,20,0,17,20,3,2,0,4,8,0,0,0,0,0,0,3,11,0,44,1,1,12,1,1,2013,77,6,23,533,12.833333333333334,38.57142857142857,0.0,Non-profitable,2,Low-Value,13.503433173867784,1.0753875663232728e-13,0.0,0.0,1.0
5120,1982,PostGraduation,Partner,66664.0,0,0,2012-09-25,78,398,96,447,220,96,32,1,5,7,6,3,0,0,0,0,0,0,3,11,0,33,0,0,25,9,3,2012,1289,18,27,642,71.61111111111111,20.76923076923077,0.0,Non-profitable,1,VIP,71.97872170966464,1.8313135373326712e-20,0.0,0.0,1.0
6097,1959,Graduation,Single,50664.0,1,1,2013-01-16,64,313,8,104,6,4,126,9,8,1,6,9,0,0,0,0,0,0,3,11,0,56,1,2,16,1,1,2013,561,15,23,529,37.4,21.09375,0.0,Non-profitable,0,Moderate-Value,37.739781985678185,4.4616914575422056e-17,0.0,0.0,1.0
7019,1963,Graduation,Partner,54414.0,1,1,2013-01-23,49,109,18,16,24,26,18,4,3,1,5,4,0,0,0,0,0,0,3,11,0,52,1,2,23,1,1,2013,211,9,23,522,23.444444444444443,16.53061224489796,0.0,Non-profitable,2,Low-Value,23.942679718232814,5.106093164687795e-13,0.0,0.0,1.0
7408,1952,PhD,Partner,54549.0,0,1,2014-03-03,8,216,2,6,0,0,9,2,5,1,4,7,0,0,0,0,0,0,3,11,0,63,1,1,3,3,1,2014,233,10,10,118,23.3,112.5,0.0,Profitable,2,Low-Value,23.74754532000852,3.4732786602581946e-11,0.37,0.0,1.0
8041,1971,PhD,Single,47111.0,0,1,2012-09-08,35,595,71,153,120,112,41,6,3,2,10,9,0,0,0,0,0,0,3,11,0,44,1,1,8,9,3,2012,1092,15,28,659,72.8,38.57142857142857,0.0,Non-profitable,1,VIP,73.244880677166,1.522284610799889e-23,0.0,0.0,1.0
252,1963,PhD,Single,41003.0,0,0,2013-03-17,11,123,133,142,71,44,88,1,6,2,8,6,0,0,0,0,0,0,3,11,0,52,0,0,17,3,1,2013,601,16,21,469,37.5625,130.9090909090909,0.0,Non-profitable,0,Moderate-Value,37.881438722480986,1.2874000370668863e-28,0.0,0.0,1.0
9986,1982,Graduation,Partner,19444.0,1,0,2014-02-22,8,16,0,23,3,2,10,3,4,1,2,7,0,0,0,0,0,0,3,11,1,33,1,1,22,2,1,2014,54,7,10,127,7.714285714285714,78.75,0.0,Profitable,2,Low-Value,8.255368139323416,2.0041621348989532e-08,0.19,0.0,1.0
3276,1976,PostGraduation,Partner,36301.0,1,0,2013-10-25,53,11,12,35,3,5,12,1,3,0,3,7,0,0,0,0,0,0,3,11,0,39,1,1,25,10,4,2013,78,6,14,247,13.0,10.18867924528302,0.0,Profitable,2,Low-Value,13.67134241144741,1.2246281925757256e-05,0.13,0.0,1.0
3859,1947,PhD,Partner,73059.0,0,1,2013-08-31,36,410,112,420,0,82,71,1,9,3,13,4,0,0,0,0,0,0,3,11,0,68,1,1,31,8,3,2013,1095,25,16,302,43.8,62.5,0.0,Non-profitable,0,Moderate-Value,44.01501438584396,5.3148521378635486e-24,0.0,0.0,1.0
3570,1969,PhD,Partner,42731.0,1,0,2013-10-21,64,159,2,51,6,2,24,3,4,1,5,5,0,0,0,0,0,0,3,11,0,46,1,1,21,10,4,2013,244,10,14,251,24.4,14.0625,0.0,Profitable,2,Low-Value,24.852451270444693,3.974395319458465e-07,0.08,0.0,1.0
3783,1959,PhD,Partner,52854.0,1,1,2014-03-24,43,105,0,10,0,1,0,2,2,1,4,5,0,0,0,0,0,0,3,11,0,56,1,2,24,3,1,2014,116,7,9,97,16.571428571428573,14.651162790697676,0.02,Profitable,2,Low-Value,17.169051150780138,0.0282817718766457,1.22,0.0081,0.9919
10207,1978,Graduation,Partner,22775.0,1,0,2013-06-19,40,5,1,8,0,0,1,1,1,0,2,8,0,0,0,0,0,0,3,11,0,37,1,1,19,6,2,2013,15,3,18,375,5.0,6.75,0.0,Profitable,2,Low-Value,6.232587479347697,2.3602638008346142e-06,0.03,0.0,1.0
10906,1948,PhD,Partner,46681.0,0,2,2013-10-08,52,269,15,69,15,19,38,2,4,6,4,5,0,0,0,0,0,0,3,11,0,67,1,2,8,10,4,2013,425,14,15,264,30.357142857142858,24.23076923076923,0.0,Non-profitable,0,Moderate-Value,30.698864452859016,5.851948257181815e-11,0.0,0.0,1.0
3427,1955,PhD,Partner,59821.0,0,1,2013-04-12,11,629,0,70,0,0,35,6,11,2,7,8,0,0,0,0,0,0,3,11,0,60,1,1,12,4,2,2013,734,20,20,443,36.7,163.63636363636363,0.0,Non-profitable,0,Moderate-Value,36.95308997317719,3.992385367897173e-34,0.0,0.0,1.0
5209,1954,Graduation,Single,50002.0,0,1,2013-06-17,21,443,5,71,21,16,82,2,8,2,7,7,0,0,0,0,0,0,3,11,0,61,1,1,17,6,2,2013,638,17,18,377,37.52941176470589,72.85714285714286,0.0,Non-profitable,0,Moderate-Value,37.82945360832804,3.1308212058591045e-23,0.0,0.0,1.0
10711,1945,Graduation,Partner,69755.0,0,0,2013-10-02,23,217,77,373,111,23,93,1,3,6,12,1,0,0,0,0,0,0,3,11,0,70,0,0,2,10,4,2013,894,21,15,270,42.57142857142857,82.17391304347825,0.0,Non-profitable,0,Moderate-Value,42.824881711695504,3.5956079905130985e-23,0.0,0.0,1.0
2814,1976,PostGraduation,Partner,30560.0,1,0,2013-06-27,6,9,1,5,4,5,7,1,1,0,3,7,0,0,0,0,0,0,3,11,0,39,1,1,27,6,2,2013,31,4,18,367,7.75,60.0,0.0,Profitable,2,Low-Value,8.701850366269582,3.794185240677301e-10,0.01,0.0,1.0
6866,1969,PostGraduation,Partner,35924.0,1,1,2014-03-23,56,8,0,14,2,3,7,1,1,0,3,5,0,0,0,0,0,0,3,11,0,46,1,2,23,3,1,2014,34,4,9,98,8.5,6.428571428571428,0.16,Profitable,2,Low-Value,9.460269102562592,0.3296689905570655,0.43,0.1585,0.8415
1665,1964,PhD,Single,64140.0,0,2,2013-09-23,71,1459,0,61,0,15,215,5,2,5,6,5,1,0,1,0,1,0,3,11,1,51,1,2,23,9,3,2013,1750,13,15,279,134.6153846153846,16.47887323943662,0.0,Profitable,3,High-Value,135.34079717503292,6.1704509537057e-09,0.06,0.0,1.0
6575,1981,Graduation,Partner,56386.0,1,1,2012-10-27,51,230,48,214,13,32,75,8,9,1,7,9,0,0,0,0,0,0,3,11,0,34,1,2,27,10,4,2012,612,17,26,610,36.0,30.0,0.0,Non-profitable,0,Moderate-Value,36.296036782514,3.199860918775498e-22,0.0,0.0,1.0
3829,1979,UnderGraduation,Partner,24594.0,1,0,2013-12-10,94,1,3,6,10,0,9,1,1,0,3,5,0,0,0,0,0,0,3,11,0,36,1,1,10,12,4,2013,29,4,12,201,7.25,3.829787234042553,0.01,Profitable,2,Low-Value,8.196237875407576,0.0164552914047872,0.21,0.0159,0.9841
3091,1981,PostGraduation,Partner,75774.0,1,0,2014-05-02,27,340,21,134,258,14,56,1,7,5,8,4,0,0,0,0,0,0,3,11,0,34,1,1,2,5,2,2014,823,20,8,58,41.15,66.66666666666666,0.0,Profitable,0,Moderate-Value,41.412991293202495,6.996085663505144e-05,8.98,0.0,1.0
10141,1960,PostGraduation,Single,39228.0,0,0,2013-05-10,1,7,1,6,0,3,3,1,0,0,3,4,0,0,0,0,0,0,3,11,0,55,0,0,10,5,2,2013,20,3,20,415,6.666666666666667,270.0,0.0,Profitable,2,Low-Value,7.924292233871704,7.976185377470024e-11,0.01,0.0,1.0
5177,1974,PostGraduation,Partner,58494.0,0,1,2013-12-12,56,298,7,68,4,0,19,2,6,2,6,6,0,0,0,0,0,0,3,11,0,41,1,1,12,12,4,2013,396,14,12,199,28.285714285714285,22.5,0.0,Profitable,0,Moderate-Value,28.62084536662012,4.153288001107537e-08,0.07,0.0,1.0
6409,1967,Graduation,Single,57136.0,0,0,2013-05-18,18,267,140,599,34,12,127,1,7,5,7,6,0,0,0,0,0,0,3,11,1,48,0,0,18,5,2,2013,1179,19,19,407,62.05263157894737,95.0,0.0,Non-profitable,1,VIP,62.37845918522899,9.722342161446e-28,0.0,0.0,1.0
7485,1950,PhD,Single,56551.0,1,1,2014-05-07,48,67,4,32,17,2,16,3,2,1,4,4,0,0,0,0,0,0,3,11,0,65,1,2,7,5,2,2014,138,7,7,53,19.714285714285715,13.125,5.61,Profitable,2,Low-Value,20.33197092903897,5.521307243927834,2.12,0.8773,0.1227
8079,1982,Graduation,Partner,22448.0,1,0,2014-02-26,86,3,1,8,23,2,18,3,2,1,3,3,0,0,0,0,0,0,3,11,0,33,1,1,26,2,1,2014,55,6,10,123,9.166666666666666,6.27906976744186,0.24,Profitable,2,Low-Value,9.809429947115982,0.4874545369191404,0.6,0.2034,0.7966
8395,1961,Graduation,Single,82014.0,0,0,2012-08-20,48,980,37,265,35,163,31,1,3,6,12,6,0,0,0,0,0,0,3,11,1,54,0,0,20,8,3,2012,1511,21,28,678,71.95238095238095,39.375,0.0,Non-profitable,1,VIP,72.26808757420807,2.212031224894044e-28,0.0,0.0,1.0
10352,1963,Graduation,Single,34213.0,1,1,2012-09-07,2,50,4,28,6,3,26,3,3,1,2,9,0,0,0,0,0,0,3,11,1,52,1,2,7,9,3,2012,117,6,28,660,19.5,270.0,0.0,Non-profitable,2,Low-Value,20.21980267705288,1.7961022605217745e-19,0.0,0.0,1.0
4931,1977,Graduation,Partner,157146.0,0,0,2013-04-29,13,1,0,1725,2,1,1,0,0,28,0,1,0,0,0,0,0,0,3,11,0,38,0,0,29,4,2,2013,1730,28,20,426,61.785714285714285,193.84615384615384,0.0,Non-profitable,1,VIP,62.00622130683966,6.107446519550011e-44,0.0,0.0,1.0
13,1947,PhD,Single,25358.0,0,1,2013-07-22,57,19,0,5,0,0,8,2,1,0,3,6,0,0,0,0,0,0,3,11,0,68,1,1,22,7,3,2013,32,4,17,342,8.0,6.315789473684211,0.0,Profitable,2,Low-Value,8.954656611700585,6.090979700891311e-06,0.05,0.0,1.0
1834,1978,PostGraduation,Single,35544.0,1,0,2014-03-08,77,30,5,23,4,1,4,1,2,0,3,7,0,0,0,0,0,0,3,11,0,37,1,1,8,3,1,2014,67,5,9,113,13.4,5.844155844155844,0.37,Profitable,2,Low-Value,14.210397870151883,0.5200612526265145,0.76,0.2356,0.7644
2285,1954,PostGraduation,Partner,36634.0,0,1,2013-05-28,0,213,9,76,4,3,30,3,5,2,5,7,0,0,0,0,0,0,3,11,0,61,1,1,28,5,2,2013,335,12,19,397,27.916666666666668,0.0,0.0,Non-profitable,0,Moderate-Value,28.306489772189,2.9591920821989656e-35,0.0,0.0,1.0
2295,1954,PhD,Partner,62670.0,0,1,2014-02-02,57,539,30,92,80,46,38,1,5,3,13,3,0,0,0,0,0,0,3,11,0,61,1,1,2,2,1,2014,825,21,11,147,39.285714285714285,33.1578947368421,0.0,Profitable,0,Moderate-Value,39.53220552933997,4.377245432387144e-08,0.23,0.0,1.0
1378,1972,PostGraduation,Partner,50334.0,0,1,2013-07-24,24,284,16,160,84,16,134,6,7,4,6,6,0,0,0,0,0,0,3,11,0,43,1,1,24,7,3,2013,694,17,17,340,40.8235294117647,63.75,0.0,Non-profitable,0,Moderate-Value,41.132197540850576,3.543990792821381e-21,0.0,0.0,1.0
1165,1958,PhD,Single,50729.0,1,1,2013-05-02,62,239,13,143,45,4,52,9,6,2,7,6,0,0,0,0,0,0,3,11,0,57,1,2,2,5,2,2013,496,15,20,423,33.06666666666667,21.774193548387096,0.0,Non-profitable,0,Moderate-Value,33.3935834641213,6.0084208279051615e-15,0.0,0.0,1.0
1404,1968,Graduation,Partner,34916.0,2,0,2013-05-15,89,51,23,82,33,0,42,4,5,1,3,9,0,0,0,0,0,0,3,11,0,47,1,2,15,5,2,2013,231,9,19,410,25.666666666666668,9.101123595505618,0.0,Profitable,0,Moderate-Value,26.17591963470411,1.390977826271198e-08,0.01,0.0,1.0
2639,1966,Graduation,Single,43602.0,1,1,2014-01-10,45,19,5,12,10,3,19,3,3,1,2,6,0,0,0,0,0,0,3,11,0,49,1,2,10,1,1,2014,68,6,11,170,11.333333333333334,12.0,0.0,Profitable,2,Low-Value,11.99225003565114,0.0002632822783462,0.32,0.0002,0.9998
8299,1989,PhD,Single,33996.0,0,0,2013-09-11,46,40,2,15,8,0,6,1,1,1,3,4,0,0,0,0,0,0,3,11,0,26,0,0,11,9,3,2013,71,5,15,291,14.2,9.782608695652174,0.0,Profitable,2,Low-Value,15.017565766554029,3.0193432621973782e-06,0.09,0.0,1.0
6437,1985,PostGraduation,Single,41473.0,1,0,2013-06-19,80,21,8,20,15,3,9,1,2,0,3,7,0,0,0,0,0,0,3,11,0,30,1,1,19,6,2,2013,76,5,18,375,15.2,5.625,0.0,Profitable,2,Low-Value,16.02652563705671,3.6011533471194856e-06,0.07,0.0,1.0
6912,1967,PhD,Partner,63246.0,0,2,2013-08-20,60,593,30,91,29,22,7,1,6,3,12,4,0,0,0,0,0,0,3,11,0,48,1,2,20,8,3,2013,772,21,16,313,36.76190476190476,31.5,0.0,Non-profitable,0,Moderate-Value,37.00304846173354,3.2159806295085244e-16,0.0,0.0,1.0
7327,1959,PhD,Partner,36732.0,1,1,2013-12-29,71,21,5,3,10,1,7,3,1,1,4,2,0,0,0,0,0,0,3,11,0,56,1,2,29,12,4,2013,47,6,12,182,7.833333333333333,7.605633802816901,0.0,Profitable,2,Low-Value,8.466156046478964,0.0027220045490408,0.28,0.0017,0.9983
5299,1970,PhD,Partner,69084.0,1,0,2013-11-19,43,1181,107,199,39,30,30,2,7,3,13,8,0,0,0,0,0,0,3,11,0,45,1,1,19,11,4,2013,1586,23,13,222,68.95652173913044,48.13953488372093,0.0,Non-profitable,1,VIP,69.23892781560136,1.3138791695945536e-16,0.0,0.0,1.0
4127,1967,PhD,Partner,77766.0,0,1,2013-02-22,97,1004,59,265,115,59,27,2,11,10,11,6,1,0,0,0,0,0,3,11,1,48,1,1,22,2,1,2013,1529,32,22,492,47.78125,29.690721649484537,0.0,Non-profitable,0,Moderate-Value,47.95469648506676,9.819257654724236e-25,0.0,0.0,1.0
8143,1985,PhD,Single,37929.0,0,0,2013-07-30,49,202,2,46,3,2,10,2,4,2,5,7,0,1,0,1,0,0,3,11,1,30,0,0,30,7,3,2013,265,11,17,334,24.09090909090909,20.20408163265306,0.0,Non-profitable,2,Low-Value,24.50080902308577,3.855605743420672e-11,0.0,0.0,1.0
1964,1951,Graduation,Partner,86610.0,0,0,2013-09-05,66,446,107,768,33,196,53,1,5,6,6,2,0,0,0,0,0,0,3,11,0,64,0,0,5,9,3,2013,1603,17,16,297,94.29411764705884,23.18181818181818,0.0,Non-profitable,3,High-Value,94.7428088741182,2.821213165987234e-12,0.0,0.0,1.0
3690,1986,PostGraduation,Partner,80141.0,0,0,2013-01-11,20,1184,102,673,52,40,40,1,7,4,10,6,0,0,1,0,0,0,3,11,1,29,0,0,11,1,1,2013,2091,21,24,534,99.57142857142856,94.5,0.0,Non-profitable,3,High-Value,99.94565548386332,5.9905537539770366e-33,0.0,0.0,1.0
3433,1955,PostGraduation,Partner,72635.0,0,0,2013-06-03,54,390,22,323,104,35,107,1,6,8,6,3,0,0,0,1,0,0,3,11,0,60,0,0,3,6,2,2013,981,20,19,391,49.05,33.33333333333333,0.0,Non-profitable,0,Moderate-Value,49.33056891751709,4.03030143317741e-19,0.0,0.0,1.0
3389,1970,Graduation,Partner,69016.0,0,1,2012-11-22,61,726,53,363,123,107,161,4,8,9,13,5,0,0,0,0,0,0,3,11,0,45,1,1,22,11,4,2012,1533,30,25,584,51.1,44.26229508196721,0.0,Non-profitable,0,Moderate-Value,51.28994592229528,1.4783885968641964e-32,0.0,0.0,1.0
4712,1991,PostGraduation,Partner,20193.0,0,0,2012-11-28,18,8,8,22,24,11,9,1,1,1,4,4,0,0,0,0,0,0,3,11,0,24,0,0,28,11,4,2012,82,6,25,578,13.666666666666666,30.0,0.0,Non-profitable,2,Low-Value,14.34297936176592,1.197384781123741e-13,0.0,0.0,1.0
1170,1975,Graduation,Partner,27573.0,1,0,2013-03-25,45,50,15,110,39,15,15,4,5,1,4,8,0,0,0,0,0,0,3,11,0,40,1,1,25,3,1,2013,244,10,21,461,24.4,20.0,0.0,Non-profitable,2,Low-Value,24.852451270444693,2.722795162918367e-13,0.0,0.0,1.0
6347,1979,UnderGraduation,Single,15862.0,1,0,2013-06-27,26,1,1,4,11,9,10,1,1,0,3,8,0,0,0,0,0,0,3,11,0,36,1,1,27,6,2,2013,36,4,18,367,9.0,13.846153846153848,0.0,Profitable,2,Low-Value,9.965881593424598,8.537662240227166e-08,0.03,0.0,1.0
4065,1976,PhD,Partner,49544.0,1,0,2013-02-12,0,308,0,73,0,0,23,2,5,1,8,7,0,0,0,0,0,0,3,11,0,39,1,1,12,2,1,2013,404,14,22,502,28.857142857142858,0.0,0.0,Non-profitable,0,Moderate-Value,29.194092011099816,5.8252009061536856e-43,0.0,0.0,1.0
8230,1980,Graduation,Partner,33228.0,1,0,2014-01-23,28,22,2,31,7,4,5,1,2,0,3,7,0,0,0,0,0,0,3,11,0,35,1,1,23,1,1,2014,71,5,11,157,14.2,16.071428571428573,0.0,Profitable,2,Low-Value,15.017565766554029,0.0001224735134218,0.38,0.0001,0.9999
1215,1978,Graduation,Partner,70440.0,0,0,2013-10-08,49,690,117,499,76,102,88,1,5,10,7,3,0,0,0,1,0,0,3,11,0,37,0,0,8,10,4,2013,1572,22,15,264,71.45454545454545,40.40816326530612,0.0,Non-profitable,1,VIP,71.75486596538697,9.222811326765744e-17,0.0,0.0,1.0
5939,1971,Graduation,Partner,38232.0,1,1,2014-01-17,84,43,5,28,7,6,33,4,3,1,3,5,0,0,0,0,0,0,3,11,0,44,1,2,17,1,1,2014,122,7,11,163,17.428571428571427,7.5,0.02,Profitable,2,Low-Value,18.03166563575981,0.0193355304785981,0.9,0.0092,0.9908
2156,1955,PhD,Partner,22554.0,1,1,2012-11-03,38,27,0,10,0,0,4,4,2,0,4,5,0,0,0,0,0,0,3,11,0,60,1,2,3,11,4,2012,41,6,26,603,6.833333333333333,14.210526315789473,0.0,Non-profitable,2,Low-Value,7.458700621001201,5.215180721859924e-12,0.0,0.0,1.0
10323,1952,Graduation,Partner,49413.0,0,1,2013-10-25,88,205,7,41,3,2,46,2,4,2,5,5,0,0,0,0,0,0,3,11,0,63,1,1,25,10,4,2013,304,11,14,247,27.63636363636364,11.25,0.0,Profitable,0,Moderate-Value,28.060632803910607,7.193047034930421e-06,0.2,0.0,1.0
1891,1980,PostGraduation,Single,78789.0,0,0,2012-08-08,12,667,50,850,21,83,83,1,4,6,5,2,0,0,0,0,0,0,3,11,1,35,0,0,8,8,3,2012,1754,15,29,690,116.93333333333334,112.5,0.0,Non-profitable,3,High-Value,117.50924100440692,8.120064018655001e-31,0.0,0.0,1.0
2570,1968,Graduation,Partner,56534.0,0,1,2013-07-23,35,691,7,61,10,0,46,4,10,4,7,8,0,1,0,0,1,0,3,11,1,47,1,1,23,7,3,2013,815,21,17,341,38.80952380952381,54.0,0.0,Non-profitable,0,Moderate-Value,39.05500608262177,3.2926001898295683e-22,0.0,0.0,1.0
9256,1971,Graduation,Single,58350.0,0,1,2013-01-04,5,493,26,206,116,80,80,4,8,3,12,6,0,0,0,0,0,0,3,11,0,44,1,1,4,1,1,2013,1001,23,24,541,43.52173913043478,414.0,0.0,Non-profitable,0,Moderate-Value,43.75494836170266,1.1766733963788304e-48,0.0,0.0,1.0
295,1989,Graduation,Single,81217.0,0,0,2013-07-19,77,493,70,324,146,40,84,1,3,7,11,1,0,0,0,0,0,0,3,11,0,26,0,0,19,7,3,2013,1157,21,17,345,55.095238095238095,24.545454545454543,0.0,Non-profitable,1,VIP,55.37522716038401,4.681840205662195e-15,0.0,0.0,1.0
7397,1951,Graduation,Single,49090.0,0,1,2013-07-19,45,494,5,82,7,0,100,3,7,2,9,7,0,0,0,0,0,0,3,11,0,64,1,1,19,7,3,2013,688,18,17,345,38.22222222222222,36.0,0.0,Non-profitable,0,Moderate-Value,38.50726707166991,1.4800863500161348e-17,0.0,0.0,1.0
6349,1987,PostGraduation,Single,61787.0,0,0,2013-07-06,71,621,73,414,78,48,85,1,8,4,6,5,0,0,0,0,0,0,3,11,0,28,0,0,6,7,3,2013,1319,18,18,358,73.27777777777777,22.816901408450704,0.0,Non-profitable,1,VIP,73.64950979475587,2.611668730322116e-14,0.0,0.0,1.0
10790,1985,PhD,Partner,18169.0,1,0,2013-02-19,40,9,0,5,0,0,7,1,1,0,2,8,0,0,0,0,0,0,3,11,0,30,1,1,19,2,1,2013,21,3,22,495,7.0,6.75,0.0,Profitable,2,Low-Value,8.262633184776504,9.530042393585467e-08,0.02,0.0,1.0
10398,1981,PostGraduation,Single,24336.0,1,0,2012-08-27,82,1,6,2,8,2,12,1,1,0,2,7,0,0,0,0,0,0,3,11,0,34,1,1,27,8,3,2012,31,3,28,671,10.333333333333334,3.292682926829268,0.0,Profitable,2,Low-Value,11.646042693824516,2.508283594687451e-08,0.01,0.0,1.0
2431,1990,Graduation,Partner,18222.0,0,0,2012-12-31,70,12,4,19,12,6,14,1,2,0,3,8,0,0,0,0,0,0,3,11,0,25,0,0,31,12,4,2012,67,5,24,545,13.4,6.428571428571428,0.0,Profitable,2,Low-Value,14.210397870151883,8.871225258469744e-09,0.01,0.0,1.0
550,1952,Graduation,Single,62335.0,0,1,2013-05-23,87,243,131,217,85,6,26,2,3,3,13,2,0,0,0,0,0,0,3,11,0,63,1,1,23,5,2,2013,708,19,19,402,37.26315789473684,19.655172413793103,0.0,Non-profitable,0,Moderate-Value,37.53091873364089,1.4870478397083003e-14,0.0,0.0,1.0
1890,1971,PostGraduation,Partner,42033.0,1,1,2012-09-19,95,11,1,4,2,0,7,1,1,0,2,7,0,0,0,0,0,0,3,11,0,44,1,2,19,9,3,2012,25,3,27,648,8.333333333333334,2.8421052631578947,0.0,Profitable,2,Low-Value,9.615996988395713,8.150389824631849e-08,0.01,0.0,1.0
10742,1983,PhD,Partner,86580.0,0,0,2013-02-27,72,532,21,127,26,20,20,0,4,2,5,1,0,0,1,0,0,0,3,11,0,32,0,0,27,2,1,2013,746,11,22,487,67.81818181818181,13.750000000000002,0.0,Non-profitable,1,VIP,68.40530231992544,2.4691135322082035e-12,0.0,0.0,1.0
10356,1957,PhD,Single,41437.0,1,1,2012-09-22,5,29,0,2,0,0,1,1,1,0,3,7,0,0,0,0,0,0,3,11,0,58,1,2,22,9,3,2012,32,4,27,645,8.0,72.0,0.0,Non-profitable,2,Low-Value,8.954656611700585,1.0806164352861483e-13,0.0,0.0,1.0
4676,1951,PostGraduation,Single,73705.0,0,2,2014-03-05,86,612,91,520,258,107,107,2,9,6,8,5,0,0,0,0,0,0,3,11,0,64,1,2,5,3,1,2014,1695,23,10,116,73.69565217391305,24.069767441860463,0.28,Profitable,1,VIP,73.98722484205427,0.0752958717988703,15.85,0.0083,0.9917
8852,1976,Graduation,Partner,61064.0,0,1,2012-08-31,80,387,126,342,0,45,180,5,8,4,11,6,0,0,0,0,0,0,3,11,0,39,1,1,31,8,3,2012,1080,23,28,667,46.95652173913044,25.875,0.0,Non-profitable,0,Moderate-Value,47.19637464693001,3.936780925793458e-25,0.0,0.0,1.0
3565,1955,PostGraduation,Partner,38452.0,1,1,2014-03-30,62,56,0,14,0,0,2,3,3,0,3,7,0,0,0,0,0,0,3,11,0,60,1,2,30,3,1,2014,72,6,9,91,12.0,8.709677419354838,0.49,Profitable,2,Low-Value,12.663886985969649,0.7810694450779864,0.9,0.2428,0.7572
5294,1989,Graduation,Single,18358.0,1,0,2013-11-20,49,6,8,19,16,4,4,3,3,0,4,7,0,0,0,0,0,0,3,11,0,26,1,1,20,11,4,2013,57,7,13,221,8.142857142857142,12.857142857142856,0.0,Profitable,2,Low-Value,8.686675381813256,7.806951965534353e-06,0.09,0.0,1.0
1958,1973,PhD,Partner,55012.0,0,1,2014-03-21,85,582,0,65,0,0,13,6,8,2,9,5,0,0,0,0,0,0,3,11,0,42,1,1,21,3,1,2014,660,19,9,100,34.73684210526316,20.11764705882353,4.72,Profitable,0,Moderate-Value,34.998685311823,2.69944612597138,7.74,0.3086,0.6914
7349,1973,UnderGraduation,Partner,9722.0,1,0,2012-10-02,7,6,17,16,6,16,42,4,3,1,3,8,0,0,0,0,0,0,3,11,1,42,1,1,2,10,4,2012,103,7,27,635,14.714285714285714,90.0,0.0,Non-profitable,2,Low-Value,15.300053099990825,2.22476979311614e-18,0.0,0.0,1.0
8799,1984,PhD,Partner,38175.0,1,0,2013-09-23,6,70,6,69,2,3,3,3,3,1,4,7,0,0,0,0,0,0,3,11,0,31,1,1,23,9,3,2013,153,8,15,279,19.125,120.0,0.0,Profitable,2,Low-Value,19.66175473564119,9.564798573552376e-15,0.01,0.0,1.0
1351,1956,PostGraduation,Partner,58656.0,0,1,2012-09-20,25,962,12,194,16,24,12,4,7,8,13,6,0,0,1,0,0,0,3,11,0,59,1,1,20,9,3,2012,1220,28,27,647,43.57142857142857,100.8,0.0,Non-profitable,0,Moderate-Value,43.76300607478122,3.4923651107323063e-43,0.0,0.0,1.0
1045,1965,Graduation,Partner,52117.0,0,1,2012-08-16,55,112,10,107,30,0,20,2,5,2,4,7,0,0,0,0,0,0,3,11,0,50,1,1,16,8,3,2012,279,11,28,682,25.363636363636363,18.0,0.0,Non-profitable,0,Moderate-Value,25.77869448286904,7.317893157220678e-17,0.0,0.0,1.0
7732,1978,Graduation,Partner,64813.0,1,0,2014-01-02,81,293,0,124,179,97,52,1,7,2,10,5,0,0,0,0,0,0,3,11,0,37,1,1,2,1,1,2014,745,19,12,178,39.21052631578947,21.11111111111111,0.0,Profitable,0,Moderate-Value,39.48284866295885,2.76787183860659e-06,0.39,0.0,1.0
8070,1973,PhD,Partner,54222.0,0,1,2014-03-01,98,199,12,31,3,12,7,1,3,3,5,3,0,0,0,0,0,0,3,11,0,42,1,1,1,3,1,2014,264,11,10,120,24.0,10.10204081632653,1.78,Profitable,2,Low-Value,24.409531490244103,1.4584510430611188,2.86,0.3371,0.6629
7832,1959,PostGraduation,Partner,77520.0,0,1,2013-08-28,30,940,44,396,0,88,58,1,8,7,7,4,1,0,1,1,0,0,3,11,1,56,1,1,28,8,3,2013,1526,22,16,305,69.36363636363636,66.0,0.0,Non-profitable,1,VIP,69.65972836104244,3.31672253758678e-23,0.0,0.0,1.0
2202,1978,Graduation,Partner,41154.0,0,1,2013-04-09,98,44,2,11,2,3,7,1,1,0,4,5,0,0,0,0,0,0,3,11,0,37,1,1,9,4,2,2013,69,5,21,446,13.8,4.591836734693878,0.0,Profitable,2,Low-Value,14.613981818352956,1.332922298631478e-06,0.04,0.0,1.0
7396,1966,Graduation,Partner,80398.0,0,0,2012-11-10,92,342,51,936,207,35,26,1,5,8,12,3,0,0,1,0,0,0,3,11,0,49,0,0,10,11,4,2012,1597,25,26,596,63.88,24.456521739130437,0.0,Non-profitable,1,VIP,64.13074114010938,1.5152160204487152e-23,0.0,0.0,1.0
10340,1984,Graduation,Partner,35196.0,1,0,2012-11-13,68,75,12,141,43,39,187,6,6,1,5,8,0,0,0,0,0,0,3,11,0,31,1,1,13,11,4,2012,497,12,25,593,41.41666666666666,15.882352941176473,0.0,Non-profitable,0,Moderate-Value,41.85662699699231,2.704550367084938e-15,0.0,0.0,1.0
10091,1956,Graduation,Single,60230.0,0,1,2013-05-20,78,520,20,367,39,81,40,2,6,3,6,5,0,0,0,0,0,0,3,11,0,59,1,1,20,5,2,2013,1067,15,19,405,71.13333333333334,17.30769230769231,0.0,Non-profitable,1,VIP,71.57326586118258,6.178158436825555e-13,0.0,0.0,1.0
7629,1977,Graduation,Partner,22108.0,1,1,2014-05-08,46,5,3,9,6,2,6,2,2,0,3,7,0,0,0,0,0,0,3,11,0,38,1,2,8,5,2,2014,31,5,7,52,6.2,9.782608695652174,1.41,Profitable,2,Low-Value,6.945886802532576,4.054430735005836,0.52,0.8597,0.1402999999999999
10640,1974,Graduation,Partner,44392.0,1,1,2013-09-05,71,87,5,71,7,12,29,5,4,1,4,7,0,0,0,0,0,0,3,11,0,41,1,2,5,9,3,2013,211,9,16,297,23.444444444444443,11.408450704225352,0.0,Profitable,2,Low-Value,23.942679718232814,2.761302833062369e-07,0.05,0.0,1.0
3498,1976,PhD,Partner,55424.0,0,1,2012-11-25,6,462,61,184,10,53,107,4,7,5,9,6,1,0,0,0,0,0,3,11,1,39,1,1,25,11,4,2012,877,21,25,581,41.76190476190476,315.0,0.0,Non-profitable,0,Moderate-Value,42.01364265227458,2.702295969478716e-44,0.0,0.0,1.0
6742,1979,Graduation,Partner,17688.0,1,0,2013-01-13,82,2,2,1,3,1,2,1,1,0,2,8,0,0,0,0,0,1,3,11,0,36,1,1,13,1,1,2013,11,3,23,532,3.6666666666666665,3.292682926829268,0.0,Profitable,2,Low-Value,4.879223675728493,6.292516232511328e-07,0.01,0.0,1.0
1172,1983,PhD,Partner,92491.0,0,0,2013-05-01,71,979,44,935,29,25,22,1,7,5,12,3,0,1,1,1,0,0,3,11,1,32,0,0,1,5,2,2013,2034,24,20,424,84.75,30.422535211267604,0.0,Non-profitable,1,VIP,85.04989043925323,1.3109715548033067e-20,0.0,0.0,1.0
569,1991,Graduation,Single,90273.0,0,0,2013-12-14,32,704,129,853,120,74,111,1,5,6,7,2,0,1,1,1,0,0,3,11,1,24,0,0,14,12,4,2013,1991,18,12,197,110.61111111111111,50.625,0.0,Profitable,3,High-Value,111.07516290079992,2.188918279166736e-14,0.01,0.0,1.0
4686,1962,PhD,Single,82571.0,0,0,2014-04-02,28,861,31,558,62,95,79,0,6,5,13,2,0,0,1,0,0,0,3,11,0,53,0,0,2,4,2,2014,1686,24,9,88,70.25,77.14285714285714,0.0,Profitable,1,VIP,70.52301479889671,1.7868057658744043e-10,1.34,0.0,1.0
1381,1982,PhD,Single,38513.0,1,0,2014-01-28,20,172,3,115,16,0,18,5,6,1,5,8,0,0,0,0,0,0,3,11,1,33,1,1,28,1,1,2014,324,12,11,152,27.0,54.0,0.0,Profitable,0,Moderate-Value,27.386418726060377,1.3967312617558615e-10,0.11,0.0,1.0
2634,1979,PostGraduation,Single,16653.0,1,0,2014-04-18,10,5,7,31,15,4,7,3,2,1,3,6,0,0,0,0,0,0,3,11,1,36,1,1,18,4,2,2014,69,6,8,72,11.5,54.0,0.0,Profitable,2,Low-Value,12.160159273230764,0.0001348930260181,0.78,0.0,1.0
10905,1955,Graduation,Partner,42586.0,1,1,2012-10-29,7,194,2,56,0,0,0,5,4,1,6,8,0,0,0,0,0,0,3,11,1,60,1,2,29,10,4,2012,252,11,26,608,22.90909090909091,141.42857142857142,0.0,Non-profitable,2,Low-Value,23.31420109614416,3.044318863454527e-25,0.0,0.0,1.0
1744,1965,UnderGraduation,Single,23529.0,0,1,2013-01-07,67,9,7,13,3,2,20,1,1,1,2,6,0,0,0,0,0,0,3,11,0,50,1,1,7,1,1,2013,54,4,24,538,13.5,5.3731343283582085,0.0,Profitable,2,Low-Value,14.516394011182651,4.5559628146122116e-08,0.02,0.0,1.0
1000,1961,PostGraduation,Partner,74881.0,1,1,2013-03-08,48,505,72,270,36,27,54,4,9,2,12,5,0,0,0,0,0,0,3,11,0,54,1,2,8,3,1,2013,964,23,22,478,41.91304347826087,43.125,0.0,Non-profitable,0,Moderate-Value,42.14314111419112,1.650996945213941e-25,0.0,0.0,1.0
3828,1951,Graduation,Partner,71107.0,0,1,2013-02-17,61,533,10,217,198,174,195,2,7,6,13,4,0,0,0,0,0,0,3,11,0,64,1,1,17,2,1,2013,1327,26,22,497,51.03846153846154,38.36065573770492,0.0,Non-profitable,0,Moderate-Value,51.25757462823755,3.0237768049617316e-26,0.0,0.0,1.0
8605,1964,PhD,Partner,46910.0,1,1,2014-03-23,36,48,0,14,0,0,6,2,2,0,3,6,0,0,0,0,0,0,3,11,0,51,1,2,23,3,1,2014,68,5,9,98,13.6,12.5,0.02,Profitable,2,Low-Value,14.41218984425242,0.0272103318065752,0.74,0.0107,0.9893
10304,1959,Graduation,Partner,18690.0,0,0,2012-12-28,77,6,1,7,23,4,19,1,1,1,2,8,0,0,0,0,0,0,3,11,0,56,0,0,28,12,4,2012,60,4,24,548,15.0,4.675324675324676,0.0,Profitable,2,Low-Value,16.03323148376867,7.158726228861209e-08,0.02,0.0,1.0
4351,1955,Graduation,Single,37244.0,1,1,2013-04-27,90,18,2,10,0,0,25,1,1,1,2,7,1,0,0,0,0,0,3,11,0,60,1,2,27,4,2,2013,55,4,20,428,13.75,4.0,0.0,Profitable,2,Low-Value,14.769200256613656,4.4411262109718624e-06,0.06,0.0,1.0
10129,1966,Graduation,Partner,82427.0,0,0,2014-03-12,35,482,147,509,104,107,107,1,3,5,12,1,0,0,1,0,0,0,3,11,0,49,0,0,12,3,1,2014,1456,20,9,109,72.8,51.42857142857142,0.0,Profitable,1,VIP,73.13341304124766,6.5952381488654774e-09,1.1,0.0,1.0
2499,1958,PostGraduation,Single,75342.0,0,1,2013-05-06,38,204,97,97,21,118,26,1,5,2,10,4,0,0,0,0,0,0,3,11,0,57,1,1,6,5,2,2013,563,17,20,419,33.11764705882353,40.26315789473684,0.0,Non-profitable,0,Moderate-Value,33.40613584155678,4.510408462671955e-20,0.0,0.0,1.0
10092,1954,Graduation,Single,70044.0,0,1,2013-02-18,46,1073,0,250,153,14,14,4,7,10,5,5,0,0,0,0,0,0,3,11,0,61,1,1,18,2,1,2013,1504,22,22,496,68.36363636363636,43.04347826086957,0.0,Non-profitable,1,VIP,68.65770602852984,1.821419231806477e-25,0.0,0.0,1.0
7500,1967,Graduation,Single,79146.0,1,1,2014-04-24,33,245,16,223,21,43,16,2,8,1,8,6,0,0,0,0,0,0,3,11,0,48,1,2,24,4,2,2014,564,17,8,66,33.1764705882353,46.36363636363636,0.0,Profitable,0,Moderate-Value,33.4651134117804,0.0011336096301658,6.29,0.0001,0.9999
5796,1963,Graduation,Partner,77437.0,0,0,2013-11-26,70,560,21,442,29,44,29,1,4,5,13,1,0,0,1,0,0,0,3,11,0,52,0,0,26,11,4,2013,1125,22,13,215,51.13636363636363,28.285714285714285,0.0,Profitable,0,Moderate-Value,51.39559402751736,7.889659016267678e-11,0.01,0.0,1.0
1064,1971,PhD,Partner,42403.0,1,0,2013-12-11,18,22,1,11,0,5,3,1,1,0,3,8,0,0,0,0,0,0,3,11,0,44,1,1,11,12,4,2013,42,4,12,200,10.5,20.0,0.0,Profitable,2,Low-Value,11.482719066010617,9.556195452145369e-06,0.15,0.0,1.0
7610,1983,Graduation,Partner,37292.0,1,0,2013-04-18,32,275,0,86,10,23,66,5,6,3,5,8,0,0,0,0,0,0,3,11,0,32,1,1,18,4,2,2013,460,14,20,437,32.857142857142854,39.375,0.0,Non-profitable,0,Moderate-Value,33.20681852245768,1.3859036205201632e-18,0.0,0.0,1.0
263,1945,PhD,Single,45576.0,0,0,2014-05-28,9,56,19,29,2,14,25,1,3,1,3,8,0,0,0,0,0,0,3,11,1,70,0,0,28,5,2,2014,145,7,7,32,20.714285714285715,70.0,0.03,Profitable,2,Low-Value,21.3383544948486,0.0262842446848717,2.37,0.0026,0.9974
10814,1947,Graduation,Partner,70321.0,0,0,2013-01-16,6,303,23,751,82,26,191,1,6,5,13,4,0,0,0,0,0,0,3,11,1,68,0,0,16,1,1,2013,1376,24,23,529,57.333333333333336,360.0,0.0,Non-profitable,1,VIP,57.58240718823431,1.3328270480081342e-48,0.0,0.0,1.0
9710,1969,PhD,Single,58086.0,0,1,2013-01-20,80,708,7,62,0,0,15,2,11,3,7,8,0,0,0,0,0,0,3,11,0,46,1,1,20,1,1,2013,792,21,23,525,37.71428571428572,23.625,0.0,Non-profitable,0,Moderate-Value,37.95744735516993,4.5620032722462726e-20,0.0,0.0,1.0
9292,1952,Graduation,Partner,81795.0,0,0,2012-10-26,74,324,132,693,27,118,88,1,4,11,7,2,0,0,0,0,0,0,3,11,0,63,0,0,26,10,4,2012,1382,22,26,611,62.81818181818182,26.75675675675676,0.0,Non-profitable,1,VIP,63.10103673005089,9.427642960863849e-24,0.0,0.0,1.0
10250,1947,UnderGraduation,Partner,28389.0,0,0,2012-11-20,49,1,5,3,7,4,8,1,1,0,2,7,0,0,0,0,0,0,3,11,0,68,0,0,20,11,4,2012,28,3,25,586,9.333333333333334,5.5102040816326525,0.0,Profitable,2,Low-Value,10.631019841110112,2.1779202175900643e-08,0.01,0.0,1.0
7881,1946,PostGraduation,Partner,66835.0,0,0,2013-09-28,21,620,26,195,34,17,141,1,6,4,13,2,0,0,0,0,0,0,3,11,0,69,0,0,28,9,3,2013,1033,23,15,274,44.91304347826087,98.57142857142858,0.0,Non-profitable,0,Moderate-Value,45.148943819009936,2.8262605028828846e-26,0.0,0.0,1.0
5847,1969,Graduation,Single,69901.0,0,1,2013-05-29,95,312,21,206,102,92,149,3,7,3,10,5,0,0,0,0,0,0,3,11,0,46,1,1,29,5,2,2013,882,20,19,396,44.1,18.94736842105263,0.0,Non-profitable,0,Moderate-Value,44.36955508962377,3.4971875954813604e-14,0.0,0.0,1.0
737,1949,PhD,Partner,80360.0,0,0,2013-03-03,56,1493,86,454,112,43,43,2,4,4,5,2,0,1,1,1,0,0,3,11,0,66,0,0,3,3,1,2013,2231,13,22,483,171.6153846153846,20.892857142857142,0.0,Non-profitable,3,High-Value,172.4676038421457,2.8974943186790028e-15,0.0,0.0,1.0
3571,1961,PhD,Partner,63342.0,0,1,2012-10-16,48,918,21,118,13,10,21,3,8,3,5,6,0,1,0,0,0,0,3,11,1,54,1,1,16,10,4,2012,1101,16,26,621,68.8125,30.0,0.0,Non-profitable,1,VIP,69.21840177320851,7.70774492217901e-22,0.0,0.0,1.0
7807,1974,Graduation,Partner,44989.0,0,1,2012-09-12,26,98,0,106,49,10,106,5,5,1,5,6,0,0,0,0,0,0,3,11,0,41,1,1,12,9,3,2012,369,11,28,655,33.54545454545455,38.07692307692307,0.0,Non-profitable,0,Moderate-Value,33.99367243861868,4.338175112465052e-20,0.0,0.0,1.0
3878,1980,PostGraduation,Single,31859.0,1,0,2014-02-27,3,3,4,7,15,8,11,1,1,0,3,7,0,0,0,0,0,0,3,11,0,35,1,1,27,2,1,2014,48,4,10,122,12.0,120.0,0.0,Profitable,2,Low-Value,12.999556538596634,1.2214035786059338e-06,0.34,0.0,1.0
5092,1949,PhD,Single,51569.0,0,1,2013-02-12,39,380,0,47,6,0,34,4,7,1,7,8,0,1,0,0,0,0,3,11,1,66,1,1,12,2,1,2013,467,15,22,502,31.133333333333333,34.61538461538462,0.0,Non-profitable,0,Moderate-Value,31.45451027758053,8.138260101835423e-20,0.0,0.0,1.0
2154,1971,Graduation,Single,30372.0,1,1,2012-12-25,33,15,0,12,7,3,7,3,2,0,3,7,0,0,0,0,0,0,3,11,0,44,1,2,25,12,4,2012,44,5,24,551,8.8,13.636363636363637,0.0,Non-profitable,2,Low-Value,9.569182465839548,1.133851688538552e-10,0.0,0.0,1.0
5394,1979,UnderGraduation,Single,16014.0,1,1,2013-03-17,42,3,9,4,7,8,7,4,1,1,4,3,0,0,0,0,0,0,3,11,0,36,1,2,17,3,1,2013,38,6,21,469,6.333333333333333,12.857142857142856,0.0,Non-profitable,2,Low-Value,6.954972908262318,5.459890368584065e-10,0.0,0.0,1.0
3798,1968,Graduation,Partner,41120.0,1,1,2013-11-06,80,24,2,23,0,8,24,3,2,1,3,6,0,0,0,0,0,0,3,11,0,47,1,2,6,11,4,2013,81,6,14,235,13.5,6.75,0.0,Profitable,2,Low-Value,14.175070124186291,0.0003726918370227,0.27,0.0003,0.9997
3524,1971,PostGraduation,Single,39763.0,1,0,2013-08-04,9,80,1,60,4,6,16,2,5,1,2,9,0,0,0,0,0,0,3,11,1,44,1,1,4,8,3,2013,167,8,17,329,20.875,80.0,0.0,Non-profitable,2,Low-Value,21.4215217772181,1.5075113921369544e-14,0.0,0.0,1.0
5883,1972,Graduation,Partner,77981.0,1,0,2013-05-26,78,138,120,204,16,126,60,3,7,4,7,5,0,0,0,0,0,0,3,11,0,43,1,1,26,5,2,2013,664,18,19,399,36.888888888888886,20.76923076923077,0.0,Non-profitable,0,Moderate-Value,37.1706366035969,9.412495459215435e-15,0.0,0.0,1.0
2118,1964,PostGraduation,Partner,62905.0,0,1,2013-09-10,68,166,75,96,119,107,59,3,7,2,8,4,0,0,0,0,0,0,3,11,0,51,1,1,10,9,3,2013,622,17,15,292,36.588235294117645,22.5,0.0,Non-profitable,0,Moderate-Value,36.88581248475017,7.124107772748045e-12,0.0,0.0,1.0
8812,1979,PostGraduation,Single,13533.0,1,0,2013-03-10,45,12,3,8,8,0,17,2,2,0,3,7,0,0,0,0,0,0,3,11,0,36,1,1,10,3,1,2013,48,5,22,476,9.6,10.0,0.0,Profitable,2,Low-Value,10.376350362241691,5.1124890495140365e-09,0.01,0.0,1.0
6616,1975,Graduation,Partner,59481.0,0,1,2013-10-23,47,178,3,85,71,66,58,2,3,3,8,2,0,0,0,0,0,0,3,11,0,40,1,1,23,10,4,2013,461,14,14,249,32.92857142857143,26.80851063829787,0.0,Profitable,0,Moderate-Value,33.27847435301764,4.386069510740648e-11,0.01,0.0,1.0
2797,1977,Graduation,Partner,72117.0,0,1,2013-08-20,34,707,20,171,65,60,50,1,9,7,9,5,0,0,0,0,0,0,3,11,0,38,1,1,20,8,3,2013,1073,25,16,313,42.92,66.1764705882353,0.0,Non-profitable,0,Moderate-Value,43.133448671513605,4.161529090610687e-25,0.0,0.0,1.0
4328,1986,PostGraduation,Partner,21955.0,1,0,2013-09-07,81,5,1,7,17,14,11,2,2,1,3,6,0,0,0,0,0,0,3,11,0,29,1,1,7,9,3,2013,55,6,16,295,9.166666666666666,6.666666666666666,0.0,Profitable,2,Low-Value,9.809429947115982,2.6590546704171416e-05,0.09,0.0,1.0
9167,1956,Graduation,Partner,67131.0,0,1,2013-03-26,72,465,71,250,93,35,62,3,9,2,12,6,0,0,0,0,0,0,3,11,0,59,1,1,26,3,1,2013,976,23,21,460,42.43478260869565,28.75,0.0,Non-profitable,0,Moderate-Value,42.66588941068135,7.542104116399311e-21,0.0,0.0,1.0
2631,1982,Graduation,Partner,71853.0,0,0,2013-05-08,29,358,108,413,141,97,32,1,2,8,6,1,0,0,0,0,0,0,3,11,0,33,0,0,8,5,2,2013,1149,16,20,417,71.8125,49.6551724137931,0.0,Non-profitable,1,VIP,72.22675022607837,6.6506603668906974e-21,0.0,0.0,1.0
5534,1975,PostGraduation,Partner,47808.0,0,1,2013-10-20,30,123,1,26,2,0,72,2,3,2,3,7,1,0,0,0,0,0,3,11,0,40,1,1,20,10,4,2013,224,8,14,252,28.0,24.0,0.0,Profitable,0,Moderate-Value,28.58628758935267,6.650081326900509e-09,0.05,0.0,1.0
5093,1974,PhD,Single,25509.0,1,0,2012-09-18,15,40,3,30,10,7,11,3,3,0,3,9,0,0,0,0,0,0,3,11,1,41,1,1,18,9,3,2012,101,6,27,649,16.833333333333332,36.0,0.0,Non-profitable,2,Low-Value,17.53325487577884,5.860031799816934e-15,0.0,0.0,1.0
7592,1946,PhD,Partner,51012.0,0,0,2013-04-18,86,102,9,63,2,9,24,1,4,1,4,6,0,0,0,0,0,0,3,11,0,69,0,0,18,4,2,2013,209,9,20,437,23.22222222222222,9.418604651162791,0.0,Non-profitable,2,Low-Value,23.71935572658569,3.221949430218269e-09,0.0,0.0,1.0
8895,1985,Graduation,Single,70596.0,0,0,2012-10-05,68,347,44,534,17,0,26,1,3,5,12,2,0,0,0,0,0,0,3,11,0,30,0,0,5,10,4,2012,968,20,27,632,48.4,26.47058823529412,0.0,Non-profitable,0,Moderate-Value,48.67912265728867,3.18054926816532e-23,0.0,0.0,1.0
8584,1952,PhD,Partner,85431.0,0,0,2013-06-08,54,376,53,462,168,53,53,1,2,7,7,0,0,0,0,0,0,0,3,11,0,63,0,0,8,6,2,2013,1165,16,19,386,72.8125,26.666666666666664,0.0,Non-profitable,1,VIP,73.22953304370165,9.369240944506165e-16,0.0,0.0,1.0
2694,1967,Graduation,Partner,42664.0,0,1,2014-03-18,44,21,0,3,0,0,0,1,1,0,3,6,0,0,0,0,0,0,3,11,0,48,1,1,18,3,1,2014,24,4,9,103,6.0,8.181818181818182,0.03,Profitable,2,Low-Value,6.932206648252561,0.0815844959749842,0.29,0.0412,0.9588
8910,1955,Graduation,Partner,42586.0,1,1,2012-10-29,7,194,2,56,0,0,0,5,4,1,6,8,0,0,0,0,0,0,3,11,1,60,1,2,29,10,4,2012,252,11,26,608,22.90909090909091,141.42857142857142,0.0,Non-profitable,2,Low-Value,23.31420109614416,3.044318863454527e-25,0.0,0.0,1.0
7433,1985,Graduation,Single,29760.0,1,0,2012-08-29,87,64,4,68,7,5,17,4,3,1,4,8,0,0,0,0,0,0,3,11,0,30,1,1,29,8,3,2012,165,8,28,669,20.625,8.275862068965518,0.0,Non-profitable,2,Low-Value,21.170126485564253,6.495918593720414e-12,0.0,0.0,1.0
164,1977,PhD,Partner,28973.0,0,0,2012-10-13,59,206,0,46,3,2,12,2,5,1,5,8,0,0,0,0,0,0,3,11,0,38,0,0,13,10,4,2012,269,11,27,624,24.454545454545453,16.779661016949152,0.0,Non-profitable,2,Low-Value,24.865919154452417,1.227809251443728e-15,0.0,0.0,1.0
10477,1973,PhD,Partner,39435.0,1,0,2013-08-06,16,71,0,18,0,0,13,1,3,1,2,7,0,0,0,0,0,0,3,11,0,42,1,1,6,8,3,2013,102,6,17,327,17.0,33.75,0.0,Profitable,2,Low-Value,17.70116411335847,2.5882364084314347e-10,0.02,0.0,1.0
2681,1984,PostGraduation,Partner,65370.0,0,0,2013-08-01,1,71,22,112,138,89,29,1,2,3,13,1,0,0,0,0,0,0,3,11,0,31,0,0,1,8,3,2013,461,18,17,332,25.61111111111111,1620.0,0.0,Non-profitable,0,Moderate-Value,25.86497056114611,1.1906596579100964e-42,0.0,0.0,1.0
5150,1979,UnderGraduation,Single,20194.0,1,0,2012-12-17,64,0,4,7,11,10,15,2,2,0,3,6,0,0,0,0,0,0,3,11,0,36,1,1,17,12,4,2012,47,5,24,559,9.4,7.03125,0.0,Non-profitable,2,Low-Value,10.174558388141158,3.531813803779368e-09,0.0,0.0,1.0
5283,1976,PhD,Single,42473.0,1,1,2014-02-17,72,93,1,21,0,4,25,3,2,1,4,5,0,0,0,0,0,0,3,11,0,39,1,2,17,2,1,2014,144,7,10,132,20.571428571428573,8.75,0.06,Profitable,2,Low-Value,21.19458541401865,0.0568539445784768,1.31,0.022,0.978
9645,1968,Graduation,Partner,64590.0,0,0,2012-10-14,98,920,138,168,36,46,30,1,9,4,10,6,0,0,0,0,0,0,3,11,0,47,0,0,14,10,4,2012,1338,23,26,623,58.17391304347826,21.12244897959184,0.0,Non-profitable,1,VIP,58.43546302146994,5.46602118243622e-22,0.0,0.0,1.0
10678,1959,Graduation,Partner,71232.0,0,1,2013-11-28,91,653,17,170,34,26,17,2,11,2,10,7,0,0,0,0,0,0,3,11,0,56,1,1,28,11,4,2013,917,23,13,213,39.869565217391305,22.747252747252745,0.0,Profitable,0,Moderate-Value,40.09571028627106,1.9303689183288697e-08,0.03,0.0,1.0
7261,1971,Graduation,Partner,34600.0,1,1,2013-01-01,8,199,33,60,8,3,15,5,5,2,5,8,0,0,0,0,0,0,3,11,1,44,1,2,1,1,1,2013,318,12,24,544,26.5,135.0,0.0,Non-profitable,0,Moderate-Value,26.8845617918084,2.355714386400833e-25,0.0,0.0,1.0
9648,1967,Graduation,Single,46904.0,1,1,2012-11-03,20,153,4,56,0,9,31,4,5,1,4,8,0,0,0,0,0,0,3,11,0,48,1,2,3,11,4,2012,253,10,26,603,25.3,45.0,0.0,Non-profitable,0,Moderate-Value,25.756465229892477,3.9913536386865164e-19,0.0,0.0,1.0
2870,1973,Graduation,Partner,49094.0,0,1,2012-09-21,6,376,0,38,11,8,69,5,6,3,6,6,0,0,0,0,0,0,3,11,0,42,1,1,21,9,3,2012,502,15,27,646,33.46666666666667,225.0,0.0,Non-profitable,0,Moderate-Value,33.79477101995732,3.7683094252053358e-34,0.0,0.0,1.0
8008,1983,Graduation,Partner,36075.0,1,0,2013-12-09,54,46,0,30,12,1,30,1,2,0,4,6,0,0,0,0,0,0,3,11,0,32,1,1,9,12,4,2013,119,6,12,202,19.83333333333333,10.0,0.0,Profitable,2,Low-Value,20.555621152212133,0.0001362301452711,0.41,0.0001,0.9999
1513,1979,PostGraduation,Partner,60839.0,1,1,2012-08-28,72,600,21,128,223,150,128,13,2,2,12,8,0,0,0,0,0,0,3,11,0,36,1,2,28,8,3,2012,1250,16,28,670,78.125,20.0,0.0,Non-profitable,1,VIP,78.55681676232533,7.779896720233717e-20,0.0,0.0,1.0
6173,1979,Graduation,Partner,77298.0,0,1,2013-11-02,46,425,115,292,23,35,79,1,6,6,11,3,0,0,0,0,0,0,3,11,0,36,1,1,2,11,4,2013,969,23,14,239,42.130434782608695,45.0,0.0,Non-profitable,0,Moderate-Value,42.36095290439538,7.647668336830098e-17,0.0,0.0,1.0
1419,1950,Graduation,Partner,34026.0,1,1,2013-08-05,11,18,6,15,12,8,17,3,2,1,3,5,0,0,0,0,0,0,3,11,0,65,1,2,5,8,3,2013,76,6,17,328,12.666666666666666,49.090909090909086,0.0,Profitable,2,Low-Value,13.335523936288157,3.0722370827139974e-11,0.01,0.0,1.0
9150,1963,PhD,Single,48918.0,1,1,2014-04-12,21,52,0,9,0,0,1,2,1,0,4,4,0,0,0,0,0,0,3,11,0,52,1,2,12,4,2,2014,62,5,8,78,12.4,21.428571428571427,0.01,Profitable,2,Low-Value,13.2014379996492,0.0111599942267036,0.74,0.0035,0.9965
7960,1962,PostGraduation,Partner,82122.0,0,0,2013-08-15,89,734,22,350,151,25,100,1,3,9,13,1,0,0,1,0,0,0,3,11,0,53,0,0,15,8,3,2013,1382,25,16,318,55.28,25.280898876404496,0.0,Non-profitable,1,VIP,55.515439840971794,9.702970301005394e-15,0.0,0.0,1.0
1250,1976,Graduation,Single,37697.0,1,0,2014-02-07,82,34,6,21,11,4,8,1,2,1,3,6,0,0,0,0,0,0,3,11,0,39,1,1,7,2,1,2014,84,6,10,142,14.0,6.585365853658536,0.07,Profitable,2,Low-Value,14.678797836925176,0.095363121631034,0.77,0.0458,0.9542
9905,1952,Graduation,Partner,34074.0,1,1,2013-07-13,69,135,1,41,10,1,67,5,3,3,3,6,1,0,0,0,0,0,3,11,0,63,1,2,13,7,3,2013,255,9,17,351,28.33333333333333,11.739130434782608,0.0,Profitable,0,Moderate-Value,28.85580753446965,1.4555052556323144e-08,0.02,0.0,1.0
10691,1960,PostGraduation,Partner,28520.0,1,1,2013-06-14,55,11,0,10,0,2,20,1,1,1,2,6,0,0,0,0,0,0,3,11,0,55,1,2,14,6,2,2013,43,4,18,380,10.75,6.545454545454545,0.0,Profitable,2,Low-Value,11.735525311441618,1.5277616016043823e-06,0.04,0.0,1.0
7002,1955,Graduation,Single,62535.0,0,1,2013-10-03,13,163,48,90,0,45,52,1,3,2,8,3,0,0,0,0,0,0,3,11,0,60,1,1,3,10,4,2013,398,13,15,269,30.615384615384617,90.0,0.0,Non-profitable,0,Moderate-Value,30.9843676242294,3.648664197151492e-18,0.0,0.0,1.0
762,1981,PostGraduation,Partner,75774.0,1,0,2014-05-02,27,340,21,134,258,14,56,1,7,5,8,4,0,0,0,0,0,0,3,11,0,34,1,1,2,5,2,2014,823,20,8,58,41.15,66.66666666666666,0.0,Profitable,0,Moderate-Value,41.412991293202495,6.996085663505144e-05,8.98,0.0,1.0
6977,1974,Graduation,Partner,75702.0,0,1,2012-10-14,87,1073,0,629,145,37,37,1,10,5,13,6,0,0,1,0,0,0,3,11,0,41,1,1,14,10,4,2012,1921,28,26,623,68.60714285714286,28.96551724137931,0.0,Non-profitable,1,VIP,68.83848426629685,2.4798013366436717e-27,0.0,0.0,1.0
6289,1951,PostGraduation,Partner,59385.0,1,1,2013-04-28,85,135,0,10,0,4,36,2,3,1,4,5,0,0,0,0,0,0,3,11,0,64,1,2,28,4,2,2013,185,8,20,427,23.125,8.470588235294118,0.0,Profitable,2,Low-Value,23.6840794021027,1.735153887774034e-08,0.01,0.0,1.0
4168,1966,Graduation,Single,37070.0,1,1,2013-03-20,30,231,7,137,4,15,39,9,5,1,8,7,0,0,0,0,0,0,3,11,1,49,1,2,20,3,1,2013,433,14,21,466,30.928571428571427,42.0,0.0,Non-profitable,0,Moderate-Value,31.272111097338712,1.3056335524792075e-19,0.0,0.0,1.0
8397,1951,Graduation,Partner,44689.0,1,1,2014-01-10,82,18,0,5,0,0,11,2,1,1,2,7,1,0,0,0,0,0,3,11,0,64,1,2,10,1,1,2014,34,4,11,170,8.5,4.390243902439025,0.02,Profitable,2,Low-Value,9.460269102562592,0.0335527338413793,0.29,0.0276,0.9724
9284,1958,Graduation,Partner,53977.0,0,1,2013-06-08,21,620,16,165,0,24,82,5,5,5,12,5,0,0,0,0,0,0,3,11,0,57,1,1,8,6,2,2013,907,22,19,386,41.22727272727273,94.28571428571428,0.0,Non-profitable,0,Moderate-Value,41.4664636417107,1.6106581609367442e-29,0.0,0.0,1.0
6237,1966,PhD,Single,7144.0,0,2,2013-12-07,92,81,4,33,5,2,291,0,23,1,1,0,0,0,0,0,0,0,3,11,0,49,1,2,7,12,4,2013,416,25,13,204,16.64,24.456521739130437,0.0,Profitable,2,Low-Value,16.806690748102508,2.0309853280387332e-08,0.01,0.0,1.0
3130,1964,Graduation,Single,18701.0,1,1,2013-06-04,95,12,4,2,10,6,10,4,2,0,4,5,0,0,0,0,0,0,3,11,0,51,1,2,4,6,2,2013,44,6,19,390,7.333333333333333,5.684210526315789,0.0,Profitable,2,Low-Value,7.962428333740083,2.1574644178256734e-06,0.03,0.0,1.0
1619,1956,Graduation,Partner,90369.0,0,0,2014-04-28,2,292,51,981,224,23,17,1,4,6,6,1,0,0,0,0,0,0,3,11,1,59,0,0,28,4,2,2014,1588,16,8,62,99.25,720.0,0.0,Profitable,3,High-Value,99.74060378461714,2.8670622602185303e-20,4.83,0.0,1.0
1990,1974,PhD,Single,63159.0,0,0,2012-11-05,74,965,34,586,89,86,37,1,3,5,8,3,1,0,0,0,0,0,3,11,0,41,0,0,5,11,4,2012,1797,16,26,601,112.3125,19.45945945945946,0.0,Non-profitable,3,High-Value,112.83945433982124,2.4107266275550108e-18,0.0,0.0,1.0
5513,1966,Graduation,Partner,37758.0,1,1,2012-10-04,49,27,2,10,0,0,1,2,1,0,3,8,0,0,0,0,0,0,3,11,0,49,1,2,4,10,4,2012,40,4,27,633,10.0,7.346938775510203,0.0,Non-profitable,2,Low-Value,10.97710657514861,9.267550208830339e-10,0.0,0.0,1.0
269,1963,PhD,Single,46757.0,0,1,2012-11-16,71,777,30,163,0,51,122,6,4,4,7,9,0,0,0,0,0,0,3,11,0,52,1,1,16,11,4,2012,1143,15,25,590,76.2,19.01408450704225,0.0,Non-profitable,1,VIP,76.65497490177216,1.4378121944910096e-17,0.0,0.0,1.0
10513,1992,Graduation,Partner,63207.0,0,0,2013-01-20,68,438,169,565,91,169,70,1,2,3,6,7,0,0,0,1,0,0,3,11,0,23,0,0,20,1,1,2013,1502,11,23,525,136.54545454545453,14.558823529411766,0.0,Non-profitable,3,High-Value,137.4111171482223,2.668223423965905e-13,0.0,0.0,1.0
10177,1954,Graduation,Single,72071.0,0,1,2013-02-14,4,531,69,300,150,138,150,3,5,4,8,2,0,0,0,0,0,0,3,11,0,61,1,1,14,2,1,2013,1338,17,22,500,78.70588235294117,382.5,0.0,Non-profitable,1,VIP,79.11375276485975,1.582832273337281e-37,0.0,0.0,1.0
2549,1983,PhD,Partner,21840.0,1,0,2013-07-21,80,17,0,9,0,0,1,1,1,0,3,9,0,0,0,0,0,0,3,11,0,32,1,1,21,7,3,2013,27,4,17,343,6.75,4.5,0.0,Profitable,2,Low-Value,7.69062538454557,3.247364594581833e-05,0.06,0.0001,0.9999
5782,1982,PostGraduation,Partner,58582.0,0,1,2013-09-28,15,402,35,106,101,77,42,2,9,2,9,5,0,1,0,0,0,0,3,11,0,33,1,1,28,9,3,2013,763,20,15,274,38.15,120.0,0.0,Non-profitable,0,Moderate-Value,38.406316245994425,6.877269172350785e-26,0.0,0.0,1.0
10057,1951,Graduation,Single,72282.0,0,0,2013-07-19,70,503,27,419,90,139,153,1,5,7,9,7,0,0,0,0,0,0,3,11,1,64,0,0,19,7,3,2013,1331,21,17,345,63.38095238095238,27.0,0.0,Non-profitable,1,VIP,63.67849753328058,5.878892250390119e-16,0.0,0.0,1.0
10307,1956,Graduation,Partner,50387.0,0,2,2013-08-31,91,369,9,87,12,14,34,3,6,2,8,5,0,0,0,0,0,0,3,11,0,59,1,2,31,8,3,2013,525,16,16,302,32.8125,15.824175824175825,0.0,Non-profitable,0,Moderate-Value,33.1182203387704,1.7672454578431252e-09,0.0,0.0,1.0
8566,1961,PhD,Partner,32583.0,1,1,2014-06-15,10,5,0,3,0,0,1,1,1,0,2,7,0,0,0,0,0,0,3,11,0,54,1,2,15,6,2,2014,9,3,6,14,3.0,27.0,1.99,Profitable,2,Low-Value,4.202541773918891,9.46404969291406,0.23,0.8792,0.1208
5684,1971,PostGraduation,Single,44635.0,1,1,2013-10-11,25,56,0,9,0,0,3,2,2,0,3,7,0,0,0,0,0,0,3,11,0,44,1,2,11,10,4,2013,68,5,14,261,13.6,18.0,0.0,Profitable,2,Low-Value,14.41218984425242,4.1802514904896245e-07,0.08,0.0,1.0
8334,1971,PostGraduation,Single,33316.0,1,1,2013-10-04,34,79,1,31,4,4,12,3,2,1,4,6,0,0,0,0,0,0,3,11,0,44,1,2,4,10,4,2013,131,7,15,268,18.714285714285715,18.52941176470588,0.0,Profitable,2,Low-Value,19.325587363229342,4.665001769447112e-08,0.05,0.0,1.0
9166,1968,Graduation,Partner,63967.0,0,1,2013-08-09,57,387,84,141,73,35,162,3,4,4,12,2,0,0,0,0,0,0,3,11,0,47,1,1,9,8,3,2013,882,20,17,324,44.1,31.57894736842105,0.0,Non-profitable,0,Moderate-Value,44.36955508962377,2.0966002814508552e-16,0.0,0.0,1.0
1440,1978,PostGraduation,Partner,52513.0,0,0,2012-09-04,84,367,17,241,104,188,232,2,9,5,9,7,0,0,0,0,0,0,3,11,0,37,0,0,4,9,3,2012,1149,23,28,663,49.95652173913044,24.642857142857142,0.0,Non-profitable,0,Moderate-Value,50.20217735174883,1.5590563110165339e-24,0.0,0.0,1.0
78,1969,Graduation,Partner,25293.0,1,0,2013-09-15,51,15,0,11,0,2,9,1,1,1,2,8,0,0,0,0,0,0,3,11,0,46,1,1,15,9,3,2013,37,4,15,287,9.25,7.0588235294117645,0.0,Profitable,2,Low-Value,10.2186878388556,2.383691554731197e-05,0.09,0.0,1.0
5441,1965,PhD,Single,54111.0,0,1,2013-08-25,97,267,6,54,8,3,50,2,5,2,6,5,0,0,0,0,0,0,3,11,0,50,1,1,25,8,3,2013,388,13,16,308,29.846153846153847,12.061855670103093,0.0,Profitable,0,Moderate-Value,30.21250054175304,7.298179646541816e-08,0.02,0.0,1.0
5302,1986,Graduation,Partner,78394.0,0,0,2013-02-15,13,298,27,697,216,24,166,1,4,6,5,2,0,0,0,0,0,0,3,11,1,29,0,0,15,2,1,2013,1428,15,22,499,95.2,103.84615384615384,0.0,Non-profitable,3,High-Value,95.71138380398314,1.0474844570616164e-26,0.0,0.0,1.0
4687,1958,PostGraduation,Partner,80739.0,0,0,2013-05-23,92,674,92,736,39,0,92,1,3,11,9,1,0,0,0,0,0,0,3,11,0,57,0,0,23,5,2,2013,1633,23,19,402,71.0,22.5,0.0,Non-profitable,1,VIP,71.28635864352142,1.851567912256876e-16,0.0,0.0,1.0
1087,1975,PostGraduation,Partner,22669.0,1,0,2013-05-22,30,16,14,36,37,22,48,3,4,1,2,9,0,0,0,0,0,0,3,11,1,40,1,1,22,5,2,2013,173,7,19,403,24.714285714285715,21.0,0.0,Profitable,0,Moderate-Value,25.36388875808712,6.236867509709891e-11,0.01,0.0,1.0
6859,1987,Graduation,Single,29236.0,1,0,2013-10-08,30,37,4,24,16,9,9,2,4,0,3,9,0,0,0,0,0,0,3,11,0,28,1,1,8,10,4,2013,99,7,15,264,14.142857142857142,21.0,0.0,Profitable,2,Low-Value,14.724976776671037,2.3329282241323082e-08,0.04,0.0,1.0
9860,1959,Graduation,Partner,44911.0,0,1,2013-03-15,11,159,0,22,2,1,31,3,4,1,4,7,0,0,0,0,0,0,3,11,0,56,1,1,15,3,1,2013,215,9,21,471,23.88888888888889,73.63636363636364,0.0,Non-profitable,2,Low-Value,24.389327701527076,6.4798778584649734e-18,0.0,0.0,1.0
7129,1962,PhD,Partner,54693.0,0,1,2013-02-17,72,686,17,142,23,26,35,8,6,4,13,6,0,0,0,0,0,0,3,11,0,53,1,1,17,2,1,2013,929,23,22,497,40.391304347826086,28.75,0.0,Non-profitable,0,Moderate-Value,40.618458582761285,6.248208412608775e-22,0.0,0.0,1.0
5866,1974,Graduation,Partner,48186.0,1,0,2014-03-20,39,97,3,66,12,7,34,3,4,1,4,7,0,0,0,0,0,0,3,11,0,41,1,1,20,3,1,2014,219,9,9,101,24.33333333333333,20.76923076923077,0.0,Profitable,2,Low-Value,24.83597568482133,0.0022457119776838,1.91,0.0005,0.9995
10521,1977,Graduation,Partner,54809.0,1,1,2013-09-11,0,63,6,57,13,13,22,4,2,1,5,4,0,0,0,0,0,0,3,11,1,38,1,2,11,9,3,2013,174,8,15,291,21.75,0.0,0.0,Non-profitable,2,Low-Value,22.301405298006557,1.62003862920614e-22,0.0,0.0,1.0
7393,1978,Graduation,Partner,41580.0,1,1,2012-12-10,15,56,5,24,4,0,3,3,2,1,3,5,0,0,0,0,0,0,3,11,0,37,1,2,10,12,4,2012,92,6,25,566,15.333333333333334,36.0,0.0,Non-profitable,2,Low-Value,16.022071737562197,5.988294291355686e-14,0.0,0.0,1.0
7849,1970,PhD,Partner,80336.0,0,0,2013-09-09,12,209,19,456,160,142,66,1,2,9,13,1,0,0,0,0,0,0,3,11,0,45,0,0,9,9,3,2013,1052,24,15,293,43.833333333333336,180.0,0.0,Non-profitable,0,Moderate-Value,44.05738504031618,8.784664090554237e-34,0.0,0.0,1.0
332,1957,Graduation,Partner,47743.0,0,1,2013-03-22,56,198,2,43,0,12,20,3,4,1,6,6,0,1,0,0,0,0,3,11,0,58,1,1,22,3,1,2013,275,11,21,464,25.0,17.678571428571427,0.0,Non-profitable,0,Moderate-Value,25.413584351502397,3.450095539757348e-13,0.0,0.0,1.0
9847,1955,PostGraduation,Partner,62972.0,0,1,2012-08-03,39,313,15,47,20,0,192,2,7,4,3,6,0,0,0,0,0,0,3,11,0,60,1,1,3,8,3,2012,587,14,29,695,41.92857142857143,32.30769230769231,0.0,Non-profitable,0,Moderate-Value,42.30710900357285,2.836421072583233e-22,0.0,0.0,1.0
531,1954,PhD,Single,57333.0,0,1,2012-09-22,55,941,14,397,76,58,176,11,8,5,9,6,0,0,0,0,0,0,3,11,1,61,1,1,22,9,3,2012,1662,22,27,645,75.54545454545455,36.0,0.0,Non-profitable,1,VIP,75.85404823475669,1.932691326333875e-27,0.0,0.0,1.0
9576,1982,PhD,Partner,32313.0,1,0,2013-02-11,60,86,4,56,2,4,7,3,4,0,4,9,0,0,0,0,0,0,3,11,0,33,1,1,11,2,1,2013,159,8,22,503,19.875,12.0,0.0,Non-profitable,2,Low-Value,20.41594061060272,4.7310967006151256e-11,0.0,0.0,1.0
6906,1953,PostGraduation,Single,84953.0,0,0,2013-06-03,73,167,48,602,63,72,72,1,3,10,4,2,0,1,1,1,0,0,3,11,1,62,0,0,3,6,2,2013,1024,17,19,391,60.23529411764706,20.95890410958904,0.0,Non-profitable,1,VIP,60.5947957146441,2.1779151698704262e-14,0.0,0.0,1.0
3170,1957,PostGraduation,Partner,68148.0,0,0,2013-08-31,86,389,66,408,37,57,85,1,4,4,6,2,0,0,0,0,0,0,3,11,0,58,0,0,31,8,3,2013,1042,14,16,302,74.42857142857143,14.651162790697676,0.0,Profitable,1,VIP,74.91051190835553,6.3609582271793316e-09,0.02,0.0,1.0
8527,1965,PostGraduation,Partner,65735.0,1,1,2013-12-07,37,239,7,119,4,15,11,5,6,2,6,7,0,0,0,0,0,0,3,11,0,50,1,2,7,12,4,2013,395,14,13,204,28.214285714285715,34.054054054054056,0.0,Profitable,0,Moderate-Value,28.54918953606016,7.035673942201133e-11,0.02,0.0,1.0
7872,1975,PhD,Partner,86836.0,0,0,2012-09-12,7,179,21,273,0,21,63,1,6,10,6,5,1,0,1,1,0,0,3,11,1,40,0,0,12,9,3,2012,557,22,28,655,25.318181818181817,282.85714285714283,0.0,Non-profitable,0,Moderate-Value,25.52519926082846,1.3228626247027287e-46,0.0,0.0,1.0
10595,1990,Graduation,Partner,30093.0,0,0,2013-07-08,19,2,6,28,13,4,16,1,2,0,3,7,0,0,0,0,0,0,3,11,0,25,0,0,8,7,3,2013,69,5,18,356,13.8,23.684210526315788,0.0,Profitable,2,Low-Value,14.613981818352956,2.8979504219681933e-09,0.02,0.0,1.0
4609,1966,PhD,Partner,57705.0,0,1,2014-01-11,14,383,0,53,6,4,40,3,8,1,6,6,0,0,0,0,0,0,3,11,0,49,1,1,11,1,1,2014,486,15,11,169,32.4,96.42857142857144,0.0,Profitable,0,Moderate-Value,32.724937537727925,4.2261625549531495e-16,0.01,0.0,1.0
5010,1988,Graduation,Single,25008.0,1,0,2014-02-02,72,2,8,8,6,1,9,2,1,0,3,8,0,0,0,0,0,0,3,11,0,27,1,1,2,2,1,2014,34,4,11,147,8.5,5.0,0.03,Profitable,2,Low-Value,9.460269102562592,0.056272454913684,0.32,0.0402,0.9598
4427,1995,PostGraduation,Single,83257.0,0,0,2012-09-18,56,536,27,590,38,107,67,1,5,10,12,6,1,0,1,0,0,1,3,11,1,20,0,0,18,9,3,2012,1365,27,27,649,50.55555555555556,43.392857142857146,0.0,Non-profitable,0,Moderate-Value,50.76574453073896,1.7728050620182034e-32,0.0,0.0,1.0
11148,1975,Graduation,Partner,22280.0,1,0,2013-05-19,85,2,1,4,3,1,2,1,1,0,2,8,0,0,0,0,0,0,3,11,0,40,1,1,19,5,2,2013,13,3,19,406,4.333333333333333,3.176470588235294,0.0,Profitable,2,Low-Value,5.555905577538095,1.9154141361644948e-05,0.03,0.0,1.0
1168,1978,PhD,Partner,72159.0,0,0,2012-10-29,62,322,53,899,34,40,53,1,4,6,10,2,0,0,0,0,0,0,3,11,0,37,0,0,29,10,4,2012,1401,20,26,608,70.05,29.032258064516128,0.0,Non-profitable,1,VIP,70.3772942479736,1.5841919656158206e-23,0.0,0.0,1.0
9595,1961,Graduation,Partner,64260.0,0,0,2013-01-11,1,539,169,816,20,0,30,1,4,5,4,3,0,0,0,0,0,0,3,11,1,54,0,0,11,1,1,2013,1574,13,24,534,121.07692307692308,1170.0,0.0,Non-profitable,3,High-Value,121.75593652344904,6.909586061476124e-36,0.0,0.0,1.0
10163,1984,PhD,Single,82733.0,0,0,2013-09-10,28,712,50,420,65,38,38,1,8,4,7,4,0,0,0,0,0,0,3,11,1,31,0,0,10,9,3,2013,1323,19,15,292,69.63157894736842,61.07142857142858,0.0,Non-profitable,1,VIP,69.97515945068267,2.0562684527815024e-20,0.0,0.0,1.0
2886,1971,PostGraduation,Single,74290.0,0,1,2013-08-12,70,1121,0,72,0,12,12,4,10,8,10,6,0,1,0,1,0,0,3,11,0,44,1,1,12,8,3,2013,1217,28,16,321,43.46428571428572,36.0,0.0,Non-profitable,0,Moderate-Value,43.655693044004416,1.9203142970763172e-19,0.0,0.0,1.0
6710,1951,PostGraduation,Single,58217.0,2,1,2012-11-17,84,68,1,13,3,5,13,1,2,0,4,6,0,0,0,0,0,0,3,11,0,64,1,3,17,11,4,2012,103,6,25,589,17.166666666666668,6.428571428571428,0.0,Non-profitable,2,Low-Value,17.8690733509381,1.6045174528320584e-09,0.0,0.0,1.0
5316,1976,PostGraduation,Partner,21024.0,0,0,2013-07-04,89,36,4,18,6,2,18,1,2,0,4,7,0,0,0,0,0,0,3,11,0,39,0,0,4,7,3,2013,84,6,18,360,14.0,6.067415730337078,0.0,Profitable,2,Low-Value,14.678797836925176,3.983372847339352e-06,0.06,0.0,1.0
9029,1972,PhD,Partner,70116.0,0,0,2013-01-26,73,707,44,603,95,58,29,1,2,8,12,1,0,0,0,0,0,0,3,11,0,43,0,0,26,1,1,2013,1536,22,23,519,69.81818181818181,27.12328767123288,0.0,Non-profitable,1,VIP,70.11519305763908,1.3657673809610077e-21,0.0,0.0,1.0
521,1985,Graduation,Partner,54006.0,1,0,2012-09-18,42,174,77,203,6,24,97,2,8,1,7,7,0,0,0,0,0,0,3,11,0,30,1,1,18,9,3,2012,581,16,27,649,36.3125,34.285714285714285,0.0,Non-profitable,0,Moderate-Value,36.62796020045188,2.6509883643553085e-23,0.0,0.0,1.0
1459,1966,PhD,Partner,69063.0,0,1,2012-11-07,16,666,35,124,69,8,26,1,5,3,5,3,0,0,0,0,0,0,3,11,0,49,1,1,7,11,4,2012,928,13,26,599,71.38461538461539,73.125,0.0,Non-profitable,1,VIP,71.89332299547634,1.952903453119246e-24,0.0,0.0,1.0
10241,1975,PostGraduation,Single,11448.0,0,0,2013-12-15,16,0,0,0,6,2,6,1,1,0,2,6,0,0,0,0,0,0,3,11,0,40,0,0,15,12,4,2013,14,3,12,196,4.666666666666667,16.875,0.0,Profitable,2,Low-Value,5.894246528442896,5.080825234970185e-05,0.08,0.0001,0.9999
1630,1979,Graduation,Single,61825.0,0,1,2013-08-07,56,162,50,100,55,30,27,1,4,2,8,4,0,0,0,0,0,0,3,11,0,36,1,1,7,8,3,2013,424,14,17,326,30.285714285714285,22.5,0.0,Non-profitable,0,Moderate-Value,30.62720862229905,2.280911359393464e-12,0.0,0.0,1.0
3254,1971,Graduation,Partner,70886.0,1,0,2013-10-14,65,407,70,239,103,88,53,1,5,4,4,2,0,0,0,0,0,0,3,11,0,44,1,1,14,10,4,2013,960,13,14,258,73.84615384615384,18.0,0.0,Profitable,1,VIP,74.36329765940069,8.129892546507058e-09,0.05,0.0,1.0
9064,1982,Graduation,Partner,69109.0,0,0,2012-11-09,10,823,25,459,124,29,95,1,6,6,7,4,0,0,1,0,0,0,3,11,1,33,0,0,9,11,4,2012,1555,19,26,597,81.84210526315789,171.0,0.0,Non-profitable,1,VIP,82.21428765613582,4.835253959212161e-37,0.0,0.0,1.0
3678,1973,Graduation,Single,60208.0,1,1,2012-10-07,13,488,23,71,15,0,59,11,8,3,7,7,0,1,0,0,0,0,3,11,1,42,1,2,7,10,4,2012,656,18,27,630,36.44444444444444,124.6153846153846,0.0,Non-profitable,0,Moderate-Value,36.72509311423924,4.1506620233459026e-34,0.0,0.0,1.0
4227,1968,PostGraduation,Partner,32889.0,1,1,2013-09-06,78,28,0,13,4,2,8,3,2,1,3,5,0,0,0,0,0,0,3,11,0,47,1,2,6,9,3,2013,55,6,16,296,9.166666666666666,6.923076923076923,0.0,Profitable,2,Low-Value,9.809429947115982,1.9442122215659628e-05,0.08,0.0,1.0
8486,1971,PostGraduation,Partner,30538.0,1,0,2012-10-01,27,284,0,52,8,3,20,4,9,0,4,10,0,0,0,0,0,0,3,11,0,44,1,1,1,10,4,2012,367,13,27,636,28.23076923076923,43.33333333333333,0.0,Non-profitable,0,Moderate-Value,28.59157966855269,3.311954126545392e-22,0.0,0.0,1.0
2186,1977,PostGraduation,Partner,82326.0,0,0,2014-03-10,30,938,142,754,159,81,183,1,5,10,6,2,0,1,1,1,0,0,3,11,1,38,0,0,10,3,1,2014,2257,21,9,111,107.47619047619048,62.99999999999999,0.0,Profitable,3,High-Value,107.86716629938536,6.181239989529923e-11,0.61,0.0,1.0
3286,1967,PhD,Single,26642.0,1,0,2014-03-01,71,13,2,15,2,2,8,2,2,0,3,6,0,0,0,0,0,0,3,11,0,48,1,1,1,3,1,2014,42,5,10,120,8.4,6.338028169014085,0.1,Profitable,2,Low-Value,9.165598517638475,0.2111876797311355,0.46,0.1015,0.8985
8602,1964,Graduation,Single,69932.0,0,1,2013-06-12,97,412,172,153,150,105,57,2,7,6,11,4,0,0,0,0,0,0,3,11,0,51,1,1,12,6,2,2013,1049,24,18,382,43.708333333333336,22.2680412371134,0.0,Non-profitable,0,Moderate-Value,43.93215335376138,8.941685657391723e-16,0.0,0.0,1.0
6715,1948,PhD,Single,60200.0,0,1,2013-01-02,3,502,19,132,0,6,26,6,6,2,11,6,0,0,0,0,0,0,3,11,0,67,1,1,2,1,1,2013,685,19,24,543,36.05263157894737,570.0,0.0,Non-profitable,0,Moderate-Value,36.317556885686486,1.8449853369932465e-44,0.0,0.0,1.0
4796,1952,Graduation,Single,49638.0,0,1,2014-04-19,71,18,10,3,3,5,0,1,1,0,3,2,0,0,0,0,0,0,3,11,0,63,1,1,19,4,2,2014,39,4,8,71,9.75,5.070422535211268,1.53,Profitable,2,Low-Value,10.724300329717607,2.8516604034282733,0.59,1.0,0.0
9612,1987,PostGraduation,Single,23830.0,0,0,2014-02-07,3,1,8,6,4,8,16,1,1,0,3,7,0,0,0,0,0,0,3,11,0,28,0,0,7,2,1,2014,43,4,10,142,10.75,120.0,0.0,Profitable,2,Low-Value,11.735525311441618,3.715413841763122e-07,0.25,0.0,1.0
3766,1959,PostGraduation,Single,33051.0,0,0,2012-08-16,15,100,71,243,108,94,219,3,9,1,8,9,0,0,0,0,0,0,3,11,1,56,0,0,16,8,3,2012,835,18,28,682,46.388888888888886,108.0,0.0,Non-profitable,0,Moderate-Value,46.69412868861704,4.516121342644871e-34,0.0,0.0,1.0
1399,1958,Graduation,Partner,72905.0,0,0,2014-01-21,52,407,114,445,181,165,203,1,3,7,9,1,0,0,0,1,0,0,3,11,0,57,0,0,21,1,1,2014,1515,19,11,159,79.73684210526316,32.88461538461538,0.0,Profitable,1,VIP,80.10409313795425,6.493453558201209e-09,0.22,0.0,1.0
1570,1951,PhD,Partner,69702.0,0,1,2013-02-19,8,664,9,240,50,19,57,2,7,7,10,4,0,0,0,0,0,0,3,11,0,64,1,1,19,2,1,2013,1039,24,22,495,43.29166666666666,270.0,0.0,Non-profitable,0,Moderate-Value,43.51471439857872,6.149814370141298e-45,0.0,0.0,1.0
3426,1975,Graduation,Single,70300.0,1,0,2013-07-15,89,1045,61,338,60,46,46,3,5,5,13,8,0,0,0,0,0,0,3,11,0,40,1,1,15,7,3,2013,1596,23,17,349,69.3913043478261,23.258426966292134,0.0,Non-profitable,1,VIP,69.67455139600989,6.374788796635143e-15,0.0,0.0,1.0
3074,1984,PhD,Partner,70643.0,0,0,2012-10-15,66,1218,107,304,23,143,33,1,5,8,4,6,0,0,0,0,0,0,3,11,1,31,0,0,15,10,4,2012,1828,17,26,622,107.52941176470588,23.18181818181818,0.0,Non-profitable,3,High-Value,108.01276217443196,1.6831300895526902e-20,0.0,0.0,1.0
8341,1969,PhD,Partner,30396.0,1,0,2014-04-30,22,15,0,6,0,1,12,2,1,1,2,7,1,0,0,0,0,0,3,11,1,46,1,1,30,4,2,2014,34,4,8,60,8.5,16.363636363636363,0.09,Profitable,2,Low-Value,9.460269102562592,0.1810267808595891,0.51,0.0538,0.9462
5180,1968,PhD,Single,50616.0,0,1,2014-04-18,56,128,0,16,0,1,4,2,4,0,4,7,0,0,0,0,0,0,3,11,0,47,1,1,18,4,2,2014,149,8,8,72,18.625,12.857142857142856,2.33,Profitable,2,Low-Value,19.1589641523335,2.435272420292812,2.03,0.4613,0.5387
6461,1969,PostGraduation,Single,62772.0,0,1,2013-05-19,74,581,49,157,43,8,108,1,5,6,11,2,0,1,0,0,0,0,3,11,0,46,1,1,19,5,2,2013,946,22,19,406,43.0,26.75675675675676,0.0,Non-profitable,0,Moderate-Value,43.24277595843758,3.705404089035669e-18,0.0,0.0,1.0
10702,1984,Graduation,Single,52413.0,1,0,2012-11-03,67,185,8,133,56,56,12,2,7,1,7,7,0,0,0,0,0,0,3,11,0,31,1,1,3,11,4,2012,450,15,26,603,30.0,20.149253731343283,0.0,Non-profitable,0,Moderate-Value,30.317812202711806,3.2830105614632844e-18,0.0,0.0,1.0
7505,1957,PhD,Partner,44155.0,1,1,2014-01-19,24,22,1,9,0,0,14,1,1,1,2,4,0,0,0,0,0,0,3,11,0,58,1,2,19,1,1,2014,46,4,11,161,11.5,15.0,0.0,Profitable,2,Low-Value,12.493944047734628,0.0001942523538619,0.27,0.0002,0.9998
5113,1971,PhD,Single,86979.0,0,0,2013-11-07,67,584,100,835,65,83,35,1,5,5,5,2,1,0,0,0,0,0,3,11,1,44,0,0,7,11,4,2013,1702,15,14,234,113.46666666666668,20.149253731343283,0.0,Profitable,3,High-Value,114.0322821871614,8.347287377506564e-09,0.09,0.0,1.0
10858,1975,Graduation,Partner,76532.0,1,1,2013-09-09,38,355,30,177,90,138,30,4,9,5,7,5,0,0,0,0,0,0,3,11,0,40,1,2,9,9,3,2013,820,21,15,293,39.04761904761905,49.736842105263165,0.0,Non-profitable,0,Moderate-Value,39.29360580598088,1.243380699913312e-19,0.0,0.0,1.0
2961,1982,Graduation,Partner,42081.0,1,0,2013-02-26,86,175,10,110,54,6,27,2,6,3,4,6,1,0,0,0,0,0,3,11,0,33,1,1,26,2,1,2013,382,13,22,488,29.384615384615383,13.604651162790695,0.0,Non-profitable,0,Moderate-Value,29.749380292267222,8.6027659176305e-13,0.0,0.0,1.0
2747,1988,PhD,Partner,67546.0,0,0,2012-08-31,90,864,134,768,150,38,172,1,4,10,5,3,0,0,0,0,0,0,3,11,0,27,0,0,31,8,3,2012,2126,19,28,667,111.89473684210526,19.0,0.0,Non-profitable,3,High-Value,112.33731440317788,1.353368555218662e-20,0.0,0.0,1.0
5790,1985,Graduation,Partner,31158.0,1,0,2013-01-27,62,25,6,16,20,0,5,2,2,0,3,8,0,0,0,0,0,0,3,11,0,30,1,1,27,1,1,2013,72,5,23,518,14.4,7.258064516129032,0.0,Profitable,2,Low-Value,15.219357740654564,9.229868896269305e-09,0.01,0.0,1.0
6892,1968,Graduation,Single,61671.0,0,1,2014-06-03,23,641,7,56,0,0,28,8,10,4,6,8,0,1,0,1,0,0,3,11,0,47,1,1,3,6,2,2014,732,20,7,26,36.6,78.26086956521739,50.94,Profitable,0,Moderate-Value,36.85286747160359,27.644069046863944,12.74,0.8067,0.1933
3578,1949,Graduation,Single,49160.0,0,1,2013-10-20,29,122,21,43,25,10,15,2,3,1,6,6,0,0,0,0,0,0,3,11,0,66,1,1,20,10,4,2013,236,10,14,252,23.6,31.03448275862069,0.0,Profitable,2,Low-Value,24.048883306491117,1.0727162891469609e-10,0.01,0.0,1.0
8462,1978,UnderGraduation,Partner,24882.0,1,0,2012-09-09,52,1,4,10,29,0,36,1,1,1,2,6,1,0,0,0,0,0,3,11,0,37,1,1,9,9,3,2012,80,4,28,658,20.0,6.923076923076923,0.0,Profitable,2,Low-Value,21.089356392388733,6.706997553667377e-10,0.01,0.0,1.0
5558,1954,PhD,Single,90933.0,0,0,2014-03-31,90,1020,31,430,62,63,79,1,4,6,4,1,0,0,1,0,0,0,3,11,0,61,0,0,31,3,1,2014,1685,14,9,90,120.35714285714286,14.0,43.66,Profitable,3,High-Value,120.98521095841106,7.217282606700474,21.35,1.0,0.0
4619,1945,PhD,Single,113734.0,0,0,2014-05-28,9,6,2,3,1,262,3,0,27,0,0,1,0,0,0,0,0,0,3,11,0,70,0,0,28,5,2,2014,277,27,7,32,10.25925925925926,270.0,0.0,Profitable,2,Low-Value,10.403071788265091,1.0427656183242485e-11,3.44,0.0,1.0
8780,1950,PhD,Partner,59292.0,0,1,2013-06-13,71,378,14,68,19,14,14,2,3,5,8,3,0,0,0,0,0,0,3,11,0,65,1,1,13,6,2,2013,507,16,18,381,31.6875,20.281690140845072,0.0,Non-profitable,0,Moderate-Value,31.990089668944204,1.1998167636675144e-13,0.0,0.0,1.0
10789,1964,PhD,Partner,45759.0,1,1,2013-02-23,13,42,1,18,3,0,4,2,2,0,3,7,0,0,0,0,0,0,3,11,0,51,1,2,23,2,1,2013,68,5,22,491,13.6,34.61538461538462,0.0,Non-profitable,2,Low-Value,14.41218984425242,6.521297511915462e-12,0.0,0.0,1.0
10779,1983,Graduation,Single,22148.0,0,0,2014-04-13,16,15,5,14,0,4,11,1,1,0,3,7,0,0,0,0,0,0,3,11,0,32,0,0,13,4,2,2014,49,4,8,77,12.25,22.5,0.01,Profitable,2,Low-Value,13.252362784027635,0.0102096560464255,0.6,0.0039,0.9961
5896,1987,PostGraduation,Partner,73395.0,0,0,2014-03-18,94,272,7,80,20,7,11,1,4,4,6,2,0,0,0,0,0,0,3,11,0,28,0,0,18,3,1,2014,397,14,9,103,28.357142857142858,13.404255319148936,6.65,Profitable,0,Moderate-Value,28.69250119718008,4.634526385000393,4.72,0.7327,0.2673
2337,1971,Graduation,Single,29819.0,1,0,2013-10-24,77,9,1,24,2,1,2,3,3,0,3,6,0,0,0,0,0,0,3,11,0,44,1,1,24,10,4,2013,39,6,14,248,6.5,7.012987012987013,0.0,Profitable,2,Low-Value,7.122882145841946,0.0001514394410782,0.11,0.0001,0.9999
10951,1968,Graduation,Partner,45688.0,0,1,2014-01-25,20,279,0,18,0,0,9,2,3,1,8,4,0,1,0,0,0,0,3,11,0,47,1,1,25,1,1,2014,306,12,11,155,25.5,54.0,0.0,Profitable,0,Moderate-Value,25.88084792330445,1.0181963304013088e-10,0.09,0.0,1.0
544,1954,Graduation,Partner,62820.0,0,0,2013-05-11,51,398,61,265,138,61,53,1,3,4,6,1,0,0,0,0,0,0,3,11,0,61,0,0,11,5,2,2013,976,13,20,414,75.07692307692308,22.941176470588232,0.0,Non-profitable,1,VIP,75.59828499136286,2.3599440041578137e-14,0.0,0.0,1.0
17,1971,PhD,Partner,60491.0,0,1,2013-09-06,81,637,47,237,12,19,76,4,6,11,7,5,0,0,0,0,0,0,3,11,0,44,1,1,6,9,3,2013,1028,24,16,296,42.833333333333336,26.666666666666664,0.0,Non-profitable,0,Moderate-Value,43.055531547877806,2.7270195565572863e-14,0.0,0.0,1.0
10680,1986,Graduation,Partner,33235.0,1,0,2014-02-05,71,45,0,16,2,1,6,1,3,0,3,7,0,0,0,0,0,0,3,11,0,29,1,1,5,2,1,2014,70,6,11,144,11.666666666666666,7.605633802816901,0.02,Profitable,2,Low-Value,12.328068510810391,0.0304282211558167,0.6,0.0148,0.9852
3265,1959,Graduation,Partner,35701.0,0,0,2013-03-19,36,21,1,9,7,3,5,1,1,0,3,6,0,0,0,0,0,0,3,11,0,56,0,0,19,3,1,2013,46,4,21,467,11.5,10.0,0.0,Profitable,2,Low-Value,12.493944047734628,1.7289410837674433e-08,0.02,0.0,1.0
5623,1980,PostGraduation,Partner,31535.0,1,0,2013-09-26,95,15,4,13,0,0,19,1,1,1,2,7,1,0,0,0,0,0,3,11,0,35,1,1,26,9,3,2013,51,4,15,276,12.75,3.789473684210526,0.0,Profitable,2,Low-Value,13.757975274889644,0.0008454660404349,0.21,0.0011,0.9989
5832,1960,PostGraduation,Partner,92556.0,0,0,2014-04-20,32,493,183,352,184,23,28,0,3,5,13,0,0,0,0,0,0,0,3,11,0,55,0,0,20,4,2,2014,1263,21,8,70,60.142857142857146,59.0625,0.0,Profitable,1,VIP,60.43354129559687,1.475163856398007e-05,9.95,0.0,1.0
5544,1970,Graduation,Single,67384.0,0,1,2012-11-10,32,957,40,175,158,53,107,2,7,8,5,5,0,1,0,0,0,0,3,11,0,45,1,1,10,11,4,2012,1490,20,26,596,74.5,56.25,0.0,Non-profitable,1,VIP,74.83719556799892,4.8380765970833234e-29,0.0,0.0,1.0
6417,1971,PostGraduation,Partner,80573.0,0,0,2012-10-14,85,829,138,430,60,92,15,1,4,6,13,2,0,0,0,0,0,0,3,11,0,44,0,0,14,10,4,2012,1564,23,26,623,68.0,24.352941176470587,0.0,Non-profitable,1,VIP,68.2805559387026,1.766330940699405e-23,0.0,0.0,1.0
5831,1967,Graduation,Partner,77870.0,0,1,2012-08-22,93,1017,50,500,65,50,133,3,5,5,5,8,0,1,0,1,0,0,3,11,1,48,1,1,22,8,3,2012,1815,15,28,676,121.0,14.516129032258064,0.0,Non-profitable,3,High-Value,121.58798115540648,3.020186213835965e-17,0.0,0.0,1.0
7101,1963,PhD,Single,52278.0,0,1,2013-01-25,24,953,0,71,0,0,174,6,10,5,10,8,0,0,0,0,0,0,3,11,0,52,1,1,25,1,1,2013,1198,25,23,520,47.92,93.75,0.0,Non-profitable,0,Moderate-Value,48.14234477566336,3.972327606009434e-36,0.0,0.0,1.0
10176,1968,Graduation,Single,57107.0,0,1,2012-08-24,44,159,0,120,0,0,137,7,4,4,8,8,0,1,0,0,1,0,3,11,1,47,1,1,24,8,3,2012,416,16,28,674,26.0,32.72727272727273,0.0,Non-profitable,0,Moderate-Value,26.286762393711797,1.9729424354980306e-23,0.0,0.0,1.0
2326,1990,Graduation,Partner,18929.0,0,0,2013-02-16,15,32,0,8,23,4,18,1,1,0,4,6,0,0,0,0,0,0,3,11,0,25,0,0,16,2,1,2013,85,5,22,498,17.0,30.0,0.0,Non-profitable,2,Low-Value,17.84265340396154,1.0367953716373769e-11,0.0,0.0,1.0
4385,1981,PhD,Single,36038.0,1,0,2013-05-31,82,23,0,15,0,2,7,2,3,0,3,6,0,0,0,0,0,0,3,11,0,34,1,1,31,5,2,2013,47,6,19,394,7.833333333333333,6.585365853658536,0.0,Profitable,2,Low-Value,8.466156046478964,6.340123298682825e-07,0.02,0.0,1.0
2929,1976,Graduation,Single,20180.0,0,0,2013-02-20,27,18,42,24,15,20,18,1,2,1,4,7,0,0,0,0,0,0,3,11,0,39,0,0,20,2,1,2013,137,7,22,494,19.571428571428573,23.33333333333333,0.0,Non-profitable,2,Low-Value,20.188201848209022,1.201455971063867e-12,0.0,0.0,1.0
10686,1965,PhD,Partner,34230.0,1,1,2012-12-26,72,15,0,4,0,0,2,1,1,0,2,7,0,0,0,0,0,0,3,11,0,50,1,2,26,12,4,2012,21,3,24,550,7.0,3.75,0.0,Profitable,2,Low-Value,8.262633184776504,2.327407653909928e-07,0.02,0.0,1.0
2546,1977,PostGraduation,Single,31878.0,0,1,2014-06-22,7,23,4,5,10,5,23,1,1,0,4,3,0,0,0,0,0,0,3,11,0,38,1,1,22,6,2,2014,70,5,6,7,14.0,64.28571428571429,23.76,Profitable,2,Low-Value,14.815773792453491,32.06891252610488,1.45,1.0,0.0
3283,1972,PostGraduation,Partner,70932.0,0,1,2014-01-19,57,200,193,100,46,185,185,2,6,2,12,3,0,0,0,0,0,0,3,11,0,43,1,1,19,1,1,2014,909,20,11,161,45.45,31.57894736842105,0.0,Profitable,0,Moderate-Value,45.72255886086741,1.1335692895137392e-08,0.13,0.0,1.0
3138,1956,Graduation,Single,91249.0,0,0,2012-10-20,84,1324,27,119,71,108,27,0,7,9,6,4,0,1,1,1,1,0,3,11,1,59,0,0,20,10,4,2012,1676,22,26,617,76.18181818181819,23.571428571428573,0.0,Non-profitable,1,VIP,76.49169880999199,1.239213394889526e-22,0.0,0.0,1.0
4994,1943,PostGraduation,Single,77598.0,0,0,2013-10-01,53,1193,33,281,129,66,33,1,7,5,13,3,0,0,1,0,0,0,3,11,0,72,0,0,1,10,4,2013,1735,25,15,271,69.4,42.45283018867924,0.0,Non-profitable,1,VIP,69.6605624390907,2.5143789335000177e-18,0.0,0.0,1.0
7966,1959,Graduation,Single,80982.0,1,1,2013-01-08,48,505,137,401,104,22,22,3,11,5,11,5,0,0,0,0,0,1,3,11,0,56,1,2,8,1,1,2013,1191,27,24,537,44.11111111111112,50.625,0.0,Non-profitable,0,Moderate-Value,44.310684735527154,3.4186953701645477e-31,0.0,0.0,1.0
3112,1977,PostGraduation,Partner,22701.0,1,0,2013-09-05,2,2,4,9,0,4,5,1,1,0,3,5,0,0,0,0,0,0,3,11,0,38,1,1,5,9,3,2013,24,4,16,297,6.0,180.0,0.0,Profitable,2,Low-Value,6.932206648252561,1.3863625123856702e-10,0.02,0.0,1.0
10872,1969,PhD,Partner,55212.0,0,1,2012-11-23,65,1103,0,45,0,0,34,3,4,2,11,8,0,1,0,0,1,0,3,11,0,46,1,1,23,11,4,2012,1182,17,25,583,69.52941176470588,23.53846153846154,0.0,Non-profitable,1,VIP,69.91325180997555,7.836830879052968e-20,0.0,0.0,1.0
2181,1970,Graduation,Partner,70617.0,0,0,2013-06-23,45,353,61,753,40,46,27,1,3,3,7,2,0,0,0,0,0,0,3,11,0,45,0,0,23,6,2,2013,1280,13,18,371,98.46153846153848,26.0,0.0,Non-profitable,3,High-Value,99.06304429864412,4.430125195299841e-14,0.0,0.0,1.0
1867,1957,Graduation,Single,64849.0,0,0,2012-11-13,42,652,48,350,94,84,108,1,9,3,6,5,0,0,0,0,0,0,3,11,1,58,0,0,13,11,4,2012,1336,18,25,593,74.22222222222223,38.57142857142857,0.0,Non-profitable,1,VIP,74.59628970964093,1.9989424766068663e-24,0.0,0.0,1.0
1518,1965,PostGraduation,Partner,62694.0,1,1,2013-06-17,29,379,6,157,25,91,91,5,9,3,7,7,0,0,0,0,0,0,3,11,0,50,1,2,17,6,2,2013,749,19,18,377,39.42105263157895,58.96551724137931,0.0,Non-profitable,0,Moderate-Value,39.69386811477701,5.0993833798709243e-23,0.0,0.0,1.0
5734,1974,PhD,Partner,61917.0,1,1,2013-11-20,83,46,4,36,2,2,1,1,2,0,4,5,0,0,0,0,0,0,3,11,0,41,1,2,20,11,4,2013,91,6,13,221,15.166666666666666,6.506024096385542,0.0,Profitable,2,Low-Value,15.854162499982566,0.0009806725420647,0.38,0.0007,0.9993
2878,1947,PhD,Partner,67472.0,0,1,2013-09-28,93,162,31,127,8,17,69,2,4,2,7,3,0,0,0,0,0,0,3,11,0,68,1,1,28,9,3,2013,414,13,15,274,31.846153846153847,12.580645161290322,0.0,Profitable,0,Moderate-Value,32.219354956191566,3.86800570833934e-07,0.06,0.0,1.0
1458,1982,PostGraduation,Partner,21059.0,1,0,2014-01-07,40,8,3,19,3,3,8,3,3,0,3,6,0,0,0,0,0,0,3,11,0,33,1,1,7,1,1,2014,44,6,11,173,7.333333333333333,13.5,0.0,Profitable,2,Low-Value,7.962428333740083,0.0001032523327774,0.19,0.0001,0.9999
7007,1968,PostGraduation,Partner,29543.0,2,0,2014-04-01,47,17,3,18,3,4,18,2,3,1,2,7,0,0,0,0,0,0,3,11,0,47,1,2,1,4,2,2014,63,6,9,89,10.5,11.489361702127658,0.1,Profitable,2,Low-Value,11.152703847753,0.1791710407779738,0.76,0.0545,0.9455
6200,1951,Graduation,Partner,75903.0,0,1,2013-04-08,50,340,108,185,130,38,100,2,6,6,9,3,0,0,0,0,0,0,3,11,0,64,1,1,8,4,2,2013,901,21,21,447,42.90476190476191,37.8,0.0,Non-profitable,0,Moderate-Value,43.15892132439824,2.370203190889413e-22,0.0,0.0,1.0
1403,1975,PostGraduation,Partner,34984.0,1,1,2012-09-06,40,8,4,15,3,5,3,2,1,0,3,7,0,0,0,0,0,0,3,11,0,40,1,2,6,9,3,2012,38,4,28,661,9.5,9.0,0.0,Non-profitable,2,Low-Value,10.471494084286604,1.8888604909640422e-10,0.0,0.0,1.0
4827,1956,PhD,Single,54998.0,0,1,2013-03-10,3,154,22,202,39,30,8,5,4,2,9,4,0,0,0,0,0,0,3,11,1,59,1,1,10,3,1,2013,455,15,22,476,30.33333333333333,450.0,0.0,Non-profitable,0,Moderate-Value,30.652135165908486,1.3909678192477563e-34,0.0,0.0,1.0
6250,1949,PhD,Single,54356.0,0,1,2012-11-19,62,710,15,30,20,0,0,3,11,2,8,8,0,0,0,0,0,0,3,11,1,66,1,1,19,11,4,2012,775,21,25,587,36.90476190476191,30.48387096774193,0.0,Non-profitable,0,Moderate-Value,37.146208295749,5.492716084135405e-24,0.0,0.0,1.0
9291,1959,PostGraduation,Partner,34242.0,0,1,2014-03-23,25,8,2,4,0,0,1,1,0,0,3,5,0,0,0,0,0,0,3,11,0,56,1,1,23,3,1,2014,15,3,9,98,5.0,10.8,0.01,Profitable,2,Low-Value,6.232587479347697,0.0246873416654437,0.19,0.0152,0.9848
2478,1973,Graduation,Partner,25410.0,1,0,2013-08-31,48,2,2,4,13,13,4,1,1,0,4,4,0,0,0,0,0,0,3,11,0,42,1,1,31,8,3,2013,38,5,16,302,7.6,9.375,0.0,Profitable,2,Low-Value,8.35843062123633,2.4919089619583822e-06,0.04,0.0,1.0
1139,1984,PhD,Partner,73356.0,0,0,2014-02-06,56,1050,14,322,0,14,112,1,5,11,5,2,1,0,1,1,0,0,3,11,1,31,0,0,6,2,1,2014,1512,21,10,143,72.0,33.75,0.0,Profitable,1,VIP,72.3158075188799,5.971452120913971e-08,0.51,0.0,1.0
5138,1950,Graduation,Partner,28320.0,0,1,2013-01-14,68,19,1,14,3,2,4,1,1,0,3,8,0,0,0,0,0,0,3,11,0,65,1,1,14,1,1,2013,43,4,23,531,10.75,5.294117647058823,0.0,Profitable,2,Low-Value,11.735525311441618,5.8968633375932296e-08,0.01,0.0,1.0
5393,1977,Graduation,Single,23763.0,1,0,2012-08-07,64,22,0,6,6,2,6,1,1,0,3,7,0,0,0,0,0,0,3,11,0,38,1,1,7,8,3,2012,42,4,29,691,10.5,5.625,0.0,Non-profitable,2,Low-Value,11.482719066010617,8.392374960978621e-10,0.0,0.0,1.0
5015,1976,PostGraduation,Partner,34529.0,1,0,2012-09-14,94,68,6,38,3,6,41,2,2,2,3,7,0,0,0,0,0,0,3,11,0,39,1,1,14,9,3,2012,162,7,27,653,23.142857142857142,6.702127659574468,0.0,Non-profitable,2,Low-Value,23.7824288689577,1.1779921820416244e-10,0.0,0.0,1.0
10868,1951,Graduation,Single,70792.0,0,0,2013-02-06,82,344,45,654,104,11,114,2,3,4,10,3,0,0,0,0,0,0,3,11,0,64,0,0,6,2,1,2013,1272,17,23,508,74.82352941176471,18.65853658536585,0.0,Non-profitable,1,VIP,75.22123313010106,2.062515063469317e-16,0.0,0.0,1.0
10676,1982,Graduation,Partner,63211.0,0,0,2012-11-02,3,145,193,459,205,26,145,2,3,8,7,2,0,0,0,0,0,0,3,11,1,33,0,0,2,11,4,2012,1173,18,26,604,65.16666666666667,540.0,0.0,Non-profitable,1,VIP,65.51834111397847,1.171438642286338e-43,0.0,0.0,1.0
7842,1968,Graduation,Single,36065.0,1,1,2013-03-31,54,18,7,34,10,2,3,3,3,0,3,8,0,0,0,0,0,0,3,11,0,47,1,2,31,3,1,2013,74,6,21,455,12.333333333333334,10.0,0.0,Profitable,2,Low-Value,12.999705461128904,4.4114620548615115e-09,0.01,0.0,1.0
9955,1954,Graduation,Partner,39898.0,0,1,2013-02-12,20,69,8,26,12,7,12,2,3,0,4,7,0,0,0,0,0,0,3,11,0,61,1,1,12,2,1,2013,134,7,22,502,19.142857142857142,31.5,0.0,Non-profitable,2,Low-Value,19.756894605719182,1.17219311263101e-13,0.0,0.0,1.0
6663,1940,PhD,Single,51141.0,0,0,2013-07-08,96,144,0,7,0,0,6,1,3,1,4,5,0,0,0,0,0,0,3,11,0,75,0,0,8,7,3,2013,157,8,18,356,19.625,7.5,0.0,Profitable,2,Low-Value,20.16454531894888,9.802108846853043e-07,0.05,0.0,1.0
2162,1976,Graduation,Partner,56939.0,0,1,2013-09-18,19,256,34,103,90,29,49,2,3,3,10,3,0,0,0,0,0,0,3,11,0,39,1,1,18,9,3,2013,561,16,15,284,35.0625,75.78947368421052,0.0,Non-profitable,0,Moderate-Value,35.37448167842278,6.944492259956713e-20,0.0,0.0,1.0
7919,1976,PhD,Partner,72335.0,0,0,2012-08-13,2,1285,105,653,28,21,0,1,10,4,8,8,0,0,0,0,0,0,3,11,1,39,0,0,13,8,3,2012,2092,22,29,685,95.0909090909091,990.0,0.0,Non-profitable,3,High-Value,95.43903018841202,3.8867644746964174e-57,0.0,0.0,1.0
5626,1964,PhD,Single,61798.0,0,0,2013-11-23,13,338,4,89,11,8,13,1,4,2,9,4,0,0,0,0,0,0,3,11,0,51,0,0,23,11,4,2013,463,15,13,218,30.866666666666667,103.84615384615384,0.0,Non-profitable,0,Moderate-Value,31.187051907023186,9.55515055456817e-19,0.0,0.0,1.0
6428,1950,PhD,Single,76842.0,0,0,2014-05-03,37,605,10,345,84,54,32,1,1,8,7,0,0,0,0,0,0,0,3,11,0,65,0,0,3,5,2,2014,1130,16,8,57,70.625,38.91891891891892,0.65,Profitable,1,VIP,71.03594563015072,0.182613212467035,15.58,0.0142,0.9858
8514,1976,Graduation,Partner,29478.0,1,0,2014-01-17,59,8,0,7,3,1,1,1,1,0,3,6,0,0,0,0,0,0,3,11,0,39,1,1,17,1,1,2014,20,4,11,163,5.0,6.101694915254237,0.0,Profitable,2,Low-Value,5.920981666528549,0.0091000426585637,0.17,0.0072,0.9928
10448,1956,Graduation,Single,46998.0,0,1,2012-10-22,55,172,41,86,45,6,27,5,5,3,5,7,1,0,0,0,0,0,3,11,0,59,1,1,22,10,4,2012,377,13,26,615,29.0,21.272727272727277,0.0,Non-profitable,0,Moderate-Value,29.36344675102905,8.441881234113015e-18,0.0,0.0,1.0
2109,1990,Graduation,Single,96843.0,0,0,2013-04-23,60,448,71,951,40,17,17,1,6,11,10,2,0,0,1,0,0,0,3,11,1,25,0,0,23,4,2,2013,1544,27,20,432,57.18518518518518,40.5,0.0,Non-profitable,1,VIP,57.40629454995111,3.974856544962995e-25,0.0,0.0,1.0
7530,1950,PhD,Single,56551.0,1,1,2014-05-07,48,67,4,32,17,2,16,3,2,1,4,4,0,0,0,0,0,0,3,11,0,65,1,2,7,5,2,2014,138,7,7,53,19.714285714285715,13.125,5.61,Profitable,2,Low-Value,20.33197092903897,5.521307243927834,2.12,0.8773,0.1227
8925,1965,PostGraduation,Partner,70053.0,0,1,2013-07-03,38,512,53,98,81,179,89,3,8,5,10,5,0,0,0,0,0,0,3,11,0,50,1,1,3,7,3,2013,1012,23,18,361,44.0,54.47368421052632,0.0,Non-profitable,0,Moderate-Value,44.23413430015204,4.991963475490061e-24,0.0,0.0,1.0
3009,1962,PhD,Single,71670.0,0,0,2013-07-09,8,1462,16,128,0,0,160,1,5,3,6,6,0,1,1,0,1,0,3,11,1,53,0,0,9,7,3,2013,1766,14,18,355,126.14285714285714,157.5,0.0,Non-profitable,3,High-Value,126.78933323376798,1.3074787592039471e-24,0.0,0.0,1.0
3517,1952,Graduation,Single,40887.0,1,1,2013-05-06,32,50,4,44,10,10,43,3,3,1,3,9,0,0,0,0,0,0,3,11,1,63,1,2,6,5,2,2013,161,7,20,419,23.0,19.6875,0.0,Non-profitable,2,Low-Value,23.638659788127757,5.4394670766780233e-11,0.0,0.0,1.0
1158,1966,Graduation,Single,48877.0,0,1,2014-01-05,27,102,1,15,2,0,24,1,3,0,4,7,0,0,0,0,0,0,3,11,0,49,1,1,5,1,1,2014,144,7,12,175,20.571428571428573,23.33333333333333,0.0,Profitable,2,Low-Value,21.19458541401865,1.7073611439101237e-06,0.31,0.0,1.0
6203,1947,Graduation,Partner,74485.0,0,0,2013-08-24,58,499,149,815,173,49,49,1,6,7,12,3,0,0,0,0,0,0,3,11,0,68,0,0,24,8,3,2013,1734,25,16,309,69.36,38.79310344827586,0.0,Non-profitable,1,VIP,69.62049127025749,4.018859840066189e-19,0.0,0.0,1.0
7165,1972,Graduation,Partner,64474.0,0,1,2013-10-22,59,381,35,172,56,86,93,2,8,2,10,5,0,0,0,0,0,0,3,11,0,43,1,1,22,10,4,2013,823,20,14,250,41.15,30.508474576271183,0.0,Non-profitable,0,Moderate-Value,41.412991293202495,3.8931254112709125e-13,0.0,0.0,1.0
3595,1963,Graduation,Partner,77226.0,0,1,2014-02-28,29,631,43,239,128,76,21,2,6,8,12,3,0,0,0,0,0,0,3,11,0,52,1,1,28,2,1,2014,1138,26,10,121,43.76923076923077,80.6896551724138,0.0,Profitable,0,Moderate-Value,43.97590858804658,4.896295534622703e-15,0.02,0.0,1.0
8537,1949,Graduation,Single,72643.0,0,0,2013-02-27,60,526,80,553,123,94,53,1,3,10,7,2,0,0,0,1,0,0,3,11,1,66,0,0,27,2,1,2013,1429,20,22,487,71.45,30.0,0.0,Non-profitable,1,VIP,71.78040927000404,6.485634041533087e-21,0.0,0.0,1.0
4331,1978,PostGraduation,Partner,85738.0,0,0,2014-01-23,41,913,26,376,17,26,13,1,3,6,11,1,0,1,1,0,0,0,3,11,0,37,0,0,23,1,1,2014,1371,20,11,157,68.55,43.90243902439024,0.0,Profitable,1,VIP,68.87395672436956,2.66614078848852e-11,0.05,0.0,1.0
6281,1966,Graduation,Single,55686.0,0,1,2013-02-14,27,673,0,199,37,47,26,2,6,3,5,4,1,0,0,0,0,0,3,11,0,49,1,1,14,2,1,2013,982,14,22,500,70.14285714285714,46.66666666666666,0.0,Non-profitable,1,VIP,70.61116207475781,5.920449753651675e-21,0.0,0.0,1.0
4338,1983,Graduation,Single,39062.0,1,0,2014-03-25,28,23,0,9,0,0,12,1,1,0,3,4,1,0,0,0,0,0,3,11,0,32,1,1,25,3,1,2014,44,4,9,96,11.0,12.857142857142856,0.01,Profitable,2,Low-Value,11.98833155687262,0.0197652033683267,0.49,0.0093,0.9907
2452,1971,Graduation,Partner,34600.0,1,1,2013-01-01,8,199,33,60,8,3,15,5,5,2,5,8,0,0,0,0,0,0,3,11,1,44,1,2,1,1,1,2013,318,12,24,544,26.5,135.0,0.0,Non-profitable,0,Moderate-Value,26.8845617918084,2.355714386400833e-25,0.0,0.0,1.0
9507,1975,Graduation,Partner,40794.0,0,1,2013-04-07,18,261,23,73,4,23,50,2,6,3,5,7,0,0,0,0,0,0,3,11,0,40,1,1,7,4,2,2013,434,14,21,448,31.0,70.0,0.0,Non-profitable,0,Moderate-Value,31.343766927898677,3.042644821646532e-22,0.0,0.0,1.0
8360,1971,PostGraduation,Partner,54690.0,1,1,2013-11-07,76,111,16,37,7,9,18,3,3,1,5,3,0,0,0,0,0,0,3,11,0,44,1,2,7,11,4,2013,198,9,14,234,22.0,10.657894736842104,0.0,Profitable,2,Low-Value,22.49107377252648,1.945088208797352e-05,0.25,0.0,1.0
10311,1969,Graduation,Partner,4428.0,0,1,2013-10-05,0,16,4,12,2,4,321,0,25,0,0,1,0,0,0,0,0,0,3,11,0,46,1,1,5,10,4,2013,359,25,15,267,14.36,0.0,0.0,Non-profitable,2,Low-Value,14.52263412461022,5.453906102702009e-65,0.0,0.0,1.0
5117,1963,PostGraduation,Partner,32632.0,0,0,2012-08-02,32,63,151,137,153,19,53,2,4,4,8,5,0,0,0,0,0,0,3,11,0,52,0,0,2,8,3,2012,576,16,29,696,36.0,45.0,0.0,Non-profitable,0,Moderate-Value,36.314590569944606,4.889831796386596e-26,0.0,0.0,1.0
4867,1968,PhD,Single,38236.0,1,1,2013-09-20,2,58,0,18,2,0,10,4,3,0,4,7,0,0,0,0,0,0,3,11,0,47,1,2,20,9,3,2013,88,7,15,282,12.571428571428571,315.0,0.0,Profitable,2,Low-Value,13.143516887541615,6.205639900581784e-16,0.01,0.0,1.0
9289,1979,Graduation,Partner,36781.0,1,0,2014-04-10,16,29,1,17,0,3,13,1,2,1,2,8,0,0,0,0,0,0,3,11,1,36,1,1,10,4,2,2014,63,5,8,80,12.6,28.125,0.0,Profitable,2,Low-Value,13.403229973749736,0.002469987333938,0.72,0.0008,0.9992
10913,1984,PostGraduation,Single,31385.0,1,0,2012-12-05,56,3,2,12,0,1,9,1,1,0,2,8,1,0,0,0,0,0,3,11,1,31,1,1,5,12,4,2012,27,3,25,571,9.0,4.821428571428571,0.0,Profitable,2,Low-Value,10.292678890205313,5.1347458420167534e-08,0.01,0.0,1.0
3032,1984,Graduation,Partner,24570.0,1,0,2013-02-27,97,28,34,62,11,14,44,3,4,0,4,9,0,0,0,0,0,0,3,11,0,31,1,1,27,2,1,2013,193,8,22,487,24.125,7.422680412371134,0.0,Profitable,2,Low-Value,24.68966056871808,6.450945124079644e-09,0.01,0.0,1.0
8524,1974,PhD,Single,25509.0,1,0,2012-09-18,15,40,3,30,10,7,11,3,3,0,3,9,0,0,0,0,0,0,3,11,1,41,1,1,18,9,3,2012,101,6,27,649,16.833333333333332,36.0,0.0,Non-profitable,2,Low-Value,17.53325487577884,5.860031799816934e-15,0.0,0.0,1.0
3334,1951,Graduation,Partner,94642.0,0,0,2014-02-12,35,879,143,797,106,143,143,0,5,7,9,1,0,0,1,1,0,0,3,11,0,64,0,0,12,2,1,2014,2211,21,10,137,105.28571428571428,54.0,0.0,Profitable,3,High-Value,105.67204884448164,8.552460610389992e-12,0.12,0.0,1.0
4470,1962,PostGraduation,Partner,58646.0,0,1,2013-06-10,3,62,1,44,6,5,22,1,2,1,4,4,0,0,0,0,0,0,3,11,0,53,1,1,10,6,2,2013,140,7,19,384,20.0,210.0,0.0,Non-profitable,2,Low-Value,20.619509090698863,6.616301161627855e-17,0.0,0.0,1.0
1406,1975,Graduation,Single,53201.0,1,1,2013-02-12,49,280,7,81,20,0,27,8,6,3,5,7,0,0,0,0,0,0,3,11,0,40,1,2,12,2,1,2013,415,14,22,502,29.642857142857142,25.71428571428571,0.0,Non-profitable,0,Moderate-Value,29.9823061472594,2.3128078983758157e-17,0.0,0.0,1.0
8619,1957,Graduation,Partner,21994.0,0,1,2012-12-24,4,9,0,6,3,1,3,1,0,0,3,5,0,0,0,0,0,0,3,11,0,58,1,1,24,12,4,2012,22,3,24,552,7.333333333333333,67.5,0.0,Profitable,2,Low-Value,8.600974135681305,3.6099488238688826e-11,0.01,0.0,1.0
10821,1978,Graduation,Partner,57113.0,1,1,2013-02-06,45,182,4,33,0,2,42,6,4,1,5,7,0,0,0,0,0,0,3,11,0,37,1,2,6,2,1,2013,263,10,23,508,26.3,20.0,0.0,Non-profitable,0,Moderate-Value,26.76092518483445,4.1819022446696525e-14,0.0,0.0,1.0
4552,1991,Graduation,Partner,51373.0,0,0,2013-06-22,37,83,2,101,64,26,117,1,3,5,3,4,0,0,0,0,0,0,3,11,0,24,0,0,22,6,2,2013,393,11,18,372,35.72727272727273,26.75675675675676,0.0,Non-profitable,0,Moderate-Value,36.18433322681858,2.2588802302040678e-13,0.0,0.0,1.0
898,1986,Graduation,Partner,23477.0,1,0,2013-10-21,39,38,15,54,3,8,29,3,3,0,4,8,0,0,0,0,0,0,3,11,0,29,1,1,21,10,4,2013,147,7,14,251,21.0,16.153846153846153,0.0,Profitable,2,Low-Value,21.62589265650849,2.928669419220387e-07,0.09,0.0,1.0
9797,1956,Graduation,Partner,58116.0,0,1,2014-04-13,38,228,19,130,4,11,51,2,3,3,8,2,0,0,0,0,0,0,3,11,0,59,1,1,13,4,2,2014,443,14,8,77,31.642857142857142,33.1578947368421,0.01,Profitable,0,Moderate-Value,31.98866940293833,0.0033181475770107,4.68,0.0004,0.9996
10949,1963,PhD,Single,72968.0,0,0,2013-12-16,8,1092,37,592,145,37,55,1,5,5,8,3,0,0,0,1,0,0,3,11,1,52,0,0,16,12,4,2013,1958,18,12,195,108.77777777777776,202.5,0.0,Non-profitable,3,High-Value,109.23729600719952,1.3601347602509601e-24,0.0,0.0,1.0
8212,1971,PostGraduation,Partner,39791.0,0,1,2013-03-28,89,85,15,27,13,13,21,2,3,1,4,7,0,0,0,0,0,0,3,11,0,44,1,1,28,3,1,2013,174,8,21,458,21.75,8.089887640449438,0.0,Profitable,2,Low-Value,22.301405298006557,8.239278176561456e-09,0.01,0.0,1.0
6248,1947,PostGraduation,Single,91712.0,0,0,2013-10-17,47,1276,24,746,94,29,48,0,9,7,11,3,0,0,1,0,0,0,3,11,1,68,0,0,17,10,4,2013,2217,27,14,255,82.11111111111111,51.70212765957447,0.0,Non-profitable,1,VIP,82.37327870039681,3.2461771591942886e-20,0.0,0.0,1.0
10164,1958,Graduation,Single,94472.0,0,1,2014-04-03,75,1017,33,417,108,100,16,1,5,5,5,5,0,1,1,0,0,0,3,11,0,57,1,1,3,4,2,2014,1691,15,9,87,112.73333333333332,18.0,23.28,Profitable,3,High-Value,113.29677166812871,4.108684098180833,21.19,0.5153,0.4847
4547,1960,Graduation,Partner,13672.0,1,1,2013-04-17,86,6,2,9,2,1,5,2,1,0,3,8,0,0,0,0,0,0,3,11,0,55,1,2,17,4,2,2013,25,4,20,438,6.25,4.186046511627907,0.0,Profitable,2,Low-Value,7.185012893683564,2.5932113143045e-06,0.03,0.0,1.0
6815,1980,PostGraduation,Partner,96547.0,0,0,2014-05-23,4,448,21,125,52,101,62,0,7,6,8,2,1,0,1,1,0,0,3,11,1,35,0,0,23,5,2,2014,809,21,7,37,38.523809523809526,472.5,0.0,Profitable,0,Moderate-Value,38.76868641459086,1.035484210533002e-16,7.59,0.0,1.0
4122,1975,Graduation,Partner,79205.0,0,0,2012-08-29,73,504,23,117,179,28,44,1,6,5,4,4,0,0,0,1,0,0,3,11,1,40,0,0,29,8,3,2012,895,15,28,669,59.66666666666666,18.493150684931507,0.0,Non-profitable,1,VIP,60.072555927216655,8.22146129047331e-19,0.0,0.0,1.0
10841,1975,PhD,Partner,56559.0,0,1,2012-12-25,46,226,22,133,41,31,31,3,4,3,8,4,0,0,0,0,0,0,3,11,0,40,1,1,25,12,4,2012,484,15,24,551,32.266666666666666,29.347826086956523,0.0,Non-profitable,0,Moderate-Value,32.59120835244925,9.795977597833833e-20,0.0,0.0,1.0
5370,1973,PhD,Partner,32644.0,1,0,2013-01-16,38,239,3,141,0,7,23,4,7,1,6,8,1,0,0,0,0,0,3,11,0,42,1,1,16,1,1,2013,413,14,23,529,29.5,33.1578947368421,0.0,Non-profitable,0,Moderate-Value,29.838994486139477,1.8042798791000145e-19,0.0,0.0,1.0
176,1980,PostGraduation,Single,67506.0,0,1,2014-01-02,73,90,38,67,33,36,67,1,4,1,6,3,0,0,0,0,0,0,3,11,0,35,1,1,2,1,1,2014,331,11,12,178,30.09090909090909,13.561643835616438,0.0,Profitable,0,Moderate-Value,30.525126190635497,0.000149100914519,0.92,0.0001,0.9999
4860,1970,Graduation,Single,24206.0,1,0,2013-03-08,66,7,2,8,3,2,3,1,1,0,3,6,0,0,0,0,0,0,3,11,0,45,1,1,8,3,1,2013,25,4,22,478,6.25,5.454545454545455,0.0,Profitable,2,Low-Value,7.185012893683564,2.118469805736632e-07,0.01,0.0,1.0
10757,1967,PhD,Single,28420.0,1,0,2013-12-24,36,4,2,5,2,0,0,1,1,0,2,6,0,0,0,0,0,0,3,11,0,48,1,1,24,12,4,2013,13,3,12,187,4.333333333333333,7.5,0.0,Profitable,2,Low-Value,5.555905577538095,0.0009227758569102,0.09,0.0011,0.9989
4023,1970,Graduation,Partner,22979.0,1,0,2012-09-06,29,16,17,19,20,21,22,3,3,2,2,8,0,0,0,0,0,0,3,11,1,45,1,1,6,9,3,2012,115,7,28,661,16.428571428571427,21.724137931034484,0.0,Non-profitable,2,Low-Value,17.025282069950187,1.200900892198136e-14,0.0,0.0,1.0
9923,1972,PostGraduation,Single,46423.0,1,1,2013-09-18,6,68,0,16,0,0,8,3,2,0,4,7,0,0,0,0,0,0,3,11,0,43,1,2,18,9,3,2013,92,6,15,284,15.333333333333334,90.0,0.0,Profitable,2,Low-Value,16.022071737562197,7.633489463892389e-12,0.02,0.0,1.0
7181,1977,Graduation,Partner,30368.0,0,1,2013-11-07,97,35,0,13,2,0,2,2,2,0,3,8,0,0,0,0,0,0,3,11,0,38,1,1,7,11,4,2013,52,5,14,234,10.4,4.639175257731958,0.0,Profitable,2,Low-Value,11.183518258643838,0.0028651139970905,0.26,0.0026,0.9974
3599,1970,Graduation,Partner,63684.0,0,1,2012-11-26,61,575,80,428,208,93,80,3,8,4,8,5,0,0,0,0,0,0,3,11,0,45,1,1,26,11,4,2012,1464,20,25,580,73.2,29.508196721311474,0.0,Non-profitable,1,VIP,73.53430304754208,4.84773366948968e-23,0.0,0.0,1.0
405,1964,Graduation,Single,41638.0,0,1,2013-02-13,68,315,0,31,4,0,91,4,5,5,3,8,1,0,0,0,0,0,3,11,0,51,1,1,13,2,1,2013,441,13,22,501,33.92307692307692,17.205882352941174,0.0,Non-profitable,0,Moderate-Value,34.30339607887773,1.802816891072873e-14,0.0,0.0,1.0
6870,1959,PhD,Single,68805.0,0,1,2013-09-17,73,182,2,49,17,13,20,1,3,1,7,2,0,0,0,0,0,0,3,11,0,56,1,1,17,9,3,2013,283,11,15,285,25.727272727272727,13.561643835616438,0.0,Profitable,0,Moderate-Value,26.14380461423569,6.617664565840811e-08,0.03,0.0,1.0
832,1966,PhD,Partner,65814.0,0,1,2014-03-02,90,561,14,113,10,14,35,3,8,2,10,5,0,0,0,0,0,0,3,11,0,49,1,1,2,3,1,2014,747,20,10,119,37.35,20.0,0.37,Profitable,0,Moderate-Value,37.6045362334056,0.1978643136032861,7.33,0.0255,0.9745
2002,1958,Graduation,Single,71964.0,0,0,2013-05-20,81,587,51,932,180,34,86,1,5,6,5,3,0,0,0,0,0,0,3,11,0,57,0,0,20,5,2,2013,1870,16,19,405,116.875,17.77777777777778,0.0,Non-profitable,3,High-Value,117.41465094522746,2.568488784030464e-13,0.0,0.0,1.0
3657,1986,Graduation,Single,39146.0,1,0,2013-02-14,1,94,1,33,13,12,12,3,4,0,4,8,0,0,0,0,0,0,3,11,0,29,1,1,14,2,1,2013,165,8,22,500,20.625,720.0,0.0,Non-profitable,2,Low-Value,21.170126485564253,2.6699091957459574e-23,0.0,0.0,1.0
500,1977,Graduation,Partner,96876.0,0,0,2013-08-06,79,908,43,735,40,194,21,1,7,7,9,2,0,1,1,1,0,0,3,11,1,38,0,0,6,8,3,2013,1941,23,17,327,84.3913043478261,26.20253164556962,0.0,Non-profitable,1,VIP,84.70356492010399,2.6044347881698564e-15,0.0,0.0,1.0
1951,1981,UnderGraduation,Partner,34445.0,0,0,2013-01-27,92,228,122,122,208,129,30,6,11,2,8,9,0,0,0,0,0,0,3,11,0,34,0,0,27,1,1,2013,839,21,23,518,39.95238095238095,20.543478260869563,0.0,Non-profitable,0,Moderate-Value,40.20028475474544,1.4989135055374312e-18,0.0,0.0,1.0
3262,1958,Graduation,Single,68281.0,0,0,2012-08-07,31,995,112,417,42,48,41,1,2,9,13,5,0,0,0,0,0,0,3,11,1,57,0,0,7,8,3,2012,1655,24,29,691,68.95833333333333,69.6774193548387,0.0,Non-profitable,1,VIP,69.22895403783048,1.5576202954140298e-36,0.0,0.0,1.0
4102,1975,PostGraduation,Partner,37284.0,1,1,2013-03-29,46,11,1,2,2,1,6,1,0,0,3,6,0,0,0,0,0,0,3,11,0,40,1,2,29,3,1,2013,23,3,21,457,7.666666666666667,5.869565217391304,0.0,Profitable,2,Low-Value,8.939315086586108,4.15411367748805e-07,0.02,0.0,1.0
7042,1983,Graduation,Partner,36790.0,0,0,2013-03-01,14,3,3,14,15,21,10,1,2,1,2,9,0,0,0,0,0,0,3,11,1,32,0,0,1,3,1,2013,66,5,22,485,13.2,32.142857142857146,0.0,Non-profitable,2,Low-Value,14.008605896051346,1.0983131954219371e-11,0.0,0.0,1.0
10598,1967,Graduation,Partner,27943.0,1,1,2013-04-15,89,12,1,16,4,1,3,3,2,0,3,8,0,0,0,0,0,0,3,11,0,48,1,2,15,4,2,2013,37,5,20,440,7.4,5.056179775280898,0.0,Profitable,2,Low-Value,8.156638647135795,8.582450393934356e-07,0.02,0.0,1.0
255,1951,Graduation,Single,22263.0,1,1,2014-03-30,31,17,0,2,0,0,2,2,1,0,3,6,0,0,0,0,0,1,3,11,0,64,1,2,30,3,1,2014,21,4,9,91,5.25,11.612903225806452,0.01,Profitable,2,Low-Value,6.173787911959551,0.0440491606850142,0.27,0.0197,0.9803
2375,1972,Graduation,Partner,30261.0,1,2,2012-09-25,75,8,0,5,0,3,6,1,0,0,3,8,0,0,0,0,0,0,3,11,0,43,1,3,25,9,3,2012,22,3,27,642,7.333333333333333,3.6,0.0,Profitable,2,Low-Value,8.600974135681305,3.2562823040908493e-08,0.01,0.0,1.0
9829,1978,Graduation,Partner,28587.0,1,0,2014-02-12,42,22,4,17,12,10,13,3,2,0,4,6,0,0,0,0,0,0,3,11,0,37,1,1,12,2,1,2014,78,6,10,137,13.0,12.857142857142856,0.0,Profitable,2,Low-Value,13.67134241144741,0.0015248131693247,0.55,0.0007,0.9993
6214,1982,PostGraduation,Partner,43815.0,1,0,2013-04-05,53,14,10,29,4,7,15,1,2,0,3,6,0,0,0,0,0,0,3,11,0,33,1,1,5,4,2,2013,79,5,21,450,15.8,8.49056603773585,0.0,Profitable,2,Low-Value,16.63190155935832,2.7948455344250786e-08,0.02,0.0,1.0
4954,1956,Graduation,Partner,48195.0,1,1,2014-01-21,53,106,27,68,52,7,5,6,4,2,5,6,0,0,0,0,0,0,3,11,0,59,1,2,21,1,1,2014,265,11,11,159,24.09090909090909,18.67924528301887,0.0,Profitable,2,Low-Value,24.50080902308577,2.016591659427174e-05,0.61,0.0,1.0
7861,1952,PostGraduation,Partner,77027.0,0,1,2014-02-05,23,820,57,242,45,0,11,2,8,3,6,4,0,0,0,0,0,0,3,11,0,63,1,1,5,2,1,2014,1175,17,11,144,69.11764705882354,66.52173913043478,0.0,Profitable,1,VIP,69.50040881841024,3.9406339852993444e-13,0.07,0.0,1.0
4837,1965,PhD,Partner,71322.0,0,1,2013-02-16,57,753,43,226,69,10,204,2,8,5,13,4,0,0,0,0,0,0,3,11,0,50,1,1,16,2,1,2013,1305,26,22,498,50.19230769230769,41.05263157894736,0.0,Non-profitable,0,Moderate-Value,50.40997329022591,4.703387066323517e-27,0.0,0.0,1.0
9423,1979,PostGraduation,Partner,32765.0,1,0,2014-02-23,49,13,3,17,7,3,3,2,2,0,4,5,0,0,0,0,0,0,3,11,0,36,1,1,23,2,1,2014,46,6,10,126,7.666666666666667,11.020408163265303,0.0,Profitable,2,Low-Value,8.298246808899338,0.00936222225809,0.41,0.004,0.996
4198,1965,Graduation,Partner,29672.0,1,1,2013-03-12,6,9,1,3,0,4,8,1,0,0,3,6,0,0,0,0,0,0,3,11,0,50,1,2,12,3,1,2013,25,3,22,474,8.333333333333334,45.0,0.0,Profitable,2,Low-Value,9.615996988395713,6.569526985967873e-10,0.01,0.0,1.0
153,1953,Graduation,Single,23272.0,0,0,2013-10-17,29,19,3,6,4,2,12,1,1,0,3,4,0,0,0,0,0,0,3,11,0,62,0,0,17,10,4,2013,46,4,14,255,11.5,12.413793103448276,0.0,Profitable,2,Low-Value,12.493944047734628,6.570850168188925e-06,0.11,0.0,1.0
9323,1949,PostGraduation,Partner,49912.0,0,1,2012-09-07,5,520,8,223,32,49,42,4,10,5,7,8,1,0,0,0,0,0,3,11,1,66,1,1,7,9,3,2012,874,22,28,660,39.72727272727273,396.00000000000006,0.0,Non-profitable,0,Moderate-Value,39.96343014294181,1.4914635566208375e-49,0.0,0.0,1.0
10001,1985,PostGraduation,Partner,7500.0,1,0,2012-08-01,98,5,17,17,13,14,34,4,2,1,3,9,0,0,0,0,0,0,3,11,0,30,1,1,1,8,3,2012,100,6,29,697,16.666666666666668,5.5102040816326525,0.0,Non-profitable,2,Low-Value,17.365345638199216,2.6623985156739617e-10,0.0,0.0,1.0
3945,1947,PhD,Single,68117.0,0,1,2013-03-10,80,618,44,215,0,17,36,2,11,8,4,6,1,0,0,0,0,0,3,11,1,68,1,1,10,3,1,2013,930,23,22,476,40.43478260869565,25.875,0.0,Non-profitable,0,Moderate-Value,40.66202094080214,3.094352410293881e-20,0.0,0.0,1.0
3799,1955,Graduation,Partner,67225.0,0,1,2013-11-26,4,315,35,322,46,7,143,3,7,2,11,5,0,0,0,0,0,0,3,11,0,60,1,1,26,11,4,2013,868,20,13,215,43.4,450.0,0.0,Non-profitable,0,Moderate-Value,43.66799757860855,1.5376828897119781e-33,0.0,0.0,1.0
8625,1976,Graduation,Partner,17649.0,1,0,2013-11-12,70,15,1,23,0,5,1,3,3,0,3,8,0,0,0,0,0,0,3,11,0,39,1,1,12,11,4,2013,45,6,13,229,7.5,7.714285714285714,0.0,Profitable,2,Low-Value,8.13033757131971,0.000194911413878,0.15,0.0001,0.9999
3491,1975,Graduation,Partner,55914.0,0,1,2013-04-29,32,384,60,364,119,101,232,4,11,6,8,7,0,0,0,0,0,0,3,11,0,40,1,1,29,4,2,2013,1260,25,20,426,50.4,70.3125,0.0,Non-profitable,0,Moderate-Value,50.626757243321634,4.0908710349672285e-30,0.0,0.0,1.0
983,1984,Graduation,Partner,40059.0,1,0,2013-09-28,82,110,29,92,28,10,145,1,6,2,3,8,1,0,0,0,0,0,3,11,0,31,1,1,28,9,3,2013,414,11,15,274,37.63636363636363,12.073170731707318,0.0,Profitable,0,Moderate-Value,38.10116141649349,5.263213654290059e-07,0.09,0.0,1.0
9119,1950,Graduation,Partner,60905.0,0,1,2013-12-05,27,208,17,76,36,17,38,2,3,3,7,2,0,0,0,0,0,0,3,11,0,65,1,1,5,12,4,2013,392,13,13,206,30.153846153846157,43.33333333333333,0.0,Profitable,0,Moderate-Value,30.521247374743584,4.731927333697281e-12,0.01,0.0,1.0
4786,1977,Graduation,Partner,75330.0,1,1,2012-10-04,94,555,82,257,93,61,61,4,10,3,12,6,0,0,0,0,0,0,3,11,0,38,1,2,4,10,4,2012,1109,25,27,633,44.36,23.93617021276596,0.0,Non-profitable,0,Moderate-Value,44.57601074950873,3.027378241939794e-24,0.0,0.0,1.0
5872,1951,Graduation,Single,60689.0,0,1,2013-06-01,23,240,90,216,63,6,24,4,4,4,10,3,0,0,0,0,0,0,3,11,0,64,1,1,1,6,2,2013,639,18,19,393,35.5,70.43478260869566,0.0,Non-profitable,0,Moderate-Value,35.778313199354194,3.363783603892126e-24,0.0,0.0,1.0
6568,1984,Graduation,Partner,38680.0,1,0,2013-03-28,97,11,0,36,15,5,12,1,2,0,3,7,0,0,0,0,0,0,3,11,0,31,1,1,28,3,1,2013,79,5,21,458,15.8,4.639175257731958,0.0,Profitable,2,Low-Value,16.63190155935832,8.626560020501908e-07,0.04,0.0,1.0
5628,1982,Graduation,Partner,61416.0,0,0,2013-02-08,25,848,154,323,201,61,78,1,10,3,10,6,1,0,0,0,0,0,3,11,0,33,0,0,8,2,1,2013,1665,23,23,506,72.3913043478261,82.8,0.0,Non-profitable,1,VIP,72.68035410082871,9.128846409505032e-33,0.0,0.0,1.0
5631,1991,Graduation,Single,49767.0,0,0,2013-05-02,92,202,47,197,55,42,149,1,5,4,8,4,0,0,0,0,0,0,3,11,0,24,0,0,2,5,2,2013,692,17,20,423,40.70588235294117,16.630434782608695,0.0,Non-profitable,0,Moderate-Value,41.01424240040334,1.9343802026247791e-13,0.0,0.0,1.0
4974,1970,Graduation,Single,83273.0,1,2,2012-09-25,98,433,89,650,16,102,102,10,4,6,9,7,0,0,0,0,0,0,3,11,0,45,1,3,25,9,3,2012,1392,19,27,642,73.26315789473684,17.448979591836736,0.0,Non-profitable,1,VIP,73.61524499454589,2.4362794336125216e-19,0.0,0.0,1.0
8416,1981,Graduation,Partner,29009.0,1,0,2013-11-29,19,6,6,15,10,5,2,2,2,0,3,6,0,0,0,0,0,0,3,11,0,34,1,1,29,11,4,2013,44,5,13,212,8.8,23.684210526315788,0.0,Profitable,2,Low-Value,9.569182465839548,9.731703535421671e-07,0.09,0.0,1.0
5454,1979,PostGraduation,Partner,45057.0,1,0,2013-12-01,80,37,0,7,3,0,3,1,2,0,3,5,0,0,0,0,0,0,3,11,0,36,1,1,1,12,4,2013,50,5,13,210,10.0,5.625,0.0,Profitable,2,Low-Value,10.779934310442766,0.002557277313748,0.27,0.0021,0.9979
4095,1971,Graduation,Partner,37150.0,1,0,2012-09-11,80,167,37,64,49,34,116,8,4,3,6,7,0,0,0,0,0,0,3,11,0,44,1,1,11,9,3,2012,467,13,28,656,35.92307692307692,14.625,0.0,Non-profitable,0,Moderate-Value,36.31025049331626,3.017442383010749e-16,0.0,0.0,1.0
5474,1970,Graduation,Single,43020.0,1,0,2013-11-30,79,45,7,99,4,25,43,3,4,1,4,6,0,0,0,0,0,0,3,11,0,45,1,1,30,11,4,2013,223,9,13,211,24.77777777777778,10.253164556962023,0.0,Profitable,0,Moderate-Value,25.28262366811559,0.0001263854932555,0.53,0.0001,0.9999
10701,1973,Graduation,Partner,65308.0,0,0,2013-09-11,60,713,0,264,120,80,34,1,7,8,12,4,0,0,1,1,0,0,3,11,0,42,0,0,11,9,3,2013,1211,27,15,291,44.851851851851855,40.5,0.0,Non-profitable,0,Moderate-Value,45.05264563152851,3.1728761922188003e-19,0.0,0.0,1.0
3507,1970,Graduation,Single,76467.0,1,0,2012-08-17,44,676,161,426,210,44,58,2,2,5,5,6,0,0,0,0,0,0,3,11,1,45,1,1,17,8,3,2012,1575,12,28,681,131.25,24.545454545454543,0.0,Non-profitable,3,High-Value,132.0235895175971,4.600192960870028e-19,0.0,0.0,1.0
2079,1947,PostGraduation,Partner,81044.0,0,0,2013-12-27,0,450,26,535,73,98,26,1,5,6,10,1,0,0,0,0,0,0,3,11,0,68,0,0,27,12,4,2013,1208,21,12,184,57.523809523809526,0.0,0.0,Non-profitable,1,VIP,57.8089443386468,1.5454999341712328e-50,0.0,0.0,1.0
626,1951,Graduation,Partner,32871.0,1,1,2013-03-09,28,22,2,12,0,2,5,1,1,0,3,4,0,0,0,0,0,0,3,11,0,64,1,2,9,3,1,2013,43,4,22,477,10.75,12.857142857142856,0.0,Profitable,2,Low-Value,11.735525311441618,4.516226980050494e-09,0.01,0.0,1.0
4426,1975,Graduation,Single,55801.0,1,1,2013-09-22,35,367,4,51,6,4,95,6,7,2,6,7,0,0,0,1,0,0,3,11,0,40,1,2,22,9,3,2013,527,15,15,280,35.13333333333333,38.57142857142857,0.0,Non-profitable,0,Moderate-Value,35.466385835940734,9.461885539636264e-15,0.0,0.0,1.0
6673,1965,Graduation,Single,23478.0,0,0,2013-03-19,51,28,6,27,12,17,39,1,3,0,3,8,0,0,0,0,0,0,3,11,0,50,0,0,19,3,1,2013,129,6,21,467,21.5,10.588235294117649,0.0,Profitable,2,Low-Value,22.23471352800841,2.0473216102829142e-09,0.01,0.0,1.0
7441,1973,Graduation,Single,71128.0,1,0,2012-10-06,80,958,159,447,20,0,31,3,2,10,12,7,0,0,0,0,0,0,3,11,0,42,1,1,6,10,4,2012,1615,24,27,631,67.29166666666667,27.0,0.0,Non-profitable,1,VIP,67.55919821709985,3.7078614515237567e-25,0.0,0.0,1.0
1071,1976,PhD,Single,70179.0,0,1,2013-07-21,10,532,88,168,69,44,133,3,7,3,13,5,0,0,0,0,0,0,3,11,0,39,1,1,21,7,3,2013,1034,23,17,343,44.95652173913044,207.0,0.0,Non-profitable,0,Moderate-Value,45.1925061770508,3.427360173952657e-36,0.0,0.0,1.0
10061,1950,Graduation,Partner,59462.0,0,1,2013-01-05,29,724,17,143,0,8,196,2,9,2,12,7,0,0,0,0,0,0,3,11,0,65,1,1,5,1,1,2013,1088,23,24,540,47.30434782608695,71.37931034482759,0.0,Non-profitable,0,Moderate-Value,47.54487351125682,3.052810766901758e-32,0.0,0.0,1.0
8775,1969,Graduation,Partner,38361.0,1,0,2013-12-27,74,39,0,56,20,8,14,3,3,1,3,7,0,0,0,0,0,0,3,11,0,46,1,1,27,12,4,2013,137,7,12,184,19.571428571428573,8.513513513513514,0.0,Profitable,2,Low-Value,20.188201848209022,0.0017168847742911,0.7,0.0009,0.9991
2345,1982,PhD,Partner,70038.0,0,0,2013-10-25,54,587,54,348,71,54,130,1,4,4,8,2,0,0,0,0,0,0,3,11,0,33,0,0,25,10,4,2013,1244,16,14,247,77.75,26.666666666666664,0.0,Profitable,1,VIP,78.18077320571659,2.3816693153611358e-11,0.01,0.0,1.0
322,1978,Graduation,Partner,42554.0,1,1,2013-01-12,93,29,1,11,0,0,0,2,2,0,3,4,0,0,0,0,0,0,3,11,0,37,1,2,12,1,1,2013,41,5,23,533,8.2,4.838709677419355,0.0,Profitable,2,Low-Value,8.963806543537938,7.322255354557703e-08,0.01,0.0,1.0
10897,1974,Graduation,Partner,67445.0,0,1,2012-08-12,63,757,80,217,29,80,11,5,9,6,12,6,0,0,0,0,0,0,3,11,0,41,1,1,12,8,3,2012,1174,27,29,686,43.48148148148148,38.57142857142857,0.0,Non-profitable,0,Moderate-Value,43.68001797392599,5.199072795188045e-32,0.0,0.0,1.0
123,1951,Graduation,Single,67046.0,0,1,2013-01-06,92,544,35,133,23,151,107,2,4,5,4,2,0,0,0,0,0,0,3,11,0,64,1,1,6,1,1,2013,993,13,24,539,76.38461538461539,12.717391304347824,0.0,Non-profitable,1,VIP,76.91045903157267,2.346627440477523e-13,0.0,0.0,1.0
6103,1948,Graduation,Partner,42192.0,0,0,2013-09-06,40,40,15,15,17,6,7,1,2,1,3,4,0,0,0,0,0,0,3,11,0,67,0,0,6,9,3,2013,100,6,16,296,16.666666666666668,13.5,0.0,Profitable,2,Low-Value,17.365345638199216,2.2128749034079825e-07,0.06,0.0,1.0
7899,1952,PhD,Partner,77610.0,0,1,2012-10-29,70,1245,33,332,21,33,16,2,4,7,4,7,0,0,0,0,0,0,3,11,0,63,1,1,29,10,4,2012,1680,15,26,608,112.0,19.285714285714285,0.0,Non-profitable,3,High-Value,112.561261149096,5.281118957377441e-18,0.0,0.0,1.0
1655,1979,Graduation,Partner,34350.0,1,0,2013-10-19,81,16,3,15,2,1,11,1,1,0,3,7,0,0,0,0,0,0,3,11,0,36,1,1,19,10,4,2013,48,4,14,253,12.0,4.444444444444445,0.0,Profitable,2,Low-Value,12.999556538596634,0.000848862618697,0.21,0.001,0.999
2406,1949,Graduation,Partner,54591.0,0,1,2013-08-05,63,376,4,94,12,9,24,3,6,2,8,5,0,0,0,0,0,0,3,11,0,66,1,1,5,8,3,2013,519,16,17,328,32.4375,22.85714285714285,0.0,Non-profitable,0,Moderate-Value,32.74217678216167,5.406433135890319e-13,0.0,0.0,1.0
2712,1956,Graduation,Partner,71866.0,0,1,2013-12-25,85,184,178,178,103,39,33,1,6,3,10,3,0,0,0,0,0,0,3,11,0,59,1,1,25,12,4,2013,715,19,12,186,37.63157894736842,20.11764705882353,0.0,Profitable,0,Moderate-Value,37.900202774322665,2.5676406963453133e-06,0.32,0.0,1.0
5517,1969,Graduation,Partner,25293.0,1,0,2013-09-15,51,15,0,11,0,2,9,1,1,1,2,8,0,0,0,0,0,0,3,11,0,46,1,1,15,9,3,2013,37,4,15,287,9.25,7.0588235294117645,0.0,Profitable,2,Low-Value,10.2186878388556,2.383691554731197e-05,0.09,0.0,1.0
10643,1987,PhD,Single,42000.0,0,0,2013-01-10,23,124,83,267,85,59,35,2,5,2,11,5,0,0,0,0,0,0,3,11,1,28,0,0,10,1,1,2013,653,18,24,535,36.27777777777778,70.43478260869566,0.0,Non-profitable,0,Moderate-Value,36.55801430573012,8.274037577951334e-28,0.0,0.0,1.0
2254,1983,Graduation,Partner,69520.0,0,0,2013-07-07,95,627,120,414,121,80,93,1,9,6,5,5,0,0,0,0,0,0,3,11,0,32,0,0,7,7,3,2013,1455,20,18,357,72.75,18.94736842105263,0.0,Non-profitable,1,VIP,73.08330179046087,6.184562960015691e-13,0.0,0.0,1.0
10281,1970,Graduation,Single,64713.0,1,0,2014-02-07,11,180,60,241,13,54,54,2,5,5,7,4,0,0,0,0,0,0,3,11,1,45,1,1,7,2,1,2014,602,17,10,142,35.411764705882355,139.0909090909091,0.0,Profitable,0,Moderate-Value,35.70626108027784,3.47215171172871e-18,0.01,0.0,1.0
6958,1977,PostGraduation,Partner,27889.0,1,0,2013-07-05,42,14,0,4,0,0,8,1,1,1,2,6,0,0,0,0,0,0,3,11,0,38,1,1,5,7,3,2013,26,4,18,359,6.5,8.571428571428571,0.0,Profitable,2,Low-Value,7.437819139114567,8.533212904440107e-07,0.03,0.0,1.0
954,1960,UnderGraduation,Single,22123.0,0,0,2014-03-27,77,3,3,24,34,7,31,1,2,1,3,5,0,0,0,0,0,0,3,11,0,55,0,0,27,3,1,2014,102,6,9,94,17.0,7.012987012987013,1.59,Profitable,2,Low-Value,17.70116411335847,1.7940857087757338,1.28,0.5756,0.4244
4643,1973,Graduation,Partner,27803.0,1,0,2012-08-26,40,8,26,46,38,9,49,2,3,0,4,8,0,0,0,0,0,0,3,11,0,42,1,1,26,8,3,2012,176,7,28,672,25.142857142857142,15.749999999999998,0.0,Non-profitable,0,Moderate-Value,25.79519600057696,8.800944016676499e-14,0.0,0.0,1.0
6497,1960,Graduation,Partner,51651.0,0,1,2012-11-07,32,293,6,23,13,6,92,4,6,2,5,8,0,0,0,0,0,0,3,11,0,55,1,1,7,11,4,2012,433,13,26,599,33.30769230769231,36.5625,0.0,Non-profitable,0,Moderate-Value,33.685902412896645,1.2498081319873366e-20,0.0,0.0,1.0
5396,1988,Graduation,Partner,68487.0,0,0,2013-01-13,48,758,12,385,33,89,89,1,9,7,13,4,0,0,0,0,0,0,3,11,0,27,0,0,13,1,1,2013,1366,29,23,532,47.10344827586207,54.375,0.0,Non-profitable,0,Moderate-Value,47.29382565007302,4.6446354037638916e-33,0.0,0.0,1.0
1052,1969,Graduation,Partner,56796.0,0,1,2013-02-16,24,656,38,161,62,47,37,3,8,9,7,7,0,0,0,0,0,0,3,11,0,46,1,1,16,2,1,2013,1001,24,22,498,41.708333333333336,90.0,0.0,Non-profitable,0,Moderate-Value,41.92844636888462,3.3067080129739503e-34,0.0,0.0,1.0
2802,1992,PostGraduation,Partner,87000.0,0,0,2012-12-15,61,196,25,607,67,17,49,1,4,6,7,2,0,0,0,0,0,0,3,11,0,23,0,0,15,12,4,2012,961,17,24,561,56.52941176470589,25.08196721311475,0.0,Non-profitable,1,VIP,56.87920879055625,7.382793990688173e-20,0.0,0.0,1.0
6343,1959,Graduation,Partner,79823.0,0,1,2014-03-31,6,835,73,380,114,73,43,1,6,9,7,2,0,1,0,0,0,0,3,11,0,56,1,1,31,3,1,2014,1518,22,9,90,69.0,330.0,0.0,Profitable,1,VIP,69.29535660376514,1.2507289288962416e-23,0.09,0.0,1.0
6507,1980,Graduation,Single,30828.0,1,0,2013-10-04,16,16,11,15,2,0,12,2,1,1,4,3,0,0,0,0,0,0,3,11,0,35,1,1,4,10,4,2013,56,6,15,268,9.333333333333334,33.75,0.0,Profitable,2,Low-Value,9.97733918469561,3.123984159178712e-09,0.02,0.0,1.0
7901,1971,PostGraduation,Partner,34109.0,0,1,2013-11-06,39,9,1,5,2,1,4,1,0,0,3,4,0,0,0,0,0,0,3,11,0,44,1,1,6,11,4,2013,22,3,14,235,7.333333333333333,6.923076923076923,0.0,Profitable,2,Low-Value,8.600974135681305,0.0001889077908127,0.1,0.0003,0.9997
4865,1974,PostGraduation,Single,53367.0,1,1,2013-08-31,2,229,7,140,10,3,11,7,5,1,8,7,0,0,0,0,0,0,3,11,1,41,1,2,31,8,3,2013,400,14,16,302,28.571428571428573,630.0,0.0,Non-profitable,0,Moderate-Value,28.907468688859968,4.301504456116293e-30,0.0,0.0,1.0
2686,1969,UnderGraduation,Partner,22390.0,0,0,2013-10-21,49,0,1,4,15,1,5,1,1,0,2,7,0,0,0,0,0,0,3,11,0,46,0,0,21,10,4,2013,26,3,14,251,8.666666666666666,5.5102040816326525,0.0,Profitable,2,Low-Value,9.95433793930051,0.0002418534250047,0.11,0.0004,0.9996
3107,1976,Graduation,Partner,71322.0,0,1,2014-05-02,31,121,24,124,24,15,42,1,4,1,7,2,0,0,0,0,0,0,3,11,0,39,1,1,2,5,2,2014,350,12,8,58,29.166666666666668,34.83870967741935,0.08,Profitable,0,Moderate-Value,29.56113210781893,0.0538307750915494,4.71,0.0056,0.9944
7734,1993,Graduation,Single,79244.0,0,0,2012-12-19,58,471,102,125,212,61,245,1,4,10,7,1,0,0,1,1,0,0,3,11,1,22,0,0,19,12,4,2012,1216,21,24,557,57.90476190476191,32.58620689655172,0.0,Non-profitable,1,VIP,58.19070389602136,6.846521598226775e-24,0.0,0.0,1.0
1146,1949,PostGraduation,Partner,49912.0,0,1,2012-09-07,5,520,8,223,32,49,42,4,10,5,7,8,1,0,0,0,0,0,3,11,1,66,1,1,7,9,3,2012,874,22,28,660,39.72727272727273,396.00000000000006,0.0,Non-profitable,0,Moderate-Value,39.96343014294181,1.4914635566208375e-49,0.0,0.0,1.0
11031,1950,PhD,Partner,48699.0,1,1,2013-05-21,90,26,1,10,2,0,1,1,1,0,3,5,0,0,0,0,0,0,3,11,0,65,1,2,21,5,2,2013,40,4,19,404,10.0,4.0,0.0,Profitable,2,Low-Value,10.97710657514861,9.044294034109518e-06,0.05,0.0,1.0
7428,1975,Graduation,Partner,80144.0,0,0,2013-09-30,47,240,132,445,250,192,108,1,3,7,8,1,0,0,0,0,0,0,3,11,0,40,0,0,30,9,3,2013,1367,18,15,272,75.94444444444444,34.46808510638298,0.0,Non-profitable,1,VIP,76.32277073090188,1.1465051075782347e-14,0.0,0.0,1.0
975,1956,Graduation,Single,54252.0,1,1,2013-05-28,25,178,4,26,8,4,44,5,4,1,5,6,0,0,0,0,0,0,3,11,0,59,1,2,28,5,2,2013,264,10,19,397,26.4,36.0,0.0,Non-profitable,0,Moderate-Value,26.861371180328646,1.1688069450958408e-14,0.0,0.0,1.0
1103,1976,PostGraduation,Partner,81929.0,1,0,2012-09-29,60,1486,55,278,49,0,185,2,4,4,10,6,1,0,1,0,0,0,3,11,1,39,1,1,29,9,3,2012,2053,18,27,638,114.05555555555556,27.0,0.0,Non-profitable,3,High-Value,114.5281249433218,1.6266118760943354e-22,0.0,0.0,1.0
3422,1975,Graduation,Partner,76068.0,0,1,2012-11-29,67,1115,12,128,33,12,76,1,2,3,4,6,0,1,0,0,1,0,3,11,0,40,1,1,29,11,4,2012,1376,9,25,577,152.88888888888889,12.08955223880597,0.0,Non-profitable,3,High-Value,154.02890485268554,1.5164690069186553e-12,0.0,0.0,1.0
1055,1976,PostGraduation,Partner,53204.0,1,1,2014-03-20,40,29,0,8,2,0,6,1,1,0,3,4,0,0,0,0,0,0,3,11,0,39,1,2,20,3,1,2014,45,4,9,101,11.25,9.0,0.04,Profitable,2,Low-Value,12.241137802303625,0.0619383179613507,0.51,0.0307,0.9693
1241,1984,PostGraduation,Partner,14796.0,1,0,2012-09-17,1,13,3,8,7,4,16,2,1,0,3,9,0,0,0,0,0,0,3,11,1,31,1,1,17,9,3,2012,51,4,27,650,12.75,360.0,0.0,Non-profitable,2,Low-Value,13.757975274889644,1.149375849203873e-15,0.0,0.0,1.0
2909,1974,PhD,Partner,78128.0,0,1,2014-02-19,89,934,24,230,16,24,36,2,8,4,6,3,0,1,1,0,0,0,3,11,0,41,1,1,19,2,1,2014,1264,18,10,130,70.22222222222223,18.202247191011235,0.12,Profitable,1,VIP,70.58639830542192,0.0342528744188693,10.38,0.0053,0.9947
5802,1972,UnderGraduation,Partner,14188.0,0,0,2013-02-28,40,2,7,11,16,12,27,1,2,0,4,6,0,0,0,0,0,0,3,11,0,43,0,0,28,2,1,2013,75,6,22,486,12.5,13.5,0.0,Non-profitable,2,Low-Value,13.16761469870853,2.3299510487148817e-10,0.0,0.0,1.0
1407,1986,UnderGraduation,Partner,20425.0,1,0,2012-10-29,5,4,12,5,3,16,17,2,2,0,3,7,0,0,0,0,0,0,3,11,0,29,1,1,29,10,4,2012,57,5,26,608,11.4,90.0,0.0,Non-profitable,2,Low-Value,12.19247812914652,3.843576285898655e-15,0.0,0.0,1.0
6183,1962,PostGraduation,Partner,58646.0,0,1,2013-06-10,3,62,1,44,6,5,22,1,2,1,4,4,0,0,0,0,0,0,3,11,0,53,1,1,10,6,2,2013,140,7,19,384,20.0,210.0,0.0,Non-profitable,2,Low-Value,20.619509090698863,6.616301161627855e-17,0.0,0.0,1.0
340,1970,Graduation,Single,72967.0,0,1,2012-12-15,1,158,35,179,0,0,125,2,7,2,8,5,1,0,0,0,0,0,3,11,1,45,1,1,15,12,4,2012,497,17,24,561,29.235294117647054,1530.0,0.0,Non-profitable,0,Moderate-Value,29.51361620679808,3.0922657495146614e-46,0.0,0.0,1.0
5991,1949,PostGraduation,Partner,48150.0,0,1,2013-06-08,24,173,2,39,3,2,47,3,5,1,4,7,0,0,0,0,0,0,3,11,0,66,1,1,8,6,2,2013,266,10,19,386,26.6,37.5,0.0,Non-profitable,0,Moderate-Value,27.06226317131704,1.2974509270301196e-14,0.0,0.0,1.0
3104,1961,Graduation,Single,82332.0,0,0,2012-09-17,89,830,59,968,51,79,19,1,5,3,12,2,0,0,1,0,0,0,3,11,1,54,0,0,17,9,3,2012,2006,20,27,650,100.3,20.224719101123597,0.0,Non-profitable,3,High-Value,100.69460097398834,3.625542926042129e-21,0.0,0.0,1.0
9729,1955,Graduation,Single,58275.0,1,1,2013-06-02,48,189,10,253,56,43,64,6,8,2,7,7,0,0,0,0,0,0,3,11,0,60,1,2,2,6,2,2013,615,17,19,392,36.1764705882353,31.875,0.0,Non-profitable,0,Moderate-Value,36.472969493184856,1.3174915810355879e-17,0.0,0.0,1.0
1008,1981,PhD,Partner,44953.0,0,0,2012-12-21,31,728,17,133,11,8,124,1,7,3,13,6,1,0,0,0,0,0,3,11,0,34,0,0,21,12,4,2012,1021,23,24,555,44.391304347826086,66.7741935483871,0.0,Non-profitable,0,Moderate-Value,44.62619552251971,5.565756950367033e-32,0.0,0.0,1.0
3969,1974,PostGraduation,Partner,43018.0,0,1,2013-11-01,46,35,4,17,7,6,64,1,2,2,2,5,0,0,0,0,0,0,3,11,0,41,1,1,1,11,4,2013,133,6,14,240,22.166666666666668,11.739130434782608,0.0,Profitable,2,Low-Value,22.90635047832692,6.781187630011201e-06,0.21,0.0,1.0
1916,1954,PostGraduation,Partner,45736.0,0,1,2013-07-24,92,188,3,180,20,3,43,5,7,1,6,7,0,0,0,0,0,0,3,11,0,61,1,1,24,7,3,2013,437,14,17,340,31.214285714285715,13.695652173913045,0.0,Non-profitable,0,Moderate-Value,31.55873441957856,1.49173942352067e-09,0.0,0.0,1.0
9907,1969,PostGraduation,Partner,66476.0,0,1,2013-12-04,80,742,28,152,25,9,57,2,6,8,10,4,0,0,0,0,0,0,3,11,0,46,1,1,4,12,4,2013,1013,24,13,207,42.208333333333336,27.0,0.0,Profitable,0,Moderate-Value,42.42937311510381,8.253210576017637e-10,0.01,0.0,1.0
87,1981,PostGraduation,Partner,27733.0,1,0,2013-08-26,16,0,7,5,26,2,17,2,2,0,3,7,0,0,0,0,0,0,3,11,0,34,1,1,26,8,3,2013,57,5,16,307,11.4,28.125,0.0,Profitable,2,Low-Value,12.19247812914652,7.580348610237304e-09,0.03,0.0,1.0
8659,1952,PhD,Partner,69805.0,0,1,2014-01-21,50,750,71,174,13,10,20,2,6,8,11,2,0,0,0,0,0,0,3,11,0,63,1,1,21,1,1,2014,1038,25,11,159,41.52,45.0,0.0,Profitable,0,Moderate-Value,41.73095776235168,5.320728246539509e-12,0.01,0.0,1.0
6262,1962,PostGraduation,Single,72217.0,0,0,2013-04-10,93,816,42,450,55,56,154,1,3,10,8,2,0,0,0,0,0,0,3,11,0,53,0,0,10,4,2,2013,1573,21,21,445,74.9047619047619,20.32258064516129,0.0,Non-profitable,1,VIP,75.22672414386086,1.879898350984428e-16,0.0,0.0,1.0
6147,1971,Graduation,Single,25818.0,1,0,2012-10-18,51,5,2,8,2,2,9,1,0,1,2,7,0,0,0,0,0,0,3,11,0,44,1,1,18,10,4,2012,28,3,26,619,9.333333333333334,5.294117647058823,0.0,Profitable,2,Low-Value,10.631019841110112,1.1782769040150604e-08,0.01,0.0,1.0
8832,1976,PostGraduation,Partner,37509.0,1,0,2012-09-12,24,37,5,56,12,8,5,2,3,0,4,7,0,0,0,0,0,0,3,11,0,39,1,1,12,9,3,2012,123,7,28,655,17.571428571428573,26.25,0.0,Non-profitable,2,Low-Value,18.175434716589766,3.814941761447207e-15,0.0,0.0,1.0
10067,1976,PostGraduation,Partner,25176.0,1,1,2013-08-10,79,4,0,4,0,0,5,1,1,0,2,7,0,0,0,0,0,0,3,11,0,39,1,2,10,8,3,2013,13,3,16,323,4.333333333333333,3.4177215189873418,0.0,Profitable,2,Low-Value,5.555905577538095,0.0001545672635921,0.05,0.0003,0.9997
7532,1980,Graduation,Partner,43586.0,0,1,2012-08-30,26,99,2,11,4,0,16,3,3,0,4,8,0,0,0,0,0,0,3,11,0,35,1,1,30,8,3,2012,132,7,28,668,18.857142857142858,24.23076923076923,0.0,Non-profitable,2,Low-Value,19.46935644405929,4.595696984976291e-15,0.0,0.0,1.0
4915,1956,PostGraduation,Partner,53230.0,0,1,2012-08-03,86,176,72,98,136,21,229,4,5,2,12,5,0,0,0,0,0,0,3,11,0,59,1,1,3,8,3,2012,732,19,29,695,38.526315789473685,19.88372093023256,0.0,Non-profitable,0,Moderate-Value,38.79703544454984,1.5204174379022769e-21,0.0,0.0,1.0
2088,1972,Graduation,Partner,84906.0,0,0,2013-10-04,98,997,15,414,99,30,76,1,5,6,12,2,0,1,1,0,1,0,3,11,0,43,0,0,4,10,4,2013,1631,23,15,268,70.91304347826087,21.12244897959184,0.0,Non-profitable,1,VIP,71.19923392743972,1.637718748512924e-10,0.0,0.0,1.0
2493,1966,Graduation,Partner,61286.0,0,1,2013-08-02,34,356,0,107,19,9,117,2,7,1,8,5,0,0,0,0,0,0,3,11,0,49,1,1,2,8,3,2013,608,16,17,331,38.0,42.35294117647059,0.0,Non-profitable,0,Moderate-Value,38.32015620519117,1.9506888947059766e-17,0.0,0.0,1.0
6292,1986,PhD,Partner,82333.0,0,0,2013-03-30,60,1311,0,359,46,89,17,1,4,3,10,2,0,0,1,0,0,0,3,11,1,29,0,0,30,3,1,2013,1822,17,21,456,107.17647058823528,25.5,0.0,Non-profitable,3,High-Value,107.65889675309025,1.3694241334552429e-17,0.0,0.0,1.0
1631,1965,PhD,Partner,65220.0,0,0,2012-09-03,3,890,63,292,0,25,12,4,8,4,7,6,0,0,0,0,0,0,3,11,1,50,0,0,3,9,3,2012,1282,19,28,664,67.47368421052632,570.0,0.0,Non-profitable,1,VIP,67.81221006954655,4.504598781328245e-47,0.0,0.0,1.0
10104,1974,Graduation,Partner,33590.0,2,1,2013-11-03,65,4,0,2,0,0,2,1,1,0,2,7,0,0,0,0,0,0,3,11,0,41,1,3,3,11,4,2013,8,3,14,238,2.6666666666666665,4.153846153846154,0.0,Profitable,2,Low-Value,3.864200823014089,0.0011462526322129,0.05,0.0017,0.9983
3006,1976,Graduation,Single,30992.0,1,0,2013-04-22,83,17,0,14,7,3,2,1,1,0,3,7,0,0,0,0,0,0,3,11,0,39,1,1,22,4,2,2013,43,4,20,433,10.75,4.337349397590362,0.0,Profitable,2,Low-Value,11.735525311441618,2.476349099452896e-06,0.04,0.0,1.0
3919,1976,PostGraduation,Single,72309.0,0,0,2013-03-11,64,960,0,883,50,38,0,1,5,6,8,3,0,0,0,1,0,0,3,11,1,39,0,0,11,3,1,2013,1931,19,22,475,101.63157894736842,26.71875,0.0,Non-profitable,3,High-Value,102.05011612704268,3.37151701682702e-19,0.0,0.0,1.0
642,1980,UnderGraduation,Partner,16005.0,1,0,2012-08-14,69,1,3,2,20,30,47,3,2,1,2,8,0,0,0,0,0,0,3,11,0,35,1,1,14,8,3,2012,103,5,29,684,20.6,6.521739130434783,0.0,Non-profitable,2,Low-Value,21.474908937771197,2.120893406657953e-10,0.0,0.0,1.0
4369,1957,PostGraduation,Single,65487.0,0,0,2014-01-10,48,240,67,500,199,0,163,3,3,5,6,2,0,0,0,0,0,0,3,11,0,58,0,0,10,1,1,2014,1169,14,11,170,83.5,26.25,0.0,Profitable,1,VIP,84.0108023894707,8.55420373349233e-08,0.47,0.0,1.0
10127,1965,Graduation,Partner,58692.0,0,1,2014-04-06,21,301,11,61,4,7,11,1,8,2,4,7,0,0,0,0,0,0,3,11,0,50,1,1,6,4,2,2014,395,14,9,84,28.214285714285715,60.0,0.0,Profitable,0,Moderate-Value,28.54918953606016,2.1341973194430694e-07,1.88,0.0,1.0
271,1969,Graduation,Single,40590.0,1,1,2013-10-02,30,154,0,50,6,11,37,5,3,4,3,6,1,0,0,0,0,0,3,11,0,46,1,2,2,10,4,2013,258,10,15,270,25.8,30.0,0.0,Profitable,0,Moderate-Value,26.258695207363463,5.000884906722719e-11,0.01,0.0,1.0
4973,1970,Graduation,Single,20587.0,1,0,2014-05-11,39,2,3,6,4,1,9,1,1,1,2,7,0,0,0,0,0,0,3,11,0,45,1,1,11,5,2,2014,25,4,7,49,6.25,9.23076923076923,1.1,Profitable,2,Low-Value,7.185012893683564,3.049182304218311,0.43,0.7438,0.2562
2948,1954,PostGraduation,Single,62637.0,0,1,2014-03-01,76,104,12,48,4,12,5,1,2,2,5,2,0,0,0,0,0,0,3,11,0,61,1,1,1,3,1,2014,185,9,10,120,20.55555555555556,10.657894736842104,0.16,Profitable,2,Low-Value,21.03946782682014,0.1517267260669407,1.85,0.0424,0.9576
2715,1966,PostGraduation,Single,29435.0,1,1,2012-08-06,11,70,3,37,4,2,64,4,3,2,2,9,0,0,0,0,0,0,3,11,1,49,1,2,6,8,3,2012,180,7,29,692,25.714285714285715,57.27272727272727,0.0,Non-profitable,0,Moderate-Value,26.37027232389675,7.570744373918671e-18,0.0,0.0,1.0
10432,1974,Graduation,Single,19346.0,1,0,2014-01-30,26,2,0,9,3,6,2,1,1,0,3,8,0,0,0,0,0,0,3,11,0,41,1,1,30,1,1,2014,22,4,11,150,5.5,13.846153846153848,0.0,Profitable,2,Low-Value,6.4265941573905545,0.0004817574655871,0.16,0.0004,0.9996
9216,1971,Graduation,Partner,35788.0,1,1,2014-01-23,34,23,2,11,3,1,4,2,2,0,3,6,0,0,0,0,0,0,3,11,0,44,1,2,23,1,1,2014,44,5,11,157,8.8,13.23529411764706,0.0,Profitable,2,Low-Value,9.569182465839548,0.0003333438329755,0.26,0.0002,0.9998
7124,1968,Graduation,Single,36997.0,1,1,2013-02-01,72,43,4,12,8,0,27,5,2,1,4,5,0,0,0,0,0,0,3,11,0,47,1,2,1,2,1,2013,94,7,23,513,13.428571428571429,8.75,0.0,Non-profitable,2,Low-Value,14.0061313725213,9.306551769692663e-10,0.0,0.0,1.0
9727,1957,Graduation,Partner,23539.0,0,0,2014-02-28,13,4,24,11,16,1,25,1,2,0,4,6,0,0,0,0,0,0,3,11,0,58,0,0,28,2,1,2014,81,6,10,121,13.5,41.53846153846154,0.0,Profitable,2,Low-Value,14.175070124186291,4.876839070427697e-06,0.46,0.0,1.0
5136,1973,Graduation,Single,65333.0,0,1,2014-01-17,58,654,7,92,0,15,30,7,9,4,8,6,0,1,1,0,0,0,3,11,0,42,1,1,17,1,1,2014,798,21,11,163,38.0,32.58620689655172,0.0,Profitable,0,Moderate-Value,38.243767023200846,4.7228520964676215e-09,0.07,0.0,1.0
9790,1957,Graduation,Single,78499.0,0,0,2013-11-23,12,912,72,170,47,36,97,1,11,3,4,4,0,0,1,0,0,0,3,11,1,58,0,0,23,11,4,2013,1334,18,13,218,74.11111111111111,135.0,0.0,Non-profitable,1,VIP,74.48490383730152,8.701837586514025e-23,0.0,0.0,1.0
1818,1971,PhD,Partner,29732.0,1,0,2014-03-25,23,25,0,8,0,1,4,1,2,0,2,9,0,0,0,0,0,0,3,11,0,44,1,1,25,3,1,2014,38,4,9,96,9.5,15.652173913043478,0.0,Profitable,2,Low-Value,10.471494084286604,0.0089021745205996,0.42,0.0042,0.9958
1100,1960,PostGraduation,Partner,41275.0,1,2,2014-03-24,33,24,4,22,0,2,9,4,3,1,3,5,0,0,0,0,0,0,3,11,0,55,1,3,24,3,1,2014,61,7,9,97,8.714285714285714,19.09090909090909,0.0,Profitable,2,Low-Value,9.261751705133044,0.0041806862883074,0.61,0.0012,0.9988
7873,1973,PhD,Partner,63516.0,1,1,2013-07-06,30,141,11,114,15,14,5,4,4,1,7,5,0,0,0,0,0,0,3,11,0,42,1,2,6,7,3,2013,300,12,18,358,25.0,36.0,0.0,Non-profitable,0,Moderate-Value,25.37899098905248,4.620042548668718e-15,0.0,0.0,1.0
10609,1962,PhD,Partner,42769.0,0,1,2013-10-12,15,71,0,13,3,1,0,2,1,1,4,4,0,0,0,0,0,0,3,11,0,53,1,1,12,10,4,2013,88,6,14,260,14.666666666666666,36.0,0.0,Profitable,2,Low-Value,15.350434787243683,3.1180384402361007e-09,0.04,0.0,1.0
6950,1958,PostGraduation,Partner,49572.0,1,1,2013-12-15,25,35,1,16,0,1,1,2,2,0,3,7,0,0,0,0,0,0,3,11,0,57,1,2,15,12,4,2013,54,5,12,196,10.8,18.0,0.0,Profitable,2,Low-Value,11.58710220684491,8.257347136301977e-06,0.16,0.0,1.0
7233,1972,Graduation,Partner,69209.0,0,0,2012-09-17,4,496,32,849,229,48,128,2,5,3,6,4,0,0,0,1,0,0,3,11,0,43,0,0,17,9,3,2012,1782,14,27,650,127.28571428571428,315.0,0.0,Non-profitable,3,High-Value,127.93582652272735,2.111989971742098e-34,0.0,0.0,1.0
9481,1976,Graduation,Partner,17148.0,1,0,2014-01-28,80,9,9,11,13,10,16,4,3,1,3,8,0,0,0,0,0,0,3,11,0,39,1,1,28,1,1,2014,68,7,11,152,9.714285714285714,7.874999999999999,0.01,Profitable,2,Low-Value,10.268135270942674,0.0284070358514413,0.56,0.0126,0.9874
7699,1969,Graduation,Single,40590.0,1,1,2013-10-02,30,154,0,50,6,11,37,5,3,4,3,6,1,0,0,0,0,0,3,11,0,46,1,2,2,10,4,2013,258,10,15,270,25.8,30.0,0.0,Profitable,0,Moderate-Value,26.258695207363463,5.000884906722719e-11,0.01,0.0,1.0
2711,1976,PostGraduation,Partner,30560.0,1,0,2013-06-27,6,9,1,5,4,5,7,1,1,0,3,7,0,0,0,0,0,0,3,11,0,39,1,1,27,6,2,2013,31,4,18,367,7.75,60.0,0.0,Profitable,2,Low-Value,8.701850366269582,3.794185240677301e-10,0.01,0.0,1.0
8933,1983,PostGraduation,Partner,32146.0,1,0,2014-05-12,16,26,3,23,4,7,3,2,2,0,4,6,0,0,0,0,0,0,3,11,0,32,1,1,12,5,2,2014,66,6,7,48,11.0,33.75,0.03,Profitable,2,Low-Value,11.656431560491884,0.0578661555820549,0.99,0.0096,0.9904
8726,1964,PostGraduation,Single,41713.0,1,1,2014-04-29,57,77,8,44,10,10,25,5,3,1,4,6,0,0,0,0,0,0,3,11,0,51,1,2,29,4,2,2014,174,8,8,61,21.75,12.63157894736842,6.29,Profitable,2,Low-Value,22.301405298006557,5.640066038695914,2.55,0.9083,0.0917
1515,1975,PostGraduation,Partner,34176.0,0,1,2014-01-22,9,11,2,7,4,2,2,1,1,0,3,3,0,0,0,0,0,0,3,11,0,40,1,1,22,1,1,2014,28,4,11,158,7.0,40.0,0.0,Profitable,2,Low-Value,7.943431629976573,5.634609510313656e-06,0.15,0.0,1.0
5186,1955,PhD,Partner,58482.0,0,1,2014-03-12,59,576,7,115,19,7,7,2,7,4,9,6,0,1,0,0,0,0,3,11,0,60,1,1,12,3,1,2014,731,20,9,109,36.55,30.508474576271183,0.0,Profitable,0,Moderate-Value,36.80275622081678,0.0002450382433795,3.87,0.0,1.0
10157,1965,Graduation,Single,59686.0,0,1,2014-01-25,78,89,15,89,34,42,5,1,4,1,6,4,0,0,0,0,0,0,3,11,0,50,1,1,25,1,1,2014,274,11,11,155,24.90909090909091,12.692307692307692,0.0,Profitable,0,Moderate-Value,25.32230681866073,0.002768929909504,1.55,0.0008,0.9992
5667,1964,PhD,Partner,60896.0,0,1,2012-10-11,90,1013,30,399,60,46,153,3,9,10,4,6,0,0,0,0,0,0,3,11,1,51,1,1,11,10,4,2012,1701,23,27,626,73.95652173913044,23.0,0.0,Non-profitable,1,VIP,74.24859899029939,5.921540994754364e-23,0.0,0.0,1.0
902,1980,Graduation,Partner,62994.0,1,0,2014-03-04,74,224,12,48,4,12,12,1,6,2,4,6,0,0,0,0,0,0,3,11,0,35,1,1,4,3,1,2014,312,12,10,117,26.0,14.594594594594597,0.09,Profitable,0,Moderate-Value,26.38270485755643,0.0710406241425539,2.98,0.0147,0.9853
977,1957,Graduation,Partner,47320.0,0,1,2013-08-01,10,200,19,111,50,15,19,6,5,1,8,6,0,0,0,0,0,0,3,11,0,58,1,1,1,8,3,2013,414,14,17,332,29.571428571428573,126.0,0.0,Non-profitable,0,Moderate-Value,29.910650316699435,9.353987590756696e-23,0.0,0.0,1.0
7313,1949,PostGraduation,Single,74859.0,0,0,2013-06-03,63,570,73,614,133,102,73,1,6,5,11,3,0,0,0,1,0,0,3,11,0,66,0,0,3,6,2,2013,1565,22,19,391,71.13636363636364,31.428571428571427,0.0,Non-profitable,1,VIP,71.43604067776933,2.999343845908392e-19,0.0,0.0,1.0
7600,1992,UnderGraduation,Single,15253.0,1,0,2013-10-28,13,1,3,3,8,1,13,2,1,0,3,7,0,0,0,0,0,0,3,11,0,23,1,1,28,10,4,2013,29,4,14,244,7.25,27.692307692307693,0.0,Profitable,2,Low-Value,8.196237875407576,4.366335576260134e-07,0.06,0.0,1.0
9706,1974,PhD,Single,31560.0,1,0,2013-06-24,98,62,1,20,4,0,7,2,2,1,3,8,0,0,0,0,0,0,3,11,0,41,1,1,24,6,2,2013,94,6,18,370,15.666666666666666,5.5102040816326525,0.0,Profitable,2,Low-Value,16.357890212721447,5.632278748709244e-06,0.07,0.0,1.0
2429,1954,Graduation,Single,72071.0,0,1,2013-02-14,4,531,69,300,150,138,150,3,5,4,8,2,0,0,0,0,0,0,3,11,0,61,1,1,14,2,1,2013,1338,17,22,500,78.70588235294117,382.5,0.0,Non-profitable,1,VIP,79.11375276485975,1.582832273337281e-37,0.0,0.0,1.0
3520,1990,PostGraduation,Single,91172.0,0,0,2013-03-27,94,162,28,818,0,28,56,0,4,3,7,3,1,0,1,1,1,0,3,11,1,25,0,0,27,3,1,2013,1092,14,21,459,78.0,13.404255319148936,0.0,Non-profitable,1,VIP,78.49330343635363,2.795861870904908e-12,0.0,0.0,1.0
10394,1984,Graduation,Partner,90000.0,0,0,2013-12-23,91,675,144,133,94,192,241,1,4,8,5,1,1,0,1,1,0,0,3,11,0,31,0,0,23,12,4,2013,1479,17,12,188,87.0,16.813186813186814,0.0,Profitable,1,VIP,87.42959016638972,2.690366107546732e-05,1.57,0.0,1.0
4548,1981,Graduation,Single,41967.0,1,1,2013-11-23,66,23,4,10,0,2,15,1,1,0,3,4,0,0,0,0,0,0,3,11,0,34,1,2,23,11,4,2013,54,4,13,218,13.5,5.454545454545455,0.0,Profitable,2,Low-Value,14.516394011182651,0.001226441214602,0.28,0.0013,0.9987
9362,1965,Graduation,Single,69263.0,0,1,2014-03-05,14,492,5,32,13,5,21,1,9,1,7,6,0,1,0,0,0,0,3,11,0,50,1,1,5,3,1,2014,568,17,10,116,33.411764705882355,109.28571428571428,0.0,Profitable,0,Moderate-Value,33.701023692674866,1.0678943807679811e-14,0.08,0.0,1.0
3968,1970,PostGraduation,Single,65706.0,0,0,2013-06-28,77,918,10,129,13,0,129,1,11,3,12,7,0,1,1,0,1,0,3,11,1,45,0,0,28,6,2,2013,1199,26,18,366,46.11538461538461,30.38961038961039,0.0,Non-profitable,0,Moderate-Value,46.3260759343516,5.640734970526789e-19,0.0,0.0,1.0
4084,1975,Graduation,Partner,60934.0,0,1,2014-01-17,41,224,155,155,192,93,54,2,6,4,11,4,0,0,0,0,0,0,3,11,0,40,1,1,17,1,1,2014,873,21,11,163,41.57142857142857,46.09756097560976,0.0,Profitable,0,Moderate-Value,41.8227628735873,3.0083763527623625e-12,0.01,0.0,1.0
6721,1951,Graduation,Partner,71965.0,0,1,2013-07-29,21,572,19,286,50,38,248,3,6,3,5,3,0,0,0,0,0,0,3,11,0,64,1,1,29,7,3,2013,1213,14,17,335,86.64285714285714,60.0,0.0,Non-profitable,1,VIP,87.16365893410902,1.4151892753674828e-18,0.0,0.0,1.0
2829,1955,Graduation,Partner,65210.0,0,1,2014-03-10,25,626,0,70,0,7,28,2,9,3,8,6,0,1,0,1,0,0,3,11,0,60,1,1,10,3,1,2014,731,20,9,111,36.55,72.0,0.0,Profitable,0,Moderate-Value,36.80275622081678,5.722423384950375e-12,0.16,0.0,1.0
1772,1975,PhD,Partner,79174.0,0,0,2013-01-11,2,1074,37,518,193,92,129,1,5,6,7,2,0,0,1,1,0,0,3,11,1,40,0,0,11,1,1,2013,2043,18,24,534,113.5,810.0,0.0,Non-profitable,3,High-Value,113.97119558162474,1.489036519143511e-44,0.0,0.0,1.0
1544,1967,PostGraduation,Single,81380.0,0,0,2012-12-22,51,741,68,689,224,68,103,1,4,2,10,2,0,0,0,0,0,0,3,11,0,48,0,0,22,12,4,2012,1893,16,24,554,118.3125,28.235294117647054,0.0,Non-profitable,3,High-Value,118.85615124556094,4.3725625984446966e-20,0.0,0.0,1.0
492,1973,PhD,Single,48432.0,0,1,2012-10-18,3,322,3,50,4,3,42,5,7,1,6,8,0,0,0,0,0,0,3,11,0,42,1,1,18,10,4,2012,424,14,26,619,30.285714285714285,420.0,0.0,Non-profitable,0,Moderate-Value,30.62720862229905,2.7672906505554453e-35,0.0,0.0,1.0
4377,1971,Graduation,Partner,52914.0,0,1,2013-01-07,32,254,10,44,30,10,227,2,7,3,3,7,1,0,0,0,0,0,3,11,0,44,1,1,7,1,1,2013,575,13,24,538,44.23076923076923,36.5625,0.0,Non-profitable,0,Moderate-Value,44.646414984060925,1.5524208223193756e-19,0.0,0.0,1.0
4541,1955,Graduation,Partner,38946.0,0,1,2013-10-24,84,116,6,82,6,6,41,2,3,1,6,5,0,0,0,0,0,0,3,11,0,60,1,1,24,10,4,2013,257,10,14,248,25.7,10.714285714285714,0.0,Profitable,0,Moderate-Value,26.15824921186926,9.410485655547709e-06,0.21,0.0,1.0
1321,1974,Graduation,Partner,26067.0,1,0,2013-11-04,49,22,2,18,0,2,12,3,3,0,3,8,0,0,0,0,0,0,3,11,0,41,1,1,4,11,4,2013,56,6,14,237,9.333333333333334,11.020408163265303,0.0,Profitable,2,Low-Value,9.97733918469561,1.183195770855626e-05,0.1,0.0,1.0
8858,1972,PhD,Partner,44325.0,0,1,2013-03-07,69,516,0,21,0,0,5,4,8,2,7,8,0,1,0,0,0,0,3,11,0,43,1,1,7,3,1,2013,542,17,22,479,31.88235294117647,22.17391304347826,0.0,Non-profitable,0,Moderate-Value,32.16760686686083,4.4660767481405586e-17,0.0,0.0,1.0
11187,1978,UnderGraduation,Single,26487.0,1,0,2013-05-20,23,2,8,10,12,14,23,3,2,1,3,5,0,0,0,0,0,0,3,11,0,37,1,1,20,5,2,2013,69,6,19,405,11.5,23.47826086956521,0.0,Non-profitable,2,Low-Value,12.160159273230764,1.1651562958702915e-10,0.0,0.0,1.0
8207,1957,PostGraduation,Partner,53233.0,0,1,2014-03-18,18,28,0,9,3,0,0,1,1,0,3,4,0,0,0,0,0,0,3,11,0,58,1,1,18,3,1,2014,40,4,9,103,10.0,20.0,0.0,Profitable,2,Low-Value,10.97710657514861,0.0020365633242539,0.4,0.001,0.999
9723,1960,Graduation,Partner,67716.0,0,1,2013-01-10,8,530,142,217,62,9,56,4,7,4,13,5,0,1,0,0,0,0,3,11,0,55,1,1,10,1,1,2013,1016,24,24,535,42.333333333333336,270.0,0.0,Non-profitable,0,Moderate-Value,42.55460480165861,4.4792850339739965e-46,0.0,0.0,1.0
2666,1972,PostGraduation,Partner,76234.0,0,1,2014-02-06,21,519,50,167,130,0,41,1,8,3,11,3,0,1,0,0,0,0,3,11,0,43,1,1,6,2,1,2014,907,22,10,143,41.22727272727273,94.28571428571428,0.0,Non-profitable,0,Moderate-Value,41.4664636417107,1.3264278683721688e-17,0.0,0.0,1.0
10652,1957,PostGraduation,Partner,65487.0,0,0,2014-01-10,48,240,67,500,199,0,163,3,3,5,6,2,0,0,0,0,0,0,3,11,0,58,0,0,10,1,1,2014,1169,14,11,170,83.5,26.25,0.0,Profitable,1,VIP,84.0108023894707,8.55420373349233e-08,0.47,0.0,1.0
1646,1972,UnderGraduation,Partner,25224.0,1,0,2014-03-16,36,4,9,12,11,2,8,2,1,1,3,3,0,0,0,0,0,0,3,11,0,43,1,1,16,3,1,2014,46,5,9,105,9.2,12.5,0.01,Profitable,2,Low-Value,9.97276641404062,0.015388014557015,0.48,0.0065,0.9935
4418,1983,PostGraduation,Single,89616.0,0,0,2013-02-25,36,671,47,655,145,111,15,1,7,5,12,2,0,0,0,0,0,0,3,11,1,32,0,0,25,2,1,2013,1644,24,22,489,68.5,60.0,0.0,Non-profitable,1,VIP,68.76977118712955,8.655189940147054e-30,0.0,0.0,1.0
2656,1971,Graduation,Single,40851.0,1,1,2013-02-21,63,23,1,7,0,4,24,1,1,1,2,7,0,0,0,0,0,0,3,11,0,44,1,2,21,2,1,2013,59,4,22,493,14.75,5.7142857142857135,0.0,Profitable,2,Low-Value,15.780425238337669,1.1140405439154212e-07,0.02,0.0,1.0
7990,1947,Graduation,Partner,27469.0,0,0,2012-08-02,2,9,1,2,3,2,0,1,0,0,3,6,0,0,0,0,0,0,3,11,0,68,0,0,2,8,3,2012,17,3,29,696,5.666666666666667,135.0,0.0,Non-profitable,2,Low-Value,6.9092693811573,3.065385938310419e-13,0.0,0.0,1.0
8722,1957,PostGraduation,Partner,82347.0,0,0,2012-11-06,38,556,54,845,202,133,63,1,7,7,10,3,1,0,0,1,0,0,3,11,1,58,0,0,6,11,4,2012,1853,24,26,600,77.20833333333333,56.84210526315789,0.0,Non-profitable,1,VIP,77.4942453504471,2.9379750001616177e-32,0.0,0.0,1.0
7118,1957,Graduation,Partner,73803.0,0,1,2012-08-01,61,833,80,363,52,26,174,2,9,5,6,6,1,0,0,0,0,0,3,11,1,58,1,1,1,8,3,2012,1528,20,29,697,76.4,29.508196721311474,0.0,Non-profitable,1,VIP,76.74142309789737,1.5213370653208158e-25,0.0,0.0,1.0
2980,1952,PostGraduation,Single,8820.0,1,1,2013-03-22,52,12,0,13,4,2,4,4,3,0,3,8,0,0,0,0,0,0,3,11,0,63,1,2,22,3,1,2013,35,6,21,464,5.833333333333333,10.384615384615383,0.0,Non-profitable,2,Low-Value,6.451245195523437,2.5635870048731424e-09,0.0,0.0,1.0
1839,1974,Graduation,Single,43322.0,0,0,2014-04-21,25,56,7,48,10,2,18,1,3,0,4,7,0,0,0,0,0,0,3,11,0,41,0,0,21,4,2,2014,141,7,8,69,20.142857142857142,25.200000000000003,0.02,Profitable,2,Low-Value,20.76327817152881,0.0175887489300252,1.75,0.0036,0.9964
10722,1973,Graduation,Partner,55593.0,0,1,2013-08-21,63,293,8,124,11,4,106,2,6,6,3,6,1,0,0,0,0,0,3,11,0,42,1,1,21,8,3,2013,546,15,16,312,36.4,21.428571428571427,0.0,Non-profitable,0,Moderate-Value,36.736813096088135,7.359826381605535e-12,0.0,0.0,1.0
2632,1954,Graduation,Partner,50501.0,1,1,2013-06-18,10,297,0,38,13,0,152,7,5,4,4,6,1,0,0,0,0,0,3,11,1,61,1,2,18,6,2,2013,500,13,18,376,38.46153846153846,117.0,0.0,Non-profitable,0,Moderate-Value,38.857411865488245,1.990211629507573e-22,0.0,0.0,1.0
7620,1990,UnderGraduation,Single,16185.0,1,0,2013-08-05,71,5,11,16,21,8,45,2,2,2,2,8,0,0,0,0,0,0,3,11,0,25,1,1,5,8,3,2013,106,6,17,328,17.666666666666668,7.605633802816901,0.0,Profitable,2,Low-Value,18.372801063676977,2.699611855475132e-06,0.08,0.0,1.0
10968,1969,Graduation,Single,57731.0,0,1,2012-11-23,0,266,21,300,65,8,44,4,8,8,6,6,0,0,0,0,0,0,3,11,0,46,1,1,23,11,4,2012,704,22,25,583,32.0,0.0,0.0,Non-profitable,0,Moderate-Value,32.220530300799005,1.5184646795104263e-67,0.0,0.0,1.0
11133,1973,PhD,Single,48432.0,0,1,2012-10-18,3,322,3,50,4,3,42,5,7,1,6,8,0,0,0,0,0,0,3,11,1,42,1,1,18,10,4,2012,424,14,26,619,30.285714285714285,420.0,0.0,Non-profitable,0,Moderate-Value,30.62720862229905,2.7672906505554453e-35,0.0,0.0,1.0
2736,1978,Graduation,Partner,73807.0,0,1,2013-01-02,88,366,124,156,71,78,54,2,5,5,11,2,0,0,0,0,0,0,3,11,0,37,1,1,2,1,1,2013,849,21,24,543,40.42857142857143,21.477272727272727,0.0,Non-profitable,0,Moderate-Value,40.67748420146364,1.3053593184187402e-19,0.0,0.0,1.0
1876,1990,Graduation,Partner,18929.0,0,0,2013-02-16,15,32,0,8,23,4,18,1,1,0,4,6,0,0,0,0,0,0,3,11,0,25,0,0,16,2,1,2013,85,5,22,498,17.0,30.0,0.0,Non-profitable,2,Low-Value,17.84265340396154,1.0367953716373769e-11,0.0,0.0,1.0
5959,1968,Graduation,Single,35893.0,1,1,2012-10-15,80,158,0,23,0,0,18,6,3,1,5,8,0,0,0,0,0,0,3,11,0,47,1,2,15,10,4,2012,199,9,26,622,22.11111111111111,10.125,0.0,Non-profitable,2,Low-Value,22.60273576835004,1.9917587142181705e-12,0.0,0.0,1.0
1092,1980,Graduation,Partner,61014.0,0,1,2012-08-11,17,269,129,495,182,43,29,4,9,3,4,7,0,0,0,0,0,0,3,11,0,35,1,1,11,8,3,2012,1147,16,29,687,71.6875,84.70588235294117,0.0,Non-profitable,1,VIP,72.10140237387546,3.715178214693845e-30,0.0,0.0,1.0
4333,1954,Graduation,Partner,32144.0,1,1,2014-03-23,76,41,0,10,0,0,3,4,2,1,3,7,0,1,0,0,0,0,3,11,0,61,1,2,23,3,1,2014,54,6,9,98,9.0,7.105263157894736,0.64,Profitable,2,Low-Value,9.641520709536357,1.3264668075503463,0.68,0.4433,0.5567
3850,1963,UnderGraduation,Partner,14918.0,0,1,2012-12-07,52,3,3,3,15,4,15,1,1,0,3,6,0,0,0,0,0,0,3,11,0,52,1,1,7,12,4,2012,43,4,25,569,10.75,6.923076923076923,0.0,Profitable,2,Low-Value,11.735525311441618,5.9891353048754604e-09,0.01,0.0,1.0
6168,1963,Graduation,Single,45146.0,1,1,2013-07-15,28,33,0,5,0,0,15,2,1,1,2,4,0,0,0,0,0,0,3,11,0,52,1,2,15,7,3,2013,53,4,17,349,13.25,12.857142857142856,0.0,Profitable,2,Low-Value,14.26358776575165,2.0611957115553693e-07,0.05,0.0,1.0
607,1955,PostGraduation,Single,41769.0,0,1,2013-02-13,31,302,29,131,32,0,27,6,8,1,7,8,0,0,0,0,0,0,3,11,0,60,1,1,13,2,1,2013,521,16,22,501,32.5625,46.45161290322581,0.0,Non-profitable,0,Moderate-Value,32.86752463436458,1.9727948192852504e-22,0.0,0.0,1.0
10469,1981,Graduation,Partner,88325.0,0,0,2014-02-05,42,519,71,860,93,27,53,1,6,2,9,2,0,0,0,0,0,0,3,11,0,34,0,0,5,2,1,2014,1623,17,11,144,95.47058823529412,36.42857142857143,0.0,Profitable,3,High-Value,95.92236027859052,9.829509331557318e-09,0.53,0.0,1.0
6983,1950,PostGraduation,Single,38054.0,1,1,2014-05-01,24,23,2,17,2,1,0,2,2,0,3,7,0,0,0,0,0,0,3,11,0,65,1,2,1,5,2,2014,45,5,8,59,9.0,18.75,0.09,Profitable,2,Low-Value,9.770974439940083,0.1795284393800315,0.66,0.0431,0.9569
3661,1995,PostGraduation,Single,80617.0,0,0,2012-10-12,42,594,51,631,72,55,32,1,4,6,8,2,0,0,0,0,0,0,3,11,0,20,0,0,12,10,4,2012,1435,18,27,625,79.72222222222223,38.57142857142857,0.0,Non-profitable,1,VIP,80.10989039044206,4.3528764884353045e-25,0.0,0.0,1.0
9303,1976,Graduation,Partner,5305.0,0,1,2013-07-30,12,12,4,7,1,3,5,0,1,0,0,13,0,0,0,0,0,0,3,11,0,39,1,1,30,7,3,2013,32,1,17,334,32.0,7.5,0.0,Profitable,0,Moderate-Value,37.06685060875216,2.282397190196185e-05,0.12,0.0001,0.9999
692,1954,Graduation,Partner,36807.0,1,1,2012-12-20,88,4,2,5,0,0,5,1,1,0,2,6,0,0,0,0,0,0,3,11,0,61,1,2,20,12,4,2012,16,3,24,556,5.333333333333333,3.068181818181818,0.0,Profitable,2,Low-Value,6.570928430252498,4.827843604046381e-07,0.01,0.0,1.0
736,1983,Graduation,Partner,28427.0,1,0,2013-03-21,67,18,3,19,3,3,6,2,2,0,3,8,0,0,0,0,0,0,3,11,0,32,1,1,21,3,1,2013,52,5,21,465,10.4,6.716417910447761,0.0,Profitable,2,Low-Value,11.183518258643838,6.908167714781523e-08,0.01,0.0,1.0
9589,1948,PhD,Single,82032.0,0,0,2014-04-05,54,332,194,377,149,125,57,0,4,6,7,1,0,0,0,0,0,0,3,11,0,67,0,0,5,4,2,2014,1234,17,9,85,72.58823529411765,28.333333333333336,0.13,Profitable,1,VIP,72.98008546160362,0.035291372893782,13.51,0.0038,0.9962
4838,1978,Graduation,Partner,22775.0,1,0,2013-06-19,40,5,1,8,0,0,1,1,1,0,2,8,0,0,0,0,0,0,3,11,0,37,1,1,19,6,2,2013,15,3,18,375,5.0,6.75,0.0,Profitable,2,Low-Value,6.232587479347697,2.3602638008346142e-06,0.03,0.0,1.0
9246,1985,PostGraduation,Partner,40101.0,1,0,2012-10-14,73,171,3,129,26,24,62,4,6,1,6,7,0,0,0,0,0,0,3,11,0,30,1,1,14,10,4,2012,415,13,26,623,31.923076923076923,16.027397260273972,0.0,Non-profitable,0,Moderate-Value,32.296541664439204,2.967513005087782e-16,0.0,0.0,1.0
6261,1979,Graduation,Partner,58025.0,0,1,2013-11-26,81,270,31,88,11,48,22,3,3,2,10,4,0,0,0,0,0,0,3,11,0,36,1,1,26,11,4,2013,470,15,13,215,31.33333333333333,16.666666666666664,0.0,Profitable,0,Moderate-Value,31.65510405549854,9.474875964196552e-07,0.14,0.0,1.0
7366,1982,PostGraduation,Single,75777.0,0,0,2013-07-04,12,712,26,538,69,13,80,1,3,6,11,1,0,1,1,0,0,0,3,11,1,33,0,0,4,7,3,2013,1438,20,18,360,71.9,150.0,0.0,Non-profitable,1,VIP,72.23141052708526,6.845425971104635e-31,0.0,0.0,1.0
10659,1979,PostGraduation,Partner,7500.0,1,0,2013-05-07,7,2,8,11,3,8,21,4,3,2,2,7,0,0,0,0,0,0,3,11,0,36,1,1,7,5,2,2013,53,7,20,418,7.571428571428571,90.0,0.0,Non-profitable,2,Low-Value,8.111599058493468,2.4787100836589384e-15,0.0,0.0,1.0
4286,1970,PhD,Single,57642.0,0,1,2014-01-09,24,580,6,58,8,0,27,3,7,6,6,4,1,0,0,0,0,0,3,11,0,45,1,1,9,1,1,2014,679,19,11,171,35.73684210526316,71.25,0.0,Non-profitable,0,Moderate-Value,36.001027707959246,5.35570858494187e-16,0.0,0.0,1.0
4749,1968,Graduation,Partner,58554.0,1,1,2012-09-26,55,368,24,68,38,0,88,6,8,2,6,7,0,0,0,0,0,0,3,11,0,47,1,2,26,9,3,2012,586,16,27,641,36.625,26.18181818181818,0.0,Non-profitable,0,Moderate-Value,36.94132983095916,3.007053920134708e-21,0.0,0.0,1.0
4478,1979,Graduation,Partner,63777.0,1,1,2013-03-24,87,457,5,106,15,17,53,8,11,1,6,8,0,0,0,0,0,0,3,11,0,36,1,2,24,3,1,2013,653,18,21,462,36.27777777777778,18.620689655172413,0.0,Non-profitable,0,Moderate-Value,36.55801430573012,1.5382993866037914e-15,0.0,0.0,1.0
4201,1962,Graduation,Single,57967.0,0,1,2013-03-03,39,229,7,137,4,0,91,5,4,2,8,5,0,0,0,0,0,0,3,11,0,53,1,1,3,3,1,2013,468,14,22,483,33.42857142857143,32.30769230769231,0.0,Non-profitable,0,Moderate-Value,33.780065166937376,2.2253774296579298e-18,0.0,0.0,1.0
10084,1972,Graduation,Partner,24434.0,2,0,2014-05-18,9,3,2,8,20,0,17,2,2,1,2,7,0,0,0,0,0,0,3,11,0,43,1,2,18,5,2,2014,50,5,7,42,10.0,50.0,0.01,Profitable,2,Low-Value,10.779934310442766,0.0225298440835543,0.79,0.0039,0.9961
7004,1984,Graduation,Single,11012.0,1,0,2013-03-16,82,24,3,26,7,1,23,3,3,1,2,9,1,0,0,0,0,0,3,11,0,31,1,1,16,3,1,2013,84,6,21,470,14.0,6.585365853658536,0.0,Profitable,2,Low-Value,14.678797836925176,4.8800522826875755e-08,0.01,0.0,1.0
9817,1970,PostGraduation,Single,44802.0,0,0,2012-08-21,71,853,10,143,13,10,20,2,9,4,12,8,0,0,0,0,0,0,3,11,0,45,0,0,21,8,3,2012,1049,25,28,677,41.96,31.69014084507042,0.0,Non-profitable,0,Moderate-Value,42.17174061951685,1.803563068896393e-28,0.0,0.0,1.0
8080,1986,Graduation,Single,26816.0,0,0,2012-08-17,50,5,1,6,3,4,3,1,0,0,3,4,0,0,0,0,0,0,3,11,0,29,0,0,17,8,3,2012,22,3,28,681,7.333333333333333,5.4,0.0,Profitable,2,Low-Value,8.600974135681305,2.726661056369167e-09,0.01,0.0,1.0
8372,1974,Graduation,Partner,34421.0,1,0,2013-07-01,81,3,3,7,6,2,9,1,1,0,2,7,0,0,0,0,0,0,3,11,0,41,1,1,1,7,3,2013,30,3,18,363,10.0,3.333333333333333,0.0,Profitable,2,Low-Value,11.307701742919717,5.219040836848708e-05,0.08,0.0001,0.9999
10870,1967,Graduation,Partner,61223.0,0,1,2013-06-13,46,709,43,182,42,118,247,2,9,3,4,5,0,0,0,0,0,0,3,11,0,48,1,1,13,6,2,2013,1341,16,18,381,83.8125,31.30434782608696,0.0,Non-profitable,1,VIP,84.26014403755774,9.334088871918578e-17,0.0,0.0,1.0
7270,1981,Graduation,Single,56981.0,0,0,2014-01-25,91,908,48,217,32,12,24,1,2,3,13,6,0,1,0,0,0,0,3,11,0,34,0,0,25,1,1,2014,1241,18,11,155,68.94444444444444,17.802197802197803,0.0,Profitable,1,VIP,69.30546077351863,0.0011087711249227,5.08,0.0002,0.9998
8235,1956,PostGraduation,Partner,69245.0,0,1,2014-01-24,8,428,30,214,80,30,61,2,6,5,10,3,0,0,0,0,0,0,3,11,0,59,1,1,24,1,1,2014,843,21,11,156,40.142857142857146,236.25,0.0,Non-profitable,0,Moderate-Value,40.39116453343272,4.78730273735276e-26,0.0,0.0,1.0
9405,1954,PhD,Partner,52869.0,1,1,2012-10-15,40,84,3,61,2,1,21,3,3,1,4,7,0,0,0,0,0,0,3,11,1,61,1,2,15,10,4,2012,172,8,26,622,21.5,18.0,0.0,Non-profitable,2,Low-Value,22.05001000635271,3.087416695258863e-14,0.0,0.0,1.0
